analysis_type	QTL_ID	Trait	chromosome	start	end	width_bp	callable_bp	callable_fraction	eligible	candidate_pool_size	matching_tolerance	candidate_mean_callable_fraction
D	AW_QTL_chr1_1	AW	1	1258930	1358930	100001	71395	0.7139428605713943	True	218	0.05	0.713104199233237
D	AW_QTL_chr1_2	AW	1	2529594	2696764	167171	159229	0.9524917599344384	True	2497	0.025	0.9427318764416075
D	AW_QTL_chr1_3	AW	1	7120853	7220853	100001	100001	1.0	True	49954	0.025	0.9999709323481695
D	AW_QTL_chr1_4	AW	1	23196794	23296794	100001	100001	1.0	True	49954	0.025	0.9999709323481695
D	AW_QTL_chr1_5	AW	1	23558754	23666083	107330	107330	1.0	True	49783	0.025	0.9999598703729633
D	AW_QTL_chr1_6	AW	1	34777313	34880021	102709	102709	1.0	True	49889	0.025	0.9999706979790436
D	AW_QTL_chr1_7	AW	1	35176701	35276701	100001	100001	1.0	True	49954	0.025	0.9999709323481695
D	AW_QTL_chr2_1	AW	2	1568802	1668802	100001	100001	1.0	True	44707	0.025	0.9999855773469017
D	AW_QTL_chr2_2	AW	2	2030586	2241791	211206	211206	1.0	True	43497	0.025	0.9999620838636107
D	AW_QTL_chr2_3	AW	2	2262371	2362371	100001	100001	1.0	True	44707	0.025	0.9999855773469017
D	AW_QTL_chr2_4	AW	2	4988231	5088231	100001	100001	1.0	True	44707	0.025	0.9999855773469017
D	AW_QTL_chr2_5	AW	2	6621193	6721193	100001	100001	1.0	True	44707	0.025	0.9999855773469017
D	AW_QTL_chr2_6	AW	2	7624222	7724222	100001	100001	1.0	True	44707	0.025	0.9999855773469017
D	AW_QTL_chr2_7	AW	2	9331364	9432807	101444	101444	1.0	True	44696	0.025	0.9999826242722528
D	AW_QTL_chr2_8	AW	2	10219623	10325420	105798	105798	1.0	True	44644	0.025	0.9999831747062338
D	AW_QTL_chr2_9	AW	2	12715316	12815316	100001	100001	1.0	True	44707	0.025	0.9999855773469017
D	AW_QTL_chr2_10	AW	2	20182528	20445646	263119	263119	1.0	True	42890	0.025	0.999947567755294
D	AW_QTL_chr2_11	AW	2	23814318	23917420	103103	103103	1.0	True	44682	0.025	0.9999787125612212
D	AW_QTL_chr2_12	AW	2	24051539	24190028	138490	138490	1.0	True	44358	0.025	0.9999609053313655
D	AW_QTL_chr3_1	AW	3	1227137	1327137	100001	100001	1.0	True	29830	0.025	0.9999540209090031
D	AW_QTL_chr3_2	AW	3	1836932	2121432	284501	276433	0.9716415759522814	True	3521	0.025	0.9658441640018773
D	AW_QTL_chr3_3	AW	3	15887471	16028680	141210	137529	0.9739324410452518	True	497	0.025	0.9744557708121115
D	AW_QTL_chr5_1	AW	5	14922061	15204251	282191	282191	1.0	True	33096	0.025	0.9998854080814997
D	AW_QTL_chr5_2	AW	5	15927692	16027692	100001	100001	1.0	True	37357	0.025	0.999959719598671
D	AW_QTL_chr5_3	AW	5	17076926	17177121	100196	100196	1.0	True	37351	0.025	0.9999607652351236
D	AW_QTL_chr5_4	AW	5	23346611	23446611	100001	100001	1.0	True	37357	0.025	0.999959719598671
D	AW_QTL_chr6_1	AW	6	2736868	2836868	100001	100001	1.0	True	27885	0.025	0.999984325421225
D	AW_QTL_chr6_2	AW	6	3617216	3720862	103647	103647	1.0	True	27862	0.025	0.9999773759566598
D	AW_QTL_chr6_3	AW	6	5668717	5768717	100001	100001	1.0	True	27885	0.025	0.999984325421225
D	AW_QTL_chr6_4	AW	6	9673730	9928702	254973	254973	1.0	True	26177	0.025	0.9999013455567731
D	AW_QTL_chr6_5	AW	6	12661080	12836811	175732	175732	1.0	True	27115	0.025	0.9999580620934366
D	AW_QTL_chr7_1	AW	7	1012891	1112891	100001	100001	1.0	True	30357	0.025	0.9999569270045021
D	AW_QTL_chr7_2	AW	7	4143923	4243923	100001	100001	1.0	True	30357	0.025	0.9999569270045021
D	AW_QTL_chr7_3	AW	7	5634836	5797742	162907	162907	1.0	True	29068	0.025	0.999919053181523
D	AW_QTL_chr7_4	AW	7	5910537	6010537	100001	100001	1.0	True	30357	0.025	0.9999569270045021
D	AW_QTL_chr7_5	AW	7	7321415	7536388	214974	214974	1.0	True	27872	0.025	0.999897448749763
D	AW_QTL_chr7_6	AW	7	8519872	8619872	100001	100001	1.0	True	30357	0.025	0.9999569270045021
D	AW_QTL_chr7_7	AW	7	8914112	9014112	100001	100001	1.0	True	30357	0.025	0.9999569270045021
D	AW_QTL_chr7_8	AW	7	9925209	10025209	100001	100001	1.0	True	30357	0.025	0.9999569270045021
D	AW_QTL_chr8_1	AW	8	7618433	7718433	100001	100001	1.0	True	9493	0.025	0.9999651430853225
D	AW_QTL_chr8_2	AW	8	8074762	8174762	100001	100001	1.0	True	9493	0.025	0.9999651430853225
D	AW_QTL_chr8_3	AW	8	17099209	17199236	100028	0	0.0	False	0		
D	AW_QTL_chr9_1	AW	9	8044622	8144622	100001	100001	1.0	True	22464	0.025	0.9999668601960704
D	AW_QTL_chr9_2	AW	9	10260634	10360634	100001	100001	1.0	True	22464	0.025	0.9999668601960704
D	AW_QTL_chr9_3	AW	9	13998828	14098828	100001	100001	1.0	True	22464	0.025	0.9999668601960704
D	DELR2_i_QTL_chr1_1	DELR2	1	44917507	45017507	100001	100001	1.0	True	49954	0.025	0.9999709323481695
D	DELR2_i_QTL_chr4_1	DELR2	4	1201429	1301429	100001	100001	1.0	True	1318	0.025	0.9998263750291178
D	DELR2_i_QTL_chr4_2	DELR2	4	4684372	4804770	120399	0	0.0	False	0		
D	DELR2_i_QTL_chr4_3	DELR2	4	9535759	9642953	107195	0	0.0	False	0		
D	DELR4_i_QTL_chr1_1	DELR4	1	43992608	44092608	100001	100001	1.0	True	49954	0.025	0.9999709323481695
D	DELR4_i_QTL_chr2_1	DELR4	2	2137553	2237553	100001	100001	1.0	True	44707	0.025	0.9999855773469017
D	DELR4_i_QTL_chr3_1	DELR4	3	59418	159418	100001	100001	1.0	True	29830	0.025	0.9999540209090031
D	DELR4_i_QTL_chr4_1	DELR4	4	3371867	3471867	100001	0	0.0	False	0		
D	DELR4_i_QTL_chr7_1	DELR4	7	10425043	10526129	101087	101087	1.0	True	30330	0.025	0.999960987207857
D	DELR4_i_QTL_chr9_1	DELR4	9	13658519	13758519	100001	100001	1.0	True	22464	0.025	0.9999668601960704
D	DELR5_i_QTL_chr2_1	DELR5	2	549778	652002	102225	102225	1.0	True	44686	0.025	0.9999827781203583
D	DELR5_i_QTL_chr2_2	DELR5	2	21827685	21927685	100001	100001	1.0	True	44707	0.025	0.9999855773469017
D	DELR5_i_QTL_chr2_3	DELR5	2	26733677	26833677	100001	100001	1.0	True	44707	0.025	0.9999855773469017
D	DELR5_i_QTL_chr3_1	DELR5	3	10412960	10512960	100001	100001	1.0	True	29830	0.025	0.9999540209090031
D	DELR5_i_QTL_chr3_2	DELR5	3	30301719	30401719	100001	100001	1.0	True	29830	0.025	0.9999540209090031
D	DELR5_i_QTL_chr4_1	DELR5	4	18736739	18948064	211326	0	0.0	False	0		
D	DELR5_i_QTL_chr7_1	DELR5	7	15738421	15838421	100001	100001	1.0	True	30357	0.025	0.9999569270045021
D	DELR5_i_QTL_chr8_1	DELR5	8	4457795	4557795	100001	100001	1.0	True	9493	0.025	0.9999651430853225
D	DTEP_cat_QTL_chr1_1	DTEP categorical	1	4479132	4579132	100001	100001	1.0	True	49954	0.025	0.9999709323481695
D	DTEP_cat_QTL_chr1_2	DTEP categorical	1	7505112	7606439	101328	101328	1.0	True	49927	0.025	0.9999691385835763
D	DTEP_cat_QTL_chr1_3	DTEP categorical	1	9255034	9393751	138718	138718	1.0	True	48975	0.025	0.9999622898464501
D	DTEP_cat_QTL_chr1_4	DTEP categorical	1	9577894	9765491	187598	187598	1.0	True	47653	0.025	0.9999345370587699
D	DTEP_cat_QTL_chr1_5	DTEP categorical	1	13016656	13123424	106769	106769	1.0	True	49804	0.025	0.99995673361675
D	DTEP_cat_QTL_chr1_6	DTEP categorical	1	13352668	13452668	100001	100001	1.0	True	49954	0.025	0.9999709323481695
D	DTEP_cat_QTL_chr1_7	DTEP categorical	1	31693682	31793682	100001	100001	1.0	True	49954	0.025	0.9999709323481695
D	DTEP_cat_QTL_chr1_8	DTEP categorical	1	33800832	33900832	100001	100001	1.0	True	49954	0.025	0.9999709323481695
D	DTEP_cat_QTL_chr1_9	DTEP categorical	1	38384363	38484363	100001	100001	1.0	True	49954	0.025	0.9999709323481695
D	DTEP_cat_QTL_chr1_10	DTEP categorical	1	39125933	39226068	100136	100136	1.0	True	49954	0.025	0.9999693254584183
D	DTEP_cat_QTL_chr1_11	DTEP categorical	1	41497786	41597786	100001	100001	1.0	True	49954	0.025	0.9999709323481695
D	DTEP_cat_QTL_chr10_1	DTEP categorical	10	7645409	7745409	100001	100001	1.0	True	102	0.34294657053429467	0.996637778720252
D	DTEP_cat_QTL_chr10_2	DTEP categorical	10	10514953	10614953	100001	100001	1.0	True	102	0.34294657053429467	0.996637778720252
D	DTEP_cat_QTL_chr2_1	DTEP categorical	2	3774853	3874853	100001	100001	1.0	True	44707	0.025	0.9999855773469017
D	DTEP_cat_QTL_chr2_2	DTEP categorical	2	5334959	5536570	201612	201612	1.0	True	43624	0.025	0.9999625652715001
D	DTEP_cat_QTL_chr2_3	DTEP categorical	2	8984709	9084709	100001	100001	1.0	True	44707	0.025	0.9999855773469017
D	DTEP_cat_QTL_chr2_4	DTEP categorical	2	9397056	9497056	100001	100001	1.0	True	44707	0.025	0.9999855773469017
D	DTEP_cat_QTL_chr2_5	DTEP categorical	2	10892218	10992218	100001	100001	1.0	True	44707	0.025	0.9999855773469017
D	DTEP_cat_QTL_chr2_6	DTEP categorical	2	13413245	13513245	100001	100001	1.0	True	44707	0.025	0.9999855773469017
D	DTEP_cat_QTL_chr2_7	DTEP categorical	2	15826471	16114217	287747	287747	1.0	True	42597	0.025	0.9999581944721682
D	DTEP_cat_QTL_chr2_8	DTEP categorical	2	16354757	16578775	224019	224019	1.0	True	43343	0.025	0.999950106365859
D	DTEP_cat_QTL_chr2_9	DTEP categorical	2	20006954	20109936	102983	102983	1.0	True	44682	0.025	0.9999796005047679
D	DTEP_cat_QTL_chr2_10	DTEP categorical	2	20220626	20320626	100001	100001	1.0	True	44707	0.025	0.9999855773469017
D	DTEP_cat_QTL_chr2_11	DTEP categorical	2	22367524	22481853	114330	114330	1.0	True	44557	0.025	0.9999892032153316
D	DTEP_cat_QTL_chr2_12	DTEP categorical	2	22642523	22742523	100001	100001	1.0	True	44707	0.025	0.9999855773469017
D	DTEP_cat_QTL_chr2_13	DTEP categorical	2	23674854	23920667	245814	245814	1.0	True	43054	0.025	0.9999639597416163
D	DTEP_cat_QTL_chr2_14	DTEP categorical	2	24549354	24649354	100001	100001	1.0	True	44707	0.025	0.9999855773469017
D	DTEP_cat_QTL_chr3_1	DTEP categorical	3	8531584	8662918	131335	113416	0.8635626451440972	True	668	0.025	0.8518608308186612
D	DTEP_cat_QTL_chr3_2	DTEP categorical	3	8982791	9154370	171580	171580	1.0	True	27822	0.025	0.9998933424529705
D	DTEP_cat_QTL_chr3_3	DTEP categorical	3	9526410	9626410	100001	100001	1.0	True	29830	0.025	0.9999540209090031
D	DTEP_cat_QTL_chr3_4	DTEP categorical	3	12517046	12777857	260812	260812	1.0	True	25940	0.025	0.9998507308430769
D	DTEP_cat_QTL_chr3_5	DTEP categorical	3	14664454	14764454	100001	90001	0.90000099999	True	1504	0.025	0.900467245327547
D	DTEP_cat_QTL_chr3_6	DTEP categorical	3	23608243	23708243	100001	100001	1.0	True	29830	0.025	0.9999540209090031
D	DTEP_cat_QTL_chr4_1	DTEP categorical	4	2931310	3031310	100001	0	0.0	False	0		
D	DTEP_cat_QTL_chr4_2	DTEP categorical	4	4557474	4657474	100001	0	0.0	False	0		
D	DTEP_cat_QTL_chr4_3	DTEP categorical	4	19159088	19293120	134033	0	0.0	False	0		
D	DTEP_cat_QTL_chr5_1	DTEP categorical	5	552465	652465	100001	100001	1.0	True	37357	0.025	0.999959719598671
D	DTEP_cat_QTL_chr5_2	DTEP categorical	5	1949599	2049599	100001	100001	1.0	True	37357	0.025	0.999959719598671
D	DTEP_cat_QTL_chr5_3	DTEP categorical	5	5021365	5121365	100001	100001	1.0	True	37357	0.025	0.999959719598671
D	DTEP_cat_QTL_chr5_4	DTEP categorical	5	9173256	9273256	100001	100001	1.0	True	37357	0.025	0.999959719598671
D	DTEP_cat_QTL_chr5_5	DTEP categorical	5	9462097	9562097	100001	100001	1.0	True	37357	0.025	0.999959719598671
D	DTEP_cat_QTL_chr5_6	DTEP categorical	5	9811791	9911791	100001	100001	1.0	True	37357	0.025	0.999959719598671
D	DTEP_cat_QTL_chr5_7	DTEP categorical	5	10299800	10399800	100001	100001	1.0	True	37357	0.025	0.999959719598671
D	DTEP_cat_QTL_chr5_8	DTEP categorical	5	13491179	13591179	100001	100001	1.0	True	37357	0.025	0.999959719598671
D	DTEP_cat_QTL_chr5_9	DTEP categorical	5	13685624	13813106	127483	127483	1.0	True	36691	0.025	0.9999514856160802
D	DTEP_cat_QTL_chr5_10	DTEP categorical	5	14446749	14546749	100001	100001	1.0	True	37357	0.025	0.999959719598671
D	DTEP_cat_QTL_chr5_11	DTEP categorical	5	20427788	20527788	100001	100001	1.0	True	37357	0.025	0.999959719598671
D	DTEP_cat_QTL_chr5_12	DTEP categorical	5	24697367	24802606	105240	105240	1.0	True	37235	0.025	0.9999613253307025
D	DTEP_cat_QTL_chr6_1	DTEP categorical	6	1676644	1776644	100001	90001	0.90000099999	True	497	0.025	0.900433812563283
D	DTEP_cat_QTL_chr6_2	DTEP categorical	6	2738124	2840093	101970	101970	1.0	True	27873	0.025	0.9999813103171297
D	DTEP_cat_QTL_chr6_3	DTEP categorical	6	3439181	3539181	100001	100001	1.0	True	27885	0.025	0.999984325421225
D	DTEP_cat_QTL_chr6_4	DTEP categorical	6	5776556	5876556	100001	100001	1.0	True	27885	0.025	0.999984325421225
D	DTEP_cat_QTL_chr6_5	DTEP categorical	6	9540323	9640323	100001	90001	0.90000099999	True	497	0.025	0.900433812563283
D	DTEP_cat_QTL_chr6_6	DTEP categorical	6	9946776	10046776	100001	100001	1.0	True	27885	0.025	0.999984325421225
D	DTEP_cat_QTL_chr6_7	DTEP categorical	6	10674562	10774562	100001	100001	1.0	True	27885	0.025	0.999984325421225
D	DTEP_cat_QTL_chr6_8	DTEP categorical	6	12309065	12409065	100001	100001	1.0	True	27885	0.025	0.999984325421225
D	DTEP_cat_QTL_chr6_9	DTEP categorical	6	14381304	14481304	100001	100001	1.0	True	27885	0.025	0.999984325421225
D	DTEP_cat_QTL_chr6_10	DTEP categorical	6	20207769	20307769	100001	100001	1.0	True	27885	0.025	0.999984325421225
D	DTEP_cat_QTL_chr7_1	DTEP categorical	7	432546	532546	100001	100001	1.0	True	30357	0.025	0.9999569270045021
D	DTEP_cat_QTL_chr7_2	DTEP categorical	7	1669390	1829821	160432	160432	1.0	True	29123	0.025	0.9999175450624899
D	DTEP_cat_QTL_chr7_3	DTEP categorical	7	1945706	2045706	100001	100001	1.0	True	30357	0.025	0.9999569270045021
D	DTEP_cat_QTL_chr7_4	DTEP categorical	7	4292288	4392288	100001	100001	1.0	True	30357	0.025	0.9999569270045021
D	DTEP_cat_QTL_chr7_5	DTEP categorical	7	4974136	5074136	100001	100001	1.0	True	30357	0.025	0.9999569270045021
D	DTEP_cat_QTL_chr7_6	DTEP categorical	7	5641927	5741927	100001	100001	1.0	True	30357	0.025	0.9999569270045021
D	DTEP_cat_QTL_chr7_7	DTEP categorical	7	6278373	6378373	100001	100001	1.0	True	30357	0.025	0.9999569270045021
D	DTEP_cat_QTL_chr7_8	DTEP categorical	7	6378643	6478643	100001	100001	1.0	True	30357	0.025	0.9999569270045021
D	DTEP_cat_QTL_chr7_9	DTEP categorical	7	7655403	7755403	100001	100001	1.0	True	30357	0.025	0.9999569270045021
D	DTEP_cat_QTL_chr7_10	DTEP categorical	7	8523877	8623877	100001	100001	1.0	True	30357	0.025	0.9999569270045021
D	DTEP_cat_QTL_chr7_11	DTEP categorical	7	10126097	10226097	100001	100001	1.0	True	30357	0.025	0.9999569270045021
D	DTEP_cat_QTL_chr7_12	DTEP categorical	7	10352105	10535283	183179	183179	1.0	True	28624	0.025	0.9999111157849306
D	DTEP_cat_QTL_chr7_13	DTEP categorical	7	10708921	10819540	110620	110620	1.0	True	30122	0.025	0.9999622546848626
D	DTEP_cat_QTL_chr7_14	DTEP categorical	7	11035682	11135682	100001	100001	1.0	True	30357	0.025	0.9999569270045021
D	DTEP_cat_QTL_chr7_15	DTEP categorical	7	12004108	12104108	100001	100001	1.0	True	30357	0.025	0.9999569270045021
D	DTEP_cat_QTL_chr7_16	DTEP categorical	7	15415218	15515218	100001	100001	1.0	True	30357	0.025	0.9999569270045021
D	DTEP_cat_QTL_chr7_17	DTEP categorical	7	16849951	16949951	100001	100001	1.0	True	30357	0.025	0.9999569270045021
D	DTEP_cat_QTL_chr7_18	DTEP categorical	7	16993997	17093997	100001	100001	1.0	True	30357	0.025	0.9999569270045021
D	DTEP_cat_QTL_chr7_19	DTEP categorical	7	18456524	18556524	100001	100001	1.0	True	30357	0.025	0.9999569270045021
D	DTEP_cat_QTL_chr8_1	DTEP categorical	8	373927	473927	100001	0	0.0	False	0		
D	DTEP_cat_QTL_chr8_2	DTEP categorical	8	2118844	2218844	100001	100001	1.0	True	9493	0.025	0.9999651430853225
D	DTEP_cat_QTL_chr8_3	DTEP categorical	8	4194813	4294813	100001	100001	1.0	True	9493	0.025	0.9999651430853225
D	DTEP_cat_QTL_chr8_4	DTEP categorical	8	6039461	6139461	100001	100001	1.0	True	9493	0.025	0.9999651430853225
D	DTEP_cat_QTL_chr8_5	DTEP categorical	8	6200874	6300874	100001	100001	1.0	True	9493	0.025	0.9999651430853225
D	DTEP_cat_QTL_chr8_6	DTEP categorical	8	15143724	15299929	156206	0	0.0	False	0		
D	DTEP_cat_QTL_chr9_1	DTEP categorical	9	3690823	3795256	104434	94434	0.9042457437233085	True	820	0.025	0.904540970443697
D	DTEP_cat_QTL_chr9_2	DTEP categorical	9	6677338	6777338	100001	100001	1.0	True	22464	0.025	0.9999668601960704
D	DTEP_cat_QTL_chr9_3	DTEP categorical	9	7120713	7220713	100001	90001	0.90000099999	True	798	0.025	0.9001309235027952
D	DTEP_cat_QTL_chr9_4	DTEP categorical	9	10781297	10881297	100001	100001	1.0	True	22464	0.025	0.9999668601960704
D	DTEP_cat_QTL_chr9_5	DTEP categorical	9	18688615	18788699	100085	0	0.0	False	0		
D	EHR_i_QTL_chr1_1	EHR	1	1138680	1238680	100001	100001	1.0	True	49954	0.025	0.9999709323481695
D	EHR_i_QTL_chr1_2	EHR	1	1373347	1473347	100001	100001	1.0	True	49954	0.025	0.9999709323481695
D	EHR_i_QTL_chr1_3	EHR	1	43993406	44103762	110357	110357	1.0	True	49697	0.025	0.9999688962088701
D	EHR_i_QTL_chr1_4	EHR	1	45535355	45635355	100001	100001	1.0	True	49954	0.025	0.9999709323481695
D	EHR_i_QTL_chr2_1	EHR	2	4654718	4754718	100001	100001	1.0	True	44707	0.025	0.9999855773469017
D	EHR_i_QTL_chr2_2	EHR	2	5649433	5749433	100001	75567	0.7556624433755662	True	677	0.2	0.8658181808137606
D	EHR_i_QTL_chr2_3	EHR	2	10012432	10112432	100001	100001	1.0	True	44707	0.025	0.9999855773469017
D	EHR_i_QTL_chr3_1	EHR	3	883565	983565	100001	100001	1.0	True	29830	0.025	0.9999540209090031
D	EHR_i_QTL_chr3_2	EHR	3	3703174	3803174	100001	100001	1.0	True	29830	0.025	0.9999540209090031
D	EHR_i_QTL_chr3_3	EHR	3	26914139	27014139	100001	100001	1.0	True	29830	0.025	0.9999540209090031
D	EHR_i_QTL_chr3_4	EHR	3	28615402	28715402	100001	100001	1.0	True	29830	0.025	0.9999540209090031
D	EHR_i_QTL_chr3_5	EHR	3	29804360	29904360	100001	90001	0.90000099999	True	1504	0.025	0.900467245327547
D	EHR_i_QTL_chr5_1	EHR	5	8892119	8992119	100001	100001	1.0	True	37357	0.025	0.999959719598671
D	EHR_i_QTL_chr5_2	EHR	5	14394385	14551299	156915	156915	1.0	True	36008	0.025	0.9999176989513345
D	EHR_i_QTL_chr5_3	EHR	5	15989560	16090575	101016	101016	1.0	True	37337	0.025	0.9999565803619916
D	EHR_i_QTL_chr5_4	EHR	5	16386452	16486452	100001	100001	1.0	True	37357	0.025	0.999959719598671
D	EHR_i_QTL_chr5_5	EHR	5	16949508	17300826	351319	351319	1.0	True	31504	0.025	0.9998689520186518
D	EHR_i_QTL_chr5_6	EHR	5	18093401	18193401	100001	100001	1.0	True	37357	0.025	0.999959719598671
D	EHR_i_QTL_chr5_7	EHR	5	19509693	19612980	103288	103288	1.0	True	37280	0.025	0.9999621742368436
D	EHR_i_QTL_chr5_8	EHR	5	20926908	21030587	103680	103680	1.0	True	37267	0.025	0.9999648427704053
D	EHR_i_QTL_chr5_9	EHR	5	21563301	21867062	303762	303762	1.0	True	32651	0.025	0.9998609504438608
D	EHR_i_QTL_chr5_10	EHR	5	22700206	22806536	106331	106331	1.0	True	37204	0.025	0.9999633381562629
D	EHR_i_QTL_chr5_11	EHR	5	22931638	23103651	172014	172014	1.0	True	35614	0.025	0.999898769309629
D	EHR_i_QTL_chr5_12	EHR	5	23130582	23697840	567259	557259	0.9823713682815081	True	35402	0.025	0.9950851973809687
D	EHR_i_QTL_chr6_1	EHR	6	2645284	2745284	100001	100001	1.0	True	27885	0.025	0.999984325421225
D	EHR_i_QTL_chr7_1	EHR	7	9111374	9211406	100033	100033	1.0	True	30355	0.025	0.9999580309803974
D	EHR_i_QTL_chr8_1	EHR	8	15451993	15552807	100815	0	0.0	False	0		
D	EHR_i_QTL_chr8_2	EHR	8	15872897	15972897	100001	0	0.0	False	0		
D	EHR_i_QTL_chr8_3	EHR	8	15998055	16102095	104041	0	0.0	False	0		
D	EHR_i_QTL_chr8_4	EHR	8	16624548	16750160	125613	0	0.0	False	0		
D	EHR_i_QTL_chr8_5	EHR	8	16835331	16936237	100907	0	0.0	False	0		
D	EHR_i_QTL_chr8_6	EHR	8	17795101	17997197	202097	0	0.0	False	0		
D	EHR_i_QTL_chr8_7	EHR	8	18532823	18632823	100001	0	0.0	False	0		
D	EHR_i_QTL_chr8_8	EHR	8	18671483	18771483	100001	0	0.0	False	0		
D	EHR_i_QTL_chr9_1	EHR	9	16361453	16461453	100001	100001	1.0	True	22464	0.025	0.9999668601960704
D	IMM21_QTL_chr1_1	IMM21	1	31522674	31623827	101154	101154	1.0	True	49929	0.025	0.9999701561309097
D	IMM21_QTL_chr1_2	IMM21	1	38384363	38484363	100001	100001	1.0	True	49954	0.025	0.9999709323481695
D	IMM21_QTL_chr1_3	IMM21	1	41497786	41597786	100001	100001	1.0	True	49954	0.025	0.9999709323481695
D	IMM21_QTL_chr10_1	IMM21	10	7645409	7745409	100001	100001	1.0	True	102	0.34294657053429467	0.996637778720252
D	IMM21_QTL_chr10_2	IMM21	10	10514953	10614953	100001	100001	1.0	True	102	0.34294657053429467	0.996637778720252
D	IMM21_QTL_chr2_1	IMM21	2	9397056	9497056	100001	100001	1.0	True	44707	0.025	0.9999855773469017
D	IMM21_QTL_chr2_2	IMM21	2	10892218	10992218	100001	100001	1.0	True	44707	0.025	0.9999855773469017
D	IMM21_QTL_chr5_1	IMM21	5	9462097	9562097	100001	100001	1.0	True	37357	0.025	0.999959719598671
D	IMM21_QTL_chr7_1	IMM21	7	7655403	7755403	100001	100001	1.0	True	30357	0.025	0.9999569270045021
D	IMM21_QTL_chr7_2	IMM21	7	10126097	10226097	100001	100001	1.0	True	30357	0.025	0.9999569270045021
D	IMM21_QTL_chr7_3	IMM21	7	18456524	18556524	100001	100001	1.0	True	30357	0.025	0.9999569270045021
D	IMM21_QTL_chr9_1	IMM21	9	10781297	10881297	100001	100001	1.0	True	22464	0.025	0.9999668601960704
D	IMM21_QTL_chr9_2	IMM21	9	11778551	11878551	100001	100001	1.0	True	22464	0.025	0.9999668601960704
D	IMM21_QTL_chr9_3	IMM21	9	14019217	14119217	100001	100001	1.0	True	22464	0.025	0.9999668601960704
D	IMM21_QTL_chr9_4	IMM21	9	18170242	18270242	100001	0	0.0	False	0		
D	IMM35_QTL_chr1_1	IMM35	1	4479132	4579132	100001	100001	1.0	True	49954	0.025	0.9999709323481695
D	IMM35_QTL_chr1_2	IMM35	1	31693682	31793682	100001	100001	1.0	True	49954	0.025	0.9999709323481695
D	IMM35_QTL_chr1_3	IMM35	1	38384363	38484363	100001	100001	1.0	True	49954	0.025	0.9999709323481695
D	IMM35_QTL_chr1_4	IMM35	1	41497786	41597786	100001	100001	1.0	True	49954	0.025	0.9999709323481695
D	IMM35_QTL_chr10_1	IMM35	10	7645409	7745409	100001	100001	1.0	True	102	0.34294657053429467	0.996637778720252
D	IMM35_QTL_chr10_2	IMM35	10	10514953	10614953	100001	100001	1.0	True	102	0.34294657053429467	0.996637778720252
D	IMM35_QTL_chr2_1	IMM35	2	9397056	9497056	100001	100001	1.0	True	44707	0.025	0.9999855773469017
D	IMM35_QTL_chr2_2	IMM35	2	10892218	10992218	100001	100001	1.0	True	44707	0.025	0.9999855773469017
D	IMM35_QTL_chr2_3	IMM35	2	24549354	24649354	100001	100001	1.0	True	44707	0.025	0.9999855773469017
D	IMM35_QTL_chr3_1	IMM35	3	9526410	9626410	100001	100001	1.0	True	29830	0.025	0.9999540209090031
D	IMM35_QTL_chr3_2	IMM35	3	23608243	23708243	100001	100001	1.0	True	29830	0.025	0.9999540209090031
D	IMM35_QTL_chr5_1	IMM35	5	552465	652465	100001	100001	1.0	True	37357	0.025	0.999959719598671
D	IMM35_QTL_chr5_2	IMM35	5	9462097	9562097	100001	100001	1.0	True	37357	0.025	0.999959719598671
D	IMM35_QTL_chr5_3	IMM35	5	9811791	9911791	100001	100001	1.0	True	37357	0.025	0.999959719598671
D	IMM35_QTL_chr5_4	IMM35	5	13491179	13591179	100001	100001	1.0	True	37357	0.025	0.999959719598671
D	IMM35_QTL_chr5_5	IMM35	5	14446749	14546749	100001	100001	1.0	True	37357	0.025	0.999959719598671
D	IMM35_QTL_chr5_6	IMM35	5	19358324	19472447	114124	114124	1.0	True	37013	0.025	0.9999493090980296
D	IMM35_QTL_chr6_1	IMM35	6	3439181	3539181	100001	100001	1.0	True	27885	0.025	0.999984325421225
D	IMM35_QTL_chr6_2	IMM35	6	9946776	10046776	100001	100001	1.0	True	27885	0.025	0.999984325421225
D	IMM35_QTL_chr7_1	IMM35	7	1945706	2045706	100001	100001	1.0	True	30357	0.025	0.9999569270045021
D	IMM35_QTL_chr7_2	IMM35	7	4292288	4392288	100001	100001	1.0	True	30357	0.025	0.9999569270045021
D	IMM35_QTL_chr7_3	IMM35	7	5641927	5741927	100001	100001	1.0	True	30357	0.025	0.9999569270045021
D	IMM35_QTL_chr7_4	IMM35	7	7655403	7755403	100001	100001	1.0	True	30357	0.025	0.9999569270045021
D	IMM35_QTL_chr7_5	IMM35	7	10126097	10226097	100001	100001	1.0	True	30357	0.025	0.9999569270045021
D	IMM35_QTL_chr7_6	IMM35	7	15415218	15515218	100001	100001	1.0	True	30357	0.025	0.9999569270045021
D	IMM35_QTL_chr7_7	IMM35	7	18456524	18556524	100001	100001	1.0	True	30357	0.025	0.9999569270045021
D	IMM35_QTL_chr8_1	IMM35	8	6200874	6300874	100001	100001	1.0	True	9493	0.025	0.9999651430853225
D	IMM35_QTL_chr9_1	IMM35	9	3690986	3790986	100001	90001	0.90000099999	True	798	0.025	0.9001309235027952
D	IMM35_QTL_chr9_2	IMM35	9	10781297	10881297	100001	100001	1.0	True	22464	0.025	0.9999668601960704
D	IMM49_QTL_chr1_1	IMM49	1	31693682	31793682	100001	100001	1.0	True	49954	0.025	0.9999709323481695
D	IMM49_QTL_chr1_2	IMM49	1	38384363	38484363	100001	100001	1.0	True	49954	0.025	0.9999709323481695
D	IMM49_QTL_chr1_3	IMM49	1	41497786	41597786	100001	100001	1.0	True	49954	0.025	0.9999709323481695
D	IMM49_QTL_chr10_1	IMM49	10	7645409	7745409	100001	100001	1.0	True	102	0.34294657053429467	0.996637778720252
D	IMM49_QTL_chr10_2	IMM49	10	10514953	10614953	100001	100001	1.0	True	102	0.34294657053429467	0.996637778720252
D	IMM49_QTL_chr2_1	IMM49	2	9397056	9497056	100001	100001	1.0	True	44707	0.025	0.9999855773469017
D	IMM49_QTL_chr2_2	IMM49	2	10892218	10992218	100001	100001	1.0	True	44707	0.025	0.9999855773469017
D	IMM49_QTL_chr2_3	IMM49	2	24549354	24649354	100001	100001	1.0	True	44707	0.025	0.9999855773469017
D	IMM49_QTL_chr3_1	IMM49	3	23608243	23708243	100001	100001	1.0	True	29830	0.025	0.9999540209090031
D	IMM49_QTL_chr5_1	IMM49	5	552465	652465	100001	100001	1.0	True	37357	0.025	0.999959719598671
D	IMM49_QTL_chr5_2	IMM49	5	9462097	9562097	100001	100001	1.0	True	37357	0.025	0.999959719598671
D	IMM49_QTL_chr5_3	IMM49	5	9811791	9911791	100001	100001	1.0	True	37357	0.025	0.999959719598671
D	IMM49_QTL_chr5_4	IMM49	5	13491179	13591179	100001	100001	1.0	True	37357	0.025	0.999959719598671
D	IMM49_QTL_chr5_5	IMM49	5	14446749	14546749	100001	100001	1.0	True	37357	0.025	0.999959719598671
D	IMM49_QTL_chr5_6	IMM49	5	19354685	19472447	117763	117763	1.0	True	36918	0.025	0.9999502488103923
D	IMM49_QTL_chr6_1	IMM49	6	9946776	10046776	100001	100001	1.0	True	27885	0.025	0.999984325421225
D	IMM49_QTL_chr7_1	IMM49	7	1945706	2045706	100001	100001	1.0	True	30357	0.025	0.9999569270045021
D	IMM49_QTL_chr7_2	IMM49	7	4292288	4392288	100001	100001	1.0	True	30357	0.025	0.9999569270045021
D	IMM49_QTL_chr7_3	IMM49	7	5641927	5741927	100001	100001	1.0	True	30357	0.025	0.9999569270045021
D	IMM49_QTL_chr7_4	IMM49	7	7655403	7755403	100001	100001	1.0	True	30357	0.025	0.9999569270045021
D	IMM49_QTL_chr7_5	IMM49	7	8396349	8496349	100001	100001	1.0	True	30357	0.025	0.9999569270045021
D	IMM49_QTL_chr7_6	IMM49	7	10126097	10226097	100001	100001	1.0	True	30357	0.025	0.9999569270045021
D	IMM49_QTL_chr7_7	IMM49	7	18456524	18556524	100001	100001	1.0	True	30357	0.025	0.9999569270045021
D	IMM49_QTL_chr9_1	IMM49	9	3690986	3790986	100001	90001	0.90000099999	True	798	0.025	0.9001309235027952
D	IMM56_QTL_chr1_1	IMM56	1	4479132	4579132	100001	100001	1.0	True	49954	0.025	0.9999709323481695
D	IMM56_QTL_chr1_2	IMM56	1	38384363	38484363	100001	100001	1.0	True	49954	0.025	0.9999709323481695
D	IMM56_QTL_chr10_1	IMM56	10	7645409	7745409	100001	100001	1.0	True	102	0.34294657053429467	0.996637778720252
D	IMM56_QTL_chr10_2	IMM56	10	10514953	10614953	100001	100001	1.0	True	102	0.34294657053429467	0.996637778720252
D	IMM56_QTL_chr2_1	IMM56	2	9397056	9497056	100001	100001	1.0	True	44707	0.025	0.9999855773469017
D	IMM56_QTL_chr2_2	IMM56	2	10892218	10992218	100001	100001	1.0	True	44707	0.025	0.9999855773469017
D	IMM56_QTL_chr2_3	IMM56	2	24549354	24649354	100001	100001	1.0	True	44707	0.025	0.9999855773469017
D	IMM56_QTL_chr3_1	IMM56	3	23608243	23708243	100001	100001	1.0	True	29830	0.025	0.9999540209090031
D	IMM56_QTL_chr5_1	IMM56	5	552465	652465	100001	100001	1.0	True	37357	0.025	0.999959719598671
D	IMM56_QTL_chr5_2	IMM56	5	9462097	9562097	100001	100001	1.0	True	37357	0.025	0.999959719598671
D	IMM56_QTL_chr5_3	IMM56	5	9811791	9911791	100001	100001	1.0	True	37357	0.025	0.999959719598671
D	IMM56_QTL_chr5_4	IMM56	5	14446749	14546749	100001	100001	1.0	True	37357	0.025	0.999959719598671
D	IMM56_QTL_chr5_5	IMM56	5	15432625	15532625	100001	100001	1.0	True	37357	0.025	0.999959719598671
D	IMM56_QTL_chr7_1	IMM56	7	4292288	4392288	100001	100001	1.0	True	30357	0.025	0.9999569270045021
D	IMM56_QTL_chr7_2	IMM56	7	5641927	5741927	100001	100001	1.0	True	30357	0.025	0.9999569270045021
D	IMM56_QTL_chr7_3	IMM56	7	7655403	7755403	100001	100001	1.0	True	30357	0.025	0.9999569270045021
D	IMM56_QTL_chr7_4	IMM56	7	10126097	10226097	100001	100001	1.0	True	30357	0.025	0.9999569270045021
D	IMM56_QTL_chr7_5	IMM56	7	18456524	18556524	100001	100001	1.0	True	30357	0.025	0.9999569270045021
D	IMM63_QTL_chr10_1	IMM63	10	7645409	7745409	100001	100001	1.0	True	102	0.34294657053429467	0.996637778720252
D	IMM63_QTL_chr10_2	IMM63	10	10514953	10614953	100001	100001	1.0	True	102	0.34294657053429467	0.996637778720252
D	IMM63_QTL_chr7_1	IMM63	7	10126097	10226097	100001	100001	1.0	True	30357	0.025	0.9999569270045021
D	IMM63_QTL_chr7_2	IMM63	7	11190755	11290766	100012	100012	1.0	True	30356	0.025	0.9999575666943158
D	IMM63_QTL_chr8_1	IMM63	8	7367262	7485778	118517	118517	1.0	True	9389	0.025	0.9999621381545265
D	PW_QTL_chr1_1	PW	1	5485083	5585083	100001	100001	1.0	True	49954	0.025	0.9999709323481695
D	PW_QTL_chr1_2	PW	1	32289888	32391003	101116	101116	1.0	True	49930	0.025	0.9999700845078041
D	PW_QTL_chr1_3	PW	1	43402100	43502100	100001	100001	1.0	True	49954	0.025	0.9999709323481695
D	PW_QTL_chr2_1	PW	2	2123520	2241791	118272	118272	1.0	True	44534	0.025	0.9999886953514115
D	PW_QTL_chr3_1	PW	3	509800	609800	100001	100001	1.0	True	29830	0.025	0.9999540209090031
D	PW_QTL_chr3_2	PW	3	4443460	4543460	100001	100001	1.0	True	29830	0.025	0.9999540209090031
D	PW_QTL_chr3_3	PW	3	15879019	16028680	149662	145981	0.9754045783164731	True	28706	0.025	0.999571132366495
D	PW_QTL_chr4_1	PW	4	23961812	24061812	100001	0	0.0	False	0		
D	PW_QTL_chr5_1	PW	5	11108296	11208296	100001	100001	1.0	True	37357	0.025	0.999959719598671
D	PW_QTL_chr5_2	PW	5	13578868	13678868	100001	100001	1.0	True	37357	0.025	0.999959719598671
D	PW_QTL_chr6_1	PW	6	1702192	1802192	100001	97193	0.9719202807971921	True	28003	0.05	0.9997655885313089
D	PW_QTL_chr6_2	PW	6	5593419	5793423	200005	200005	1.0	True	26847	0.025	0.9999235414130849
D	PW_QTL_chr6_3	PW	6	12662049	12762049	100001	100001	1.0	True	27885	0.025	0.999984325421225
D	PW_QTL_chr6_4	PW	6	14453980	14553980	100001	100001	1.0	True	27885	0.025	0.999984325421225
D	PW_QTL_chr7_1	PW	7	351021	455468	104448	104448	1.0	True	30268	0.025	0.9999426807230611
D	PW_QTL_chr7_2	PW	7	3774918	3874918	100001	100001	1.0	True	30357	0.025	0.9999569270045021
D	PW_QTL_chr7_3	PW	7	6343009	6443009	100001	100001	1.0	True	30357	0.025	0.9999569270045021
D	PW_QTL_chr7_4	PW	7	7248968	7348968	100001	100001	1.0	True	30357	0.025	0.9999569270045021
D	PW_QTL_chr7_5	PW	7	7544287	7644287	100001	100001	1.0	True	30357	0.025	0.9999569270045021
D	PW_QTL_chr8_1	PW	8	2168732	2352346	183615	183615	1.0	True	8935	0.025	0.9998855516291975
D	PW_QTL_chr8_2	PW	8	3080247	3180247	100001	100001	1.0	True	9493	0.025	0.9999651430853225
D	PW_QTL_chr8_3	PW	8	8298374	8398374	100001	70001	0.7000029999700003	True	388	0.2	0.8135308853097037
D	PW_QTL_chr8_4	PW	8	16424968	16524968	100001	0	0.0	False	0		
D	PW_QTL_chr9_1	PW	9	9111511	9211511	100001	100001	1.0	True	22464	0.025	0.9999668601960704
D	PW_QTL_chr9_2	PW	9	9889572	9990011	100440	100440	1.0	True	22456	0.025	0.9999695342097906
D	TELC_i_QTL_chr2_1	TELC	2	3775091	3881964	106874	106874	1.0	True	44631	0.025	0.999983755402485
D	TELC_i_QTL_chr2_2	TELC	2	23779832	23918844	139013	139013	1.0	True	44344	0.025	0.9999637652857092
D	TELC_i_QTL_chr4_1	TELC	4	4559455	4681677	122223	0	0.0	False	0		
pi	AW_QTL_chr1_1	AW	1	1258930	1358930	100001	66396	0.6639533604663953	True	336	0.05	0.6853818366578239
pi	AW_QTL_chr1_2	AW	1	2529594	2696764	167171	144230	0.8627692602185786	True	802	0.025	0.8740655688604487
pi	AW_QTL_chr1_3	AW	1	7120853	7220853	100001	90001	0.90000099999	True	2307	0.025	0.8999515986634673
pi	AW_QTL_chr1_4	AW	1	23196794	23296794	100001	100001	1.0	True	48303	0.025	0.999954762061389
pi	AW_QTL_chr1_5	AW	1	23558754	23666083	107330	107330	1.0	True	48037	0.025	0.9999583250838232
pi	AW_QTL_chr1_6	AW	1	34777313	34880021	102709	102709	1.0	True	48206	0.025	0.9999522068437247
pi	AW_QTL_chr1_7	AW	1	35176701	35276701	100001	100001	1.0	True	48303	0.025	0.999954762061389
pi	AW_QTL_chr2_1	AW	2	1568802	1668802	100001	100001	1.0	True	43475	0.025	0.9999748221034179
pi	AW_QTL_chr2_2	AW	2	2030586	2241791	211206	211206	1.0	True	41345	0.025	0.9999429219895023
pi	AW_QTL_chr2_3	AW	2	2262371	2362371	100001	100001	1.0	True	43475	0.025	0.9999748221034179
pi	AW_QTL_chr2_4	AW	2	4988231	5088231	100001	100001	1.0	True	43475	0.025	0.9999748221034179
pi	AW_QTL_chr2_5	AW	2	6621193	6721193	100001	100001	1.0	True	43475	0.025	0.9999748221034179
pi	AW_QTL_chr2_6	AW	2	7624222	7724222	100001	100001	1.0	True	43475	0.025	0.9999748221034179
pi	AW_QTL_chr2_7	AW	2	9331364	9432807	101444	101444	1.0	True	43445	0.025	0.99997869230732
pi	AW_QTL_chr2_8	AW	2	10219623	10325420	105798	105798	1.0	True	43379	0.025	0.9999747804263219
pi	AW_QTL_chr2_9	AW	2	12715316	12815316	100001	100001	1.0	True	43475	0.025	0.9999748221034179
pi	AW_QTL_chr2_10	AW	2	20182528	20445646	263119	263119	1.0	True	40418	0.025	0.9999357642255825
pi	AW_QTL_chr2_11	AW	2	23814318	23917420	103103	103103	1.0	True	43429	0.025	0.9999722531423084
pi	AW_QTL_chr2_12	AW	2	24051539	24190028	138490	138490	1.0	True	42702	0.025	0.9999562891878532
pi	AW_QTL_chr3_1	AW	3	1227137	1327137	100001	100001	1.0	True	28423	0.025	0.9999064309395607
pi	AW_QTL_chr3_2	AW	3	1836932	2121432	284501	281432	0.989212691695284	True	27001	0.025	0.9939561384715108
pi	AW_QTL_chr3_3	AW	3	15887471	16028680	141210	102530	0.7260817222576305	True	245	0.025	0.7231785631184704
pi	AW_QTL_chr5_1	AW	5	14922061	15204251	282191	282191	1.0	True	31571	0.025	0.9998570205908242
pi	AW_QTL_chr5_2	AW	5	15927692	16027692	100001	100001	1.0	True	36917	0.025	0.9999434231082293
pi	AW_QTL_chr5_3	AW	5	17076926	17177121	100196	100196	1.0	True	36912	0.025	0.9999426024753079
pi	AW_QTL_chr5_4	AW	5	23346611	23446611	100001	100001	1.0	True	36917	0.025	0.9999434231082293
pi	AW_QTL_chr6_1	AW	6	2736868	2836868	100001	100001	1.0	True	26972	0.025	0.9999541024907117
pi	AW_QTL_chr6_2	AW	6	3617216	3720862	103647	103647	1.0	True	26904	0.025	0.999943128948962
pi	AW_QTL_chr6_3	AW	6	5668717	5768717	100001	100001	1.0	True	26972	0.025	0.9999541024907117
pi	AW_QTL_chr6_4	AW	6	9673730	9928702	254973	254973	1.0	True	24076	0.025	0.9998765886418823
pi	AW_QTL_chr6_5	AW	6	12661080	12836811	175732	175732	1.0	True	25454	0.025	0.9999373700326849
pi	AW_QTL_chr7_1	AW	7	1012891	1112891	100001	100001	1.0	True	29505	0.025	0.9999474684121147
pi	AW_QTL_chr7_2	AW	7	4143923	4243923	100001	100001	1.0	True	29505	0.025	0.9999474684121147
pi	AW_QTL_chr7_3	AW	7	5634836	5797742	162907	162907	1.0	True	27699	0.025	0.9999065260956174
pi	AW_QTL_chr7_4	AW	7	5910537	6010537	100001	100001	1.0	True	29505	0.025	0.9999474684121147
pi	AW_QTL_chr7_5	AW	7	7321415	7536388	214974	214974	1.0	True	26330	0.025	0.9998715982474192
pi	AW_QTL_chr7_6	AW	7	8519872	8619872	100001	100001	1.0	True	29505	0.025	0.9999474684121147
pi	AW_QTL_chr7_7	AW	7	8914112	9014112	100001	100001	1.0	True	29505	0.025	0.9999474684121147
pi	AW_QTL_chr7_8	AW	7	9925209	10025209	100001	100001	1.0	True	29505	0.025	0.9999474684121147
pi	AW_QTL_chr8_1	AW	8	7618433	7718433	100001	100001	1.0	True	8932	0.025	0.9998937684156521
pi	AW_QTL_chr8_2	AW	8	8074762	8174762	100001	93854	0.938530614693853	True	771	0.05	0.9142801308692492
pi	AW_QTL_chr8_3	AW	8	17099209	17199236	100028	0	0.0	False	0		
pi	AW_QTL_chr9_1	AW	9	8044622	8144622	100001	100001	1.0	True	21815	0.025	0.9999496993340862
pi	AW_QTL_chr9_2	AW	9	10260634	10360634	100001	100001	1.0	True	21815	0.025	0.9999496993340862
pi	AW_QTL_chr9_3	AW	9	13998828	14098828	100001	100001	1.0	True	21815	0.025	0.9999496993340862
pi	DELR2_i_QTL_chr1_1	DELR2	1	44917507	45017507	100001	100001	1.0	True	48303	0.025	0.999954762061389
pi	DELR2_i_QTL_chr4_1	DELR2	4	1201429	1301429	100001	100001	1.0	True	1238	0.025	0.9998249936725188
pi	DELR2_i_QTL_chr4_2	DELR2	4	4684372	4804770	120399	0	0.0	False	0		
pi	DELR2_i_QTL_chr4_3	DELR2	4	9535759	9642953	107195	0	0.0	False	0		
pi	DELR4_i_QTL_chr1_1	DELR4	1	43992608	44092608	100001	100001	1.0	True	48303	0.025	0.999954762061389
pi	DELR4_i_QTL_chr2_1	DELR4	2	2137553	2237553	100001	100001	1.0	True	43475	0.025	0.9999748221034179
pi	DELR4_i_QTL_chr3_1	DELR4	3	59418	159418	100001	100001	1.0	True	28423	0.025	0.9999064309395607
pi	DELR4_i_QTL_chr4_1	DELR4	4	3371867	3471867	100001	0	0.0	False	0		
pi	DELR4_i_QTL_chr7_1	DELR4	7	10425043	10526129	101087	101087	1.0	True	29477	0.025	0.999948263297319
pi	DELR4_i_QTL_chr9_1	DELR4	9	13658519	13758519	100001	100001	1.0	True	21815	0.025	0.9999496993340862
pi	DELR5_i_QTL_chr2_1	DELR5	2	549778	652002	102225	102225	1.0	True	43437	0.025	0.9999761288943765
pi	DELR5_i_QTL_chr2_2	DELR5	2	21827685	21927685	100001	100001	1.0	True	43475	0.025	0.9999748221034179
pi	DELR5_i_QTL_chr2_3	DELR5	2	26733677	26833677	100001	100001	1.0	True	43475	0.025	0.9999748221034179
pi	DELR5_i_QTL_chr3_1	DELR5	3	10412960	10512960	100001	100001	1.0	True	28423	0.025	0.9999064309395607
pi	DELR5_i_QTL_chr3_2	DELR5	3	30301719	30401719	100001	100001	1.0	True	28423	0.025	0.9999064309395607
pi	DELR5_i_QTL_chr4_1	DELR5	4	18736739	18948064	211326	0	0.0	False	0		
pi	DELR5_i_QTL_chr7_1	DELR5	7	15738421	15838421	100001	100001	1.0	True	29505	0.025	0.9999474684121147
pi	DELR5_i_QTL_chr8_1	DELR5	8	4457795	4557795	100001	100001	1.0	True	8932	0.025	0.9998937684156521
pi	DTEP_cat_QTL_chr1_1	DTEP categorical	1	4479132	4579132	100001	100001	1.0	True	48303	0.025	0.999954762061389
pi	DTEP_cat_QTL_chr1_2	DTEP categorical	1	7505112	7606439	101328	101328	1.0	True	48263	0.025	0.9999514208802492
pi	DTEP_cat_QTL_chr1_3	DTEP categorical	1	9255034	9393751	138718	138718	1.0	True	46937	0.025	0.9999320214191282
pi	DTEP_cat_QTL_chr1_4	DTEP categorical	1	9577894	9765491	187598	157598	0.8400835829806288	True	910	0.025	0.8413025619781557
pi	DTEP_cat_QTL_chr1_5	DTEP categorical	1	13016656	13123424	106769	106769	1.0	True	48057	0.025	0.9999569682141395
pi	DTEP_cat_QTL_chr1_6	DTEP categorical	1	13352668	13452668	100001	100001	1.0	True	48303	0.025	0.999954762061389
pi	DTEP_cat_QTL_chr1_7	DTEP categorical	1	31693682	31793682	100001	100001	1.0	True	48303	0.025	0.999954762061389
pi	DTEP_cat_QTL_chr1_8	DTEP categorical	1	33800832	33900832	100001	100001	1.0	True	48303	0.025	0.999954762061389
pi	DTEP_cat_QTL_chr1_9	DTEP categorical	1	38384363	38484363	100001	100001	1.0	True	48303	0.025	0.999954762061389
pi	DTEP_cat_QTL_chr1_10	DTEP categorical	1	39125933	39226068	100136	100136	1.0	True	48295	0.025	0.9999566118601324
pi	DTEP_cat_QTL_chr1_11	DTEP categorical	1	41497786	41597786	100001	100001	1.0	True	48303	0.025	0.999954762061389
pi	DTEP_cat_QTL_chr10_1	DTEP categorical	10	7645409	7745409	100001	100001	1.0	True	102	0.3999960000399996	0.9859540620280071
pi	DTEP_cat_QTL_chr10_2	DTEP categorical	10	10514953	10614953	100001	100001	1.0	True	102	0.3999960000399996	0.9859540620280071
pi	DTEP_cat_QTL_chr2_1	DTEP categorical	2	3774853	3874853	100001	100001	1.0	True	43475	0.025	0.9999748221034179
pi	DTEP_cat_QTL_chr2_2	DTEP categorical	2	5334959	5536570	201612	201612	1.0	True	41489	0.025	0.999952039649198
pi	DTEP_cat_QTL_chr2_3	DTEP categorical	2	8984709	9084709	100001	100001	1.0	True	43475	0.025	0.9999748221034179
pi	DTEP_cat_QTL_chr2_4	DTEP categorical	2	9397056	9497056	100001	100001	1.0	True	43475	0.025	0.9999748221034179
pi	DTEP_cat_QTL_chr2_5	DTEP categorical	2	10892218	10992218	100001	90001	0.90000099999	True	1037	0.025	0.9007143679768604
pi	DTEP_cat_QTL_chr2_6	DTEP categorical	2	13413245	13513245	100001	100001	1.0	True	43475	0.025	0.9999748221034179
pi	DTEP_cat_QTL_chr2_7	DTEP categorical	2	15826471	16114217	287747	287747	1.0	True	40013	0.025	0.9999380422529188
pi	DTEP_cat_QTL_chr2_8	DTEP categorical	2	16354757	16578775	224019	214019	0.9553609292068976	True	2403	0.025	0.9555707049750369
pi	DTEP_cat_QTL_chr2_9	DTEP categorical	2	20006954	20109936	102983	102983	1.0	True	43431	0.025	0.9999722954242929
pi	DTEP_cat_QTL_chr2_10	DTEP categorical	2	20220626	20320626	100001	100001	1.0	True	43475	0.025	0.9999748221034179
pi	DTEP_cat_QTL_chr2_11	DTEP categorical	2	22367524	22481853	114330	114330	1.0	True	43233	0.025	0.999965731567131
pi	DTEP_cat_QTL_chr2_12	DTEP categorical	2	22642523	22742523	100001	100001	1.0	True	43475	0.025	0.9999748221034179
pi	DTEP_cat_QTL_chr2_13	DTEP categorical	2	23674854	23920667	245814	245814	1.0	True	40758	0.025	0.9999198278212901
pi	DTEP_cat_QTL_chr2_14	DTEP categorical	2	24549354	24649354	100001	100001	1.0	True	43475	0.025	0.9999748221034179
pi	DTEP_cat_QTL_chr3_1	DTEP categorical	3	8531584	8662918	131335	111335	0.8477176685575056	True	910	0.025	0.8481205640972649
pi	DTEP_cat_QTL_chr3_2	DTEP categorical	3	8982791	9154370	171580	171580	1.0	True	25664	0.025	0.9998497262061073
pi	DTEP_cat_QTL_chr3_3	DTEP categorical	3	9526410	9626410	100001	90001	0.90000099999	True	2360	0.025	0.9003765682682158
pi	DTEP_cat_QTL_chr3_4	DTEP categorical	3	12517046	12777857	260812	260812	1.0	True	23187	0.025	0.9997692477825362
pi	DTEP_cat_QTL_chr3_5	DTEP categorical	3	14664454	14764454	100001	90001	0.90000099999	True	2360	0.025	0.9003765682682158
pi	DTEP_cat_QTL_chr3_6	DTEP categorical	3	23608243	23708243	100001	100001	1.0	True	28423	0.025	0.9999064309395607
pi	DTEP_cat_QTL_chr4_1	DTEP categorical	4	2931310	3031310	100001	0	0.0	False	0		
pi	DTEP_cat_QTL_chr4_2	DTEP categorical	4	4557474	4657474	100001	0	0.0	False	0		
pi	DTEP_cat_QTL_chr4_3	DTEP categorical	4	19159088	19293120	134033	0	0.0	False	0		
pi	DTEP_cat_QTL_chr5_1	DTEP categorical	5	552465	652465	100001	100001	1.0	True	36917	0.025	0.9999434231082293
pi	DTEP_cat_QTL_chr5_2	DTEP categorical	5	1949599	2049599	100001	100001	1.0	True	36917	0.025	0.9999434231082293
pi	DTEP_cat_QTL_chr5_3	DTEP categorical	5	5021365	5121365	100001	100001	1.0	True	36917	0.025	0.9999434231082293
pi	DTEP_cat_QTL_chr5_4	DTEP categorical	5	9173256	9273256	100001	86745	0.8674413255867441	True	1305	0.05	0.8917134813326197
pi	DTEP_cat_QTL_chr5_5	DTEP categorical	5	9462097	9562097	100001	100001	1.0	True	36917	0.025	0.9999434231082293
pi	DTEP_cat_QTL_chr5_6	DTEP categorical	5	9811791	9911791	100001	100001	1.0	True	36917	0.025	0.9999434231082293
pi	DTEP_cat_QTL_chr5_7	DTEP categorical	5	10299800	10399800	100001	100001	1.0	True	36917	0.025	0.9999434231082293
pi	DTEP_cat_QTL_chr5_8	DTEP categorical	5	13491179	13591179	100001	100001	1.0	True	36917	0.025	0.9999434231082293
pi	DTEP_cat_QTL_chr5_9	DTEP categorical	5	13685624	13813106	127483	127483	1.0	True	36052	0.025	0.9999104581228457
pi	DTEP_cat_QTL_chr5_10	DTEP categorical	5	14446749	14546749	100001	100001	1.0	True	36917	0.025	0.9999434231082293
pi	DTEP_cat_QTL_chr5_11	DTEP categorical	5	20427788	20527788	100001	100001	1.0	True	36917	0.025	0.9999434231082293
pi	DTEP_cat_QTL_chr5_12	DTEP categorical	5	24697367	24802606	105240	105240	1.0	True	36753	0.025	0.9999432064399255
pi	DTEP_cat_QTL_chr6_1	DTEP categorical	6	1676644	1776644	100001	80001	0.8000019999800002	True	463	0.025	0.8008347994273838
pi	DTEP_cat_QTL_chr6_2	DTEP categorical	6	2738124	2840093	101970	101970	1.0	True	26940	0.025	0.999945828135981
pi	DTEP_cat_QTL_chr6_3	DTEP categorical	6	3439181	3539181	100001	100001	1.0	True	26972	0.025	0.9999541024907117
pi	DTEP_cat_QTL_chr6_4	DTEP categorical	6	5776556	5876556	100001	100001	1.0	True	26972	0.025	0.9999541024907117
pi	DTEP_cat_QTL_chr6_5	DTEP categorical	6	9540323	9640323	100001	89678	0.8967710322896771	True	937	0.025	0.9007474279579512
pi	DTEP_cat_QTL_chr6_6	DTEP categorical	6	9946776	10046776	100001	100001	1.0	True	26972	0.025	0.9999541024907117
pi	DTEP_cat_QTL_chr6_7	DTEP categorical	6	10674562	10774562	100001	100001	1.0	True	26972	0.025	0.9999541024907117
pi	DTEP_cat_QTL_chr6_8	DTEP categorical	6	12309065	12409065	100001	100001	1.0	True	26972	0.025	0.9999541024907117
pi	DTEP_cat_QTL_chr6_9	DTEP categorical	6	14381304	14481304	100001	100001	1.0	True	26972	0.025	0.9999541024907117
pi	DTEP_cat_QTL_chr6_10	DTEP categorical	6	20207769	20307769	100001	100001	1.0	True	26972	0.025	0.9999541024907117
pi	DTEP_cat_QTL_chr7_1	DTEP categorical	7	432546	532546	100001	100001	1.0	True	29505	0.025	0.9999474684121147
pi	DTEP_cat_QTL_chr7_2	DTEP categorical	7	1669390	1829821	160432	160432	1.0	True	27764	0.025	0.9999079058272243
pi	DTEP_cat_QTL_chr7_3	DTEP categorical	7	1945706	2045706	100001	100001	1.0	True	29505	0.025	0.9999474684121147
pi	DTEP_cat_QTL_chr7_4	DTEP categorical	7	4292288	4392288	100001	100001	1.0	True	29505	0.025	0.9999474684121147
pi	DTEP_cat_QTL_chr7_5	DTEP categorical	7	4974136	5074136	100001	100001	1.0	True	29505	0.025	0.9999474684121147
pi	DTEP_cat_QTL_chr7_6	DTEP categorical	7	5641927	5741927	100001	100001	1.0	True	29505	0.025	0.9999474684121147
pi	DTEP_cat_QTL_chr7_7	DTEP categorical	7	6278373	6378373	100001	100001	1.0	True	29505	0.025	0.9999474684121147
pi	DTEP_cat_QTL_chr7_8	DTEP categorical	7	6378643	6478643	100001	100001	1.0	True	29505	0.025	0.9999474684121147
pi	DTEP_cat_QTL_chr7_9	DTEP categorical	7	7655403	7755403	100001	100001	1.0	True	29505	0.025	0.9999474684121147
pi	DTEP_cat_QTL_chr7_10	DTEP categorical	7	8523877	8623877	100001	100001	1.0	True	29505	0.025	0.9999474684121147
pi	DTEP_cat_QTL_chr7_11	DTEP categorical	7	10126097	10226097	100001	100001	1.0	True	29505	0.025	0.9999474684121147
pi	DTEP_cat_QTL_chr7_12	DTEP categorical	7	10352105	10535283	183179	183179	1.0	True	27141	0.025	0.9998651058534039
pi	DTEP_cat_QTL_chr7_13	DTEP categorical	7	10708921	10819540	110620	110620	1.0	True	29238	0.025	0.9999343683319962
pi	DTEP_cat_QTL_chr7_14	DTEP categorical	7	11035682	11135682	100001	100001	1.0	True	29505	0.025	0.9999474684121147
pi	DTEP_cat_QTL_chr7_15	DTEP categorical	7	12004108	12104108	100001	100001	1.0	True	29505	0.025	0.9999474684121147
pi	DTEP_cat_QTL_chr7_16	DTEP categorical	7	15415218	15515218	100001	100001	1.0	True	29505	0.025	0.9999474684121147
pi	DTEP_cat_QTL_chr7_17	DTEP categorical	7	16849951	16949951	100001	100001	1.0	True	29505	0.025	0.9999474684121147
pi	DTEP_cat_QTL_chr7_18	DTEP categorical	7	16993997	17093997	100001	100001	1.0	True	29505	0.025	0.9999474684121147
pi	DTEP_cat_QTL_chr7_19	DTEP categorical	7	18456524	18556524	100001	100001	1.0	True	29505	0.025	0.9999474684121147
pi	DTEP_cat_QTL_chr8_1	DTEP categorical	8	373927	473927	100001	0	0.0	False	0		
pi	DTEP_cat_QTL_chr8_2	DTEP categorical	8	2118844	2218844	100001	100001	1.0	True	8932	0.025	0.9998937684156521
pi	DTEP_cat_QTL_chr8_3	DTEP categorical	8	4194813	4294813	100001	100001	1.0	True	8932	0.025	0.9998937684156521
pi	DTEP_cat_QTL_chr8_4	DTEP categorical	8	6039461	6139461	100001	100001	1.0	True	8932	0.025	0.9998937684156521
pi	DTEP_cat_QTL_chr8_5	DTEP categorical	8	6200874	6300874	100001	100001	1.0	True	8932	0.025	0.9998937684156521
pi	DTEP_cat_QTL_chr8_6	DTEP categorical	8	15143724	15299929	156206	0	0.0	False	0		
pi	DTEP_cat_QTL_chr9_1	DTEP categorical	9	3690823	3795256	104434	94434	0.9042457437233085	True	966	0.025	0.9048532578908741
pi	DTEP_cat_QTL_chr9_2	DTEP categorical	9	6677338	6777338	100001	100001	1.0	True	21815	0.025	0.9999496993340862
pi	DTEP_cat_QTL_chr9_3	DTEP categorical	9	7120713	7220713	100001	90001	0.90000099999	True	912	0.025	0.9003518846390486
pi	DTEP_cat_QTL_chr9_4	DTEP categorical	9	10781297	10881297	100001	100001	1.0	True	21815	0.025	0.9999496993340862
pi	DTEP_cat_QTL_chr9_5	DTEP categorical	9	18688615	18788699	100085	0	0.0	False	0		
pi	EHR_i_QTL_chr1_1	EHR	1	1138680	1238680	100001	100001	1.0	True	48303	0.025	0.999954762061389
pi	EHR_i_QTL_chr1_2	EHR	1	1373347	1473347	100001	100001	1.0	True	48303	0.025	0.999954762061389
pi	EHR_i_QTL_chr1_3	EHR	1	43993406	44103762	110357	110357	1.0	True	47950	0.025	0.9999502908198318
pi	EHR_i_QTL_chr1_4	EHR	1	45535355	45635355	100001	100001	1.0	True	48303	0.025	0.999954762061389
pi	EHR_i_QTL_chr2_1	EHR	2	4654718	4754718	100001	100001	1.0	True	43475	0.025	0.9999748221034179
pi	EHR_i_QTL_chr2_2	EHR	2	5649433	5749433	100001	70568	0.7056729432705673	True	512	0.1	0.7466072995520047
pi	EHR_i_QTL_chr2_3	EHR	2	10012432	10112432	100001	100001	1.0	True	43475	0.025	0.9999748221034179
pi	EHR_i_QTL_chr3_1	EHR	3	883565	983565	100001	100001	1.0	True	28423	0.025	0.9999064309395607
pi	EHR_i_QTL_chr3_2	EHR	3	3703174	3803174	100001	100001	1.0	True	28423	0.025	0.9999064309395607
pi	EHR_i_QTL_chr3_3	EHR	3	26914139	27014139	100001	100001	1.0	True	28423	0.025	0.9999064309395607
pi	EHR_i_QTL_chr3_4	EHR	3	28615402	28715402	100001	100001	1.0	True	28423	0.025	0.9999064309395607
pi	EHR_i_QTL_chr3_5	EHR	3	29804360	29904360	100001	90001	0.90000099999	True	2360	0.025	0.9003765682682158
pi	EHR_i_QTL_chr5_1	EHR	5	8892119	8992119	100001	100001	1.0	True	36917	0.025	0.9999434231082293
pi	EHR_i_QTL_chr5_2	EHR	5	14394385	14551299	156915	156915	1.0	True	35098	0.025	0.999910488477139
pi	EHR_i_QTL_chr5_3	EHR	5	15989560	16090575	101016	101016	1.0	True	36887	0.025	0.9999417228465499
pi	EHR_i_QTL_chr5_4	EHR	5	16386452	16486452	100001	100001	1.0	True	36917	0.025	0.9999434231082293
pi	EHR_i_QTL_chr5_5	EHR	5	16949508	17300826	351319	351319	1.0	True	29585	0.025	0.9998303302308679
pi	EHR_i_QTL_chr5_6	EHR	5	18093401	18193401	100001	100001	1.0	True	36917	0.025	0.9999434231082293
pi	EHR_i_QTL_chr5_7	EHR	5	19509693	19612980	103288	103288	1.0	True	36813	0.025	0.9999442422465606
pi	EHR_i_QTL_chr5_8	EHR	5	20926908	21030587	103680	103680	1.0	True	36797	0.025	0.9999470262081047
pi	EHR_i_QTL_chr5_9	EHR	5	21563301	21867062	303762	303762	1.0	True	31010	0.025	0.9998019956054419
pi	EHR_i_QTL_chr5_10	EHR	5	22700206	22806536	106331	106331	1.0	True	36727	0.025	0.9999348443650276
pi	EHR_i_QTL_chr5_11	EHR	5	22931638	23103651	172014	172014	1.0	True	34581	0.025	0.9998983246991509
pi	EHR_i_QTL_chr5_12	EHR	5	23130582	23697840	567259	547840	0.9657669600658606	True	11628	0.025	0.9662968337098139
pi	EHR_i_QTL_chr6_1	EHR	6	2645284	2745284	100001	100001	1.0	True	26972	0.025	0.9999541024907117
pi	EHR_i_QTL_chr7_1	EHR	7	9111374	9211406	100033	100033	1.0	True	29502	0.025	0.9999493567570129
pi	EHR_i_QTL_chr8_1	EHR	8	15451993	15552807	100815	0	0.0	False	0		
pi	EHR_i_QTL_chr8_2	EHR	8	15872897	15972897	100001	0	0.0	False	0		
pi	EHR_i_QTL_chr8_3	EHR	8	15998055	16102095	104041	0	0.0	False	0		
pi	EHR_i_QTL_chr8_4	EHR	8	16624548	16750160	125613	0	0.0	False	0		
pi	EHR_i_QTL_chr8_5	EHR	8	16835331	16936237	100907	0	0.0	False	0		
pi	EHR_i_QTL_chr8_6	EHR	8	17795101	17997197	202097	0	0.0	False	0		
pi	EHR_i_QTL_chr8_7	EHR	8	18532823	18632823	100001	0	0.0	False	0		
pi	EHR_i_QTL_chr8_8	EHR	8	18671483	18771483	100001	0	0.0	False	0		
pi	EHR_i_QTL_chr9_1	EHR	9	16361453	16461453	100001	100001	1.0	True	21815	0.025	0.9999496993340862
pi	IMM21_QTL_chr1_1	IMM21	1	31522674	31623827	101154	101154	1.0	True	48267	0.025	0.9999526517707658
pi	IMM21_QTL_chr1_2	IMM21	1	38384363	38484363	100001	100001	1.0	True	48303	0.025	0.999954762061389
pi	IMM21_QTL_chr1_3	IMM21	1	41497786	41597786	100001	100001	1.0	True	48303	0.025	0.999954762061389
pi	IMM21_QTL_chr10_1	IMM21	10	7645409	7745409	100001	100001	1.0	True	102	0.3999960000399996	0.9859540620280071
pi	IMM21_QTL_chr10_2	IMM21	10	10514953	10614953	100001	100001	1.0	True	102	0.3999960000399996	0.9859540620280071
pi	IMM21_QTL_chr2_1	IMM21	2	9397056	9497056	100001	100001	1.0	True	43475	0.025	0.9999748221034179
pi	IMM21_QTL_chr2_2	IMM21	2	10892218	10992218	100001	90001	0.90000099999	True	1037	0.025	0.9007143679768604
pi	IMM21_QTL_chr5_1	IMM21	5	9462097	9562097	100001	100001	1.0	True	36917	0.025	0.9999434231082293
pi	IMM21_QTL_chr7_1	IMM21	7	7655403	7755403	100001	100001	1.0	True	29505	0.025	0.9999474684121147
pi	IMM21_QTL_chr7_2	IMM21	7	10126097	10226097	100001	100001	1.0	True	29505	0.025	0.9999474684121147
pi	IMM21_QTL_chr7_3	IMM21	7	18456524	18556524	100001	100001	1.0	True	29505	0.025	0.9999474684121147
pi	IMM21_QTL_chr9_1	IMM21	9	10781297	10881297	100001	100001	1.0	True	21815	0.025	0.9999496993340862
pi	IMM21_QTL_chr9_2	IMM21	9	11778551	11878551	100001	100001	1.0	True	21815	0.025	0.9999496993340862
pi	IMM21_QTL_chr9_3	IMM21	9	14019217	14119217	100001	100001	1.0	True	21815	0.025	0.9999496993340862
pi	IMM21_QTL_chr9_4	IMM21	9	18170242	18270242	100001	0	0.0	False	0		
pi	IMM35_QTL_chr1_1	IMM35	1	4479132	4579132	100001	100001	1.0	True	48303	0.025	0.999954762061389
pi	IMM35_QTL_chr1_2	IMM35	1	31693682	31793682	100001	100001	1.0	True	48303	0.025	0.999954762061389
pi	IMM35_QTL_chr1_3	IMM35	1	38384363	38484363	100001	100001	1.0	True	48303	0.025	0.999954762061389
pi	IMM35_QTL_chr1_4	IMM35	1	41497786	41597786	100001	100001	1.0	True	48303	0.025	0.999954762061389
pi	IMM35_QTL_chr10_1	IMM35	10	7645409	7745409	100001	100001	1.0	True	102	0.3999960000399996	0.9859540620280071
pi	IMM35_QTL_chr10_2	IMM35	10	10514953	10614953	100001	100001	1.0	True	102	0.3999960000399996	0.9859540620280071
pi	IMM35_QTL_chr2_1	IMM35	2	9397056	9497056	100001	100001	1.0	True	43475	0.025	0.9999748221034179
pi	IMM35_QTL_chr2_2	IMM35	2	10892218	10992218	100001	90001	0.90000099999	True	1037	0.025	0.9007143679768604
pi	IMM35_QTL_chr2_3	IMM35	2	24549354	24649354	100001	100001	1.0	True	43475	0.025	0.9999748221034179
pi	IMM35_QTL_chr3_1	IMM35	3	9526410	9626410	100001	90001	0.90000099999	True	2360	0.025	0.9003765682682158
pi	IMM35_QTL_chr3_2	IMM35	3	23608243	23708243	100001	100001	1.0	True	28423	0.025	0.9999064309395607
pi	IMM35_QTL_chr5_1	IMM35	5	552465	652465	100001	100001	1.0	True	36917	0.025	0.9999434231082293
pi	IMM35_QTL_chr5_2	IMM35	5	9462097	9562097	100001	100001	1.0	True	36917	0.025	0.9999434231082293
pi	IMM35_QTL_chr5_3	IMM35	5	9811791	9911791	100001	100001	1.0	True	36917	0.025	0.9999434231082293
pi	IMM35_QTL_chr5_4	IMM35	5	13491179	13591179	100001	100001	1.0	True	36917	0.025	0.9999434231082293
pi	IMM35_QTL_chr5_5	IMM35	5	14446749	14546749	100001	100001	1.0	True	36917	0.025	0.9999434231082293
pi	IMM35_QTL_chr5_6	IMM35	5	19358324	19472447	114124	114124	1.0	True	36453	0.025	0.9999418303926638
pi	IMM35_QTL_chr6_1	IMM35	6	3439181	3539181	100001	100001	1.0	True	26972	0.025	0.9999541024907117
pi	IMM35_QTL_chr6_2	IMM35	6	9946776	10046776	100001	100001	1.0	True	26972	0.025	0.9999541024907117
pi	IMM35_QTL_chr7_1	IMM35	7	1945706	2045706	100001	100001	1.0	True	29505	0.025	0.9999474684121147
pi	IMM35_QTL_chr7_2	IMM35	7	4292288	4392288	100001	100001	1.0	True	29505	0.025	0.9999474684121147
pi	IMM35_QTL_chr7_3	IMM35	7	5641927	5741927	100001	100001	1.0	True	29505	0.025	0.9999474684121147
pi	IMM35_QTL_chr7_4	IMM35	7	7655403	7755403	100001	100001	1.0	True	29505	0.025	0.9999474684121147
pi	IMM35_QTL_chr7_5	IMM35	7	10126097	10226097	100001	100001	1.0	True	29505	0.025	0.9999474684121147
pi	IMM35_QTL_chr7_6	IMM35	7	15415218	15515218	100001	100001	1.0	True	29505	0.025	0.9999474684121147
pi	IMM35_QTL_chr7_7	IMM35	7	18456524	18556524	100001	100001	1.0	True	29505	0.025	0.9999474684121147
pi	IMM35_QTL_chr8_1	IMM35	8	6200874	6300874	100001	100001	1.0	True	8932	0.025	0.9998937684156521
pi	IMM35_QTL_chr9_1	IMM35	9	3690986	3790986	100001	90001	0.90000099999	True	912	0.025	0.9003518846390486
pi	IMM35_QTL_chr9_2	IMM35	9	10781297	10881297	100001	100001	1.0	True	21815	0.025	0.9999496993340862
pi	IMM49_QTL_chr1_1	IMM49	1	31693682	31793682	100001	100001	1.0	True	48303	0.025	0.999954762061389
pi	IMM49_QTL_chr1_2	IMM49	1	38384363	38484363	100001	100001	1.0	True	48303	0.025	0.999954762061389
pi	IMM49_QTL_chr1_3	IMM49	1	41497786	41597786	100001	100001	1.0	True	48303	0.025	0.999954762061389
pi	IMM49_QTL_chr10_1	IMM49	10	7645409	7745409	100001	100001	1.0	True	102	0.3999960000399996	0.9859540620280071
pi	IMM49_QTL_chr10_2	IMM49	10	10514953	10614953	100001	100001	1.0	True	102	0.3999960000399996	0.9859540620280071
pi	IMM49_QTL_chr2_1	IMM49	2	9397056	9497056	100001	100001	1.0	True	43475	0.025	0.9999748221034179
pi	IMM49_QTL_chr2_2	IMM49	2	10892218	10992218	100001	90001	0.90000099999	True	1037	0.025	0.9007143679768604
pi	IMM49_QTL_chr2_3	IMM49	2	24549354	24649354	100001	100001	1.0	True	43475	0.025	0.9999748221034179
pi	IMM49_QTL_chr3_1	IMM49	3	23608243	23708243	100001	100001	1.0	True	28423	0.025	0.9999064309395607
pi	IMM49_QTL_chr5_1	IMM49	5	552465	652465	100001	100001	1.0	True	36917	0.025	0.9999434231082293
pi	IMM49_QTL_chr5_2	IMM49	5	9462097	9562097	100001	100001	1.0	True	36917	0.025	0.9999434231082293
pi	IMM49_QTL_chr5_3	IMM49	5	9811791	9911791	100001	100001	1.0	True	36917	0.025	0.9999434231082293
pi	IMM49_QTL_chr5_4	IMM49	5	13491179	13591179	100001	100001	1.0	True	36917	0.025	0.9999434231082293
pi	IMM49_QTL_chr5_5	IMM49	5	14446749	14546749	100001	100001	1.0	True	36917	0.025	0.9999434231082293
pi	IMM49_QTL_chr5_6	IMM49	5	19354685	19472447	117763	117763	1.0	True	36355	0.025	0.9999355290017171
pi	IMM49_QTL_chr6_1	IMM49	6	9946776	10046776	100001	100001	1.0	True	26972	0.025	0.9999541024907117
pi	IMM49_QTL_chr7_1	IMM49	7	1945706	2045706	100001	100001	1.0	True	29505	0.025	0.9999474684121147
pi	IMM49_QTL_chr7_2	IMM49	7	4292288	4392288	100001	100001	1.0	True	29505	0.025	0.9999474684121147
pi	IMM49_QTL_chr7_3	IMM49	7	5641927	5741927	100001	100001	1.0	True	29505	0.025	0.9999474684121147
pi	IMM49_QTL_chr7_4	IMM49	7	7655403	7755403	100001	100001	1.0	True	29505	0.025	0.9999474684121147
pi	IMM49_QTL_chr7_5	IMM49	7	8396349	8496349	100001	100001	1.0	True	29505	0.025	0.9999474684121147
pi	IMM49_QTL_chr7_6	IMM49	7	10126097	10226097	100001	100001	1.0	True	29505	0.025	0.9999474684121147
pi	IMM49_QTL_chr7_7	IMM49	7	18456524	18556524	100001	100001	1.0	True	29505	0.025	0.9999474684121147
pi	IMM49_QTL_chr9_1	IMM49	9	3690986	3790986	100001	90001	0.90000099999	True	912	0.025	0.9003518846390486
pi	IMM56_QTL_chr1_1	IMM56	1	4479132	4579132	100001	100001	1.0	True	48303	0.025	0.999954762061389
pi	IMM56_QTL_chr1_2	IMM56	1	38384363	38484363	100001	100001	1.0	True	48303	0.025	0.999954762061389
pi	IMM56_QTL_chr10_1	IMM56	10	7645409	7745409	100001	100001	1.0	True	102	0.3999960000399996	0.9859540620280071
pi	IMM56_QTL_chr10_2	IMM56	10	10514953	10614953	100001	100001	1.0	True	102	0.3999960000399996	0.9859540620280071
pi	IMM56_QTL_chr2_1	IMM56	2	9397056	9497056	100001	100001	1.0	True	43475	0.025	0.9999748221034179
pi	IMM56_QTL_chr2_2	IMM56	2	10892218	10992218	100001	90001	0.90000099999	True	1037	0.025	0.9007143679768604
pi	IMM56_QTL_chr2_3	IMM56	2	24549354	24649354	100001	100001	1.0	True	43475	0.025	0.9999748221034179
pi	IMM56_QTL_chr3_1	IMM56	3	23608243	23708243	100001	100001	1.0	True	28423	0.025	0.9999064309395607
pi	IMM56_QTL_chr5_1	IMM56	5	552465	652465	100001	100001	1.0	True	36917	0.025	0.9999434231082293
pi	IMM56_QTL_chr5_2	IMM56	5	9462097	9562097	100001	100001	1.0	True	36917	0.025	0.9999434231082293
pi	IMM56_QTL_chr5_3	IMM56	5	9811791	9911791	100001	100001	1.0	True	36917	0.025	0.9999434231082293
pi	IMM56_QTL_chr5_4	IMM56	5	14446749	14546749	100001	100001	1.0	True	36917	0.025	0.9999434231082293
pi	IMM56_QTL_chr5_5	IMM56	5	15432625	15532625	100001	100001	1.0	True	36917	0.025	0.9999434231082293
pi	IMM56_QTL_chr7_1	IMM56	7	4292288	4392288	100001	100001	1.0	True	29505	0.025	0.9999474684121147
pi	IMM56_QTL_chr7_2	IMM56	7	5641927	5741927	100001	100001	1.0	True	29505	0.025	0.9999474684121147
pi	IMM56_QTL_chr7_3	IMM56	7	7655403	7755403	100001	100001	1.0	True	29505	0.025	0.9999474684121147
pi	IMM56_QTL_chr7_4	IMM56	7	10126097	10226097	100001	100001	1.0	True	29505	0.025	0.9999474684121147
pi	IMM56_QTL_chr7_5	IMM56	7	18456524	18556524	100001	100001	1.0	True	29505	0.025	0.9999474684121147
pi	IMM63_QTL_chr10_1	IMM63	10	7645409	7745409	100001	100001	1.0	True	102	0.3999960000399996	0.9859540620280071
pi	IMM63_QTL_chr10_2	IMM63	10	10514953	10614953	100001	100001	1.0	True	102	0.3999960000399996	0.9859540620280071
pi	IMM63_QTL_chr7_1	IMM63	7	10126097	10226097	100001	100001	1.0	True	29505	0.025	0.9999474684121147
pi	IMM63_QTL_chr7_2	IMM63	7	11190755	11290766	100012	100012	1.0	True	29504	0.025	0.999948092928957
pi	IMM63_QTL_chr8_1	IMM63	8	7367262	7485778	118517	108517	0.9156239189314613	True	775	0.025	0.9163891609941898
pi	PW_QTL_chr1_1	PW	1	5485083	5585083	100001	100001	1.0	True	48303	0.025	0.999954762061389
pi	PW_QTL_chr1_2	PW	1	32289888	32391003	101116	101116	1.0	True	48267	0.025	0.9999533574586829
pi	PW_QTL_chr1_3	PW	1	43402100	43502100	100001	100001	1.0	True	48303	0.025	0.999954762061389
pi	PW_QTL_chr2_1	PW	2	2123520	2241791	118272	118272	1.0	True	43154	0.025	0.9999636314111979
pi	PW_QTL_chr3_1	PW	3	509800	609800	100001	100001	1.0	True	28423	0.025	0.9999064309395607
pi	PW_QTL_chr3_2	PW	3	4443460	4543460	100001	100001	1.0	True	28423	0.025	0.9999064309395607
pi	PW_QTL_chr3_3	PW	3	15879019	16028680	149662	110982	0.7415509614999132	True	273	0.025	0.7368407140426757
pi	PW_QTL_chr4_1	PW	4	23961812	24061812	100001	0	0.0	False	0		
pi	PW_QTL_chr5_1	PW	5	11108296	11208296	100001	100001	1.0	True	36917	0.025	0.9999434231082293
pi	PW_QTL_chr5_2	PW	5	13578868	13678868	100001	100001	1.0	True	36917	0.025	0.9999434231082293
pi	PW_QTL_chr6_1	PW	6	1702192	1802192	100001	92192	0.921910780892191	True	989	0.025	0.9046539059381905
pi	PW_QTL_chr6_2	PW	6	5593419	5793423	200005	200005	1.0	True	25050	0.025	0.9999070538206605
pi	PW_QTL_chr6_3	PW	6	12662049	12762049	100001	100001	1.0	True	26972	0.025	0.9999541024907117
pi	PW_QTL_chr6_4	PW	6	14453980	14553980	100001	100001	1.0	True	26972	0.025	0.9999541024907117
pi	PW_QTL_chr7_1	PW	7	351021	455468	104448	104448	1.0	True	29401	0.025	0.9999340624554004
pi	PW_QTL_chr7_2	PW	7	3774918	3874918	100001	100001	1.0	True	29505	0.025	0.9999474684121147
pi	PW_QTL_chr7_3	PW	7	6343009	6443009	100001	100001	1.0	True	29505	0.025	0.9999474684121147
pi	PW_QTL_chr7_4	PW	7	7248968	7348968	100001	100001	1.0	True	29505	0.025	0.9999474684121147
pi	PW_QTL_chr7_5	PW	7	7544287	7644287	100001	90001	0.90000099999	True	1670	0.025	0.9010005289168665
pi	PW_QTL_chr8_1	PW	8	2168732	2352346	183615	173615	0.945538218555129	True	1174	0.025	0.9457657890108836
pi	PW_QTL_chr8_2	PW	8	3080247	3180247	100001	100001	1.0	True	8932	0.025	0.9998937684156521
pi	PW_QTL_chr8_3	PW	8	8298374	8398374	100001	40242	0.4024159758402416	True	200	0.39758602413975863	0.6307171428285718
pi	PW_QTL_chr8_4	PW	8	16424968	16524968	100001	0	0.0	False	0		
pi	PW_QTL_chr9_1	PW	9	9111511	9211511	100001	100001	1.0	True	21815	0.025	0.9999496993340862
pi	PW_QTL_chr9_2	PW	9	9889572	9990011	100440	100440	1.0	True	21811	0.025	0.9999442948938567
pi	TELC_i_QTL_chr2_1	TELC	2	3775091	3881964	106874	106874	1.0	True	43363	0.025	0.9999740772075278
pi	TELC_i_QTL_chr2_2	TELC	2	23779832	23918844	139013	139013	1.0	True	42694	0.025	0.9999542190332615
pi	TELC_i_QTL_chr4_1	TELC	4	4559455	4681677	122223	0	0.0	False	0		
fDM	AW_QTL_chr1_1	AW	1	1258930	1358930	100001	100001	1.0	True	52302	0.025	1.0
fDM	AW_QTL_chr1_2	AW	1	2529594	2696764	167171	167171	1.0	True	52171	0.025	1.0
fDM	AW_QTL_chr1_3	AW	1	7120853	7220853	100001	100001	1.0	True	52302	0.025	1.0
fDM	AW_QTL_chr1_4	AW	1	23196794	23296794	100001	100001	1.0	True	52302	0.025	1.0
fDM	AW_QTL_chr1_5	AW	1	23558754	23666083	107330	107330	1.0	True	52290	0.025	1.0
fDM	AW_QTL_chr1_6	AW	1	34777313	34880021	102709	102709	1.0	True	52296	0.025	1.0
fDM	AW_QTL_chr1_7	AW	1	35176701	35276701	100001	100001	1.0	True	52302	0.025	1.0
fDM	AW_QTL_chr2_1	AW	2	1568802	1668802	100001	100001	1.0	True	45388	0.025	0.9999986822639925
fDM	AW_QTL_chr2_2	AW	2	2030586	2241791	211206	211206	1.0	True	45135	0.025	0.9999914128957271
fDM	AW_QTL_chr2_3	AW	2	2262371	2362371	100001	100001	1.0	True	45388	0.025	0.9999986822639925
fDM	AW_QTL_chr2_4	AW	2	4988231	5088231	100001	100001	1.0	True	45388	0.025	0.9999986822639925
fDM	AW_QTL_chr2_5	AW	2	6621193	6721193	100001	100001	1.0	True	45388	0.025	0.9999986822639925
fDM	AW_QTL_chr2_6	AW	2	7624222	7724222	100001	100001	1.0	True	45388	0.025	0.9999986822639925
fDM	AW_QTL_chr2_7	AW	2	9331364	9432807	101444	101444	1.0	True	45386	0.025	0.9999989561562571
fDM	AW_QTL_chr2_8	AW	2	10219623	10325420	105798	105798	1.0	True	45382	0.025	0.9999960350526884
fDM	AW_QTL_chr2_9	AW	2	12715316	12815316	100001	100001	1.0	True	45388	0.025	0.9999986822639925
fDM	AW_QTL_chr2_10	AW	2	20182528	20445646	263119	263119	1.0	True	44995	0.025	0.999987842425802
fDM	AW_QTL_chr2_11	AW	2	23814318	23917420	103103	103103	1.0	True	45385	0.025	0.9999978832438127
fDM	AW_QTL_chr2_12	AW	2	24051539	24190028	138490	138490	1.0	True	45339	0.025	0.9999983796778049
fDM	AW_QTL_chr3_1	AW	3	1227137	1327137	100001	100001	1.0	True	32394	0.025	0.9999956711552227
fDM	AW_QTL_chr3_2	AW	3	1836932	2121432	284501	284501	1.0	True	31869	0.025	0.9999840097276074
fDM	AW_QTL_chr3_3	AW	3	15887471	16028680	141210	141210	1.0	True	32286	0.025	0.9999889276539445
fDM	AW_QTL_chr5_1	AW	5	14922061	15204251	282191	282191	1.0	True	39206	0.025	0.9999952539776132
fDM	AW_QTL_chr5_2	AW	5	15927692	16027692	100001	100001	1.0	True	39491	0.025	1.0
fDM	AW_QTL_chr5_3	AW	5	17076926	17177121	100196	100196	1.0	True	39491	0.025	1.0
fDM	AW_QTL_chr5_4	AW	5	23346611	23446611	100001	100001	1.0	True	39491	0.025	1.0
fDM	AW_QTL_chr6_1	AW	6	2736868	2836868	100001	100001	1.0	True	28869	0.025	0.9999975143135402
fDM	AW_QTL_chr6_2	AW	6	3617216	3720862	103647	103647	1.0	True	28865	0.025	0.9999993893248479
fDM	AW_QTL_chr6_3	AW	6	5668717	5768717	100001	100001	1.0	True	28869	0.025	0.9999975143135402
fDM	AW_QTL_chr6_4	AW	6	9673730	9928702	254973	254973	1.0	True	28623	0.025	0.9999943182411262
fDM	AW_QTL_chr6_5	AW	6	12661080	12836811	175732	175732	1.0	True	28775	0.025	0.9999818960563577
fDM	AW_QTL_chr7_1	AW	7	1012891	1112891	100001	100001	1.0	True	32202	0.025	0.9999957319847955
fDM	AW_QTL_chr7_2	AW	7	4143923	4243923	100001	100001	1.0	True	32202	0.025	0.9999957319847955
fDM	AW_QTL_chr7_3	AW	7	5634836	5797742	162907	162907	1.0	True	32123	0.025	0.9999974577023708
fDM	AW_QTL_chr7_4	AW	7	5910537	6010537	100001	100001	1.0	True	32202	0.025	0.9999957319847955
fDM	AW_QTL_chr7_5	AW	7	7321415	7536388	214974	214974	1.0	True	32083	0.025	0.9999974976115892
fDM	AW_QTL_chr7_6	AW	7	8519872	8619872	100001	100001	1.0	True	32202	0.025	0.9999957319847955
fDM	AW_QTL_chr7_7	AW	7	8914112	9014112	100001	100001	1.0	True	32202	0.025	0.9999957319847955
fDM	AW_QTL_chr7_8	AW	7	9925209	10025209	100001	100001	1.0	True	32202	0.025	0.9999957319847955
fDM	AW_QTL_chr8_1	AW	8	7618433	7718433	100001	100001	1.0	True	15719	0.025	0.9999966995685982
fDM	AW_QTL_chr8_2	AW	8	8074762	8174762	100001	100001	1.0	True	15719	0.025	0.9999966995685982
fDM	AW_QTL_chr8_3	AW	8	17099209	17199236	100028	100028	1.0	True	15719	0.025	0.999996675019677
fDM	AW_QTL_chr9_1	AW	9	8044622	8144622	100001	100001	1.0	True	25751	0.025	0.9999941230054517
fDM	AW_QTL_chr9_2	AW	9	10260634	10360634	100001	100001	1.0	True	25751	0.025	0.9999941230054517
fDM	AW_QTL_chr9_3	AW	9	13998828	14098828	100001	100001	1.0	True	25751	0.025	0.9999941230054517
fDM	DELR2_i_QTL_chr1_1	DELR2	1	44917507	45017507	100001	100001	1.0	True	52302	0.025	1.0
fDM	DELR2_i_QTL_chr4_1	DELR2	4	1201429	1301429	100001	100001	1.0	True	11414	0.025	0.9999950158199488
fDM	DELR2_i_QTL_chr4_2	DELR2	4	4684372	4804770	120399	120399	1.0	True	11380	0.025	0.9999944983749186
fDM	DELR2_i_QTL_chr4_3	DELR2	4	9535759	9642953	107195	107195	1.0	True	11404	0.025	0.9999976015413877
fDM	DELR4_i_QTL_chr1_1	DELR4	1	43992608	44092608	100001	100001	1.0	True	52302	0.025	1.0
fDM	DELR4_i_QTL_chr2_1	DELR4	2	2137553	2237553	100001	100001	1.0	True	45388	0.025	0.9999986822639925
fDM	DELR4_i_QTL_chr3_1	DELR4	3	59418	159418	100001	100001	1.0	True	32394	0.025	0.9999956711552227
fDM	DELR4_i_QTL_chr4_1	DELR4	4	3371867	3471867	100001	100001	1.0	True	11414	0.025	0.9999950158199488
fDM	DELR4_i_QTL_chr7_1	DELR4	7	10425043	10526129	101087	101087	1.0	True	32201	0.025	0.9999949832608758
fDM	DELR4_i_QTL_chr9_1	DELR4	9	13658519	13758519	100001	100001	1.0	True	25751	0.025	0.9999941230054517
fDM	DELR5_i_QTL_chr2_1	DELR5	2	549778	652002	102225	102225	1.0	True	45385	0.025	0.9999988140916497
fDM	DELR5_i_QTL_chr2_2	DELR5	2	21827685	21927685	100001	100001	1.0	True	45388	0.025	0.9999986822639925
fDM	DELR5_i_QTL_chr2_3	DELR5	2	26733677	26833677	100001	100001	1.0	True	45388	0.025	0.9999986822639925
fDM	DELR5_i_QTL_chr3_1	DELR5	3	10412960	10512960	100001	100001	1.0	True	32394	0.025	0.9999956711552227
fDM	DELR5_i_QTL_chr3_2	DELR5	3	30301719	30401719	100001	100001	1.0	True	32394	0.025	0.9999956711552227
fDM	DELR5_i_QTL_chr4_1	DELR5	4	18736739	18948064	211326	211326	1.0	True	11198	0.025	0.9999906669482928
fDM	DELR5_i_QTL_chr7_1	DELR5	7	15738421	15838421	100001	100001	1.0	True	32202	0.025	0.9999957319847955
fDM	DELR5_i_QTL_chr8_1	DELR5	8	4457795	4557795	100001	100001	1.0	True	15719	0.025	0.9999966995685982
fDM	DTEP_cat_QTL_chr1_1	DTEP categorical	1	4479132	4579132	100001	100001	1.0	True	52302	0.025	1.0
fDM	DTEP_cat_QTL_chr1_2	DTEP categorical	1	7505112	7606439	101328	101328	1.0	True	52300	0.025	1.0
fDM	DTEP_cat_QTL_chr1_3	DTEP categorical	1	9255034	9393751	138718	138718	1.0	True	52230	0.025	1.0
fDM	DTEP_cat_QTL_chr1_4	DTEP categorical	1	9577894	9765491	187598	187598	1.0	True	52125	0.025	1.0
fDM	DTEP_cat_QTL_chr1_5	DTEP categorical	1	13016656	13123424	106769	106769	1.0	True	52290	0.025	1.0
fDM	DTEP_cat_QTL_chr1_6	DTEP categorical	1	13352668	13452668	100001	100001	1.0	True	52302	0.025	1.0
fDM	DTEP_cat_QTL_chr1_7	DTEP categorical	1	31693682	31793682	100001	100001	1.0	True	52302	0.025	1.0
fDM	DTEP_cat_QTL_chr1_8	DTEP categorical	1	33800832	33900832	100001	100001	1.0	True	52302	0.025	1.0
fDM	DTEP_cat_QTL_chr1_9	DTEP categorical	1	38384363	38484363	100001	100001	1.0	True	52302	0.025	1.0
fDM	DTEP_cat_QTL_chr1_10	DTEP categorical	1	39125933	39226068	100136	100136	1.0	True	52302	0.025	1.0
fDM	DTEP_cat_QTL_chr1_11	DTEP categorical	1	41497786	41597786	100001	100001	1.0	True	52302	0.025	1.0
fDM	DTEP_cat_QTL_chr10_1	DTEP categorical	10	7645409	7745409	100001	100001	1.0	True	102	1.0	0.30533606428641596
fDM	DTEP_cat_QTL_chr10_2	DTEP categorical	10	10514953	10614953	100001	100001	1.0	True	102	1.0	0.30533606428641596
fDM	DTEP_cat_QTL_chr2_1	DTEP categorical	2	3774853	3874853	100001	100001	1.0	True	45388	0.025	0.9999986822639925
fDM	DTEP_cat_QTL_chr2_2	DTEP categorical	2	5334959	5536570	201612	201612	1.0	True	45162	0.025	0.9999930957044215
fDM	DTEP_cat_QTL_chr2_3	DTEP categorical	2	8984709	9084709	100001	100001	1.0	True	45388	0.025	0.9999986822639925
fDM	DTEP_cat_QTL_chr2_4	DTEP categorical	2	9397056	9497056	100001	100001	1.0	True	45388	0.025	0.9999986822639925
fDM	DTEP_cat_QTL_chr2_5	DTEP categorical	2	10892218	10992218	100001	100001	1.0	True	45388	0.025	0.9999986822639925
fDM	DTEP_cat_QTL_chr2_6	DTEP categorical	2	13413245	13513245	100001	100001	1.0	True	45388	0.025	0.9999986822639925
fDM	DTEP_cat_QTL_chr2_7	DTEP categorical	2	15826471	16114217	287747	287747	1.0	True	44942	0.025	0.9999942774183934
fDM	DTEP_cat_QTL_chr2_8	DTEP categorical	2	16354757	16578775	224019	224019	1.0	True	45105	0.025	0.9999931321841976
fDM	DTEP_cat_QTL_chr2_9	DTEP categorical	2	20006954	20109936	102983	102983	1.0	True	45385	0.025	0.999998035680588
fDM	DTEP_cat_QTL_chr2_10	DTEP categorical	2	20220626	20320626	100001	100001	1.0	True	45388	0.025	0.9999986822639925
fDM	DTEP_cat_QTL_chr2_11	DTEP categorical	2	22367524	22481853	114330	114330	1.0	True	45370	0.025	0.9999962580622997
fDM	DTEP_cat_QTL_chr2_12	DTEP categorical	2	22642523	22742523	100001	100001	1.0	True	45388	0.025	0.9999986822639925
fDM	DTEP_cat_QTL_chr2_13	DTEP categorical	2	23674854	23920667	245814	245814	1.0	True	45035	0.025	0.9999935117899668
fDM	DTEP_cat_QTL_chr2_14	DTEP categorical	2	24549354	24649354	100001	100001	1.0	True	45388	0.025	0.9999986822639925
fDM	DTEP_cat_QTL_chr3_1	DTEP categorical	3	8531584	8662918	131335	131335	1.0	True	32324	0.025	0.9999898331615713
fDM	DTEP_cat_QTL_chr3_2	DTEP categorical	3	8982791	9154370	171580	171580	1.0	True	32205	0.025	0.9999897910393405
fDM	DTEP_cat_QTL_chr3_3	DTEP categorical	3	9526410	9626410	100001	100001	1.0	True	32394	0.025	0.9999956711552227
fDM	DTEP_cat_QTL_chr3_4	DTEP categorical	3	12517046	12777857	260812	260812	1.0	True	31917	0.025	0.9999895982101495
fDM	DTEP_cat_QTL_chr3_5	DTEP categorical	3	14664454	14764454	100001	100001	1.0	True	32394	0.025	0.9999956711552227
fDM	DTEP_cat_QTL_chr3_6	DTEP categorical	3	23608243	23708243	100001	100001	1.0	True	32394	0.025	0.9999956711552227
fDM	DTEP_cat_QTL_chr4_1	DTEP categorical	4	2931310	3031310	100001	100001	1.0	True	11414	0.025	0.9999950158199488
fDM	DTEP_cat_QTL_chr4_2	DTEP categorical	4	4557474	4657474	100001	100001	1.0	True	11414	0.025	0.9999950158199488
fDM	DTEP_cat_QTL_chr4_3	DTEP categorical	4	19159088	19293120	134033	134033	1.0	True	11363	0.025	0.9999983440762416
fDM	DTEP_cat_QTL_chr5_1	DTEP categorical	5	552465	652465	100001	100001	1.0	True	39491	0.025	1.0
fDM	DTEP_cat_QTL_chr5_2	DTEP categorical	5	1949599	2049599	100001	100001	1.0	True	39491	0.025	1.0
fDM	DTEP_cat_QTL_chr5_3	DTEP categorical	5	5021365	5121365	100001	100001	1.0	True	39491	0.025	1.0
fDM	DTEP_cat_QTL_chr5_4	DTEP categorical	5	9173256	9273256	100001	100001	1.0	True	39491	0.025	1.0
fDM	DTEP_cat_QTL_chr5_5	DTEP categorical	5	9462097	9562097	100001	100001	1.0	True	39491	0.025	1.0
fDM	DTEP_cat_QTL_chr5_6	DTEP categorical	5	9811791	9911791	100001	100001	1.0	True	39491	0.025	1.0
fDM	DTEP_cat_QTL_chr5_7	DTEP categorical	5	10299800	10399800	100001	100001	1.0	True	39491	0.025	1.0
fDM	DTEP_cat_QTL_chr5_8	DTEP categorical	5	13491179	13591179	100001	100001	1.0	True	39491	0.025	1.0
fDM	DTEP_cat_QTL_chr5_9	DTEP categorical	5	13685624	13813106	127483	127483	1.0	True	39458	0.025	0.9999966037299188
fDM	DTEP_cat_QTL_chr5_10	DTEP categorical	5	14446749	14546749	100001	100001	1.0	True	39491	0.025	1.0
fDM	DTEP_cat_QTL_chr5_11	DTEP categorical	5	20427788	20527788	100001	100001	1.0	True	39491	0.025	1.0
fDM	DTEP_cat_QTL_chr5_12	DTEP categorical	5	24697367	24802606	105240	105240	1.0	True	39487	0.025	1.0
fDM	DTEP_cat_QTL_chr6_1	DTEP categorical	6	1676644	1776644	100001	100001	1.0	True	28869	0.025	0.9999975143135402
fDM	DTEP_cat_QTL_chr6_2	DTEP categorical	6	2738124	2840093	101970	101970	1.0	True	28866	0.025	0.9999988989171344
fDM	DTEP_cat_QTL_chr6_3	DTEP categorical	6	3439181	3539181	100001	100001	1.0	True	28869	0.025	0.9999975143135402
fDM	DTEP_cat_QTL_chr6_4	DTEP categorical	6	5776556	5876556	100001	100001	1.0	True	28869	0.025	0.9999975143135402
fDM	DTEP_cat_QTL_chr6_5	DTEP categorical	6	9540323	9640323	100001	100001	1.0	True	28869	0.025	0.9999975143135402
fDM	DTEP_cat_QTL_chr6_6	DTEP categorical	6	9946776	10046776	100001	100001	1.0	True	28869	0.025	0.9999975143135402
fDM	DTEP_cat_QTL_chr6_7	DTEP categorical	6	10674562	10774562	100001	100001	1.0	True	28869	0.025	0.9999975143135402
fDM	DTEP_cat_QTL_chr6_8	DTEP categorical	6	12309065	12409065	100001	100001	1.0	True	28869	0.025	0.9999975143135402
fDM	DTEP_cat_QTL_chr6_9	DTEP categorical	6	14381304	14481304	100001	100001	1.0	True	28869	0.025	0.9999975143135402
fDM	DTEP_cat_QTL_chr6_10	DTEP categorical	6	20207769	20307769	100001	100001	1.0	True	28869	0.025	0.9999975143135402
fDM	DTEP_cat_QTL_chr7_1	DTEP categorical	7	432546	532546	100001	100001	1.0	True	32202	0.025	0.9999957319847955
fDM	DTEP_cat_QTL_chr7_2	DTEP categorical	7	1669390	1829821	160432	160432	1.0	True	32125	0.025	0.9999973922549195
fDM	DTEP_cat_QTL_chr7_3	DTEP categorical	7	1945706	2045706	100001	100001	1.0	True	32202	0.025	0.9999957319847955
fDM	DTEP_cat_QTL_chr7_4	DTEP categorical	7	4292288	4392288	100001	100001	1.0	True	32202	0.025	0.9999957319847955
fDM	DTEP_cat_QTL_chr7_5	DTEP categorical	7	4974136	5074136	100001	100001	1.0	True	32202	0.025	0.9999957319847955
fDM	DTEP_cat_QTL_chr7_6	DTEP categorical	7	5641927	5741927	100001	100001	1.0	True	32202	0.025	0.9999957319847955
fDM	DTEP_cat_QTL_chr7_7	DTEP categorical	7	6278373	6378373	100001	100001	1.0	True	32202	0.025	0.9999957319847955
fDM	DTEP_cat_QTL_chr7_8	DTEP categorical	7	6378643	6478643	100001	100001	1.0	True	32202	0.025	0.9999957319847955
fDM	DTEP_cat_QTL_chr7_9	DTEP categorical	7	7655403	7755403	100001	100001	1.0	True	32202	0.025	0.9999957319847955
fDM	DTEP_cat_QTL_chr7_10	DTEP categorical	7	8523877	8623877	100001	100001	1.0	True	32202	0.025	0.9999957319847955
fDM	DTEP_cat_QTL_chr7_11	DTEP categorical	7	10126097	10226097	100001	100001	1.0	True	32202	0.025	0.9999957319847955
fDM	DTEP_cat_QTL_chr7_12	DTEP categorical	7	10352105	10535283	183179	183179	1.0	True	32116	0.025	0.9999923985761301
fDM	DTEP_cat_QTL_chr7_13	DTEP categorical	7	10708921	10819540	110620	110620	1.0	True	32184	0.025	0.9999957213006769
fDM	DTEP_cat_QTL_chr7_14	DTEP categorical	7	11035682	11135682	100001	100001	1.0	True	32202	0.025	0.9999957319847955
fDM	DTEP_cat_QTL_chr7_15	DTEP categorical	7	12004108	12104108	100001	100001	1.0	True	32202	0.025	0.9999957319847955
fDM	DTEP_cat_QTL_chr7_16	DTEP categorical	7	15415218	15515218	100001	100001	1.0	True	32202	0.025	0.9999957319847955
fDM	DTEP_cat_QTL_chr7_17	DTEP categorical	7	16849951	16949951	100001	100001	1.0	True	32202	0.025	0.9999957319847955
fDM	DTEP_cat_QTL_chr7_18	DTEP categorical	7	16993997	17093997	100001	100001	1.0	True	32202	0.025	0.9999957319847955
fDM	DTEP_cat_QTL_chr7_19	DTEP categorical	7	18456524	18556524	100001	100001	1.0	True	32202	0.025	0.9999957319847955
fDM	DTEP_cat_QTL_chr8_1	DTEP categorical	8	373927	473927	100001	100001	1.0	True	15719	0.025	0.9999966995685982
fDM	DTEP_cat_QTL_chr8_2	DTEP categorical	8	2118844	2218844	100001	100001	1.0	True	15719	0.025	0.9999966995685982
fDM	DTEP_cat_QTL_chr8_3	DTEP categorical	8	4194813	4294813	100001	100001	1.0	True	15719	0.025	0.9999966995685982
fDM	DTEP_cat_QTL_chr8_4	DTEP categorical	8	6039461	6139461	100001	100001	1.0	True	15719	0.025	0.9999966995685982
fDM	DTEP_cat_QTL_chr8_5	DTEP categorical	8	6200874	6300874	100001	100001	1.0	True	15719	0.025	0.9999966995685982
fDM	DTEP_cat_QTL_chr8_6	DTEP categorical	8	15143724	15299929	156206	156206	1.0	True	15520	0.025	0.9999734923292544
fDM	DTEP_cat_QTL_chr9_1	DTEP categorical	9	3690823	3795256	104434	104434	1.0	True	25746	0.025	0.999992309831597
fDM	DTEP_cat_QTL_chr9_2	DTEP categorical	9	6677338	6777338	100001	100001	1.0	True	25751	0.025	0.9999941230054517
fDM	DTEP_cat_QTL_chr9_3	DTEP categorical	9	7120713	7220713	100001	100001	1.0	True	25751	0.025	0.9999941230054517
fDM	DTEP_cat_QTL_chr9_4	DTEP categorical	9	10781297	10881297	100001	100001	1.0	True	25751	0.025	0.9999941230054517
fDM	DTEP_cat_QTL_chr9_5	DTEP categorical	9	18688615	18788699	100085	100085	1.0	True	25751	0.025	0.9999940301607677
fDM	EHR_i_QTL_chr1_1	EHR	1	1138680	1238680	100001	100001	1.0	True	52302	0.025	1.0
fDM	EHR_i_QTL_chr1_2	EHR	1	1373347	1473347	100001	100001	1.0	True	52302	0.025	1.0
fDM	EHR_i_QTL_chr1_3	EHR	1	43993406	44103762	110357	110357	1.0	True	52285	0.025	1.0
fDM	EHR_i_QTL_chr1_4	EHR	1	45535355	45635355	100001	100001	1.0	True	52302	0.025	1.0
fDM	EHR_i_QTL_chr2_1	EHR	2	4654718	4754718	100001	100001	1.0	True	45388	0.025	0.9999986822639925
fDM	EHR_i_QTL_chr2_2	EHR	2	5649433	5749433	100001	100001	1.0	True	45388	0.025	0.9999986822639925
fDM	EHR_i_QTL_chr2_3	EHR	2	10012432	10112432	100001	100001	1.0	True	45388	0.025	0.9999986822639925
fDM	EHR_i_QTL_chr3_1	EHR	3	883565	983565	100001	100001	1.0	True	32394	0.025	0.9999956711552227
fDM	EHR_i_QTL_chr3_2	EHR	3	3703174	3803174	100001	100001	1.0	True	32394	0.025	0.9999956711552227
fDM	EHR_i_QTL_chr3_3	EHR	3	26914139	27014139	100001	100001	1.0	True	32394	0.025	0.9999956711552227
fDM	EHR_i_QTL_chr3_4	EHR	3	28615402	28715402	100001	100001	1.0	True	32394	0.025	0.9999956711552227
fDM	EHR_i_QTL_chr3_5	EHR	3	29804360	29904360	100001	100001	1.0	True	32394	0.025	0.9999956711552227
fDM	EHR_i_QTL_chr5_1	EHR	5	8892119	8992119	100001	100001	1.0	True	39491	0.025	1.0
fDM	EHR_i_QTL_chr5_2	EHR	5	14394385	14551299	156915	156915	1.0	True	39424	0.025	0.9999965722185081
fDM	EHR_i_QTL_chr5_3	EHR	5	15989560	16090575	101016	101016	1.0	True	39490	0.025	1.0
fDM	EHR_i_QTL_chr5_4	EHR	5	16386452	16486452	100001	100001	1.0	True	39491	0.025	1.0
fDM	EHR_i_QTL_chr5_5	EHR	5	16949508	17300826	351319	351319	1.0	True	39013	0.025	0.9999877306362147
fDM	EHR_i_QTL_chr5_6	EHR	5	18093401	18193401	100001	100001	1.0	True	39491	0.025	1.0
fDM	EHR_i_QTL_chr5_7	EHR	5	19509693	19612980	103288	103288	1.0	True	39490	0.025	1.0
fDM	EHR_i_QTL_chr5_8	EHR	5	20926908	21030587	103680	103680	1.0	True	39489	0.025	1.0
fDM	EHR_i_QTL_chr5_9	EHR	5	21563301	21867062	303762	303762	1.0	True	39168	0.025	0.9999921678468723
fDM	EHR_i_QTL_chr5_10	EHR	5	22700206	22806536	106331	106331	1.0	True	39484	0.025	1.0
fDM	EHR_i_QTL_chr5_11	EHR	5	22931638	23103651	172014	172014	1.0	True	39403	0.025	0.9999955437312154
fDM	EHR_i_QTL_chr5_12	EHR	5	23130582	23697840	567259	567259	1.0	True	38787	0.025	0.9999891398502284
fDM	EHR_i_QTL_chr6_1	EHR	6	2645284	2745284	100001	100001	1.0	True	28869	0.025	0.9999975143135402
fDM	EHR_i_QTL_chr7_1	EHR	7	9111374	9211406	100033	100033	1.0	True	32202	0.025	0.9999956836801461
fDM	EHR_i_QTL_chr8_1	EHR	8	15451993	15552807	100815	100815	1.0	True	15718	0.025	0.9999975880503152
fDM	EHR_i_QTL_chr8_2	EHR	8	15872897	15972897	100001	100001	1.0	True	15719	0.025	0.9999966995685982
fDM	EHR_i_QTL_chr8_3	EHR	8	15998055	16102095	104041	104041	1.0	True	15716	0.025	0.9999944578596478
fDM	EHR_i_QTL_chr8_4	EHR	8	16624548	16750160	125613	125613	1.0	True	15642	0.025	0.9999740502851474
fDM	EHR_i_QTL_chr8_5	EHR	8	16835331	16936237	100907	100907	1.0	True	15718	0.025	0.999997474238344
fDM	EHR_i_QTL_chr8_6	EHR	8	17795101	17997197	202097	202097	1.0	True	15297	0.025	0.9999724426292979
fDM	EHR_i_QTL_chr8_7	EHR	8	18532823	18632823	100001	100001	1.0	True	15719	0.025	0.9999966995685982
fDM	EHR_i_QTL_chr8_8	EHR	8	18671483	18771483	100001	100001	1.0	True	15719	0.025	0.9999966995685982
fDM	EHR_i_QTL_chr9_1	EHR	9	16361453	16461453	100001	100001	1.0	True	25751	0.025	0.9999941230054517
fDM	IMM21_QTL_chr1_1	IMM21	1	31522674	31623827	101154	101154	1.0	True	52300	0.025	1.0
fDM	IMM21_QTL_chr1_2	IMM21	1	38384363	38484363	100001	100001	1.0	True	52302	0.025	1.0
fDM	IMM21_QTL_chr1_3	IMM21	1	41497786	41597786	100001	100001	1.0	True	52302	0.025	1.0
fDM	IMM21_QTL_chr10_1	IMM21	10	7645409	7745409	100001	100001	1.0	True	102	1.0	0.30533606428641596
fDM	IMM21_QTL_chr10_2	IMM21	10	10514953	10614953	100001	100001	1.0	True	102	1.0	0.30533606428641596
fDM	IMM21_QTL_chr2_1	IMM21	2	9397056	9497056	100001	100001	1.0	True	45388	0.025	0.9999986822639925
fDM	IMM21_QTL_chr2_2	IMM21	2	10892218	10992218	100001	100001	1.0	True	45388	0.025	0.9999986822639925
fDM	IMM21_QTL_chr5_1	IMM21	5	9462097	9562097	100001	100001	1.0	True	39491	0.025	1.0
fDM	IMM21_QTL_chr7_1	IMM21	7	7655403	7755403	100001	100001	1.0	True	32202	0.025	0.9999957319847955
fDM	IMM21_QTL_chr7_2	IMM21	7	10126097	10226097	100001	100001	1.0	True	32202	0.025	0.9999957319847955
fDM	IMM21_QTL_chr7_3	IMM21	7	18456524	18556524	100001	100001	1.0	True	32202	0.025	0.9999957319847955
fDM	IMM21_QTL_chr9_1	IMM21	9	10781297	10881297	100001	100001	1.0	True	25751	0.025	0.9999941230054517
fDM	IMM21_QTL_chr9_2	IMM21	9	11778551	11878551	100001	100001	1.0	True	25751	0.025	0.9999941230054517
fDM	IMM21_QTL_chr9_3	IMM21	9	14019217	14119217	100001	100001	1.0	True	25751	0.025	0.9999941230054517
fDM	IMM21_QTL_chr9_4	IMM21	9	18170242	18270242	100001	100001	1.0	True	25751	0.025	0.9999941230054517
fDM	IMM35_QTL_chr1_1	IMM35	1	4479132	4579132	100001	100001	1.0	True	52302	0.025	1.0
fDM	IMM35_QTL_chr1_2	IMM35	1	31693682	31793682	100001	100001	1.0	True	52302	0.025	1.0
fDM	IMM35_QTL_chr1_3	IMM35	1	38384363	38484363	100001	100001	1.0	True	52302	0.025	1.0
fDM	IMM35_QTL_chr1_4	IMM35	1	41497786	41597786	100001	100001	1.0	True	52302	0.025	1.0
fDM	IMM35_QTL_chr10_1	IMM35	10	7645409	7745409	100001	100001	1.0	True	102	1.0	0.30533606428641596
fDM	IMM35_QTL_chr10_2	IMM35	10	10514953	10614953	100001	100001	1.0	True	102	1.0	0.30533606428641596
fDM	IMM35_QTL_chr2_1	IMM35	2	9397056	9497056	100001	100001	1.0	True	45388	0.025	0.9999986822639925
fDM	IMM35_QTL_chr2_2	IMM35	2	10892218	10992218	100001	100001	1.0	True	45388	0.025	0.9999986822639925
fDM	IMM35_QTL_chr2_3	IMM35	2	24549354	24649354	100001	100001	1.0	True	45388	0.025	0.9999986822639925
fDM	IMM35_QTL_chr3_1	IMM35	3	9526410	9626410	100001	100001	1.0	True	32394	0.025	0.9999956711552227
fDM	IMM35_QTL_chr3_2	IMM35	3	23608243	23708243	100001	100001	1.0	True	32394	0.025	0.9999956711552227
fDM	IMM35_QTL_chr5_1	IMM35	5	552465	652465	100001	100001	1.0	True	39491	0.025	1.0
fDM	IMM35_QTL_chr5_2	IMM35	5	9462097	9562097	100001	100001	1.0	True	39491	0.025	1.0
fDM	IMM35_QTL_chr5_3	IMM35	5	9811791	9911791	100001	100001	1.0	True	39491	0.025	1.0
fDM	IMM35_QTL_chr5_4	IMM35	5	13491179	13591179	100001	100001	1.0	True	39491	0.025	1.0
fDM	IMM35_QTL_chr5_5	IMM35	5	14446749	14546749	100001	100001	1.0	True	39491	0.025	1.0
fDM	IMM35_QTL_chr5_6	IMM35	5	19358324	19472447	114124	114124	1.0	True	39469	0.025	0.9999998055217679
fDM	IMM35_QTL_chr6_1	IMM35	6	3439181	3539181	100001	100001	1.0	True	28869	0.025	0.9999975143135402
fDM	IMM35_QTL_chr6_2	IMM35	6	9946776	10046776	100001	100001	1.0	True	28869	0.025	0.9999975143135402
fDM	IMM35_QTL_chr7_1	IMM35	7	1945706	2045706	100001	100001	1.0	True	32202	0.025	0.9999957319847955
fDM	IMM35_QTL_chr7_2	IMM35	7	4292288	4392288	100001	100001	1.0	True	32202	0.025	0.9999957319847955
fDM	IMM35_QTL_chr7_3	IMM35	7	5641927	5741927	100001	100001	1.0	True	32202	0.025	0.9999957319847955
fDM	IMM35_QTL_chr7_4	IMM35	7	7655403	7755403	100001	100001	1.0	True	32202	0.025	0.9999957319847955
fDM	IMM35_QTL_chr7_5	IMM35	7	10126097	10226097	100001	100001	1.0	True	32202	0.025	0.9999957319847955
fDM	IMM35_QTL_chr7_6	IMM35	7	15415218	15515218	100001	100001	1.0	True	32202	0.025	0.9999957319847955
fDM	IMM35_QTL_chr7_7	IMM35	7	18456524	18556524	100001	100001	1.0	True	32202	0.025	0.9999957319847955
fDM	IMM35_QTL_chr8_1	IMM35	8	6200874	6300874	100001	100001	1.0	True	15719	0.025	0.9999966995685982
fDM	IMM35_QTL_chr9_1	IMM35	9	3690986	3790986	100001	100001	1.0	True	25751	0.025	0.9999941230054517
fDM	IMM35_QTL_chr9_2	IMM35	9	10781297	10881297	100001	100001	1.0	True	25751	0.025	0.9999941230054517
fDM	IMM49_QTL_chr1_1	IMM49	1	31693682	31793682	100001	100001	1.0	True	52302	0.025	1.0
fDM	IMM49_QTL_chr1_2	IMM49	1	38384363	38484363	100001	100001	1.0	True	52302	0.025	1.0
fDM	IMM49_QTL_chr1_3	IMM49	1	41497786	41597786	100001	100001	1.0	True	52302	0.025	1.0
fDM	IMM49_QTL_chr10_1	IMM49	10	7645409	7745409	100001	100001	1.0	True	102	1.0	0.30533606428641596
fDM	IMM49_QTL_chr10_2	IMM49	10	10514953	10614953	100001	100001	1.0	True	102	1.0	0.30533606428641596
fDM	IMM49_QTL_chr2_1	IMM49	2	9397056	9497056	100001	100001	1.0	True	45388	0.025	0.9999986822639925
fDM	IMM49_QTL_chr2_2	IMM49	2	10892218	10992218	100001	100001	1.0	True	45388	0.025	0.9999986822639925
fDM	IMM49_QTL_chr2_3	IMM49	2	24549354	24649354	100001	100001	1.0	True	45388	0.025	0.9999986822639925
fDM	IMM49_QTL_chr3_1	IMM49	3	23608243	23708243	100001	100001	1.0	True	32394	0.025	0.9999956711552227
fDM	IMM49_QTL_chr5_1	IMM49	5	552465	652465	100001	100001	1.0	True	39491	0.025	1.0
fDM	IMM49_QTL_chr5_2	IMM49	5	9462097	9562097	100001	100001	1.0	True	39491	0.025	1.0
fDM	IMM49_QTL_chr5_3	IMM49	5	9811791	9911791	100001	100001	1.0	True	39491	0.025	1.0
fDM	IMM49_QTL_chr5_4	IMM49	5	13491179	13591179	100001	100001	1.0	True	39491	0.025	1.0
fDM	IMM49_QTL_chr5_5	IMM49	5	14446749	14546749	100001	100001	1.0	True	39491	0.025	1.0
fDM	IMM49_QTL_chr5_6	IMM49	5	19354685	19472447	117763	117763	1.0	True	39469	0.025	0.9999993962979052
fDM	IMM49_QTL_chr6_1	IMM49	6	9946776	10046776	100001	100001	1.0	True	28869	0.025	0.9999975143135402
fDM	IMM49_QTL_chr7_1	IMM49	7	1945706	2045706	100001	100001	1.0	True	32202	0.025	0.9999957319847955
fDM	IMM49_QTL_chr7_2	IMM49	7	4292288	4392288	100001	100001	1.0	True	32202	0.025	0.9999957319847955
fDM	IMM49_QTL_chr7_3	IMM49	7	5641927	5741927	100001	100001	1.0	True	32202	0.025	0.9999957319847955
fDM	IMM49_QTL_chr7_4	IMM49	7	7655403	7755403	100001	100001	1.0	True	32202	0.025	0.9999957319847955
fDM	IMM49_QTL_chr7_5	IMM49	7	8396349	8496349	100001	100001	1.0	True	32202	0.025	0.9999957319847955
fDM	IMM49_QTL_chr7_6	IMM49	7	10126097	10226097	100001	100001	1.0	True	32202	0.025	0.9999957319847955
fDM	IMM49_QTL_chr7_7	IMM49	7	18456524	18556524	100001	100001	1.0	True	32202	0.025	0.9999957319847955
fDM	IMM49_QTL_chr9_1	IMM49	9	3690986	3790986	100001	100001	1.0	True	25751	0.025	0.9999941230054517
fDM	IMM56_QTL_chr1_1	IMM56	1	4479132	4579132	100001	100001	1.0	True	52302	0.025	1.0
fDM	IMM56_QTL_chr1_2	IMM56	1	38384363	38484363	100001	100001	1.0	True	52302	0.025	1.0
fDM	IMM56_QTL_chr10_1	IMM56	10	7645409	7745409	100001	100001	1.0	True	102	1.0	0.30533606428641596
fDM	IMM56_QTL_chr10_2	IMM56	10	10514953	10614953	100001	100001	1.0	True	102	1.0	0.30533606428641596
fDM	IMM56_QTL_chr2_1	IMM56	2	9397056	9497056	100001	100001	1.0	True	45388	0.025	0.9999986822639925
fDM	IMM56_QTL_chr2_2	IMM56	2	10892218	10992218	100001	100001	1.0	True	45388	0.025	0.9999986822639925
fDM	IMM56_QTL_chr2_3	IMM56	2	24549354	24649354	100001	100001	1.0	True	45388	0.025	0.9999986822639925
fDM	IMM56_QTL_chr3_1	IMM56	3	23608243	23708243	100001	100001	1.0	True	32394	0.025	0.9999956711552227
fDM	IMM56_QTL_chr5_1	IMM56	5	552465	652465	100001	100001	1.0	True	39491	0.025	1.0
fDM	IMM56_QTL_chr5_2	IMM56	5	9462097	9562097	100001	100001	1.0	True	39491	0.025	1.0
fDM	IMM56_QTL_chr5_3	IMM56	5	9811791	9911791	100001	100001	1.0	True	39491	0.025	1.0
fDM	IMM56_QTL_chr5_4	IMM56	5	14446749	14546749	100001	100001	1.0	True	39491	0.025	1.0
fDM	IMM56_QTL_chr5_5	IMM56	5	15432625	15532625	100001	100001	1.0	True	39491	0.025	1.0
fDM	IMM56_QTL_chr7_1	IMM56	7	4292288	4392288	100001	100001	1.0	True	32202	0.025	0.9999957319847955
fDM	IMM56_QTL_chr7_2	IMM56	7	5641927	5741927	100001	100001	1.0	True	32202	0.025	0.9999957319847955
fDM	IMM56_QTL_chr7_3	IMM56	7	7655403	7755403	100001	100001	1.0	True	32202	0.025	0.9999957319847955
fDM	IMM56_QTL_chr7_4	IMM56	7	10126097	10226097	100001	100001	1.0	True	32202	0.025	0.9999957319847955
fDM	IMM56_QTL_chr7_5	IMM56	7	18456524	18556524	100001	100001	1.0	True	32202	0.025	0.9999957319847955
fDM	IMM63_QTL_chr10_1	IMM63	10	7645409	7745409	100001	100001	1.0	True	102	1.0	0.30533606428641596
fDM	IMM63_QTL_chr10_2	IMM63	10	10514953	10614953	100001	100001	1.0	True	102	1.0	0.30533606428641596
fDM	IMM63_QTL_chr7_1	IMM63	7	10126097	10226097	100001	100001	1.0	True	32202	0.025	0.9999957319847955
fDM	IMM63_QTL_chr7_2	IMM63	7	11190755	11290766	100012	100012	1.0	True	32202	0.025	0.9999957169290979
fDM	IMM63_QTL_chr8_1	IMM63	8	7367262	7485778	118517	118517	1.0	True	15678	0.025	0.9999829466457405
fDM	PW_QTL_chr1_1	PW	1	5485083	5585083	100001	100001	1.0	True	52302	0.025	1.0
fDM	PW_QTL_chr1_2	PW	1	32289888	32391003	101116	101116	1.0	True	52300	0.025	1.0
fDM	PW_QTL_chr1_3	PW	1	43402100	43502100	100001	100001	1.0	True	52302	0.025	1.0
fDM	PW_QTL_chr2_1	PW	2	2123520	2241791	118272	118272	1.0	True	45362	0.025	0.99999638326132
fDM	PW_QTL_chr3_1	PW	3	509800	609800	100001	100001	1.0	True	32394	0.025	0.9999956711552227
fDM	PW_QTL_chr3_2	PW	3	4443460	4543460	100001	100001	1.0	True	32394	0.025	0.9999956711552227
fDM	PW_QTL_chr3_3	PW	3	15879019	16028680	149662	149662	1.0	True	32263	0.025	0.9999942937262891
fDM	PW_QTL_chr4_1	PW	4	23961812	24061812	100001	100001	1.0	True	11414	0.025	0.9999950158199488
fDM	PW_QTL_chr5_1	PW	5	11108296	11208296	100001	100001	1.0	True	39491	0.025	1.0
fDM	PW_QTL_chr5_2	PW	5	13578868	13678868	100001	100001	1.0	True	39491	0.025	1.0
fDM	PW_QTL_chr6_1	PW	6	1702192	1802192	100001	100001	1.0	True	28869	0.025	0.9999975143135402
fDM	PW_QTL_chr6_2	PW	6	5593419	5793423	200005	200005	1.0	True	28678	0.025	0.9999966830803426
fDM	PW_QTL_chr6_3	PW	6	12662049	12762049	100001	100001	1.0	True	28869	0.025	0.9999975143135402
fDM	PW_QTL_chr6_4	PW	6	14453980	14553980	100001	100001	1.0	True	28869	0.025	0.9999975143135402
fDM	PW_QTL_chr7_1	PW	7	351021	455468	104448	104448	1.0	True	32193	0.025	0.9999977433420096
fDM	PW_QTL_chr7_2	PW	7	3774918	3874918	100001	100001	1.0	True	32202	0.025	0.9999957319847955
fDM	PW_QTL_chr7_3	PW	7	6343009	6443009	100001	100001	1.0	True	32202	0.025	0.9999957319847955
fDM	PW_QTL_chr7_4	PW	7	7248968	7348968	100001	100001	1.0	True	32202	0.025	0.9999957319847955
fDM	PW_QTL_chr7_5	PW	7	7544287	7644287	100001	100001	1.0	True	32202	0.025	0.9999957319847955
fDM	PW_QTL_chr8_1	PW	8	2168732	2352346	183615	183615	1.0	True	15392	0.025	0.9999662904501153
fDM	PW_QTL_chr8_2	PW	8	3080247	3180247	100001	100001	1.0	True	15719	0.025	0.9999966995685982
fDM	PW_QTL_chr8_3	PW	8	8298374	8398374	100001	100001	1.0	True	15719	0.025	0.9999966995685982
fDM	PW_QTL_chr8_4	PW	8	16424968	16524968	100001	100001	1.0	True	15719	0.025	0.9999966995685982
fDM	PW_QTL_chr9_1	PW	9	9111511	9211511	100001	100001	1.0	True	25751	0.025	0.9999941230054517
fDM	PW_QTL_chr9_2	PW	9	9889572	9990011	100440	100440	1.0	True	25751	0.025	0.9999936406563481
fDM	TELC_i_QTL_chr2_1	TELC	2	3775091	3881964	106874	106874	1.0	True	45379	0.025	0.9999967988603298
fDM	TELC_i_QTL_chr2_2	TELC	2	23779832	23918844	139013	139013	1.0	True	45339	0.025	0.9999980532185033
fDM	TELC_i_QTL_chr4_1	TELC	4	4559455	4681677	122223	122223	1.0	True	11379	0.025	0.9999883964020054
D_pi	AW_QTL_chr1_1	AW	1	1258930	1358930	100001	66396	0.6639533604663953	True	448	0.05	0.6886700775849385
D_pi	AW_QTL_chr1_2	AW	1	2529594	2696764	167171	144230	0.8627692602185786	True	684	0.025	0.8627549351451982
D_pi	AW_QTL_chr1_3	AW	1	7120853	7220853	100001	90001	0.90000099999	True	1367	0.025	0.9000739473219754
D_pi	AW_QTL_chr1_4	AW	1	23196794	23296794	100001	100001	1.0	True	48205	0.025	0.9999560189026261
D_pi	AW_QTL_chr1_5	AW	1	23558754	23666083	107330	107330	1.0	True	47935	0.025	0.999948697376046
D_pi	AW_QTL_chr1_6	AW	1	34777313	34880021	102709	102709	1.0	True	48118	0.025	0.9999479226827499
D_pi	AW_QTL_chr1_7	AW	1	35176701	35276701	100001	100001	1.0	True	48205	0.025	0.9999560189026261
D_pi	AW_QTL_chr2_1	AW	2	1568802	1668802	100001	100001	1.0	True	43448	0.025	0.9999716102544368
D_pi	AW_QTL_chr2_2	AW	2	2030586	2241791	211206	211206	1.0	True	41331	0.025	0.9999409485593133
D_pi	AW_QTL_chr2_3	AW	2	2262371	2362371	100001	100001	1.0	True	43448	0.025	0.9999716102544368
D_pi	AW_QTL_chr2_4	AW	2	4988231	5088231	100001	100001	1.0	True	43448	0.025	0.9999716102544368
D_pi	AW_QTL_chr2_5	AW	2	6621193	6721193	100001	100001	1.0	True	43448	0.025	0.9999716102544368
D_pi	AW_QTL_chr2_6	AW	2	7624222	7724222	100001	100001	1.0	True	43448	0.025	0.9999716102544368
D_pi	AW_QTL_chr2_7	AW	2	9331364	9432807	101444	101444	1.0	True	43416	0.025	0.9999753940059655
D_pi	AW_QTL_chr2_8	AW	2	10219623	10325420	105798	105798	1.0	True	43341	0.025	0.9999742298973067
D_pi	AW_QTL_chr2_9	AW	2	12715316	12815316	100001	100001	1.0	True	43448	0.025	0.9999716102544368
D_pi	AW_QTL_chr2_10	AW	2	20182528	20445646	263119	263119	1.0	True	40386	0.025	0.9999325967282336
D_pi	AW_QTL_chr2_11	AW	2	23814318	23917420	103103	103103	1.0	True	43396	0.025	0.9999704739855727
D_pi	AW_QTL_chr2_12	AW	2	24051539	24190028	138490	138490	1.0	True	42668	0.025	0.9999475058036505
D_pi	AW_QTL_chr3_1	AW	3	1227137	1327137	100001	100001	1.0	True	28289	0.025	0.9999156786685165
D_pi	AW_QTL_chr3_2	AW	3	1836932	2121432	284501	276433	0.9716415759522814	True	5061	0.025	0.957222784312921
D_pi	AW_QTL_chr3_3	AW	3	15887471	16028680	141210	102530	0.7260817222576305	True	405	0.05	0.7197612871469775
D_pi	AW_QTL_chr5_1	AW	5	14922061	15204251	282191	282191	1.0	True	31513	0.025	0.9998496385509488
D_pi	AW_QTL_chr5_2	AW	5	15927692	16027692	100001	100001	1.0	True	36805	0.025	0.9999496263697871
D_pi	AW_QTL_chr5_3	AW	5	17076926	17177121	100196	100196	1.0	True	36801	0.025	0.9999486127160333
D_pi	AW_QTL_chr5_4	AW	5	23346611	23446611	100001	100001	1.0	True	36805	0.025	0.9999496263697871
D_pi	AW_QTL_chr6_1	AW	6	2736868	2836868	100001	100001	1.0	True	26943	0.025	0.9999582667573836
D_pi	AW_QTL_chr6_2	AW	6	3617216	3720862	103647	103647	1.0	True	26882	0.025	0.9999388354620108
D_pi	AW_QTL_chr6_3	AW	6	5668717	5768717	100001	100001	1.0	True	26943	0.025	0.9999582667573836
D_pi	AW_QTL_chr6_4	AW	6	9673730	9928702	254973	254973	1.0	True	24034	0.025	0.9998644691346706
D_pi	AW_QTL_chr6_5	AW	6	12661080	12836811	175732	175732	1.0	True	25416	0.025	0.9999372672136508
D_pi	AW_QTL_chr7_1	AW	7	1012891	1112891	100001	100001	1.0	True	29389	0.025	0.9999446876809601
D_pi	AW_QTL_chr7_2	AW	7	4143923	4243923	100001	100001	1.0	True	29389	0.025	0.9999446876809601
D_pi	AW_QTL_chr7_3	AW	7	5634836	5797742	162907	162907	1.0	True	27617	0.025	0.9999069944973508
D_pi	AW_QTL_chr7_4	AW	7	5910537	6010537	100001	100001	1.0	True	29389	0.025	0.9999446876809601
D_pi	AW_QTL_chr7_5	AW	7	7321415	7536388	214974	214974	1.0	True	26253	0.025	0.9998679886669817
D_pi	AW_QTL_chr7_6	AW	7	8519872	8619872	100001	100001	1.0	True	29389	0.025	0.9999446876809601
D_pi	AW_QTL_chr7_7	AW	7	8914112	9014112	100001	100001	1.0	True	29389	0.025	0.9999446876809601
D_pi	AW_QTL_chr7_8	AW	7	9925209	10025209	100001	100001	1.0	True	29389	0.025	0.9999446876809601
D_pi	AW_QTL_chr8_1	AW	8	7618433	7718433	100001	100001	1.0	True	8891	0.025	0.9998880193404792
D_pi	AW_QTL_chr8_2	AW	8	8074762	8174762	100001	93854	0.938530614693853	True	687	0.05	0.9166878491331537
D_pi	AW_QTL_chr8_3	AW	8	17099209	17199236	100028	0	0.0	False	0		
D_pi	AW_QTL_chr9_1	AW	9	8044622	8144622	100001	100001	1.0	True	21770	0.025	0.9999509899251029
D_pi	AW_QTL_chr9_2	AW	9	10260634	10360634	100001	100001	1.0	True	21770	0.025	0.9999509899251029
D_pi	AW_QTL_chr9_3	AW	9	13998828	14098828	100001	100001	1.0	True	21770	0.025	0.9999509899251029
D_pi	DELR2_i_QTL_chr1_1	DELR2	1	44917507	45017507	100001	100001	1.0	True	48205	0.025	0.9999560189026261
D_pi	DELR2_i_QTL_chr4_1	DELR2	4	1201429	1301429	100001	100001	1.0	True	1229	0.025	0.9997788956203195
D_pi	DELR2_i_QTL_chr4_2	DELR2	4	4684372	4804770	120399	0	0.0	False	0		
D_pi	DELR2_i_QTL_chr4_3	DELR2	4	9535759	9642953	107195	0	0.0	False	0		
D_pi	DELR4_i_QTL_chr1_1	DELR4	1	43992608	44092608	100001	100001	1.0	True	48205	0.025	0.9999560189026261
D_pi	DELR4_i_QTL_chr2_1	DELR4	2	2137553	2237553	100001	100001	1.0	True	43448	0.025	0.9999716102544368
D_pi	DELR4_i_QTL_chr3_1	DELR4	3	59418	159418	100001	100001	1.0	True	28289	0.025	0.9999156786685165
D_pi	DELR4_i_QTL_chr4_1	DELR4	4	3371867	3471867	100001	0	0.0	False	0		
D_pi	DELR4_i_QTL_chr7_1	DELR4	7	10425043	10526129	101087	101087	1.0	True	29361	0.025	0.9999431060904866
D_pi	DELR4_i_QTL_chr9_1	DELR4	9	13658519	13758519	100001	100001	1.0	True	21770	0.025	0.9999509899251029
D_pi	DELR5_i_QTL_chr2_1	DELR5	2	549778	652002	102225	102225	1.0	True	43403	0.025	0.9999752661316264
D_pi	DELR5_i_QTL_chr2_2	DELR5	2	21827685	21927685	100001	100001	1.0	True	43448	0.025	0.9999716102544368
D_pi	DELR5_i_QTL_chr2_3	DELR5	2	26733677	26833677	100001	100001	1.0	True	43448	0.025	0.9999716102544368
D_pi	DELR5_i_QTL_chr3_1	DELR5	3	10412960	10512960	100001	100001	1.0	True	28289	0.025	0.9999156786685165
D_pi	DELR5_i_QTL_chr3_2	DELR5	3	30301719	30401719	100001	100001	1.0	True	28289	0.025	0.9999156786685165
D_pi	DELR5_i_QTL_chr4_1	DELR5	4	18736739	18948064	211326	0	0.0	False	0		
D_pi	DELR5_i_QTL_chr7_1	DELR5	7	15738421	15838421	100001	100001	1.0	True	29389	0.025	0.9999446876809601
D_pi	DELR5_i_QTL_chr8_1	DELR5	8	4457795	4557795	100001	100001	1.0	True	8891	0.025	0.9998880193404792
D_pi	DTEP_cat_QTL_chr1_1	DTEP categorical	1	4479132	4579132	100001	100001	1.0	True	48205	0.025	0.9999560189026261
D_pi	DTEP_cat_QTL_chr1_2	DTEP categorical	1	7505112	7606439	101328	101328	1.0	True	48170	0.025	0.9999499822756535
D_pi	DTEP_cat_QTL_chr1_3	DTEP categorical	1	9255034	9393751	138718	138718	1.0	True	46829	0.025	0.9999373864807941
D_pi	DTEP_cat_QTL_chr1_4	DTEP categorical	1	9577894	9765491	187598	157598	0.8400835829806288	True	985	0.025	0.8407223935964596
D_pi	DTEP_cat_QTL_chr1_5	DTEP categorical	1	13016656	13123424	106769	106769	1.0	True	47965	0.025	0.9999436043495474
D_pi	DTEP_cat_QTL_chr1_6	DTEP categorical	1	13352668	13452668	100001	100001	1.0	True	48205	0.025	0.9999560189026261
D_pi	DTEP_cat_QTL_chr1_7	DTEP categorical	1	31693682	31793682	100001	100001	1.0	True	48205	0.025	0.9999560189026261
D_pi	DTEP_cat_QTL_chr1_8	DTEP categorical	1	33800832	33900832	100001	100001	1.0	True	48205	0.025	0.9999560189026261
D_pi	DTEP_cat_QTL_chr1_9	DTEP categorical	1	38384363	38484363	100001	100001	1.0	True	48205	0.025	0.9999560189026261
D_pi	DTEP_cat_QTL_chr1_10	DTEP categorical	1	39125933	39226068	100136	100136	1.0	True	48201	0.025	0.9999557198546154
D_pi	DTEP_cat_QTL_chr1_11	DTEP categorical	1	41497786	41597786	100001	100001	1.0	True	48205	0.025	0.9999560189026261
D_pi	DTEP_cat_QTL_chr10_1	DTEP categorical	10	7645409	7745409	100001	100001	1.0	True	102	0.3999960000399996	0.9854639688897228
D_pi	DTEP_cat_QTL_chr10_2	DTEP categorical	10	10514953	10614953	100001	100001	1.0	True	102	0.3999960000399996	0.9854639688897228
D_pi	DTEP_cat_QTL_chr2_1	DTEP categorical	2	3774853	3874853	100001	100001	1.0	True	43448	0.025	0.9999716102544368
D_pi	DTEP_cat_QTL_chr2_2	DTEP categorical	2	5334959	5536570	201612	201612	1.0	True	41467	0.025	0.9999532748132192
D_pi	DTEP_cat_QTL_chr2_3	DTEP categorical	2	8984709	9084709	100001	100001	1.0	True	43448	0.025	0.9999716102544368
D_pi	DTEP_cat_QTL_chr2_4	DTEP categorical	2	9397056	9497056	100001	100001	1.0	True	43448	0.025	0.9999716102544368
D_pi	DTEP_cat_QTL_chr2_5	DTEP categorical	2	10892218	10992218	100001	90001	0.90000099999	True	860	0.025	0.9009266884075346
D_pi	DTEP_cat_QTL_chr2_6	DTEP categorical	2	13413245	13513245	100001	100001	1.0	True	43448	0.025	0.9999716102544368
D_pi	DTEP_cat_QTL_chr2_7	DTEP categorical	2	15826471	16114217	287747	287747	1.0	True	39975	0.025	0.9999373124694853
D_pi	DTEP_cat_QTL_chr2_8	DTEP categorical	2	16354757	16578775	224019	214019	0.9553609292068976	True	2385	0.025	0.9502881845068119
D_pi	DTEP_cat_QTL_chr2_9	DTEP categorical	2	20006954	20109936	102983	102983	1.0	True	43398	0.025	0.9999705709422074
D_pi	DTEP_cat_QTL_chr2_10	DTEP categorical	2	20220626	20320626	100001	100001	1.0	True	43448	0.025	0.9999716102544368
D_pi	DTEP_cat_QTL_chr2_11	DTEP categorical	2	22367524	22481853	114330	114330	1.0	True	43186	0.025	0.9999676331252233
D_pi	DTEP_cat_QTL_chr2_12	DTEP categorical	2	22642523	22742523	100001	100001	1.0	True	43448	0.025	0.9999716102544368
D_pi	DTEP_cat_QTL_chr2_13	DTEP categorical	2	23674854	23920667	245814	245814	1.0	True	40725	0.025	0.9999217441218825
D_pi	DTEP_cat_QTL_chr2_14	DTEP categorical	2	24549354	24649354	100001	100001	1.0	True	43448	0.025	0.9999716102544368
D_pi	DTEP_cat_QTL_chr3_1	DTEP categorical	3	8531584	8662918	131335	103418	0.7874367076559942	True	644	0.025	0.7890715790802858
D_pi	DTEP_cat_QTL_chr3_2	DTEP categorical	3	8982791	9154370	171580	171580	1.0	True	25530	0.025	0.999861745313379
D_pi	DTEP_cat_QTL_chr3_3	DTEP categorical	3	9526410	9626410	100001	90001	0.90000099999	True	1204	0.025	0.9001927920920128
D_pi	DTEP_cat_QTL_chr3_4	DTEP categorical	3	12517046	12777857	260812	260812	1.0	True	23089	0.025	0.999755239563671
D_pi	DTEP_cat_QTL_chr3_5	DTEP categorical	3	14664454	14764454	100001	85002	0.8500114998850011	True	1383	0.025	0.8503511494169222
D_pi	DTEP_cat_QTL_chr3_6	DTEP categorical	3	23608243	23708243	100001	100001	1.0	True	28289	0.025	0.9999156786685165
D_pi	DTEP_cat_QTL_chr4_1	DTEP categorical	4	2931310	3031310	100001	0	0.0	False	0		
D_pi	DTEP_cat_QTL_chr4_2	DTEP categorical	4	4557474	4657474	100001	0	0.0	False	0		
D_pi	DTEP_cat_QTL_chr4_3	DTEP categorical	4	19159088	19293120	134033	0	0.0	False	0		
D_pi	DTEP_cat_QTL_chr5_1	DTEP categorical	5	552465	652465	100001	100001	1.0	True	36805	0.025	0.9999496263697871
D_pi	DTEP_cat_QTL_chr5_2	DTEP categorical	5	1949599	2049599	100001	100001	1.0	True	36805	0.025	0.9999496263697871
D_pi	DTEP_cat_QTL_chr5_3	DTEP categorical	5	5021365	5121365	100001	100001	1.0	True	36805	0.025	0.9999496263697871
D_pi	DTEP_cat_QTL_chr5_4	DTEP categorical	5	9173256	9273256	100001	86745	0.8674413255867441	True	949	0.025	0.8558751082668309
D_pi	DTEP_cat_QTL_chr5_5	DTEP categorical	5	9462097	9562097	100001	100001	1.0	True	36805	0.025	0.9999496263697871
D_pi	DTEP_cat_QTL_chr5_6	DTEP categorical	5	9811791	9911791	100001	100001	1.0	True	36805	0.025	0.9999496263697871
D_pi	DTEP_cat_QTL_chr5_7	DTEP categorical	5	10299800	10399800	100001	100001	1.0	True	36805	0.025	0.9999496263697871
D_pi	DTEP_cat_QTL_chr5_8	DTEP categorical	5	13491179	13591179	100001	100001	1.0	True	36805	0.025	0.9999496263697871
D_pi	DTEP_cat_QTL_chr5_9	DTEP categorical	5	13685624	13813106	127483	127483	1.0	True	35959	0.025	0.9999087974916168
D_pi	DTEP_cat_QTL_chr5_10	DTEP categorical	5	14446749	14546749	100001	100001	1.0	True	36805	0.025	0.9999496263697871
D_pi	DTEP_cat_QTL_chr5_11	DTEP categorical	5	20427788	20527788	100001	100001	1.0	True	36805	0.025	0.9999496263697871
D_pi	DTEP_cat_QTL_chr5_12	DTEP categorical	5	24697367	24802606	105240	105240	1.0	True	36660	0.025	0.9999491638160395
D_pi	DTEP_cat_QTL_chr6_1	DTEP categorical	6	1676644	1776644	100001	80001	0.8000019999800002	True	376	0.025	0.800599015286443
D_pi	DTEP_cat_QTL_chr6_2	DTEP categorical	6	2738124	2840093	101970	101970	1.0	True	26915	0.025	0.9999460161112541
D_pi	DTEP_cat_QTL_chr6_3	DTEP categorical	6	3439181	3539181	100001	100001	1.0	True	26943	0.025	0.9999582667573836
D_pi	DTEP_cat_QTL_chr6_4	DTEP categorical	6	5776556	5876556	100001	100001	1.0	True	26943	0.025	0.9999582667573836
D_pi	DTEP_cat_QTL_chr6_5	DTEP categorical	6	9540323	9640323	100001	84679	0.8467815321846781	True	315	0.025	0.8487798931534494
D_pi	DTEP_cat_QTL_chr6_6	DTEP categorical	6	9946776	10046776	100001	100001	1.0	True	26943	0.025	0.9999582667573836
D_pi	DTEP_cat_QTL_chr6_7	DTEP categorical	6	10674562	10774562	100001	100001	1.0	True	26943	0.025	0.9999582667573836
D_pi	DTEP_cat_QTL_chr6_8	DTEP categorical	6	12309065	12409065	100001	100001	1.0	True	26943	0.025	0.9999582667573836
D_pi	DTEP_cat_QTL_chr6_9	DTEP categorical	6	14381304	14481304	100001	100001	1.0	True	26943	0.025	0.9999582667573836
D_pi	DTEP_cat_QTL_chr6_10	DTEP categorical	6	20207769	20307769	100001	100001	1.0	True	26943	0.025	0.9999582667573836
D_pi	DTEP_cat_QTL_chr7_1	DTEP categorical	7	432546	532546	100001	100001	1.0	True	29389	0.025	0.9999446876809601
D_pi	DTEP_cat_QTL_chr7_2	DTEP categorical	7	1669390	1829821	160432	160432	1.0	True	27675	0.025	0.999912692370167
D_pi	DTEP_cat_QTL_chr7_3	DTEP categorical	7	1945706	2045706	100001	100001	1.0	True	29389	0.025	0.9999446876809601
D_pi	DTEP_cat_QTL_chr7_4	DTEP categorical	7	4292288	4392288	100001	100001	1.0	True	29389	0.025	0.9999446876809601
D_pi	DTEP_cat_QTL_chr7_5	DTEP categorical	7	4974136	5074136	100001	100001	1.0	True	29389	0.025	0.9999446876809601
D_pi	DTEP_cat_QTL_chr7_6	DTEP categorical	7	5641927	5741927	100001	100001	1.0	True	29389	0.025	0.9999446876809601
D_pi	DTEP_cat_QTL_chr7_7	DTEP categorical	7	6278373	6378373	100001	100001	1.0	True	29389	0.025	0.9999446876809601
D_pi	DTEP_cat_QTL_chr7_8	DTEP categorical	7	6378643	6478643	100001	100001	1.0	True	29389	0.025	0.9999446876809601
D_pi	DTEP_cat_QTL_chr7_9	DTEP categorical	7	7655403	7755403	100001	100001	1.0	True	29389	0.025	0.9999446876809601
D_pi	DTEP_cat_QTL_chr7_10	DTEP categorical	7	8523877	8623877	100001	100001	1.0	True	29389	0.025	0.9999446876809601
D_pi	DTEP_cat_QTL_chr7_11	DTEP categorical	7	10126097	10226097	100001	100001	1.0	True	29389	0.025	0.9999446876809601
D_pi	DTEP_cat_QTL_chr7_12	DTEP categorical	7	10352105	10535283	183179	183179	1.0	True	27070	0.025	0.9998683939636355
D_pi	DTEP_cat_QTL_chr7_13	DTEP categorical	7	10708921	10819540	110620	110620	1.0	True	29114	0.025	0.999933848470306
D_pi	DTEP_cat_QTL_chr7_14	DTEP categorical	7	11035682	11135682	100001	100001	1.0	True	29389	0.025	0.9999446876809601
D_pi	DTEP_cat_QTL_chr7_15	DTEP categorical	7	12004108	12104108	100001	100001	1.0	True	29389	0.025	0.9999446876809601
D_pi	DTEP_cat_QTL_chr7_16	DTEP categorical	7	15415218	15515218	100001	100001	1.0	True	29389	0.025	0.9999446876809601
D_pi	DTEP_cat_QTL_chr7_17	DTEP categorical	7	16849951	16949951	100001	100001	1.0	True	29389	0.025	0.9999446876809601
D_pi	DTEP_cat_QTL_chr7_18	DTEP categorical	7	16993997	17093997	100001	100001	1.0	True	29389	0.025	0.9999446876809601
D_pi	DTEP_cat_QTL_chr7_19	DTEP categorical	7	18456524	18556524	100001	100001	1.0	True	29389	0.025	0.9999446876809601
D_pi	DTEP_cat_QTL_chr8_1	DTEP categorical	8	373927	473927	100001	0	0.0	False	0		
D_pi	DTEP_cat_QTL_chr8_2	DTEP categorical	8	2118844	2218844	100001	100001	1.0	True	8891	0.025	0.9998880193404792
D_pi	DTEP_cat_QTL_chr8_3	DTEP categorical	8	4194813	4294813	100001	100001	1.0	True	8891	0.025	0.9998880193404792
D_pi	DTEP_cat_QTL_chr8_4	DTEP categorical	8	6039461	6139461	100001	100001	1.0	True	8891	0.025	0.9998880193404792
D_pi	DTEP_cat_QTL_chr8_5	DTEP categorical	8	6200874	6300874	100001	100001	1.0	True	8891	0.025	0.9998880193404792
D_pi	DTEP_cat_QTL_chr8_6	DTEP categorical	8	15143724	15299929	156206	0	0.0	False	0		
D_pi	DTEP_cat_QTL_chr9_1	DTEP categorical	9	3690823	3795256	104434	89435	0.8563781910105904	True	665	0.025	0.856328312402509
D_pi	DTEP_cat_QTL_chr9_2	DTEP categorical	9	6677338	6777338	100001	100001	1.0	True	21770	0.025	0.9999509899251029
D_pi	DTEP_cat_QTL_chr9_3	DTEP categorical	9	7120713	7220713	100001	85002	0.8500114998850011	True	640	0.025	0.8502935283147167
D_pi	DTEP_cat_QTL_chr9_4	DTEP categorical	9	10781297	10881297	100001	100001	1.0	True	21770	0.025	0.9999509899251029
D_pi	DTEP_cat_QTL_chr9_5	DTEP categorical	9	18688615	18788699	100085	0	0.0	False	0		
D_pi	EHR_i_QTL_chr1_1	EHR	1	1138680	1238680	100001	100001	1.0	True	48205	0.025	0.9999560189026261
D_pi	EHR_i_QTL_chr1_2	EHR	1	1373347	1473347	100001	100001	1.0	True	48205	0.025	0.9999560189026261
D_pi	EHR_i_QTL_chr1_3	EHR	1	43993406	44103762	110357	110357	1.0	True	47828	0.025	0.999949519667309
D_pi	EHR_i_QTL_chr1_4	EHR	1	45535355	45635355	100001	100001	1.0	True	48205	0.025	0.9999560189026261
D_pi	EHR_i_QTL_chr2_1	EHR	2	4654718	4754718	100001	100001	1.0	True	43448	0.025	0.9999716102544368
D_pi	EHR_i_QTL_chr2_2	EHR	2	5649433	5749433	100001	70568	0.7056729432705673	True	204	0.05	0.7186441861071585
D_pi	EHR_i_QTL_chr2_3	EHR	2	10012432	10112432	100001	100001	1.0	True	43448	0.025	0.9999716102544368
D_pi	EHR_i_QTL_chr3_1	EHR	3	883565	983565	100001	100001	1.0	True	28289	0.025	0.9999156786685165
D_pi	EHR_i_QTL_chr3_2	EHR	3	3703174	3803174	100001	100001	1.0	True	28289	0.025	0.9999156786685165
D_pi	EHR_i_QTL_chr3_3	EHR	3	26914139	27014139	100001	100001	1.0	True	28289	0.025	0.9999156786685165
D_pi	EHR_i_QTL_chr3_4	EHR	3	28615402	28715402	100001	100001	1.0	True	28289	0.025	0.9999156786685165
D_pi	EHR_i_QTL_chr3_5	EHR	3	29804360	29904360	100001	85002	0.8500114998850011	True	1383	0.025	0.8503511494169222
D_pi	EHR_i_QTL_chr5_1	EHR	5	8892119	8992119	100001	100001	1.0	True	36805	0.025	0.9999496263697871
D_pi	EHR_i_QTL_chr5_2	EHR	5	14394385	14551299	156915	156915	1.0	True	35002	0.025	0.999908188111548
D_pi	EHR_i_QTL_chr5_3	EHR	5	15989560	16090575	101016	101016	1.0	True	36781	0.025	0.9999460789544321
D_pi	EHR_i_QTL_chr5_4	EHR	5	16386452	16486452	100001	100001	1.0	True	36805	0.025	0.9999496263697871
D_pi	EHR_i_QTL_chr5_5	EHR	5	16949508	17300826	351319	351319	1.0	True	29556	0.025	0.9998208432719582
D_pi	EHR_i_QTL_chr5_6	EHR	5	18093401	18193401	100001	100001	1.0	True	36805	0.025	0.9999496263697871
D_pi	EHR_i_QTL_chr5_7	EHR	5	19509693	19612980	103288	103288	1.0	True	36711	0.025	0.9999520062442184
D_pi	EHR_i_QTL_chr5_8	EHR	5	20926908	21030587	103680	103680	1.0	True	36696	0.025	0.9999553001222761
D_pi	EHR_i_QTL_chr5_9	EHR	5	21563301	21867062	303762	303762	1.0	True	30961	0.025	0.999791024778257
D_pi	EHR_i_QTL_chr5_10	EHR	5	22700206	22806536	106331	106331	1.0	True	36635	0.025	0.9999419497613976
D_pi	EHR_i_QTL_chr5_11	EHR	5	22931638	23103651	172014	172014	1.0	True	34460	0.025	0.9999061045328809
D_pi	EHR_i_QTL_chr5_12	EHR	5	23130582	23697840	567259	547840	0.9657669600658606	True	10031	0.025	0.9657469446885798
D_pi	EHR_i_QTL_chr6_1	EHR	6	2645284	2745284	100001	100001	1.0	True	26943	0.025	0.9999582667573836
D_pi	EHR_i_QTL_chr7_1	EHR	7	9111374	9211406	100033	100033	1.0	True	29385	0.025	0.999947350027205
D_pi	EHR_i_QTL_chr8_1	EHR	8	15451993	15552807	100815	0	0.0	False	0		
D_pi	EHR_i_QTL_chr8_2	EHR	8	15872897	15972897	100001	0	0.0	False	0		
D_pi	EHR_i_QTL_chr8_3	EHR	8	15998055	16102095	104041	0	0.0	False	0		
D_pi	EHR_i_QTL_chr8_4	EHR	8	16624548	16750160	125613	0	0.0	False	0		
D_pi	EHR_i_QTL_chr8_5	EHR	8	16835331	16936237	100907	0	0.0	False	0		
D_pi	EHR_i_QTL_chr8_6	EHR	8	17795101	17997197	202097	0	0.0	False	0		
D_pi	EHR_i_QTL_chr8_7	EHR	8	18532823	18632823	100001	0	0.0	False	0		
D_pi	EHR_i_QTL_chr8_8	EHR	8	18671483	18771483	100001	0	0.0	False	0		
D_pi	EHR_i_QTL_chr9_1	EHR	9	16361453	16461453	100001	100001	1.0	True	21770	0.025	0.9999509899251029
D_pi	IMM21_QTL_chr1_1	IMM21	1	31522674	31623827	101154	101154	1.0	True	48173	0.025	0.9999517965887083
D_pi	IMM21_QTL_chr1_2	IMM21	1	38384363	38484363	100001	100001	1.0	True	48205	0.025	0.9999560189026261
D_pi	IMM21_QTL_chr1_3	IMM21	1	41497786	41597786	100001	100001	1.0	True	48205	0.025	0.9999560189026261
D_pi	IMM21_QTL_chr10_1	IMM21	10	7645409	7745409	100001	100001	1.0	True	102	0.3999960000399996	0.9854639688897228
D_pi	IMM21_QTL_chr10_2	IMM21	10	10514953	10614953	100001	100001	1.0	True	102	0.3999960000399996	0.9854639688897228
D_pi	IMM21_QTL_chr2_1	IMM21	2	9397056	9497056	100001	100001	1.0	True	43448	0.025	0.9999716102544368
D_pi	IMM21_QTL_chr2_2	IMM21	2	10892218	10992218	100001	90001	0.90000099999	True	860	0.025	0.9009266884075346
D_pi	IMM21_QTL_chr5_1	IMM21	5	9462097	9562097	100001	100001	1.0	True	36805	0.025	0.9999496263697871
D_pi	IMM21_QTL_chr7_1	IMM21	7	7655403	7755403	100001	100001	1.0	True	29389	0.025	0.9999446876809601
D_pi	IMM21_QTL_chr7_2	IMM21	7	10126097	10226097	100001	100001	1.0	True	29389	0.025	0.9999446876809601
D_pi	IMM21_QTL_chr7_3	IMM21	7	18456524	18556524	100001	100001	1.0	True	29389	0.025	0.9999446876809601
D_pi	IMM21_QTL_chr9_1	IMM21	9	10781297	10881297	100001	100001	1.0	True	21770	0.025	0.9999509899251029
D_pi	IMM21_QTL_chr9_2	IMM21	9	11778551	11878551	100001	100001	1.0	True	21770	0.025	0.9999509899251029
D_pi	IMM21_QTL_chr9_3	IMM21	9	14019217	14119217	100001	100001	1.0	True	21770	0.025	0.9999509899251029
D_pi	IMM21_QTL_chr9_4	IMM21	9	18170242	18270242	100001	0	0.0	False	0		
D_pi	IMM35_QTL_chr1_1	IMM35	1	4479132	4579132	100001	100001	1.0	True	48205	0.025	0.9999560189026261
D_pi	IMM35_QTL_chr1_2	IMM35	1	31693682	31793682	100001	100001	1.0	True	48205	0.025	0.9999560189026261
D_pi	IMM35_QTL_chr1_3	IMM35	1	38384363	38484363	100001	100001	1.0	True	48205	0.025	0.9999560189026261
D_pi	IMM35_QTL_chr1_4	IMM35	1	41497786	41597786	100001	100001	1.0	True	48205	0.025	0.9999560189026261
D_pi	IMM35_QTL_chr10_1	IMM35	10	7645409	7745409	100001	100001	1.0	True	102	0.3999960000399996	0.9854639688897228
D_pi	IMM35_QTL_chr10_2	IMM35	10	10514953	10614953	100001	100001	1.0	True	102	0.3999960000399996	0.9854639688897228
D_pi	IMM35_QTL_chr2_1	IMM35	2	9397056	9497056	100001	100001	1.0	True	43448	0.025	0.9999716102544368
D_pi	IMM35_QTL_chr2_2	IMM35	2	10892218	10992218	100001	90001	0.90000099999	True	860	0.025	0.9009266884075346
D_pi	IMM35_QTL_chr2_3	IMM35	2	24549354	24649354	100001	100001	1.0	True	43448	0.025	0.9999716102544368
D_pi	IMM35_QTL_chr3_1	IMM35	3	9526410	9626410	100001	90001	0.90000099999	True	1204	0.025	0.9001927920920128
D_pi	IMM35_QTL_chr3_2	IMM35	3	23608243	23708243	100001	100001	1.0	True	28289	0.025	0.9999156786685165
D_pi	IMM35_QTL_chr5_1	IMM35	5	552465	652465	100001	100001	1.0	True	36805	0.025	0.9999496263697871
D_pi	IMM35_QTL_chr5_2	IMM35	5	9462097	9562097	100001	100001	1.0	True	36805	0.025	0.9999496263697871
D_pi	IMM35_QTL_chr5_3	IMM35	5	9811791	9911791	100001	100001	1.0	True	36805	0.025	0.9999496263697871
D_pi	IMM35_QTL_chr5_4	IMM35	5	13491179	13591179	100001	100001	1.0	True	36805	0.025	0.9999496263697871
D_pi	IMM35_QTL_chr5_5	IMM35	5	14446749	14546749	100001	100001	1.0	True	36805	0.025	0.9999496263697871
D_pi	IMM35_QTL_chr5_6	IMM35	5	19358324	19472447	114124	114124	1.0	True	36367	0.025	0.999929776482707
D_pi	IMM35_QTL_chr6_1	IMM35	6	3439181	3539181	100001	100001	1.0	True	26943	0.025	0.9999582667573836
D_pi	IMM35_QTL_chr6_2	IMM35	6	9946776	10046776	100001	100001	1.0	True	26943	0.025	0.9999582667573836
D_pi	IMM35_QTL_chr7_1	IMM35	7	1945706	2045706	100001	100001	1.0	True	29389	0.025	0.9999446876809601
D_pi	IMM35_QTL_chr7_2	IMM35	7	4292288	4392288	100001	100001	1.0	True	29389	0.025	0.9999446876809601
D_pi	IMM35_QTL_chr7_3	IMM35	7	5641927	5741927	100001	100001	1.0	True	29389	0.025	0.9999446876809601
D_pi	IMM35_QTL_chr7_4	IMM35	7	7655403	7755403	100001	100001	1.0	True	29389	0.025	0.9999446876809601
D_pi	IMM35_QTL_chr7_5	IMM35	7	10126097	10226097	100001	100001	1.0	True	29389	0.025	0.9999446876809601
D_pi	IMM35_QTL_chr7_6	IMM35	7	15415218	15515218	100001	100001	1.0	True	29389	0.025	0.9999446876809601
D_pi	IMM35_QTL_chr7_7	IMM35	7	18456524	18556524	100001	100001	1.0	True	29389	0.025	0.9999446876809601
D_pi	IMM35_QTL_chr8_1	IMM35	8	6200874	6300874	100001	100001	1.0	True	8891	0.025	0.9998880193404792
D_pi	IMM35_QTL_chr9_1	IMM35	9	3690986	3790986	100001	85002	0.8500114998850011	True	640	0.025	0.8502935283147167
D_pi	IMM35_QTL_chr9_2	IMM35	9	10781297	10881297	100001	100001	1.0	True	21770	0.025	0.9999509899251029
D_pi	IMM49_QTL_chr1_1	IMM49	1	31693682	31793682	100001	100001	1.0	True	48205	0.025	0.9999560189026261
D_pi	IMM49_QTL_chr1_2	IMM49	1	38384363	38484363	100001	100001	1.0	True	48205	0.025	0.9999560189026261
D_pi	IMM49_QTL_chr1_3	IMM49	1	41497786	41597786	100001	100001	1.0	True	48205	0.025	0.9999560189026261
D_pi	IMM49_QTL_chr10_1	IMM49	10	7645409	7745409	100001	100001	1.0	True	102	0.3999960000399996	0.9854639688897228
D_pi	IMM49_QTL_chr10_2	IMM49	10	10514953	10614953	100001	100001	1.0	True	102	0.3999960000399996	0.9854639688897228
D_pi	IMM49_QTL_chr2_1	IMM49	2	9397056	9497056	100001	100001	1.0	True	43448	0.025	0.9999716102544368
D_pi	IMM49_QTL_chr2_2	IMM49	2	10892218	10992218	100001	90001	0.90000099999	True	860	0.025	0.9009266884075346
D_pi	IMM49_QTL_chr2_3	IMM49	2	24549354	24649354	100001	100001	1.0	True	43448	0.025	0.9999716102544368
D_pi	IMM49_QTL_chr3_1	IMM49	3	23608243	23708243	100001	100001	1.0	True	28289	0.025	0.9999156786685165
D_pi	IMM49_QTL_chr5_1	IMM49	5	552465	652465	100001	100001	1.0	True	36805	0.025	0.9999496263697871
D_pi	IMM49_QTL_chr5_2	IMM49	5	9462097	9562097	100001	100001	1.0	True	36805	0.025	0.9999496263697871
D_pi	IMM49_QTL_chr5_3	IMM49	5	9811791	9911791	100001	100001	1.0	True	36805	0.025	0.9999496263697871
D_pi	IMM49_QTL_chr5_4	IMM49	5	13491179	13591179	100001	100001	1.0	True	36805	0.025	0.9999496263697871
D_pi	IMM49_QTL_chr5_5	IMM49	5	14446749	14546749	100001	100001	1.0	True	36805	0.025	0.9999496263697871
D_pi	IMM49_QTL_chr5_6	IMM49	5	19354685	19472447	117763	117763	1.0	True	36244	0.025	0.9999365948497531
D_pi	IMM49_QTL_chr6_1	IMM49	6	9946776	10046776	100001	100001	1.0	True	26943	0.025	0.9999582667573836
D_pi	IMM49_QTL_chr7_1	IMM49	7	1945706	2045706	100001	100001	1.0	True	29389	0.025	0.9999446876809601
D_pi	IMM49_QTL_chr7_2	IMM49	7	4292288	4392288	100001	100001	1.0	True	29389	0.025	0.9999446876809601
D_pi	IMM49_QTL_chr7_3	IMM49	7	5641927	5741927	100001	100001	1.0	True	29389	0.025	0.9999446876809601
D_pi	IMM49_QTL_chr7_4	IMM49	7	7655403	7755403	100001	100001	1.0	True	29389	0.025	0.9999446876809601
D_pi	IMM49_QTL_chr7_5	IMM49	7	8396349	8496349	100001	100001	1.0	True	29389	0.025	0.9999446876809601
D_pi	IMM49_QTL_chr7_6	IMM49	7	10126097	10226097	100001	100001	1.0	True	29389	0.025	0.9999446876809601
D_pi	IMM49_QTL_chr7_7	IMM49	7	18456524	18556524	100001	100001	1.0	True	29389	0.025	0.9999446876809601
D_pi	IMM49_QTL_chr9_1	IMM49	9	3690986	3790986	100001	85002	0.8500114998850011	True	640	0.025	0.8502935283147167
D_pi	IMM56_QTL_chr1_1	IMM56	1	4479132	4579132	100001	100001	1.0	True	48205	0.025	0.9999560189026261
D_pi	IMM56_QTL_chr1_2	IMM56	1	38384363	38484363	100001	100001	1.0	True	48205	0.025	0.9999560189026261
D_pi	IMM56_QTL_chr10_1	IMM56	10	7645409	7745409	100001	100001	1.0	True	102	0.3999960000399996	0.9854639688897228
D_pi	IMM56_QTL_chr10_2	IMM56	10	10514953	10614953	100001	100001	1.0	True	102	0.3999960000399996	0.9854639688897228
D_pi	IMM56_QTL_chr2_1	IMM56	2	9397056	9497056	100001	100001	1.0	True	43448	0.025	0.9999716102544368
D_pi	IMM56_QTL_chr2_2	IMM56	2	10892218	10992218	100001	90001	0.90000099999	True	860	0.025	0.9009266884075346
D_pi	IMM56_QTL_chr2_3	IMM56	2	24549354	24649354	100001	100001	1.0	True	43448	0.025	0.9999716102544368
D_pi	IMM56_QTL_chr3_1	IMM56	3	23608243	23708243	100001	100001	1.0	True	28289	0.025	0.9999156786685165
D_pi	IMM56_QTL_chr5_1	IMM56	5	552465	652465	100001	100001	1.0	True	36805	0.025	0.9999496263697871
D_pi	IMM56_QTL_chr5_2	IMM56	5	9462097	9562097	100001	100001	1.0	True	36805	0.025	0.9999496263697871
D_pi	IMM56_QTL_chr5_3	IMM56	5	9811791	9911791	100001	100001	1.0	True	36805	0.025	0.9999496263697871
D_pi	IMM56_QTL_chr5_4	IMM56	5	14446749	14546749	100001	100001	1.0	True	36805	0.025	0.9999496263697871
D_pi	IMM56_QTL_chr5_5	IMM56	5	15432625	15532625	100001	100001	1.0	True	36805	0.025	0.9999496263697871
D_pi	IMM56_QTL_chr7_1	IMM56	7	4292288	4392288	100001	100001	1.0	True	29389	0.025	0.9999446876809601
D_pi	IMM56_QTL_chr7_2	IMM56	7	5641927	5741927	100001	100001	1.0	True	29389	0.025	0.9999446876809601
D_pi	IMM56_QTL_chr7_3	IMM56	7	7655403	7755403	100001	100001	1.0	True	29389	0.025	0.9999446876809601
D_pi	IMM56_QTL_chr7_4	IMM56	7	10126097	10226097	100001	100001	1.0	True	29389	0.025	0.9999446876809601
D_pi	IMM56_QTL_chr7_5	IMM56	7	18456524	18556524	100001	100001	1.0	True	29389	0.025	0.9999446876809601
D_pi	IMM63_QTL_chr10_1	IMM63	10	7645409	7745409	100001	100001	1.0	True	102	0.3999960000399996	0.9854639688897228
D_pi	IMM63_QTL_chr10_2	IMM63	10	10514953	10614953	100001	100001	1.0	True	102	0.3999960000399996	0.9854639688897228
D_pi	IMM63_QTL_chr7_1	IMM63	7	10126097	10226097	100001	100001	1.0	True	29389	0.025	0.9999446876809601
D_pi	IMM63_QTL_chr7_2	IMM63	7	11190755	11290766	100012	100012	1.0	True	29387	0.025	0.9999461370655189
D_pi	IMM63_QTL_chr8_1	IMM63	8	7367262	7485778	118517	108517	0.9156239189314613	True	657	0.025	0.9162237981927568
D_pi	PW_QTL_chr1_1	PW	1	5485083	5585083	100001	100001	1.0	True	48205	0.025	0.9999560189026261
D_pi	PW_QTL_chr1_2	PW	1	32289888	32391003	101116	101116	1.0	True	48173	0.025	0.9999525107575596
D_pi	PW_QTL_chr1_3	PW	1	43402100	43502100	100001	100001	1.0	True	48205	0.025	0.9999560189026261
D_pi	PW_QTL_chr2_1	PW	2	2123520	2241791	118272	118272	1.0	True	43112	0.025	0.9999699000329806
D_pi	PW_QTL_chr3_1	PW	3	509800	609800	100001	100001	1.0	True	28289	0.025	0.9999156786685165
D_pi	PW_QTL_chr3_2	PW	3	4443460	4543460	100001	100001	1.0	True	28289	0.025	0.9999156786685165
D_pi	PW_QTL_chr3_3	PW	3	15879019	16028680	149662	110982	0.7415509614999132	True	203	0.025	0.7461439382653576
D_pi	PW_QTL_chr4_1	PW	4	23961812	24061812	100001	0	0.0	False	0		
D_pi	PW_QTL_chr5_1	PW	5	11108296	11208296	100001	100001	1.0	True	36805	0.025	0.9999496263697871
D_pi	PW_QTL_chr5_2	PW	5	13578868	13678868	100001	100001	1.0	True	36805	0.025	0.9999496263697871
D_pi	PW_QTL_chr6_1	PW	6	1702192	1802192	100001	92192	0.921910780892191	True	751	0.025	0.9060446146537204
D_pi	PW_QTL_chr6_2	PW	6	5593419	5793423	200005	200005	1.0	True	25015	0.025	0.99990295045742
D_pi	PW_QTL_chr6_3	PW	6	12662049	12762049	100001	100001	1.0	True	26943	0.025	0.9999582667573836
D_pi	PW_QTL_chr6_4	PW	6	14453980	14553980	100001	100001	1.0	True	26943	0.025	0.9999582667573836
D_pi	PW_QTL_chr7_1	PW	7	351021	455468	104448	104448	1.0	True	29275	0.025	0.999932485863955
D_pi	PW_QTL_chr7_2	PW	7	3774918	3874918	100001	100001	1.0	True	29389	0.025	0.9999446876809601
D_pi	PW_QTL_chr7_3	PW	7	6343009	6443009	100001	100001	1.0	True	29389	0.025	0.9999446876809601
D_pi	PW_QTL_chr7_4	PW	7	7248968	7348968	100001	100001	1.0	True	29389	0.025	0.9999446876809601
D_pi	PW_QTL_chr7_5	PW	7	7544287	7644287	100001	90001	0.90000099999	True	1019	0.025	0.9005992864507077
D_pi	PW_QTL_chr8_1	PW	8	2168732	2352346	183615	173615	0.945538218555129	True	913	0.025	0.9455678116436007
D_pi	PW_QTL_chr8_2	PW	8	3080247	3180247	100001	100001	1.0	True	8891	0.025	0.9998880193404792
D_pi	PW_QTL_chr8_3	PW	8	8298374	8398374	100001	35243	0.35242647573524266	True	200	0.35242647573524266	0.38853296467035336
D_pi	PW_QTL_chr8_4	PW	8	16424968	16524968	100001	0	0.0	False	0		
D_pi	PW_QTL_chr9_1	PW	9	9111511	9211511	100001	100001	1.0	True	21770	0.025	0.9999509899251029
D_pi	PW_QTL_chr9_2	PW	9	9889572	9990011	100440	100440	1.0	True	21763	0.025	0.9999495318974494
D_pi	TELC_i_QTL_chr2_1	TELC	2	3775091	3881964	106874	106874	1.0	True	43326	0.025	0.9999718932801309
D_pi	TELC_i_QTL_chr2_2	TELC	2	23779832	23918844	139013	139013	1.0	True	42653	0.025	0.9999485155256692
D_pi	TELC_i_QTL_chr4_1	TELC	4	4559455	4681677	122223	0	0.0	False	0		
D_fDM	AW_QTL_chr1_1	AW	1	1258930	1358930	100001	71395	0.7139428605713943	True	218	0.05	0.713104199233237
D_fDM	AW_QTL_chr1_2	AW	1	2529594	2696764	167171	159229	0.9524917599344384	True	2497	0.025	0.9427318764416075
D_fDM	AW_QTL_chr1_3	AW	1	7120853	7220853	100001	100001	1.0	True	49954	0.025	0.9999709323481695
D_fDM	AW_QTL_chr1_4	AW	1	23196794	23296794	100001	100001	1.0	True	49954	0.025	0.9999709323481695
D_fDM	AW_QTL_chr1_5	AW	1	23558754	23666083	107330	107330	1.0	True	49783	0.025	0.9999598703729633
D_fDM	AW_QTL_chr1_6	AW	1	34777313	34880021	102709	102709	1.0	True	49889	0.025	0.9999706979790436
D_fDM	AW_QTL_chr1_7	AW	1	35176701	35276701	100001	100001	1.0	True	49954	0.025	0.9999709323481695
D_fDM	AW_QTL_chr2_1	AW	2	1568802	1668802	100001	100001	1.0	True	44652	0.025	0.9999847647765573
D_fDM	AW_QTL_chr2_2	AW	2	2030586	2241791	211206	211206	1.0	True	43326	0.025	0.9999560814462233
D_fDM	AW_QTL_chr2_3	AW	2	2262371	2362371	100001	100001	1.0	True	44652	0.025	0.9999847647765573
D_fDM	AW_QTL_chr2_4	AW	2	4988231	5088231	100001	100001	1.0	True	44652	0.025	0.9999847647765573
D_fDM	AW_QTL_chr2_5	AW	2	6621193	6721193	100001	100001	1.0	True	44652	0.025	0.9999847647765573
D_fDM	AW_QTL_chr2_6	AW	2	7624222	7724222	100001	100001	1.0	True	44652	0.025	0.9999847647765573
D_fDM	AW_QTL_chr2_7	AW	2	9331364	9432807	101444	101444	1.0	True	44639	0.025	0.9999827502623139
D_fDM	AW_QTL_chr2_8	AW	2	10219623	10325420	105798	105798	1.0	True	44587	0.025	0.9999808482352743
D_fDM	AW_QTL_chr2_9	AW	2	12715316	12815316	100001	100001	1.0	True	44652	0.025	0.9999847647765573
D_fDM	AW_QTL_chr2_10	AW	2	20182528	20445646	263119	263119	1.0	True	42644	0.025	0.999941543146964
D_fDM	AW_QTL_chr2_11	AW	2	23814318	23917420	103103	103103	1.0	True	44625	0.025	0.9999781096225577
D_fDM	AW_QTL_chr2_12	AW	2	24051539	24190028	138490	138490	1.0	True	44289	0.025	0.9999618360138404
D_fDM	AW_QTL_chr3_1	AW	3	1227137	1327137	100001	100001	1.0	True	29808	0.025	0.9999502453982438
D_fDM	AW_QTL_chr3_2	AW	3	1836932	2121432	284501	276433	0.9716415759522814	True	3505	0.025	0.9659033121239213
D_fDM	AW_QTL_chr3_3	AW	3	15887471	16028680	141210	137529	0.9739324410452518	True	509	0.025	0.9743981744086926
D_fDM	AW_QTL_chr5_1	AW	5	14922061	15204251	282191	282191	1.0	True	33060	0.025	0.9998825948683466
D_fDM	AW_QTL_chr5_2	AW	5	15927692	16027692	100001	100001	1.0	True	37355	0.025	0.999959717442044
D_fDM	AW_QTL_chr5_3	AW	5	17076926	17177121	100196	100196	1.0	True	37349	0.025	0.9999607631341428
D_fDM	AW_QTL_chr5_4	AW	5	23346611	23446611	100001	100001	1.0	True	37355	0.025	0.999959717442044
D_fDM	AW_QTL_chr6_1	AW	6	2736868	2836868	100001	100001	1.0	True	27884	0.025	0.9999835412634254
D_fDM	AW_QTL_chr6_2	AW	6	3617216	3720862	103647	103647	1.0	True	27860	0.025	0.9999773743325361
D_fDM	AW_QTL_chr6_3	AW	6	5668717	5768717	100001	100001	1.0	True	27884	0.025	0.9999835412634254
D_fDM	AW_QTL_chr6_4	AW	6	9673730	9928702	254973	254973	1.0	True	26067	0.025	0.9999009292453926
D_fDM	AW_QTL_chr6_5	AW	6	12661080	12836811	175732	175732	1.0	True	27091	0.025	0.9999423872968173
D_fDM	AW_QTL_chr7_1	AW	7	1012891	1112891	100001	100001	1.0	True	30357	0.025	0.9999569270045021
D_fDM	AW_QTL_chr7_2	AW	7	4143923	4243923	100001	100001	1.0	True	30357	0.025	0.9999569270045021
D_fDM	AW_QTL_chr7_3	AW	7	5634836	5797742	162907	162907	1.0	True	29068	0.025	0.999919053181523
D_fDM	AW_QTL_chr7_4	AW	7	5910537	6010537	100001	100001	1.0	True	30357	0.025	0.9999569270045021
D_fDM	AW_QTL_chr7_5	AW	7	7321415	7536388	214974	214974	1.0	True	27872	0.025	0.999897448749763
D_fDM	AW_QTL_chr7_6	AW	7	8519872	8619872	100001	100001	1.0	True	30357	0.025	0.9999569270045021
D_fDM	AW_QTL_chr7_7	AW	7	8914112	9014112	100001	100001	1.0	True	30357	0.025	0.9999569270045021
D_fDM	AW_QTL_chr7_8	AW	7	9925209	10025209	100001	100001	1.0	True	30357	0.025	0.9999569270045021
D_fDM	AW_QTL_chr8_1	AW	8	7618433	7718433	100001	100001	1.0	True	9493	0.025	0.9999640823143017
D_fDM	AW_QTL_chr8_2	AW	8	8074762	8174762	100001	100001	1.0	True	9493	0.025	0.9999640823143017
D_fDM	AW_QTL_chr8_3	AW	8	17099209	17199236	100028	0	0.0	False	0		
D_fDM	AW_QTL_chr9_1	AW	9	8044622	8144622	100001	100001	1.0	True	22459	0.025	0.9999661702479106
D_fDM	AW_QTL_chr9_2	AW	9	10260634	10360634	100001	100001	1.0	True	22459	0.025	0.9999661702479106
D_fDM	AW_QTL_chr9_3	AW	9	13998828	14098828	100001	100001	1.0	True	22459	0.025	0.9999661702479106
D_fDM	DELR2_i_QTL_chr1_1	DELR2	1	44917507	45017507	100001	100001	1.0	True	49954	0.025	0.9999709323481695
D_fDM	DELR2_i_QTL_chr4_1	DELR2	4	1201429	1301429	100001	100001	1.0	True	1315	0.025	0.9998289294673594
D_fDM	DELR2_i_QTL_chr4_2	DELR2	4	4684372	4804770	120399	0	0.0	False	0		
D_fDM	DELR2_i_QTL_chr4_3	DELR2	4	9535759	9642953	107195	0	0.0	False	0		
D_fDM	DELR4_i_QTL_chr1_1	DELR4	1	43992608	44092608	100001	100001	1.0	True	49954	0.025	0.9999709323481695
D_fDM	DELR4_i_QTL_chr2_1	DELR4	2	2137553	2237553	100001	100001	1.0	True	44652	0.025	0.9999847647765573
D_fDM	DELR4_i_QTL_chr3_1	DELR4	3	59418	159418	100001	100001	1.0	True	29808	0.025	0.9999502453982438
D_fDM	DELR4_i_QTL_chr4_1	DELR4	4	3371867	3471867	100001	0	0.0	False	0		
D_fDM	DELR4_i_QTL_chr7_1	DELR4	7	10425043	10526129	101087	101087	1.0	True	30330	0.025	0.999960987207857
D_fDM	DELR4_i_QTL_chr9_1	DELR4	9	13658519	13758519	100001	100001	1.0	True	22459	0.025	0.9999661702479106
D_fDM	DELR5_i_QTL_chr2_1	DELR5	2	549778	652002	102225	102225	1.0	True	44629	0.025	0.9999826594607345
D_fDM	DELR5_i_QTL_chr2_2	DELR5	2	21827685	21927685	100001	100001	1.0	True	44652	0.025	0.9999847647765573
D_fDM	DELR5_i_QTL_chr2_3	DELR5	2	26733677	26833677	100001	100001	1.0	True	44652	0.025	0.9999847647765573
D_fDM	DELR5_i_QTL_chr3_1	DELR5	3	10412960	10512960	100001	100001	1.0	True	29808	0.025	0.9999502453982438
D_fDM	DELR5_i_QTL_chr3_2	DELR5	3	30301719	30401719	100001	100001	1.0	True	29808	0.025	0.9999502453982438
D_fDM	DELR5_i_QTL_chr4_1	DELR5	4	18736739	18948064	211326	0	0.0	False	0		
D_fDM	DELR5_i_QTL_chr7_1	DELR5	7	15738421	15838421	100001	100001	1.0	True	30357	0.025	0.9999569270045021
D_fDM	DELR5_i_QTL_chr8_1	DELR5	8	4457795	4557795	100001	100001	1.0	True	9493	0.025	0.9999640823143017
D_fDM	DTEP_cat_QTL_chr1_1	DTEP categorical	1	4479132	4579132	100001	100001	1.0	True	49954	0.025	0.9999709323481695
D_fDM	DTEP_cat_QTL_chr1_2	DTEP categorical	1	7505112	7606439	101328	101328	1.0	True	49927	0.025	0.9999691385835763
D_fDM	DTEP_cat_QTL_chr1_3	DTEP categorical	1	9255034	9393751	138718	138718	1.0	True	48975	0.025	0.9999622898464501
D_fDM	DTEP_cat_QTL_chr1_4	DTEP categorical	1	9577894	9765491	187598	187598	1.0	True	47653	0.025	0.9999345370587699
D_fDM	DTEP_cat_QTL_chr1_5	DTEP categorical	1	13016656	13123424	106769	106769	1.0	True	49804	0.025	0.99995673361675
D_fDM	DTEP_cat_QTL_chr1_6	DTEP categorical	1	13352668	13452668	100001	100001	1.0	True	49954	0.025	0.9999709323481695
D_fDM	DTEP_cat_QTL_chr1_7	DTEP categorical	1	31693682	31793682	100001	100001	1.0	True	49954	0.025	0.9999709323481695
D_fDM	DTEP_cat_QTL_chr1_8	DTEP categorical	1	33800832	33900832	100001	100001	1.0	True	49954	0.025	0.9999709323481695
D_fDM	DTEP_cat_QTL_chr1_9	DTEP categorical	1	38384363	38484363	100001	100001	1.0	True	49954	0.025	0.9999709323481695
D_fDM	DTEP_cat_QTL_chr1_10	DTEP categorical	1	39125933	39226068	100136	100136	1.0	True	49954	0.025	0.9999693254584183
D_fDM	DTEP_cat_QTL_chr1_11	DTEP categorical	1	41497786	41597786	100001	100001	1.0	True	49954	0.025	0.9999709323481695
D_fDM	DTEP_cat_QTL_chr10_1	DTEP categorical	10	7645409	7745409	100001	100001	1.0	True	102	1.0	0.30197384300666796
D_fDM	DTEP_cat_QTL_chr10_2	DTEP categorical	10	10514953	10614953	100001	100001	1.0	True	102	1.0	0.30197384300666796
D_fDM	DTEP_cat_QTL_chr2_1	DTEP categorical	2	3774853	3874853	100001	100001	1.0	True	44652	0.025	0.9999847647765573
D_fDM	DTEP_cat_QTL_chr2_2	DTEP categorical	2	5334959	5536570	201612	201612	1.0	True	43471	0.025	0.99995676322467
D_fDM	DTEP_cat_QTL_chr2_3	DTEP categorical	2	8984709	9084709	100001	100001	1.0	True	44652	0.025	0.9999847647765573
D_fDM	DTEP_cat_QTL_chr2_4	DTEP categorical	2	9397056	9497056	100001	100001	1.0	True	44652	0.025	0.9999847647765573
D_fDM	DTEP_cat_QTL_chr2_5	DTEP categorical	2	10892218	10992218	100001	100001	1.0	True	44652	0.025	0.9999847647765573
D_fDM	DTEP_cat_QTL_chr2_6	DTEP categorical	2	13413245	13513245	100001	100001	1.0	True	44652	0.025	0.9999847647765573
D_fDM	DTEP_cat_QTL_chr2_7	DTEP categorical	2	15826471	16114217	287747	287747	1.0	True	42321	0.025	0.9999518448446016
D_fDM	DTEP_cat_QTL_chr2_8	DTEP categorical	2	16354757	16578775	224019	224019	1.0	True	43157	0.025	0.9999436393589899
D_fDM	DTEP_cat_QTL_chr2_9	DTEP categorical	2	20006954	20109936	102983	102983	1.0	True	44625	0.025	0.9999790902912342
D_fDM	DTEP_cat_QTL_chr2_10	DTEP categorical	2	20220626	20320626	100001	100001	1.0	True	44652	0.025	0.9999847647765573
D_fDM	DTEP_cat_QTL_chr2_11	DTEP categorical	2	22367524	22481853	114330	114330	1.0	True	44498	0.025	0.9999857215482265
D_fDM	DTEP_cat_QTL_chr2_12	DTEP categorical	2	22642523	22742523	100001	100001	1.0	True	44652	0.025	0.9999847647765573
D_fDM	DTEP_cat_QTL_chr2_13	DTEP categorical	2	23674854	23920667	245814	245814	1.0	True	42820	0.025	0.9999609056090291
D_fDM	DTEP_cat_QTL_chr2_14	DTEP categorical	2	24549354	24649354	100001	100001	1.0	True	44652	0.025	0.9999847647765573
D_fDM	DTEP_cat_QTL_chr3_1	DTEP categorical	3	8531584	8662918	131335	113416	0.8635626451440972	True	669	0.025	0.8519114078757622
D_fDM	DTEP_cat_QTL_chr3_2	DTEP categorical	3	8982791	9154370	171580	171580	1.0	True	27792	0.025	0.9998860108743802
D_fDM	DTEP_cat_QTL_chr3_3	DTEP categorical	3	9526410	9626410	100001	100001	1.0	True	29808	0.025	0.9999502453982438
D_fDM	DTEP_cat_QTL_chr3_4	DTEP categorical	3	12517046	12777857	260812	260812	1.0	True	25832	0.025	0.9998483881273628
D_fDM	DTEP_cat_QTL_chr3_5	DTEP categorical	3	14664454	14764454	100001	90001	0.90000099999	True	1504	0.025	0.900467245327547
D_fDM	DTEP_cat_QTL_chr3_6	DTEP categorical	3	23608243	23708243	100001	100001	1.0	True	29808	0.025	0.9999502453982438
D_fDM	DTEP_cat_QTL_chr4_1	DTEP categorical	4	2931310	3031310	100001	0	0.0	False	0		
D_fDM	DTEP_cat_QTL_chr4_2	DTEP categorical	4	4557474	4657474	100001	0	0.0	False	0		
D_fDM	DTEP_cat_QTL_chr4_3	DTEP categorical	4	19159088	19293120	134033	0	0.0	False	0		
D_fDM	DTEP_cat_QTL_chr5_1	DTEP categorical	5	552465	652465	100001	100001	1.0	True	37355	0.025	0.999959717442044
D_fDM	DTEP_cat_QTL_chr5_2	DTEP categorical	5	1949599	2049599	100001	100001	1.0	True	37355	0.025	0.999959717442044
D_fDM	DTEP_cat_QTL_chr5_3	DTEP categorical	5	5021365	5121365	100001	100001	1.0	True	37355	0.025	0.999959717442044
D_fDM	DTEP_cat_QTL_chr5_4	DTEP categorical	5	9173256	9273256	100001	100001	1.0	True	37355	0.025	0.999959717442044
D_fDM	DTEP_cat_QTL_chr5_5	DTEP categorical	5	9462097	9562097	100001	100001	1.0	True	37355	0.025	0.999959717442044
D_fDM	DTEP_cat_QTL_chr5_6	DTEP categorical	5	9811791	9911791	100001	100001	1.0	True	37355	0.025	0.999959717442044
D_fDM	DTEP_cat_QTL_chr5_7	DTEP categorical	5	10299800	10399800	100001	100001	1.0	True	37355	0.025	0.999959717442044
D_fDM	DTEP_cat_QTL_chr5_8	DTEP categorical	5	13491179	13591179	100001	100001	1.0	True	37355	0.025	0.999959717442044
D_fDM	DTEP_cat_QTL_chr5_9	DTEP categorical	5	13685624	13813106	127483	127483	1.0	True	36681	0.025	0.9999525527535468
D_fDM	DTEP_cat_QTL_chr5_10	DTEP categorical	5	14446749	14546749	100001	100001	1.0	True	37355	0.025	0.999959717442044
D_fDM	DTEP_cat_QTL_chr5_11	DTEP categorical	5	20427788	20527788	100001	100001	1.0	True	37355	0.025	0.999959717442044
D_fDM	DTEP_cat_QTL_chr5_12	DTEP categorical	5	24697367	24802606	105240	105240	1.0	True	37233	0.025	0.9999613232532621
D_fDM	DTEP_cat_QTL_chr6_1	DTEP categorical	6	1676644	1776644	100001	90001	0.90000099999	True	498	0.025	0.9004631640430585
D_fDM	DTEP_cat_QTL_chr6_2	DTEP categorical	6	2738124	2840093	101970	101970	1.0	True	27871	0.025	0.9999813089759735
D_fDM	DTEP_cat_QTL_chr6_3	DTEP categorical	6	3439181	3539181	100001	100001	1.0	True	27884	0.025	0.9999835412634254
D_fDM	DTEP_cat_QTL_chr6_4	DTEP categorical	6	5776556	5876556	100001	100001	1.0	True	27884	0.025	0.9999835412634254
D_fDM	DTEP_cat_QTL_chr6_5	DTEP categorical	6	9540323	9640323	100001	90001	0.90000099999	True	498	0.025	0.9004631640430585
D_fDM	DTEP_cat_QTL_chr6_6	DTEP categorical	6	9946776	10046776	100001	100001	1.0	True	27884	0.025	0.9999835412634254
D_fDM	DTEP_cat_QTL_chr6_7	DTEP categorical	6	10674562	10774562	100001	100001	1.0	True	27884	0.025	0.9999835412634254
D_fDM	DTEP_cat_QTL_chr6_8	DTEP categorical	6	12309065	12409065	100001	100001	1.0	True	27884	0.025	0.9999835412634254
D_fDM	DTEP_cat_QTL_chr6_9	DTEP categorical	6	14381304	14481304	100001	100001	1.0	True	27884	0.025	0.9999835412634254
D_fDM	DTEP_cat_QTL_chr6_10	DTEP categorical	6	20207769	20307769	100001	100001	1.0	True	27884	0.025	0.9999835412634254
D_fDM	DTEP_cat_QTL_chr7_1	DTEP categorical	7	432546	532546	100001	100001	1.0	True	30357	0.025	0.9999569270045021
D_fDM	DTEP_cat_QTL_chr7_2	DTEP categorical	7	1669390	1829821	160432	160432	1.0	True	29123	0.025	0.9999175450624899
D_fDM	DTEP_cat_QTL_chr7_3	DTEP categorical	7	1945706	2045706	100001	100001	1.0	True	30357	0.025	0.9999569270045021
D_fDM	DTEP_cat_QTL_chr7_4	DTEP categorical	7	4292288	4392288	100001	100001	1.0	True	30357	0.025	0.9999569270045021
D_fDM	DTEP_cat_QTL_chr7_5	DTEP categorical	7	4974136	5074136	100001	100001	1.0	True	30357	0.025	0.9999569270045021
D_fDM	DTEP_cat_QTL_chr7_6	DTEP categorical	7	5641927	5741927	100001	100001	1.0	True	30357	0.025	0.9999569270045021
D_fDM	DTEP_cat_QTL_chr7_7	DTEP categorical	7	6278373	6378373	100001	100001	1.0	True	30357	0.025	0.9999569270045021
D_fDM	DTEP_cat_QTL_chr7_8	DTEP categorical	7	6378643	6478643	100001	100001	1.0	True	30357	0.025	0.9999569270045021
D_fDM	DTEP_cat_QTL_chr7_9	DTEP categorical	7	7655403	7755403	100001	100001	1.0	True	30357	0.025	0.9999569270045021
D_fDM	DTEP_cat_QTL_chr7_10	DTEP categorical	7	8523877	8623877	100001	100001	1.0	True	30357	0.025	0.9999569270045021
D_fDM	DTEP_cat_QTL_chr7_11	DTEP categorical	7	10126097	10226097	100001	100001	1.0	True	30357	0.025	0.9999569270045021
D_fDM	DTEP_cat_QTL_chr7_12	DTEP categorical	7	10352105	10535283	183179	183179	1.0	True	28624	0.025	0.9999111157849306
D_fDM	DTEP_cat_QTL_chr7_13	DTEP categorical	7	10708921	10819540	110620	110620	1.0	True	30122	0.025	0.9999622546848626
D_fDM	DTEP_cat_QTL_chr7_14	DTEP categorical	7	11035682	11135682	100001	100001	1.0	True	30357	0.025	0.9999569270045021
D_fDM	DTEP_cat_QTL_chr7_15	DTEP categorical	7	12004108	12104108	100001	100001	1.0	True	30357	0.025	0.9999569270045021
D_fDM	DTEP_cat_QTL_chr7_16	DTEP categorical	7	15415218	15515218	100001	100001	1.0	True	30357	0.025	0.9999569270045021
D_fDM	DTEP_cat_QTL_chr7_17	DTEP categorical	7	16849951	16949951	100001	100001	1.0	True	30357	0.025	0.9999569270045021
D_fDM	DTEP_cat_QTL_chr7_18	DTEP categorical	7	16993997	17093997	100001	100001	1.0	True	30357	0.025	0.9999569270045021
D_fDM	DTEP_cat_QTL_chr7_19	DTEP categorical	7	18456524	18556524	100001	100001	1.0	True	30357	0.025	0.9999569270045021
D_fDM	DTEP_cat_QTL_chr8_1	DTEP categorical	8	373927	473927	100001	0	0.0	False	0		
D_fDM	DTEP_cat_QTL_chr8_2	DTEP categorical	8	2118844	2218844	100001	100001	1.0	True	9493	0.025	0.9999640823143017
D_fDM	DTEP_cat_QTL_chr8_3	DTEP categorical	8	4194813	4294813	100001	100001	1.0	True	9493	0.025	0.9999640823143017
D_fDM	DTEP_cat_QTL_chr8_4	DTEP categorical	8	6039461	6139461	100001	100001	1.0	True	9493	0.025	0.9999640823143017
D_fDM	DTEP_cat_QTL_chr8_5	DTEP categorical	8	6200874	6300874	100001	100001	1.0	True	9493	0.025	0.9999640823143017
D_fDM	DTEP_cat_QTL_chr8_6	DTEP categorical	8	15143724	15299929	156206	0	0.0	False	0		
D_fDM	DTEP_cat_QTL_chr9_1	DTEP categorical	9	3690823	3795256	104434	94434	0.9042457437233085	True	817	0.025	0.904469107813409
D_fDM	DTEP_cat_QTL_chr9_2	DTEP categorical	9	6677338	6777338	100001	100001	1.0	True	22459	0.025	0.9999661702479106
D_fDM	DTEP_cat_QTL_chr9_3	DTEP categorical	9	7120713	7220713	100001	90001	0.90000099999	True	798	0.025	0.9000836432738432
D_fDM	DTEP_cat_QTL_chr9_4	DTEP categorical	9	10781297	10881297	100001	100001	1.0	True	22459	0.025	0.9999661702479106
D_fDM	DTEP_cat_QTL_chr9_5	DTEP categorical	9	18688615	18788699	100085	0	0.0	False	0		
D_fDM	EHR_i_QTL_chr1_1	EHR	1	1138680	1238680	100001	100001	1.0	True	49954	0.025	0.9999709323481695
D_fDM	EHR_i_QTL_chr1_2	EHR	1	1373347	1473347	100001	100001	1.0	True	49954	0.025	0.9999709323481695
D_fDM	EHR_i_QTL_chr1_3	EHR	1	43993406	44103762	110357	110357	1.0	True	49697	0.025	0.9999688962088701
D_fDM	EHR_i_QTL_chr1_4	EHR	1	45535355	45635355	100001	100001	1.0	True	49954	0.025	0.9999709323481695
D_fDM	EHR_i_QTL_chr2_1	EHR	2	4654718	4754718	100001	100001	1.0	True	44652	0.025	0.9999847647765573
D_fDM	EHR_i_QTL_chr2_2	EHR	2	5649433	5749433	100001	75567	0.7556624433755662	True	729	0.2	0.8583143798191648
D_fDM	EHR_i_QTL_chr2_3	EHR	2	10012432	10112432	100001	100001	1.0	True	44652	0.025	0.9999847647765573
D_fDM	EHR_i_QTL_chr3_1	EHR	3	883565	983565	100001	100001	1.0	True	29808	0.025	0.9999502453982438
D_fDM	EHR_i_QTL_chr3_2	EHR	3	3703174	3803174	100001	100001	1.0	True	29808	0.025	0.9999502453982438
D_fDM	EHR_i_QTL_chr3_3	EHR	3	26914139	27014139	100001	100001	1.0	True	29808	0.025	0.9999502453982438
D_fDM	EHR_i_QTL_chr3_4	EHR	3	28615402	28715402	100001	100001	1.0	True	29808	0.025	0.9999502453982438
D_fDM	EHR_i_QTL_chr3_5	EHR	3	29804360	29904360	100001	90001	0.90000099999	True	1504	0.025	0.900467245327547
D_fDM	EHR_i_QTL_chr5_1	EHR	5	8892119	8992119	100001	100001	1.0	True	37355	0.025	0.999959717442044
D_fDM	EHR_i_QTL_chr5_2	EHR	5	14394385	14551299	156915	156915	1.0	True	36003	0.025	0.9999158175920522
D_fDM	EHR_i_QTL_chr5_3	EHR	5	15989560	16090575	101016	101016	1.0	True	37335	0.025	0.9999565780360434
D_fDM	EHR_i_QTL_chr5_4	EHR	5	16386452	16486452	100001	100001	1.0	True	37355	0.025	0.999959717442044
D_fDM	EHR_i_QTL_chr5_5	EHR	5	16949508	17300826	351319	351319	1.0	True	31396	0.025	0.9998553779363282
D_fDM	EHR_i_QTL_chr5_6	EHR	5	18093401	18193401	100001	100001	1.0	True	37355	0.025	0.999959717442044
D_fDM	EHR_i_QTL_chr5_7	EHR	5	19509693	19612980	103288	103288	1.0	True	37278	0.025	0.9999621722074556
D_fDM	EHR_i_QTL_chr5_8	EHR	5	20926908	21030587	103680	103680	1.0	True	37265	0.025	0.9999648408835287
D_fDM	EHR_i_QTL_chr5_9	EHR	5	21563301	21867062	303762	303762	1.0	True	32604	0.025	0.9998549260041724
D_fDM	EHR_i_QTL_chr5_10	EHR	5	22700206	22806536	106331	106331	1.0	True	37202	0.025	0.9999633361853021
D_fDM	EHR_i_QTL_chr5_11	EHR	5	22931638	23103651	172014	172014	1.0	True	35602	0.025	0.9999000446180449
D_fDM	EHR_i_QTL_chr5_12	EHR	5	23130582	23697840	567259	557259	0.9823713682815081	True	35171	0.025	0.9950218464737014
D_fDM	EHR_i_QTL_chr6_1	EHR	6	2645284	2745284	100001	100001	1.0	True	27884	0.025	0.9999835412634254
D_fDM	EHR_i_QTL_chr7_1	EHR	7	9111374	9211406	100033	100033	1.0	True	30355	0.025	0.9999580309803974
D_fDM	EHR_i_QTL_chr8_1	EHR	8	15451993	15552807	100815	0	0.0	False	0		
D_fDM	EHR_i_QTL_chr8_2	EHR	8	15872897	15972897	100001	0	0.0	False	0		
D_fDM	EHR_i_QTL_chr8_3	EHR	8	15998055	16102095	104041	0	0.0	False	0		
D_fDM	EHR_i_QTL_chr8_4	EHR	8	16624548	16750160	125613	0	0.0	False	0		
D_fDM	EHR_i_QTL_chr8_5	EHR	8	16835331	16936237	100907	0	0.0	False	0		
D_fDM	EHR_i_QTL_chr8_6	EHR	8	17795101	17997197	202097	0	0.0	False	0		
D_fDM	EHR_i_QTL_chr8_7	EHR	8	18532823	18632823	100001	0	0.0	False	0		
D_fDM	EHR_i_QTL_chr8_8	EHR	8	18671483	18771483	100001	0	0.0	False	0		
D_fDM	EHR_i_QTL_chr9_1	EHR	9	16361453	16461453	100001	100001	1.0	True	22459	0.025	0.9999661702479106
D_fDM	IMM21_QTL_chr1_1	IMM21	1	31522674	31623827	101154	101154	1.0	True	49929	0.025	0.9999701561309097
D_fDM	IMM21_QTL_chr1_2	IMM21	1	38384363	38484363	100001	100001	1.0	True	49954	0.025	0.9999709323481695
D_fDM	IMM21_QTL_chr1_3	IMM21	1	41497786	41597786	100001	100001	1.0	True	49954	0.025	0.9999709323481695
D_fDM	IMM21_QTL_chr10_1	IMM21	10	7645409	7745409	100001	100001	1.0	True	102	1.0	0.30197384300666796
D_fDM	IMM21_QTL_chr10_2	IMM21	10	10514953	10614953	100001	100001	1.0	True	102	1.0	0.30197384300666796
D_fDM	IMM21_QTL_chr2_1	IMM21	2	9397056	9497056	100001	100001	1.0	True	44652	0.025	0.9999847647765573
D_fDM	IMM21_QTL_chr2_2	IMM21	2	10892218	10992218	100001	100001	1.0	True	44652	0.025	0.9999847647765573
D_fDM	IMM21_QTL_chr5_1	IMM21	5	9462097	9562097	100001	100001	1.0	True	37355	0.025	0.999959717442044
D_fDM	IMM21_QTL_chr7_1	IMM21	7	7655403	7755403	100001	100001	1.0	True	30357	0.025	0.9999569270045021
D_fDM	IMM21_QTL_chr7_2	IMM21	7	10126097	10226097	100001	100001	1.0	True	30357	0.025	0.9999569270045021
D_fDM	IMM21_QTL_chr7_3	IMM21	7	18456524	18556524	100001	100001	1.0	True	30357	0.025	0.9999569270045021
D_fDM	IMM21_QTL_chr9_1	IMM21	9	10781297	10881297	100001	100001	1.0	True	22459	0.025	0.9999661702479106
D_fDM	IMM21_QTL_chr9_2	IMM21	9	11778551	11878551	100001	100001	1.0	True	22459	0.025	0.9999661702479106
D_fDM	IMM21_QTL_chr9_3	IMM21	9	14019217	14119217	100001	100001	1.0	True	22459	0.025	0.9999661702479106
D_fDM	IMM21_QTL_chr9_4	IMM21	9	18170242	18270242	100001	0	0.0	False	0		
D_fDM	IMM35_QTL_chr1_1	IMM35	1	4479132	4579132	100001	100001	1.0	True	49954	0.025	0.9999709323481695
D_fDM	IMM35_QTL_chr1_2	IMM35	1	31693682	31793682	100001	100001	1.0	True	49954	0.025	0.9999709323481695
D_fDM	IMM35_QTL_chr1_3	IMM35	1	38384363	38484363	100001	100001	1.0	True	49954	0.025	0.9999709323481695
D_fDM	IMM35_QTL_chr1_4	IMM35	1	41497786	41597786	100001	100001	1.0	True	49954	0.025	0.9999709323481695
D_fDM	IMM35_QTL_chr10_1	IMM35	10	7645409	7745409	100001	100001	1.0	True	102	1.0	0.30197384300666796
D_fDM	IMM35_QTL_chr10_2	IMM35	10	10514953	10614953	100001	100001	1.0	True	102	1.0	0.30197384300666796
D_fDM	IMM35_QTL_chr2_1	IMM35	2	9397056	9497056	100001	100001	1.0	True	44652	0.025	0.9999847647765573
D_fDM	IMM35_QTL_chr2_2	IMM35	2	10892218	10992218	100001	100001	1.0	True	44652	0.025	0.9999847647765573
D_fDM	IMM35_QTL_chr2_3	IMM35	2	24549354	24649354	100001	100001	1.0	True	44652	0.025	0.9999847647765573
D_fDM	IMM35_QTL_chr3_1	IMM35	3	9526410	9626410	100001	100001	1.0	True	29808	0.025	0.9999502453982438
D_fDM	IMM35_QTL_chr3_2	IMM35	3	23608243	23708243	100001	100001	1.0	True	29808	0.025	0.9999502453982438
D_fDM	IMM35_QTL_chr5_1	IMM35	5	552465	652465	100001	100001	1.0	True	37355	0.025	0.999959717442044
D_fDM	IMM35_QTL_chr5_2	IMM35	5	9462097	9562097	100001	100001	1.0	True	37355	0.025	0.999959717442044
D_fDM	IMM35_QTL_chr5_3	IMM35	5	9811791	9911791	100001	100001	1.0	True	37355	0.025	0.999959717442044
D_fDM	IMM35_QTL_chr5_4	IMM35	5	13491179	13591179	100001	100001	1.0	True	37355	0.025	0.999959717442044
D_fDM	IMM35_QTL_chr5_5	IMM35	5	14446749	14546749	100001	100001	1.0	True	37355	0.025	0.999959717442044
D_fDM	IMM35_QTL_chr5_6	IMM35	5	19358324	19472447	114124	114124	1.0	True	37011	0.025	0.9999490989647409
D_fDM	IMM35_QTL_chr6_1	IMM35	6	3439181	3539181	100001	100001	1.0	True	27884	0.025	0.9999835412634254
D_fDM	IMM35_QTL_chr6_2	IMM35	6	9946776	10046776	100001	100001	1.0	True	27884	0.025	0.9999835412634254
D_fDM	IMM35_QTL_chr7_1	IMM35	7	1945706	2045706	100001	100001	1.0	True	30357	0.025	0.9999569270045021
D_fDM	IMM35_QTL_chr7_2	IMM35	7	4292288	4392288	100001	100001	1.0	True	30357	0.025	0.9999569270045021
D_fDM	IMM35_QTL_chr7_3	IMM35	7	5641927	5741927	100001	100001	1.0	True	30357	0.025	0.9999569270045021
D_fDM	IMM35_QTL_chr7_4	IMM35	7	7655403	7755403	100001	100001	1.0	True	30357	0.025	0.9999569270045021
D_fDM	IMM35_QTL_chr7_5	IMM35	7	10126097	10226097	100001	100001	1.0	True	30357	0.025	0.9999569270045021
D_fDM	IMM35_QTL_chr7_6	IMM35	7	15415218	15515218	100001	100001	1.0	True	30357	0.025	0.9999569270045021
D_fDM	IMM35_QTL_chr7_7	IMM35	7	18456524	18556524	100001	100001	1.0	True	30357	0.025	0.9999569270045021
D_fDM	IMM35_QTL_chr8_1	IMM35	8	6200874	6300874	100001	100001	1.0	True	9493	0.025	0.9999640823143017
D_fDM	IMM35_QTL_chr9_1	IMM35	9	3690986	3790986	100001	90001	0.90000099999	True	798	0.025	0.9000836432738432
D_fDM	IMM35_QTL_chr9_2	IMM35	9	10781297	10881297	100001	100001	1.0	True	22459	0.025	0.9999661702479106
D_fDM	IMM49_QTL_chr1_1	IMM49	1	31693682	31793682	100001	100001	1.0	True	49954	0.025	0.9999709323481695
D_fDM	IMM49_QTL_chr1_2	IMM49	1	38384363	38484363	100001	100001	1.0	True	49954	0.025	0.9999709323481695
D_fDM	IMM49_QTL_chr1_3	IMM49	1	41497786	41597786	100001	100001	1.0	True	49954	0.025	0.9999709323481695
D_fDM	IMM49_QTL_chr10_1	IMM49	10	7645409	7745409	100001	100001	1.0	True	102	1.0	0.30197384300666796
D_fDM	IMM49_QTL_chr10_2	IMM49	10	10514953	10614953	100001	100001	1.0	True	102	1.0	0.30197384300666796
D_fDM	IMM49_QTL_chr2_1	IMM49	2	9397056	9497056	100001	100001	1.0	True	44652	0.025	0.9999847647765573
D_fDM	IMM49_QTL_chr2_2	IMM49	2	10892218	10992218	100001	100001	1.0	True	44652	0.025	0.9999847647765573
D_fDM	IMM49_QTL_chr2_3	IMM49	2	24549354	24649354	100001	100001	1.0	True	44652	0.025	0.9999847647765573
D_fDM	IMM49_QTL_chr3_1	IMM49	3	23608243	23708243	100001	100001	1.0	True	29808	0.025	0.9999502453982438
D_fDM	IMM49_QTL_chr5_1	IMM49	5	552465	652465	100001	100001	1.0	True	37355	0.025	0.999959717442044
D_fDM	IMM49_QTL_chr5_2	IMM49	5	9462097	9562097	100001	100001	1.0	True	37355	0.025	0.999959717442044
D_fDM	IMM49_QTL_chr5_3	IMM49	5	9811791	9911791	100001	100001	1.0	True	37355	0.025	0.999959717442044
D_fDM	IMM49_QTL_chr5_4	IMM49	5	13491179	13591179	100001	100001	1.0	True	37355	0.025	0.999959717442044
D_fDM	IMM49_QTL_chr5_5	IMM49	5	14446749	14546749	100001	100001	1.0	True	37355	0.025	0.999959717442044
D_fDM	IMM49_QTL_chr5_6	IMM49	5	19354685	19472447	117763	117763	1.0	True	36916	0.025	0.9999498339088314
D_fDM	IMM49_QTL_chr6_1	IMM49	6	9946776	10046776	100001	100001	1.0	True	27884	0.025	0.9999835412634254
D_fDM	IMM49_QTL_chr7_1	IMM49	7	1945706	2045706	100001	100001	1.0	True	30357	0.025	0.9999569270045021
D_fDM	IMM49_QTL_chr7_2	IMM49	7	4292288	4392288	100001	100001	1.0	True	30357	0.025	0.9999569270045021
D_fDM	IMM49_QTL_chr7_3	IMM49	7	5641927	5741927	100001	100001	1.0	True	30357	0.025	0.9999569270045021
D_fDM	IMM49_QTL_chr7_4	IMM49	7	7655403	7755403	100001	100001	1.0	True	30357	0.025	0.9999569270045021
D_fDM	IMM49_QTL_chr7_5	IMM49	7	8396349	8496349	100001	100001	1.0	True	30357	0.025	0.9999569270045021
D_fDM	IMM49_QTL_chr7_6	IMM49	7	10126097	10226097	100001	100001	1.0	True	30357	0.025	0.9999569270045021
D_fDM	IMM49_QTL_chr7_7	IMM49	7	18456524	18556524	100001	100001	1.0	True	30357	0.025	0.9999569270045021
D_fDM	IMM49_QTL_chr9_1	IMM49	9	3690986	3790986	100001	90001	0.90000099999	True	798	0.025	0.9000836432738432
D_fDM	IMM56_QTL_chr1_1	IMM56	1	4479132	4579132	100001	100001	1.0	True	49954	0.025	0.9999709323481695
D_fDM	IMM56_QTL_chr1_2	IMM56	1	38384363	38484363	100001	100001	1.0	True	49954	0.025	0.9999709323481695
D_fDM	IMM56_QTL_chr10_1	IMM56	10	7645409	7745409	100001	100001	1.0	True	102	1.0	0.30197384300666796
D_fDM	IMM56_QTL_chr10_2	IMM56	10	10514953	10614953	100001	100001	1.0	True	102	1.0	0.30197384300666796
D_fDM	IMM56_QTL_chr2_1	IMM56	2	9397056	9497056	100001	100001	1.0	True	44652	0.025	0.9999847647765573
D_fDM	IMM56_QTL_chr2_2	IMM56	2	10892218	10992218	100001	100001	1.0	True	44652	0.025	0.9999847647765573
D_fDM	IMM56_QTL_chr2_3	IMM56	2	24549354	24649354	100001	100001	1.0	True	44652	0.025	0.9999847647765573
D_fDM	IMM56_QTL_chr3_1	IMM56	3	23608243	23708243	100001	100001	1.0	True	29808	0.025	0.9999502453982438
D_fDM	IMM56_QTL_chr5_1	IMM56	5	552465	652465	100001	100001	1.0	True	37355	0.025	0.999959717442044
D_fDM	IMM56_QTL_chr5_2	IMM56	5	9462097	9562097	100001	100001	1.0	True	37355	0.025	0.999959717442044
D_fDM	IMM56_QTL_chr5_3	IMM56	5	9811791	9911791	100001	100001	1.0	True	37355	0.025	0.999959717442044
D_fDM	IMM56_QTL_chr5_4	IMM56	5	14446749	14546749	100001	100001	1.0	True	37355	0.025	0.999959717442044
D_fDM	IMM56_QTL_chr5_5	IMM56	5	15432625	15532625	100001	100001	1.0	True	37355	0.025	0.999959717442044
D_fDM	IMM56_QTL_chr7_1	IMM56	7	4292288	4392288	100001	100001	1.0	True	30357	0.025	0.9999569270045021
D_fDM	IMM56_QTL_chr7_2	IMM56	7	5641927	5741927	100001	100001	1.0	True	30357	0.025	0.9999569270045021
D_fDM	IMM56_QTL_chr7_3	IMM56	7	7655403	7755403	100001	100001	1.0	True	30357	0.025	0.9999569270045021
D_fDM	IMM56_QTL_chr7_4	IMM56	7	10126097	10226097	100001	100001	1.0	True	30357	0.025	0.9999569270045021
D_fDM	IMM56_QTL_chr7_5	IMM56	7	18456524	18556524	100001	100001	1.0	True	30357	0.025	0.9999569270045021
D_fDM	IMM63_QTL_chr10_1	IMM63	10	7645409	7745409	100001	100001	1.0	True	102	1.0	0.30197384300666796
D_fDM	IMM63_QTL_chr10_2	IMM63	10	10514953	10614953	100001	100001	1.0	True	102	1.0	0.30197384300666796
D_fDM	IMM63_QTL_chr7_1	IMM63	7	10126097	10226097	100001	100001	1.0	True	30357	0.025	0.9999569270045021
D_fDM	IMM63_QTL_chr7_2	IMM63	7	11190755	11290766	100012	100012	1.0	True	30356	0.025	0.9999575666943158
D_fDM	IMM63_QTL_chr8_1	IMM63	8	7367262	7485778	118517	118517	1.0	True	9370	0.025	0.9999558939119453
D_fDM	PW_QTL_chr1_1	PW	1	5485083	5585083	100001	100001	1.0	True	49954	0.025	0.9999709323481695
D_fDM	PW_QTL_chr1_2	PW	1	32289888	32391003	101116	101116	1.0	True	49930	0.025	0.9999700845078041
D_fDM	PW_QTL_chr1_3	PW	1	43402100	43502100	100001	100001	1.0	True	49954	0.025	0.9999709323481695
D_fDM	PW_QTL_chr2_1	PW	2	2123520	2241791	118272	118272	1.0	True	44468	0.025	0.9999855831152792
D_fDM	PW_QTL_chr3_1	PW	3	509800	609800	100001	100001	1.0	True	29808	0.025	0.9999502453982438
D_fDM	PW_QTL_chr3_2	PW	3	4443460	4543460	100001	100001	1.0	True	29808	0.025	0.9999502453982438
D_fDM	PW_QTL_chr3_3	PW	3	15879019	16028680	149662	145981	0.9754045783164731	True	28675	0.025	0.9995717848706153
D_fDM	PW_QTL_chr4_1	PW	4	23961812	24061812	100001	0	0.0	False	0		
D_fDM	PW_QTL_chr5_1	PW	5	11108296	11208296	100001	100001	1.0	True	37355	0.025	0.999959717442044
D_fDM	PW_QTL_chr5_2	PW	5	13578868	13678868	100001	100001	1.0	True	37355	0.025	0.999959717442044
D_fDM	PW_QTL_chr6_1	PW	6	1702192	1802192	100001	97193	0.9719202807971921	True	28002	0.05	0.9997647998664645
D_fDM	PW_QTL_chr6_2	PW	6	5593419	5793423	200005	200005	1.0	True	26758	0.025	0.9999211685377944
D_fDM	PW_QTL_chr6_3	PW	6	12662049	12762049	100001	100001	1.0	True	27884	0.025	0.9999835412634254
D_fDM	PW_QTL_chr6_4	PW	6	14453980	14553980	100001	100001	1.0	True	27884	0.025	0.9999835412634254
D_fDM	PW_QTL_chr7_1	PW	7	351021	455468	104448	104448	1.0	True	30268	0.025	0.9999426807230611
D_fDM	PW_QTL_chr7_2	PW	7	3774918	3874918	100001	100001	1.0	True	30357	0.025	0.9999569270045021
D_fDM	PW_QTL_chr7_3	PW	7	6343009	6443009	100001	100001	1.0	True	30357	0.025	0.9999569270045021
D_fDM	PW_QTL_chr7_4	PW	7	7248968	7348968	100001	100001	1.0	True	30357	0.025	0.9999569270045021
D_fDM	PW_QTL_chr7_5	PW	7	7544287	7644287	100001	100001	1.0	True	30357	0.025	0.9999569270045021
D_fDM	PW_QTL_chr8_1	PW	8	2168732	2352346	183615	183615	1.0	True	8872	0.025	0.9998728465957717
D_fDM	PW_QTL_chr8_2	PW	8	3080247	3180247	100001	100001	1.0	True	9493	0.025	0.9999640823143017
D_fDM	PW_QTL_chr8_3	PW	8	8298374	8398374	100001	70001	0.7000029999700003	True	388	0.2	0.8135308853097037
D_fDM	PW_QTL_chr8_4	PW	8	16424968	16524968	100001	0	0.0	False	0		
D_fDM	PW_QTL_chr9_1	PW	9	9111511	9211511	100001	100001	1.0	True	22459	0.025	0.9999661702479106
D_fDM	PW_QTL_chr9_2	PW	9	9889572	9990011	100440	100440	1.0	True	22451	0.025	0.999968653358832
D_fDM	TELC_i_QTL_chr2_1	TELC	2	3775091	3881964	106874	106874	1.0	True	44573	0.025	0.9999817326668443
D_fDM	TELC_i_QTL_chr2_2	TELC	2	23779832	23918844	139013	139013	1.0	True	44275	0.025	0.9999648246929592
D_fDM	TELC_i_QTL_chr4_1	TELC	4	4559455	4681677	122223	0	0.0	False	0		
pi_fDM	AW_QTL_chr1_1	AW	1	1258930	1358930	100001	66396	0.6639533604663953	True	336	0.05	0.6853818366578239
pi_fDM	AW_QTL_chr1_2	AW	1	2529594	2696764	167171	144230	0.8627692602185786	True	802	0.025	0.8740655688604487
pi_fDM	AW_QTL_chr1_3	AW	1	7120853	7220853	100001	90001	0.90000099999	True	2307	0.025	0.8999515986634673
pi_fDM	AW_QTL_chr1_4	AW	1	23196794	23296794	100001	100001	1.0	True	48303	0.025	0.999954762061389
pi_fDM	AW_QTL_chr1_5	AW	1	23558754	23666083	107330	107330	1.0	True	48037	0.025	0.9999583250838232
pi_fDM	AW_QTL_chr1_6	AW	1	34777313	34880021	102709	102709	1.0	True	48206	0.025	0.9999522068437247
pi_fDM	AW_QTL_chr1_7	AW	1	35176701	35276701	100001	100001	1.0	True	48303	0.025	0.999954762061389
pi_fDM	AW_QTL_chr2_1	AW	2	1568802	1668802	100001	100001	1.0	True	43416	0.025	0.9999738463090769
pi_fDM	AW_QTL_chr2_2	AW	2	2030586	2241791	211206	211206	1.0	True	41167	0.025	0.9999346123659097
pi_fDM	AW_QTL_chr2_3	AW	2	2262371	2362371	100001	100001	1.0	True	43416	0.025	0.9999738463090769
pi_fDM	AW_QTL_chr2_4	AW	2	4988231	5088231	100001	100001	1.0	True	43416	0.025	0.9999738463090769
pi_fDM	AW_QTL_chr2_5	AW	2	6621193	6721193	100001	100001	1.0	True	43416	0.025	0.9999738463090769
pi_fDM	AW_QTL_chr2_6	AW	2	7624222	7724222	100001	100001	1.0	True	43416	0.025	0.9999738463090769
pi_fDM	AW_QTL_chr2_7	AW	2	9331364	9432807	101444	101444	1.0	True	43385	0.025	0.9999776742337817
pi_fDM	AW_QTL_chr2_8	AW	2	10219623	10325420	105798	105798	1.0	True	43315	0.025	0.9999718365419105
pi_fDM	AW_QTL_chr2_9	AW	2	12715316	12815316	100001	100001	1.0	True	43416	0.025	0.9999738463090769
pi_fDM	AW_QTL_chr2_10	AW	2	20182528	20445646	263119	263119	1.0	True	40158	0.025	0.9999276684717092
pi_fDM	AW_QTL_chr2_11	AW	2	23814318	23917420	103103	103103	1.0	True	43368	0.025	0.9999703737393197
pi_fDM	AW_QTL_chr2_12	AW	2	24051539	24190028	138490	138490	1.0	True	42622	0.025	0.9999565322485067
pi_fDM	AW_QTL_chr3_1	AW	3	1227137	1327137	100001	100001	1.0	True	28416	0.025	0.9999014730432652
pi_fDM	AW_QTL_chr3_2	AW	3	1836932	2121432	284501	281432	0.989212691695284	True	26989	0.025	0.9939555752269288
pi_fDM	AW_QTL_chr3_3	AW	3	15887471	16028680	141210	102530	0.7260817222576305	True	244	0.025	0.7232146402114744
pi_fDM	AW_QTL_chr5_1	AW	5	14922061	15204251	282191	282191	1.0	True	31535	0.025	0.9998509568580691
pi_fDM	AW_QTL_chr5_2	AW	5	15927692	16027692	100001	100001	1.0	True	36915	0.025	0.9999434200429771
pi_fDM	AW_QTL_chr5_3	AW	5	17076926	17177121	100196	100196	1.0	True	36910	0.025	0.9999425993651738
pi_fDM	AW_QTL_chr5_4	AW	5	23346611	23446611	100001	100001	1.0	True	36915	0.025	0.9999434200429771
pi_fDM	AW_QTL_chr6_1	AW	6	2736868	2836868	100001	100001	1.0	True	26972	0.025	0.9999541024907117
pi_fDM	AW_QTL_chr6_2	AW	6	3617216	3720862	103647	103647	1.0	True	26904	0.025	0.999943128948962
pi_fDM	AW_QTL_chr6_3	AW	6	5668717	5768717	100001	100001	1.0	True	26972	0.025	0.9999541024907117
pi_fDM	AW_QTL_chr6_4	AW	6	9673730	9928702	254973	254973	1.0	True	24076	0.025	0.9998765886418823
pi_fDM	AW_QTL_chr6_5	AW	6	12661080	12836811	175732	175732	1.0	True	25454	0.025	0.9999373700326849
pi_fDM	AW_QTL_chr7_1	AW	7	1012891	1112891	100001	100001	1.0	True	29505	0.025	0.9999474684121147
pi_fDM	AW_QTL_chr7_2	AW	7	4143923	4243923	100001	100001	1.0	True	29505	0.025	0.9999474684121147
pi_fDM	AW_QTL_chr7_3	AW	7	5634836	5797742	162907	162907	1.0	True	27699	0.025	0.9999065260956174
pi_fDM	AW_QTL_chr7_4	AW	7	5910537	6010537	100001	100001	1.0	True	29505	0.025	0.9999474684121147
pi_fDM	AW_QTL_chr7_5	AW	7	7321415	7536388	214974	214974	1.0	True	26330	0.025	0.9998715982474192
pi_fDM	AW_QTL_chr7_6	AW	7	8519872	8619872	100001	100001	1.0	True	29505	0.025	0.9999474684121147
pi_fDM	AW_QTL_chr7_7	AW	7	8914112	9014112	100001	100001	1.0	True	29505	0.025	0.9999474684121147
pi_fDM	AW_QTL_chr7_8	AW	7	9925209	10025209	100001	100001	1.0	True	29505	0.025	0.9999474684121147
pi_fDM	AW_QTL_chr8_1	AW	8	7618433	7718433	100001	100001	1.0	True	8932	0.025	0.9998937684156521
pi_fDM	AW_QTL_chr8_2	AW	8	8074762	8174762	100001	93854	0.938530614693853	True	771	0.05	0.9142801308692492
pi_fDM	AW_QTL_chr8_3	AW	8	17099209	17199236	100028	0	0.0	False	0		
pi_fDM	AW_QTL_chr9_1	AW	9	8044622	8144622	100001	100001	1.0	True	21814	0.025	0.9999501155625649
pi_fDM	AW_QTL_chr9_2	AW	9	10260634	10360634	100001	100001	1.0	True	21814	0.025	0.9999501155625649
pi_fDM	AW_QTL_chr9_3	AW	9	13998828	14098828	100001	100001	1.0	True	21814	0.025	0.9999501155625649
pi_fDM	DELR2_i_QTL_chr1_1	DELR2	1	44917507	45017507	100001	100001	1.0	True	48303	0.025	0.999954762061389
pi_fDM	DELR2_i_QTL_chr4_1	DELR2	4	1201429	1301429	100001	100001	1.0	True	1238	0.025	0.9998249936725188
pi_fDM	DELR2_i_QTL_chr4_2	DELR2	4	4684372	4804770	120399	0	0.0	False	0		
pi_fDM	DELR2_i_QTL_chr4_3	DELR2	4	9535759	9642953	107195	0	0.0	False	0		
pi_fDM	DELR4_i_QTL_chr1_1	DELR4	1	43992608	44092608	100001	100001	1.0	True	48303	0.025	0.999954762061389
pi_fDM	DELR4_i_QTL_chr2_1	DELR4	2	2137553	2237553	100001	100001	1.0	True	43416	0.025	0.9999738463090769
pi_fDM	DELR4_i_QTL_chr3_1	DELR4	3	59418	159418	100001	100001	1.0	True	28416	0.025	0.9999014730432652
pi_fDM	DELR4_i_QTL_chr4_1	DELR4	4	3371867	3471867	100001	0	0.0	False	0		
pi_fDM	DELR4_i_QTL_chr7_1	DELR4	7	10425043	10526129	101087	101087	1.0	True	29477	0.025	0.999948263297319
pi_fDM	DELR4_i_QTL_chr9_1	DELR4	9	13658519	13758519	100001	100001	1.0	True	21814	0.025	0.9999501155625649
pi_fDM	DELR5_i_QTL_chr2_1	DELR5	2	549778	652002	102225	102225	1.0	True	43376	0.025	0.9999750452830282
pi_fDM	DELR5_i_QTL_chr2_2	DELR5	2	21827685	21927685	100001	100001	1.0	True	43416	0.025	0.9999738463090769
pi_fDM	DELR5_i_QTL_chr2_3	DELR5	2	26733677	26833677	100001	100001	1.0	True	43416	0.025	0.9999738463090769
pi_fDM	DELR5_i_QTL_chr3_1	DELR5	3	10412960	10512960	100001	100001	1.0	True	28416	0.025	0.9999014730432652
pi_fDM	DELR5_i_QTL_chr3_2	DELR5	3	30301719	30401719	100001	100001	1.0	True	28416	0.025	0.9999014730432652
pi_fDM	DELR5_i_QTL_chr4_1	DELR5	4	18736739	18948064	211326	0	0.0	False	0		
pi_fDM	DELR5_i_QTL_chr7_1	DELR5	7	15738421	15838421	100001	100001	1.0	True	29505	0.025	0.9999474684121147
pi_fDM	DELR5_i_QTL_chr8_1	DELR5	8	4457795	4557795	100001	100001	1.0	True	8932	0.025	0.9998937684156521
pi_fDM	DTEP_cat_QTL_chr1_1	DTEP categorical	1	4479132	4579132	100001	100001	1.0	True	48303	0.025	0.999954762061389
pi_fDM	DTEP_cat_QTL_chr1_2	DTEP categorical	1	7505112	7606439	101328	101328	1.0	True	48263	0.025	0.9999514208802492
pi_fDM	DTEP_cat_QTL_chr1_3	DTEP categorical	1	9255034	9393751	138718	138718	1.0	True	46937	0.025	0.9999320214191282
pi_fDM	DTEP_cat_QTL_chr1_4	DTEP categorical	1	9577894	9765491	187598	157598	0.8400835829806288	True	910	0.025	0.8413025619781557
pi_fDM	DTEP_cat_QTL_chr1_5	DTEP categorical	1	13016656	13123424	106769	106769	1.0	True	48057	0.025	0.9999569682141395
pi_fDM	DTEP_cat_QTL_chr1_6	DTEP categorical	1	13352668	13452668	100001	100001	1.0	True	48303	0.025	0.999954762061389
pi_fDM	DTEP_cat_QTL_chr1_7	DTEP categorical	1	31693682	31793682	100001	100001	1.0	True	48303	0.025	0.999954762061389
pi_fDM	DTEP_cat_QTL_chr1_8	DTEP categorical	1	33800832	33900832	100001	100001	1.0	True	48303	0.025	0.999954762061389
pi_fDM	DTEP_cat_QTL_chr1_9	DTEP categorical	1	38384363	38484363	100001	100001	1.0	True	48303	0.025	0.999954762061389
pi_fDM	DTEP_cat_QTL_chr1_10	DTEP categorical	1	39125933	39226068	100136	100136	1.0	True	48295	0.025	0.9999566118601324
pi_fDM	DTEP_cat_QTL_chr1_11	DTEP categorical	1	41497786	41597786	100001	100001	1.0	True	48303	0.025	0.999954762061389
pi_fDM	DTEP_cat_QTL_chr10_1	DTEP categorical	10	7645409	7745409	100001	100001	1.0	True	102	1.0	0.30246393614495226
pi_fDM	DTEP_cat_QTL_chr10_2	DTEP categorical	10	10514953	10614953	100001	100001	1.0	True	102	1.0	0.30246393614495226
pi_fDM	DTEP_cat_QTL_chr2_1	DTEP categorical	2	3774853	3874853	100001	100001	1.0	True	43416	0.025	0.9999738463090769
pi_fDM	DTEP_cat_QTL_chr2_2	DTEP categorical	2	5334959	5536570	201612	201612	1.0	True	41328	0.025	0.9999460254337649
pi_fDM	DTEP_cat_QTL_chr2_3	DTEP categorical	2	8984709	9084709	100001	100001	1.0	True	43416	0.025	0.9999738463090769
pi_fDM	DTEP_cat_QTL_chr2_4	DTEP categorical	2	9397056	9497056	100001	100001	1.0	True	43416	0.025	0.9999738463090769
pi_fDM	DTEP_cat_QTL_chr2_5	DTEP categorical	2	10892218	10992218	100001	90001	0.90000099999	True	1042	0.025	0.9007566546215539
pi_fDM	DTEP_cat_QTL_chr2_6	DTEP categorical	2	13413245	13513245	100001	100001	1.0	True	43416	0.025	0.9999738463090769
pi_fDM	DTEP_cat_QTL_chr2_7	DTEP categorical	2	15826471	16114217	287747	287747	1.0	True	39737	0.025	0.9999311397539693
pi_fDM	DTEP_cat_QTL_chr2_8	DTEP categorical	2	16354757	16578775	224019	214019	0.9553609292068976	True	2422	0.025	0.9555174202978515
pi_fDM	DTEP_cat_QTL_chr2_9	DTEP categorical	2	20006954	20109936	102983	102983	1.0	True	43370	0.025	0.9999705358221213
pi_fDM	DTEP_cat_QTL_chr2_10	DTEP categorical	2	20220626	20320626	100001	100001	1.0	True	43416	0.025	0.9999738463090769
pi_fDM	DTEP_cat_QTL_chr2_11	DTEP categorical	2	22367524	22481853	114330	114330	1.0	True	43162	0.025	0.9999634073843092
pi_fDM	DTEP_cat_QTL_chr2_12	DTEP categorical	2	22642523	22742523	100001	100001	1.0	True	43416	0.025	0.9999738463090769
pi_fDM	DTEP_cat_QTL_chr2_13	DTEP categorical	2	23674854	23920667	245814	245814	1.0	True	40514	0.025	0.999916007862836
pi_fDM	DTEP_cat_QTL_chr2_14	DTEP categorical	2	24549354	24649354	100001	100001	1.0	True	43416	0.025	0.9999738463090769
pi_fDM	DTEP_cat_QTL_chr3_1	DTEP categorical	3	8531584	8662918	131335	111335	0.8477176685575056	True	908	0.025	0.8481395476376197
pi_fDM	DTEP_cat_QTL_chr3_2	DTEP categorical	3	8982791	9154370	171580	171580	1.0	True	25645	0.025	0.9998458586512049
pi_fDM	DTEP_cat_QTL_chr3_3	DTEP categorical	3	9526410	9626410	100001	90001	0.90000099999	True	2359	0.025	0.9003778804941923
pi_fDM	DTEP_cat_QTL_chr3_4	DTEP categorical	3	12517046	12777857	260812	260812	1.0	True	23169	0.025	0.9997663833112598
pi_fDM	DTEP_cat_QTL_chr3_5	DTEP categorical	3	14664454	14764454	100001	90001	0.90000099999	True	2359	0.025	0.9003778804941923
pi_fDM	DTEP_cat_QTL_chr3_6	DTEP categorical	3	23608243	23708243	100001	100001	1.0	True	28416	0.025	0.9999014730432652
pi_fDM	DTEP_cat_QTL_chr4_1	DTEP categorical	4	2931310	3031310	100001	0	0.0	False	0		
pi_fDM	DTEP_cat_QTL_chr4_2	DTEP categorical	4	4557474	4657474	100001	0	0.0	False	0		
pi_fDM	DTEP_cat_QTL_chr4_3	DTEP categorical	4	19159088	19293120	134033	0	0.0	False	0		
pi_fDM	DTEP_cat_QTL_chr5_1	DTEP categorical	5	552465	652465	100001	100001	1.0	True	36915	0.025	0.9999434200429771
pi_fDM	DTEP_cat_QTL_chr5_2	DTEP categorical	5	1949599	2049599	100001	100001	1.0	True	36915	0.025	0.9999434200429771
pi_fDM	DTEP_cat_QTL_chr5_3	DTEP categorical	5	5021365	5121365	100001	100001	1.0	True	36915	0.025	0.9999434200429771
pi_fDM	DTEP_cat_QTL_chr5_4	DTEP categorical	5	9173256	9273256	100001	86745	0.8674413255867441	True	1305	0.05	0.8917134813326197
pi_fDM	DTEP_cat_QTL_chr5_5	DTEP categorical	5	9462097	9562097	100001	100001	1.0	True	36915	0.025	0.9999434200429771
pi_fDM	DTEP_cat_QTL_chr5_6	DTEP categorical	5	9811791	9911791	100001	100001	1.0	True	36915	0.025	0.9999434200429771
pi_fDM	DTEP_cat_QTL_chr5_7	DTEP categorical	5	10299800	10399800	100001	100001	1.0	True	36915	0.025	0.9999434200429771
pi_fDM	DTEP_cat_QTL_chr5_8	DTEP categorical	5	13491179	13591179	100001	100001	1.0	True	36915	0.025	0.9999434200429771
pi_fDM	DTEP_cat_QTL_chr5_9	DTEP categorical	5	13685624	13813106	127483	127483	1.0	True	36041	0.025	0.9999067125279535
pi_fDM	DTEP_cat_QTL_chr5_10	DTEP categorical	5	14446749	14546749	100001	100001	1.0	True	36915	0.025	0.9999434200429771
pi_fDM	DTEP_cat_QTL_chr5_11	DTEP categorical	5	20427788	20527788	100001	100001	1.0	True	36915	0.025	0.9999434200429771
pi_fDM	DTEP_cat_QTL_chr5_12	DTEP categorical	5	24697367	24802606	105240	105240	1.0	True	36751	0.025	0.9999432033492036
pi_fDM	DTEP_cat_QTL_chr6_1	DTEP categorical	6	1676644	1776644	100001	80001	0.8000019999800002	True	463	0.025	0.8008347994273838
pi_fDM	DTEP_cat_QTL_chr6_2	DTEP categorical	6	2738124	2840093	101970	101970	1.0	True	26940	0.025	0.999945828135981
pi_fDM	DTEP_cat_QTL_chr6_3	DTEP categorical	6	3439181	3539181	100001	100001	1.0	True	26972	0.025	0.9999541024907117
pi_fDM	DTEP_cat_QTL_chr6_4	DTEP categorical	6	5776556	5876556	100001	100001	1.0	True	26972	0.025	0.9999541024907117
pi_fDM	DTEP_cat_QTL_chr6_5	DTEP categorical	6	9540323	9640323	100001	89678	0.8967710322896771	True	937	0.025	0.9007474279579512
pi_fDM	DTEP_cat_QTL_chr6_6	DTEP categorical	6	9946776	10046776	100001	100001	1.0	True	26972	0.025	0.9999541024907117
pi_fDM	DTEP_cat_QTL_chr6_7	DTEP categorical	6	10674562	10774562	100001	100001	1.0	True	26972	0.025	0.9999541024907117
pi_fDM	DTEP_cat_QTL_chr6_8	DTEP categorical	6	12309065	12409065	100001	100001	1.0	True	26972	0.025	0.9999541024907117
pi_fDM	DTEP_cat_QTL_chr6_9	DTEP categorical	6	14381304	14481304	100001	100001	1.0	True	26972	0.025	0.9999541024907117
pi_fDM	DTEP_cat_QTL_chr6_10	DTEP categorical	6	20207769	20307769	100001	100001	1.0	True	26972	0.025	0.9999541024907117
pi_fDM	DTEP_cat_QTL_chr7_1	DTEP categorical	7	432546	532546	100001	100001	1.0	True	29505	0.025	0.9999474684121147
pi_fDM	DTEP_cat_QTL_chr7_2	DTEP categorical	7	1669390	1829821	160432	160432	1.0	True	27764	0.025	0.9999079058272243
pi_fDM	DTEP_cat_QTL_chr7_3	DTEP categorical	7	1945706	2045706	100001	100001	1.0	True	29505	0.025	0.9999474684121147
pi_fDM	DTEP_cat_QTL_chr7_4	DTEP categorical	7	4292288	4392288	100001	100001	1.0	True	29505	0.025	0.9999474684121147
pi_fDM	DTEP_cat_QTL_chr7_5	DTEP categorical	7	4974136	5074136	100001	100001	1.0	True	29505	0.025	0.9999474684121147
pi_fDM	DTEP_cat_QTL_chr7_6	DTEP categorical	7	5641927	5741927	100001	100001	1.0	True	29505	0.025	0.9999474684121147
pi_fDM	DTEP_cat_QTL_chr7_7	DTEP categorical	7	6278373	6378373	100001	100001	1.0	True	29505	0.025	0.9999474684121147
pi_fDM	DTEP_cat_QTL_chr7_8	DTEP categorical	7	6378643	6478643	100001	100001	1.0	True	29505	0.025	0.9999474684121147
pi_fDM	DTEP_cat_QTL_chr7_9	DTEP categorical	7	7655403	7755403	100001	100001	1.0	True	29505	0.025	0.9999474684121147
pi_fDM	DTEP_cat_QTL_chr7_10	DTEP categorical	7	8523877	8623877	100001	100001	1.0	True	29505	0.025	0.9999474684121147
pi_fDM	DTEP_cat_QTL_chr7_11	DTEP categorical	7	10126097	10226097	100001	100001	1.0	True	29505	0.025	0.9999474684121147
pi_fDM	DTEP_cat_QTL_chr7_12	DTEP categorical	7	10352105	10535283	183179	183179	1.0	True	27141	0.025	0.9998651058534039
pi_fDM	DTEP_cat_QTL_chr7_13	DTEP categorical	7	10708921	10819540	110620	110620	1.0	True	29238	0.025	0.9999343683319962
pi_fDM	DTEP_cat_QTL_chr7_14	DTEP categorical	7	11035682	11135682	100001	100001	1.0	True	29505	0.025	0.9999474684121147
pi_fDM	DTEP_cat_QTL_chr7_15	DTEP categorical	7	12004108	12104108	100001	100001	1.0	True	29505	0.025	0.9999474684121147
pi_fDM	DTEP_cat_QTL_chr7_16	DTEP categorical	7	15415218	15515218	100001	100001	1.0	True	29505	0.025	0.9999474684121147
pi_fDM	DTEP_cat_QTL_chr7_17	DTEP categorical	7	16849951	16949951	100001	100001	1.0	True	29505	0.025	0.9999474684121147
pi_fDM	DTEP_cat_QTL_chr7_18	DTEP categorical	7	16993997	17093997	100001	100001	1.0	True	29505	0.025	0.9999474684121147
pi_fDM	DTEP_cat_QTL_chr7_19	DTEP categorical	7	18456524	18556524	100001	100001	1.0	True	29505	0.025	0.9999474684121147
pi_fDM	DTEP_cat_QTL_chr8_1	DTEP categorical	8	373927	473927	100001	0	0.0	False	0		
pi_fDM	DTEP_cat_QTL_chr8_2	DTEP categorical	8	2118844	2218844	100001	100001	1.0	True	8932	0.025	0.9998937684156521
pi_fDM	DTEP_cat_QTL_chr8_3	DTEP categorical	8	4194813	4294813	100001	100001	1.0	True	8932	0.025	0.9998937684156521
pi_fDM	DTEP_cat_QTL_chr8_4	DTEP categorical	8	6039461	6139461	100001	100001	1.0	True	8932	0.025	0.9998937684156521
pi_fDM	DTEP_cat_QTL_chr8_5	DTEP categorical	8	6200874	6300874	100001	100001	1.0	True	8932	0.025	0.9998937684156521
pi_fDM	DTEP_cat_QTL_chr8_6	DTEP categorical	8	15143724	15299929	156206	0	0.0	False	0		
pi_fDM	DTEP_cat_QTL_chr9_1	DTEP categorical	9	3690823	3795256	104434	94434	0.9042457437233085	True	959	0.025	0.9048077882578042
pi_fDM	DTEP_cat_QTL_chr9_2	DTEP categorical	9	6677338	6777338	100001	100001	1.0	True	21814	0.025	0.9999501155625649
pi_fDM	DTEP_cat_QTL_chr9_3	DTEP categorical	9	7120713	7220713	100001	90001	0.90000099999	True	908	0.025	0.9003118779384894
pi_fDM	DTEP_cat_QTL_chr9_4	DTEP categorical	9	10781297	10881297	100001	100001	1.0	True	21814	0.025	0.9999501155625649
pi_fDM	DTEP_cat_QTL_chr9_5	DTEP categorical	9	18688615	18788699	100085	0	0.0	False	0		
pi_fDM	EHR_i_QTL_chr1_1	EHR	1	1138680	1238680	100001	100001	1.0	True	48303	0.025	0.999954762061389
pi_fDM	EHR_i_QTL_chr1_2	EHR	1	1373347	1473347	100001	100001	1.0	True	48303	0.025	0.999954762061389
pi_fDM	EHR_i_QTL_chr1_3	EHR	1	43993406	44103762	110357	110357	1.0	True	47950	0.025	0.9999502908198318
pi_fDM	EHR_i_QTL_chr1_4	EHR	1	45535355	45635355	100001	100001	1.0	True	48303	0.025	0.999954762061389
pi_fDM	EHR_i_QTL_chr2_1	EHR	2	4654718	4754718	100001	100001	1.0	True	43416	0.025	0.9999738463090769
pi_fDM	EHR_i_QTL_chr2_2	EHR	2	5649433	5749433	100001	70568	0.7056729432705673	True	536	0.1	0.7455580108378019
pi_fDM	EHR_i_QTL_chr2_3	EHR	2	10012432	10112432	100001	100001	1.0	True	43416	0.025	0.9999738463090769
pi_fDM	EHR_i_QTL_chr3_1	EHR	3	883565	983565	100001	100001	1.0	True	28416	0.025	0.9999014730432652
pi_fDM	EHR_i_QTL_chr3_2	EHR	3	3703174	3803174	100001	100001	1.0	True	28416	0.025	0.9999014730432652
pi_fDM	EHR_i_QTL_chr3_3	EHR	3	26914139	27014139	100001	100001	1.0	True	28416	0.025	0.9999014730432652
pi_fDM	EHR_i_QTL_chr3_4	EHR	3	28615402	28715402	100001	100001	1.0	True	28416	0.025	0.9999014730432652
pi_fDM	EHR_i_QTL_chr3_5	EHR	3	29804360	29904360	100001	90001	0.90000099999	True	2359	0.025	0.9003778804941923
pi_fDM	EHR_i_QTL_chr5_1	EHR	5	8892119	8992119	100001	100001	1.0	True	36915	0.025	0.9999434200429771
pi_fDM	EHR_i_QTL_chr5_2	EHR	5	14394385	14551299	156915	156915	1.0	True	35091	0.025	0.9999066195808924
pi_fDM	EHR_i_QTL_chr5_3	EHR	5	15989560	16090575	101016	101016	1.0	True	36885	0.025	0.999941719686612
pi_fDM	EHR_i_QTL_chr5_4	EHR	5	16386452	16486452	100001	100001	1.0	True	36915	0.025	0.9999434200429771
pi_fDM	EHR_i_QTL_chr5_5	EHR	5	16949508	17300826	351319	351319	1.0	True	29477	0.025	0.9998134700000293
pi_fDM	EHR_i_QTL_chr5_6	EHR	5	18093401	18193401	100001	100001	1.0	True	36915	0.025	0.9999434200429771
pi_fDM	EHR_i_QTL_chr5_7	EHR	5	19509693	19612980	103288	103288	1.0	True	36811	0.025	0.9999442392171535
pi_fDM	EHR_i_QTL_chr5_8	EHR	5	20926908	21030587	103680	103680	1.0	True	36795	0.025	0.9999470233287031
pi_fDM	EHR_i_QTL_chr5_9	EHR	5	21563301	21867062	303762	303762	1.0	True	30963	0.025	0.9997917874221184
pi_fDM	EHR_i_QTL_chr5_10	EHR	5	22700206	22806536	106331	106331	1.0	True	36725	0.025	0.9999348408167289
pi_fDM	EHR_i_QTL_chr5_11	EHR	5	22931638	23103651	172014	172014	1.0	True	34568	0.025	0.9998932068983573
pi_fDM	EHR_i_QTL_chr5_12	EHR	5	23130582	23697840	567259	547840	0.9657669600658606	True	11677	0.025	0.9663115951104697
pi_fDM	EHR_i_QTL_chr6_1	EHR	6	2645284	2745284	100001	100001	1.0	True	26972	0.025	0.9999541024907117
pi_fDM	EHR_i_QTL_chr7_1	EHR	7	9111374	9211406	100033	100033	1.0	True	29502	0.025	0.9999493567570129
pi_fDM	EHR_i_QTL_chr8_1	EHR	8	15451993	15552807	100815	0	0.0	False	0		
pi_fDM	EHR_i_QTL_chr8_2	EHR	8	15872897	15972897	100001	0	0.0	False	0		
pi_fDM	EHR_i_QTL_chr8_3	EHR	8	15998055	16102095	104041	0	0.0	False	0		
pi_fDM	EHR_i_QTL_chr8_4	EHR	8	16624548	16750160	125613	0	0.0	False	0		
pi_fDM	EHR_i_QTL_chr8_5	EHR	8	16835331	16936237	100907	0	0.0	False	0		
pi_fDM	EHR_i_QTL_chr8_6	EHR	8	17795101	17997197	202097	0	0.0	False	0		
pi_fDM	EHR_i_QTL_chr8_7	EHR	8	18532823	18632823	100001	0	0.0	False	0		
pi_fDM	EHR_i_QTL_chr8_8	EHR	8	18671483	18771483	100001	0	0.0	False	0		
pi_fDM	EHR_i_QTL_chr9_1	EHR	9	16361453	16461453	100001	100001	1.0	True	21814	0.025	0.9999501155625649
pi_fDM	IMM21_QTL_chr1_1	IMM21	1	31522674	31623827	101154	101154	1.0	True	48267	0.025	0.9999526517707658
pi_fDM	IMM21_QTL_chr1_2	IMM21	1	38384363	38484363	100001	100001	1.0	True	48303	0.025	0.999954762061389
pi_fDM	IMM21_QTL_chr1_3	IMM21	1	41497786	41597786	100001	100001	1.0	True	48303	0.025	0.999954762061389
pi_fDM	IMM21_QTL_chr10_1	IMM21	10	7645409	7745409	100001	100001	1.0	True	102	1.0	0.30246393614495226
pi_fDM	IMM21_QTL_chr10_2	IMM21	10	10514953	10614953	100001	100001	1.0	True	102	1.0	0.30246393614495226
pi_fDM	IMM21_QTL_chr2_1	IMM21	2	9397056	9497056	100001	100001	1.0	True	43416	0.025	0.9999738463090769
pi_fDM	IMM21_QTL_chr2_2	IMM21	2	10892218	10992218	100001	90001	0.90000099999	True	1042	0.025	0.9007566546215539
pi_fDM	IMM21_QTL_chr5_1	IMM21	5	9462097	9562097	100001	100001	1.0	True	36915	0.025	0.9999434200429771
pi_fDM	IMM21_QTL_chr7_1	IMM21	7	7655403	7755403	100001	100001	1.0	True	29505	0.025	0.9999474684121147
pi_fDM	IMM21_QTL_chr7_2	IMM21	7	10126097	10226097	100001	100001	1.0	True	29505	0.025	0.9999474684121147
pi_fDM	IMM21_QTL_chr7_3	IMM21	7	18456524	18556524	100001	100001	1.0	True	29505	0.025	0.9999474684121147
pi_fDM	IMM21_QTL_chr9_1	IMM21	9	10781297	10881297	100001	100001	1.0	True	21814	0.025	0.9999501155625649
pi_fDM	IMM21_QTL_chr9_2	IMM21	9	11778551	11878551	100001	100001	1.0	True	21814	0.025	0.9999501155625649
pi_fDM	IMM21_QTL_chr9_3	IMM21	9	14019217	14119217	100001	100001	1.0	True	21814	0.025	0.9999501155625649
pi_fDM	IMM21_QTL_chr9_4	IMM21	9	18170242	18270242	100001	0	0.0	False	0		
pi_fDM	IMM35_QTL_chr1_1	IMM35	1	4479132	4579132	100001	100001	1.0	True	48303	0.025	0.999954762061389
pi_fDM	IMM35_QTL_chr1_2	IMM35	1	31693682	31793682	100001	100001	1.0	True	48303	0.025	0.999954762061389
pi_fDM	IMM35_QTL_chr1_3	IMM35	1	38384363	38484363	100001	100001	1.0	True	48303	0.025	0.999954762061389
pi_fDM	IMM35_QTL_chr1_4	IMM35	1	41497786	41597786	100001	100001	1.0	True	48303	0.025	0.999954762061389
pi_fDM	IMM35_QTL_chr10_1	IMM35	10	7645409	7745409	100001	100001	1.0	True	102	1.0	0.30246393614495226
pi_fDM	IMM35_QTL_chr10_2	IMM35	10	10514953	10614953	100001	100001	1.0	True	102	1.0	0.30246393614495226
pi_fDM	IMM35_QTL_chr2_1	IMM35	2	9397056	9497056	100001	100001	1.0	True	43416	0.025	0.9999738463090769
pi_fDM	IMM35_QTL_chr2_2	IMM35	2	10892218	10992218	100001	90001	0.90000099999	True	1042	0.025	0.9007566546215539
pi_fDM	IMM35_QTL_chr2_3	IMM35	2	24549354	24649354	100001	100001	1.0	True	43416	0.025	0.9999738463090769
pi_fDM	IMM35_QTL_chr3_1	IMM35	3	9526410	9626410	100001	90001	0.90000099999	True	2359	0.025	0.9003778804941923
pi_fDM	IMM35_QTL_chr3_2	IMM35	3	23608243	23708243	100001	100001	1.0	True	28416	0.025	0.9999014730432652
pi_fDM	IMM35_QTL_chr5_1	IMM35	5	552465	652465	100001	100001	1.0	True	36915	0.025	0.9999434200429771
pi_fDM	IMM35_QTL_chr5_2	IMM35	5	9462097	9562097	100001	100001	1.0	True	36915	0.025	0.9999434200429771
pi_fDM	IMM35_QTL_chr5_3	IMM35	5	9811791	9911791	100001	100001	1.0	True	36915	0.025	0.9999434200429771
pi_fDM	IMM35_QTL_chr5_4	IMM35	5	13491179	13591179	100001	100001	1.0	True	36915	0.025	0.9999434200429771
pi_fDM	IMM35_QTL_chr5_5	IMM35	5	14446749	14546749	100001	100001	1.0	True	36915	0.025	0.9999434200429771
pi_fDM	IMM35_QTL_chr5_6	IMM35	5	19358324	19472447	114124	114124	1.0	True	36451	0.025	0.9999416166207356
pi_fDM	IMM35_QTL_chr6_1	IMM35	6	3439181	3539181	100001	100001	1.0	True	26972	0.025	0.9999541024907117
pi_fDM	IMM35_QTL_chr6_2	IMM35	6	9946776	10046776	100001	100001	1.0	True	26972	0.025	0.9999541024907117
pi_fDM	IMM35_QTL_chr7_1	IMM35	7	1945706	2045706	100001	100001	1.0	True	29505	0.025	0.9999474684121147
pi_fDM	IMM35_QTL_chr7_2	IMM35	7	4292288	4392288	100001	100001	1.0	True	29505	0.025	0.9999474684121147
pi_fDM	IMM35_QTL_chr7_3	IMM35	7	5641927	5741927	100001	100001	1.0	True	29505	0.025	0.9999474684121147
pi_fDM	IMM35_QTL_chr7_4	IMM35	7	7655403	7755403	100001	100001	1.0	True	29505	0.025	0.9999474684121147
pi_fDM	IMM35_QTL_chr7_5	IMM35	7	10126097	10226097	100001	100001	1.0	True	29505	0.025	0.9999474684121147
pi_fDM	IMM35_QTL_chr7_6	IMM35	7	15415218	15515218	100001	100001	1.0	True	29505	0.025	0.9999474684121147
pi_fDM	IMM35_QTL_chr7_7	IMM35	7	18456524	18556524	100001	100001	1.0	True	29505	0.025	0.9999474684121147
pi_fDM	IMM35_QTL_chr8_1	IMM35	8	6200874	6300874	100001	100001	1.0	True	8932	0.025	0.9998937684156521
pi_fDM	IMM35_QTL_chr9_1	IMM35	9	3690986	3790986	100001	90001	0.90000099999	True	908	0.025	0.9003118779384894
pi_fDM	IMM35_QTL_chr9_2	IMM35	9	10781297	10881297	100001	100001	1.0	True	21814	0.025	0.9999501155625649
pi_fDM	IMM49_QTL_chr1_1	IMM49	1	31693682	31793682	100001	100001	1.0	True	48303	0.025	0.999954762061389
pi_fDM	IMM49_QTL_chr1_2	IMM49	1	38384363	38484363	100001	100001	1.0	True	48303	0.025	0.999954762061389
pi_fDM	IMM49_QTL_chr1_3	IMM49	1	41497786	41597786	100001	100001	1.0	True	48303	0.025	0.999954762061389
pi_fDM	IMM49_QTL_chr10_1	IMM49	10	7645409	7745409	100001	100001	1.0	True	102	1.0	0.30246393614495226
pi_fDM	IMM49_QTL_chr10_2	IMM49	10	10514953	10614953	100001	100001	1.0	True	102	1.0	0.30246393614495226
pi_fDM	IMM49_QTL_chr2_1	IMM49	2	9397056	9497056	100001	100001	1.0	True	43416	0.025	0.9999738463090769
pi_fDM	IMM49_QTL_chr2_2	IMM49	2	10892218	10992218	100001	90001	0.90000099999	True	1042	0.025	0.9007566546215539
pi_fDM	IMM49_QTL_chr2_3	IMM49	2	24549354	24649354	100001	100001	1.0	True	43416	0.025	0.9999738463090769
pi_fDM	IMM49_QTL_chr3_1	IMM49	3	23608243	23708243	100001	100001	1.0	True	28416	0.025	0.9999014730432652
pi_fDM	IMM49_QTL_chr5_1	IMM49	5	552465	652465	100001	100001	1.0	True	36915	0.025	0.9999434200429771
pi_fDM	IMM49_QTL_chr5_2	IMM49	5	9462097	9562097	100001	100001	1.0	True	36915	0.025	0.9999434200429771
pi_fDM	IMM49_QTL_chr5_3	IMM49	5	9811791	9911791	100001	100001	1.0	True	36915	0.025	0.9999434200429771
pi_fDM	IMM49_QTL_chr5_4	IMM49	5	13491179	13591179	100001	100001	1.0	True	36915	0.025	0.9999434200429771
pi_fDM	IMM49_QTL_chr5_5	IMM49	5	14446749	14546749	100001	100001	1.0	True	36915	0.025	0.9999434200429771
pi_fDM	IMM49_QTL_chr5_6	IMM49	5	19354685	19472447	117763	117763	1.0	True	36353	0.025	0.9999348700063114
pi_fDM	IMM49_QTL_chr6_1	IMM49	6	9946776	10046776	100001	100001	1.0	True	26972	0.025	0.9999541024907117
pi_fDM	IMM49_QTL_chr7_1	IMM49	7	1945706	2045706	100001	100001	1.0	True	29505	0.025	0.9999474684121147
pi_fDM	IMM49_QTL_chr7_2	IMM49	7	4292288	4392288	100001	100001	1.0	True	29505	0.025	0.9999474684121147
pi_fDM	IMM49_QTL_chr7_3	IMM49	7	5641927	5741927	100001	100001	1.0	True	29505	0.025	0.9999474684121147
pi_fDM	IMM49_QTL_chr7_4	IMM49	7	7655403	7755403	100001	100001	1.0	True	29505	0.025	0.9999474684121147
pi_fDM	IMM49_QTL_chr7_5	IMM49	7	8396349	8496349	100001	100001	1.0	True	29505	0.025	0.9999474684121147
pi_fDM	IMM49_QTL_chr7_6	IMM49	7	10126097	10226097	100001	100001	1.0	True	29505	0.025	0.9999474684121147
pi_fDM	IMM49_QTL_chr7_7	IMM49	7	18456524	18556524	100001	100001	1.0	True	29505	0.025	0.9999474684121147
pi_fDM	IMM49_QTL_chr9_1	IMM49	9	3690986	3790986	100001	90001	0.90000099999	True	908	0.025	0.9003118779384894
pi_fDM	IMM56_QTL_chr1_1	IMM56	1	4479132	4579132	100001	100001	1.0	True	48303	0.025	0.999954762061389
pi_fDM	IMM56_QTL_chr1_2	IMM56	1	38384363	38484363	100001	100001	1.0	True	48303	0.025	0.999954762061389
pi_fDM	IMM56_QTL_chr10_1	IMM56	10	7645409	7745409	100001	100001	1.0	True	102	1.0	0.30246393614495226
pi_fDM	IMM56_QTL_chr10_2	IMM56	10	10514953	10614953	100001	100001	1.0	True	102	1.0	0.30246393614495226
pi_fDM	IMM56_QTL_chr2_1	IMM56	2	9397056	9497056	100001	100001	1.0	True	43416	0.025	0.9999738463090769
pi_fDM	IMM56_QTL_chr2_2	IMM56	2	10892218	10992218	100001	90001	0.90000099999	True	1042	0.025	0.9007566546215539
pi_fDM	IMM56_QTL_chr2_3	IMM56	2	24549354	24649354	100001	100001	1.0	True	43416	0.025	0.9999738463090769
pi_fDM	IMM56_QTL_chr3_1	IMM56	3	23608243	23708243	100001	100001	1.0	True	28416	0.025	0.9999014730432652
pi_fDM	IMM56_QTL_chr5_1	IMM56	5	552465	652465	100001	100001	1.0	True	36915	0.025	0.9999434200429771
pi_fDM	IMM56_QTL_chr5_2	IMM56	5	9462097	9562097	100001	100001	1.0	True	36915	0.025	0.9999434200429771
pi_fDM	IMM56_QTL_chr5_3	IMM56	5	9811791	9911791	100001	100001	1.0	True	36915	0.025	0.9999434200429771
pi_fDM	IMM56_QTL_chr5_4	IMM56	5	14446749	14546749	100001	100001	1.0	True	36915	0.025	0.9999434200429771
pi_fDM	IMM56_QTL_chr5_5	IMM56	5	15432625	15532625	100001	100001	1.0	True	36915	0.025	0.9999434200429771
pi_fDM	IMM56_QTL_chr7_1	IMM56	7	4292288	4392288	100001	100001	1.0	True	29505	0.025	0.9999474684121147
pi_fDM	IMM56_QTL_chr7_2	IMM56	7	5641927	5741927	100001	100001	1.0	True	29505	0.025	0.9999474684121147
pi_fDM	IMM56_QTL_chr7_3	IMM56	7	7655403	7755403	100001	100001	1.0	True	29505	0.025	0.9999474684121147
pi_fDM	IMM56_QTL_chr7_4	IMM56	7	10126097	10226097	100001	100001	1.0	True	29505	0.025	0.9999474684121147
pi_fDM	IMM56_QTL_chr7_5	IMM56	7	18456524	18556524	100001	100001	1.0	True	29505	0.025	0.9999474684121147
pi_fDM	IMM63_QTL_chr10_1	IMM63	10	7645409	7745409	100001	100001	1.0	True	102	1.0	0.30246393614495226
pi_fDM	IMM63_QTL_chr10_2	IMM63	10	10514953	10614953	100001	100001	1.0	True	102	1.0	0.30246393614495226
pi_fDM	IMM63_QTL_chr7_1	IMM63	7	10126097	10226097	100001	100001	1.0	True	29505	0.025	0.9999474684121147
pi_fDM	IMM63_QTL_chr7_2	IMM63	7	11190755	11290766	100012	100012	1.0	True	29504	0.025	0.999948092928957
pi_fDM	IMM63_QTL_chr8_1	IMM63	8	7367262	7485778	118517	108517	0.9156239189314613	True	775	0.025	0.9163891609941898
pi_fDM	PW_QTL_chr1_1	PW	1	5485083	5585083	100001	100001	1.0	True	48303	0.025	0.999954762061389
pi_fDM	PW_QTL_chr1_2	PW	1	32289888	32391003	101116	101116	1.0	True	48267	0.025	0.9999533574586829
pi_fDM	PW_QTL_chr1_3	PW	1	43402100	43502100	100001	100001	1.0	True	48303	0.025	0.999954762061389
pi_fDM	PW_QTL_chr2_1	PW	2	2123520	2241791	118272	118272	1.0	True	43079	0.025	0.9999619510309082
pi_fDM	PW_QTL_chr3_1	PW	3	509800	609800	100001	100001	1.0	True	28416	0.025	0.9999014730432652
pi_fDM	PW_QTL_chr3_2	PW	3	4443460	4543460	100001	100001	1.0	True	28416	0.025	0.9999014730432652
pi_fDM	PW_QTL_chr3_3	PW	3	15879019	16028680	149662	110982	0.7415509614999132	True	273	0.025	0.7368407140426757
pi_fDM	PW_QTL_chr4_1	PW	4	23961812	24061812	100001	0	0.0	False	0		
pi_fDM	PW_QTL_chr5_1	PW	5	11108296	11208296	100001	100001	1.0	True	36915	0.025	0.9999434200429771
pi_fDM	PW_QTL_chr5_2	PW	5	13578868	13678868	100001	100001	1.0	True	36915	0.025	0.9999434200429771
pi_fDM	PW_QTL_chr6_1	PW	6	1702192	1802192	100001	92192	0.921910780892191	True	989	0.025	0.9046539059381905
pi_fDM	PW_QTL_chr6_2	PW	6	5593419	5793423	200005	200005	1.0	True	25050	0.025	0.9999070538206605
pi_fDM	PW_QTL_chr6_3	PW	6	12662049	12762049	100001	100001	1.0	True	26972	0.025	0.9999541024907117
pi_fDM	PW_QTL_chr6_4	PW	6	14453980	14553980	100001	100001	1.0	True	26972	0.025	0.9999541024907117
pi_fDM	PW_QTL_chr7_1	PW	7	351021	455468	104448	104448	1.0	True	29401	0.025	0.9999340624554004
pi_fDM	PW_QTL_chr7_2	PW	7	3774918	3874918	100001	100001	1.0	True	29505	0.025	0.9999474684121147
pi_fDM	PW_QTL_chr7_3	PW	7	6343009	6443009	100001	100001	1.0	True	29505	0.025	0.9999474684121147
pi_fDM	PW_QTL_chr7_4	PW	7	7248968	7348968	100001	100001	1.0	True	29505	0.025	0.9999474684121147
pi_fDM	PW_QTL_chr7_5	PW	7	7544287	7644287	100001	90001	0.90000099999	True	1668	0.025	0.9009904385368618
pi_fDM	PW_QTL_chr8_1	PW	8	2168732	2352346	183615	173615	0.945538218555129	True	1174	0.025	0.9457657890108836
pi_fDM	PW_QTL_chr8_2	PW	8	3080247	3180247	100001	100001	1.0	True	8932	0.025	0.9998937684156521
pi_fDM	PW_QTL_chr8_3	PW	8	8298374	8398374	100001	40242	0.4024159758402416	True	200	0.39758602413975863	0.6306824431755683
pi_fDM	PW_QTL_chr8_4	PW	8	16424968	16524968	100001	0	0.0	False	0		
pi_fDM	PW_QTL_chr9_1	PW	9	9111511	9211511	100001	100001	1.0	True	21814	0.025	0.9999501155625649
pi_fDM	PW_QTL_chr9_2	PW	9	9889572	9990011	100440	100440	1.0	True	21811	0.025	0.9999433951801383
pi_fDM	TELC_i_QTL_chr2_1	TELC	2	3775091	3881964	106874	106874	1.0	True	43297	0.025	0.9999716006460787
pi_fDM	TELC_i_QTL_chr2_2	TELC	2	23779832	23918844	139013	139013	1.0	True	42614	0.025	0.9999544128022382
pi_fDM	TELC_i_QTL_chr4_1	TELC	4	4559455	4681677	122223	0	0.0	False	0		
D_pi_fDM	AW_QTL_chr1_1	AW	1	1258930	1358930	100001	66396	0.6639533604663953	True	448	0.05	0.6886700775849385
D_pi_fDM	AW_QTL_chr1_2	AW	1	2529594	2696764	167171	144230	0.8627692602185786	True	684	0.025	0.8627549351451982
D_pi_fDM	AW_QTL_chr1_3	AW	1	7120853	7220853	100001	90001	0.90000099999	True	1367	0.025	0.9000739473219754
D_pi_fDM	AW_QTL_chr1_4	AW	1	23196794	23296794	100001	100001	1.0	True	48205	0.025	0.9999560189026261
D_pi_fDM	AW_QTL_chr1_5	AW	1	23558754	23666083	107330	107330	1.0	True	47935	0.025	0.999948697376046
D_pi_fDM	AW_QTL_chr1_6	AW	1	34777313	34880021	102709	102709	1.0	True	48118	0.025	0.9999479226827499
D_pi_fDM	AW_QTL_chr1_7	AW	1	35176701	35276701	100001	100001	1.0	True	48205	0.025	0.9999560189026261
D_pi_fDM	AW_QTL_chr2_1	AW	2	1568802	1668802	100001	100001	1.0	True	43393	0.025	0.999970756405173
D_pi_fDM	AW_QTL_chr2_2	AW	2	2030586	2241791	211206	211206	1.0	True	41160	0.025	0.999934542464251
D_pi_fDM	AW_QTL_chr2_3	AW	2	2262371	2362371	100001	100001	1.0	True	43393	0.025	0.999970756405173
D_pi_fDM	AW_QTL_chr2_4	AW	2	4988231	5088231	100001	100001	1.0	True	43393	0.025	0.999970756405173
D_pi_fDM	AW_QTL_chr2_5	AW	2	6621193	6721193	100001	100001	1.0	True	43393	0.025	0.999970756405173
D_pi_fDM	AW_QTL_chr2_6	AW	2	7624222	7724222	100001	100001	1.0	True	43393	0.025	0.999970756405173
D_pi_fDM	AW_QTL_chr2_7	AW	2	9331364	9432807	101444	101444	1.0	True	43359	0.025	0.999975514210425
D_pi_fDM	AW_QTL_chr2_8	AW	2	10219623	10325420	105798	105798	1.0	True	43284	0.025	0.9999718216121487
D_pi_fDM	AW_QTL_chr2_9	AW	2	12715316	12815316	100001	100001	1.0	True	43393	0.025	0.999970756405173
D_pi_fDM	AW_QTL_chr2_10	AW	2	20182528	20445646	263119	263119	1.0	True	40140	0.025	0.9999261045441212
D_pi_fDM	AW_QTL_chr2_11	AW	2	23814318	23917420	103103	103103	1.0	True	43339	0.025	0.9999698423204059
D_pi_fDM	AW_QTL_chr2_12	AW	2	24051539	24190028	138490	138490	1.0	True	42599	0.025	0.9999484517044631
D_pi_fDM	AW_QTL_chr3_1	AW	3	1227137	1327137	100001	100001	1.0	True	28282	0.025	0.9999117143401792
D_pi_fDM	AW_QTL_chr3_2	AW	3	1836932	2121432	284501	276433	0.9716415759522814	True	5058	0.025	0.9572259875781566
D_pi_fDM	AW_QTL_chr3_3	AW	3	15887471	16028680	141210	102530	0.7260817222576305	True	404	0.05	0.7197746176784665
D_pi_fDM	AW_QTL_chr5_1	AW	5	14922061	15204251	282191	282191	1.0	True	31477	0.025	0.9998466429500357
D_pi_fDM	AW_QTL_chr5_2	AW	5	15927692	16027692	100001	100001	1.0	True	36803	0.025	0.999949623632313
D_pi_fDM	AW_QTL_chr5_3	AW	5	17076926	17177121	100196	100196	1.0	True	36799	0.025	0.9999486099231703
D_pi_fDM	AW_QTL_chr5_4	AW	5	23346611	23446611	100001	100001	1.0	True	36803	0.025	0.999949623632313
D_pi_fDM	AW_QTL_chr6_1	AW	6	2736868	2836868	100001	100001	1.0	True	26943	0.025	0.9999582667573836
D_pi_fDM	AW_QTL_chr6_2	AW	6	3617216	3720862	103647	103647	1.0	True	26882	0.025	0.9999388354620108
D_pi_fDM	AW_QTL_chr6_3	AW	6	5668717	5768717	100001	100001	1.0	True	26943	0.025	0.9999582667573836
D_pi_fDM	AW_QTL_chr6_4	AW	6	9673730	9928702	254973	254973	1.0	True	24034	0.025	0.9998644691346706
D_pi_fDM	AW_QTL_chr6_5	AW	6	12661080	12836811	175732	175732	1.0	True	25416	0.025	0.9999372672136508
D_pi_fDM	AW_QTL_chr7_1	AW	7	1012891	1112891	100001	100001	1.0	True	29389	0.025	0.9999446876809601
D_pi_fDM	AW_QTL_chr7_2	AW	7	4143923	4243923	100001	100001	1.0	True	29389	0.025	0.9999446876809601
D_pi_fDM	AW_QTL_chr7_3	AW	7	5634836	5797742	162907	162907	1.0	True	27617	0.025	0.9999069944973508
D_pi_fDM	AW_QTL_chr7_4	AW	7	5910537	6010537	100001	100001	1.0	True	29389	0.025	0.9999446876809601
D_pi_fDM	AW_QTL_chr7_5	AW	7	7321415	7536388	214974	214974	1.0	True	26253	0.025	0.9998679886669817
D_pi_fDM	AW_QTL_chr7_6	AW	7	8519872	8619872	100001	100001	1.0	True	29389	0.025	0.9999446876809601
D_pi_fDM	AW_QTL_chr7_7	AW	7	8914112	9014112	100001	100001	1.0	True	29389	0.025	0.9999446876809601
D_pi_fDM	AW_QTL_chr7_8	AW	7	9925209	10025209	100001	100001	1.0	True	29389	0.025	0.9999446876809601
D_pi_fDM	AW_QTL_chr8_1	AW	8	7618433	7718433	100001	100001	1.0	True	8891	0.025	0.9998880193404792
D_pi_fDM	AW_QTL_chr8_2	AW	8	8074762	8174762	100001	93854	0.938530614693853	True	687	0.05	0.9166878491331537
D_pi_fDM	AW_QTL_chr8_3	AW	8	17099209	17199236	100028	0	0.0	False	0		
D_pi_fDM	AW_QTL_chr9_1	AW	9	8044622	8144622	100001	100001	1.0	True	21769	0.025	0.9999514070732783
D_pi_fDM	AW_QTL_chr9_2	AW	9	10260634	10360634	100001	100001	1.0	True	21769	0.025	0.9999514070732783
D_pi_fDM	AW_QTL_chr9_3	AW	9	13998828	14098828	100001	100001	1.0	True	21769	0.025	0.9999514070732783
D_pi_fDM	DELR2_i_QTL_chr1_1	DELR2	1	44917507	45017507	100001	100001	1.0	True	48205	0.025	0.9999560189026261
D_pi_fDM	DELR2_i_QTL_chr4_1	DELR2	4	1201429	1301429	100001	100001	1.0	True	1229	0.025	0.9997788956203195
D_pi_fDM	DELR2_i_QTL_chr4_2	DELR2	4	4684372	4804770	120399	0	0.0	False	0		
D_pi_fDM	DELR2_i_QTL_chr4_3	DELR2	4	9535759	9642953	107195	0	0.0	False	0		
D_pi_fDM	DELR4_i_QTL_chr1_1	DELR4	1	43992608	44092608	100001	100001	1.0	True	48205	0.025	0.9999560189026261
D_pi_fDM	DELR4_i_QTL_chr2_1	DELR4	2	2137553	2237553	100001	100001	1.0	True	43393	0.025	0.999970756405173
D_pi_fDM	DELR4_i_QTL_chr3_1	DELR4	3	59418	159418	100001	100001	1.0	True	28282	0.025	0.9999117143401792
D_pi_fDM	DELR4_i_QTL_chr4_1	DELR4	4	3371867	3471867	100001	0	0.0	False	0		
D_pi_fDM	DELR4_i_QTL_chr7_1	DELR4	7	10425043	10526129	101087	101087	1.0	True	29361	0.025	0.9999431060904866
D_pi_fDM	DELR4_i_QTL_chr9_1	DELR4	9	13658519	13758519	100001	100001	1.0	True	21769	0.025	0.9999514070732783
D_pi_fDM	DELR5_i_QTL_chr2_1	DELR5	2	549778	652002	102225	102225	1.0	True	43346	0.025	0.9999751340815248
D_pi_fDM	DELR5_i_QTL_chr2_2	DELR5	2	21827685	21927685	100001	100001	1.0	True	43393	0.025	0.999970756405173
D_pi_fDM	DELR5_i_QTL_chr2_3	DELR5	2	26733677	26833677	100001	100001	1.0	True	43393	0.025	0.999970756405173
D_pi_fDM	DELR5_i_QTL_chr3_1	DELR5	3	10412960	10512960	100001	100001	1.0	True	28282	0.025	0.9999117143401792
D_pi_fDM	DELR5_i_QTL_chr3_2	DELR5	3	30301719	30401719	100001	100001	1.0	True	28282	0.025	0.9999117143401792
D_pi_fDM	DELR5_i_QTL_chr4_1	DELR5	4	18736739	18948064	211326	0	0.0	False	0		
D_pi_fDM	DELR5_i_QTL_chr7_1	DELR5	7	15738421	15838421	100001	100001	1.0	True	29389	0.025	0.9999446876809601
D_pi_fDM	DELR5_i_QTL_chr8_1	DELR5	8	4457795	4557795	100001	100001	1.0	True	8891	0.025	0.9998880193404792
D_pi_fDM	DTEP_cat_QTL_chr1_1	DTEP categorical	1	4479132	4579132	100001	100001	1.0	True	48205	0.025	0.9999560189026261
D_pi_fDM	DTEP_cat_QTL_chr1_2	DTEP categorical	1	7505112	7606439	101328	101328	1.0	True	48170	0.025	0.9999499822756535
D_pi_fDM	DTEP_cat_QTL_chr1_3	DTEP categorical	1	9255034	9393751	138718	138718	1.0	True	46829	0.025	0.9999373864807941
D_pi_fDM	DTEP_cat_QTL_chr1_4	DTEP categorical	1	9577894	9765491	187598	157598	0.8400835829806288	True	985	0.025	0.8407223935964596
D_pi_fDM	DTEP_cat_QTL_chr1_5	DTEP categorical	1	13016656	13123424	106769	106769	1.0	True	47965	0.025	0.9999436043495474
D_pi_fDM	DTEP_cat_QTL_chr1_6	DTEP categorical	1	13352668	13452668	100001	100001	1.0	True	48205	0.025	0.9999560189026261
D_pi_fDM	DTEP_cat_QTL_chr1_7	DTEP categorical	1	31693682	31793682	100001	100001	1.0	True	48205	0.025	0.9999560189026261
D_pi_fDM	DTEP_cat_QTL_chr1_8	DTEP categorical	1	33800832	33900832	100001	100001	1.0	True	48205	0.025	0.9999560189026261
D_pi_fDM	DTEP_cat_QTL_chr1_9	DTEP categorical	1	38384363	38484363	100001	100001	1.0	True	48205	0.025	0.9999560189026261
D_pi_fDM	DTEP_cat_QTL_chr1_10	DTEP categorical	1	39125933	39226068	100136	100136	1.0	True	48201	0.025	0.9999557198546154
D_pi_fDM	DTEP_cat_QTL_chr1_11	DTEP categorical	1	41497786	41597786	100001	100001	1.0	True	48205	0.025	0.9999560189026261
D_pi_fDM	DTEP_cat_QTL_chr10_1	DTEP categorical	10	7645409	7745409	100001	100001	1.0	True	102	1.0	0.30197384300666796
D_pi_fDM	DTEP_cat_QTL_chr10_2	DTEP categorical	10	10514953	10614953	100001	100001	1.0	True	102	1.0	0.30197384300666796
D_pi_fDM	DTEP_cat_QTL_chr2_1	DTEP categorical	2	3774853	3874853	100001	100001	1.0	True	43393	0.025	0.999970756405173
D_pi_fDM	DTEP_cat_QTL_chr2_2	DTEP categorical	2	5334959	5536570	201612	201612	1.0	True	41314	0.025	0.9999471354363041
D_pi_fDM	DTEP_cat_QTL_chr2_3	DTEP categorical	2	8984709	9084709	100001	100001	1.0	True	43393	0.025	0.999970756405173
D_pi_fDM	DTEP_cat_QTL_chr2_4	DTEP categorical	2	9397056	9497056	100001	100001	1.0	True	43393	0.025	0.999970756405173
D_pi_fDM	DTEP_cat_QTL_chr2_5	DTEP categorical	2	10892218	10992218	100001	90001	0.90000099999	True	869	0.025	0.9009707601428014
D_pi_fDM	DTEP_cat_QTL_chr2_6	DTEP categorical	2	13413245	13513245	100001	100001	1.0	True	43393	0.025	0.999970756405173
D_pi_fDM	DTEP_cat_QTL_chr2_7	DTEP categorical	2	15826471	16114217	287747	287747	1.0	True	39699	0.025	0.9999303982897582
D_pi_fDM	DTEP_cat_QTL_chr2_8	DTEP categorical	2	16354757	16578775	224019	214019	0.9553609292068976	True	2413	0.025	0.9503412037231976
D_pi_fDM	DTEP_cat_QTL_chr2_9	DTEP categorical	2	20006954	20109936	102983	102983	1.0	True	43341	0.025	0.9999700337380819
D_pi_fDM	DTEP_cat_QTL_chr2_10	DTEP categorical	2	20220626	20320626	100001	100001	1.0	True	43393	0.025	0.999970756405173
D_pi_fDM	DTEP_cat_QTL_chr2_11	DTEP categorical	2	22367524	22481853	114330	114330	1.0	True	43127	0.025	0.9999640112674973
D_pi_fDM	DTEP_cat_QTL_chr2_12	DTEP categorical	2	22642523	22742523	100001	100001	1.0	True	43393	0.025	0.999970756405173
D_pi_fDM	DTEP_cat_QTL_chr2_13	DTEP categorical	2	23674854	23920667	245814	245814	1.0	True	40491	0.025	0.9999182703520965
D_pi_fDM	DTEP_cat_QTL_chr2_14	DTEP categorical	2	24549354	24649354	100001	100001	1.0	True	43393	0.025	0.999970756405173
D_pi_fDM	DTEP_cat_QTL_chr3_1	DTEP categorical	3	8531584	8662918	131335	103418	0.7874367076559942	True	644	0.025	0.7890715790802858
D_pi_fDM	DTEP_cat_QTL_chr3_2	DTEP categorical	3	8982791	9154370	171580	171580	1.0	True	25526	0.025	0.999854942897805
D_pi_fDM	DTEP_cat_QTL_chr3_3	DTEP categorical	3	9526410	9626410	100001	90001	0.90000099999	True	1203	0.025	0.9001952125117153
D_pi_fDM	DTEP_cat_QTL_chr3_4	DTEP categorical	3	12517046	12777857	260812	260812	1.0	True	23087	0.025	0.9997532953749827
D_pi_fDM	DTEP_cat_QTL_chr3_5	DTEP categorical	3	14664454	14764454	100001	85002	0.8500114998850011	True	1383	0.025	0.8503511494169222
D_pi_fDM	DTEP_cat_QTL_chr3_6	DTEP categorical	3	23608243	23708243	100001	100001	1.0	True	28282	0.025	0.9999117143401792
D_pi_fDM	DTEP_cat_QTL_chr4_1	DTEP categorical	4	2931310	3031310	100001	0	0.0	False	0		
D_pi_fDM	DTEP_cat_QTL_chr4_2	DTEP categorical	4	4557474	4657474	100001	0	0.0	False	0		
D_pi_fDM	DTEP_cat_QTL_chr4_3	DTEP categorical	4	19159088	19293120	134033	0	0.0	False	0		
D_pi_fDM	DTEP_cat_QTL_chr5_1	DTEP categorical	5	552465	652465	100001	100001	1.0	True	36803	0.025	0.999949623632313
D_pi_fDM	DTEP_cat_QTL_chr5_2	DTEP categorical	5	1949599	2049599	100001	100001	1.0	True	36803	0.025	0.999949623632313
D_pi_fDM	DTEP_cat_QTL_chr5_3	DTEP categorical	5	5021365	5121365	100001	100001	1.0	True	36803	0.025	0.999949623632313
D_pi_fDM	DTEP_cat_QTL_chr5_4	DTEP categorical	5	9173256	9273256	100001	86745	0.8674413255867441	True	949	0.025	0.8558751082668309
D_pi_fDM	DTEP_cat_QTL_chr5_5	DTEP categorical	5	9462097	9562097	100001	100001	1.0	True	36803	0.025	0.999949623632313
D_pi_fDM	DTEP_cat_QTL_chr5_6	DTEP categorical	5	9811791	9911791	100001	100001	1.0	True	36803	0.025	0.999949623632313
D_pi_fDM	DTEP_cat_QTL_chr5_7	DTEP categorical	5	10299800	10399800	100001	100001	1.0	True	36803	0.025	0.999949623632313
D_pi_fDM	DTEP_cat_QTL_chr5_8	DTEP categorical	5	13491179	13591179	100001	100001	1.0	True	36803	0.025	0.999949623632313
D_pi_fDM	DTEP_cat_QTL_chr5_9	DTEP categorical	5	13685624	13813106	127483	127483	1.0	True	35949	0.025	0.9999098744836934
D_pi_fDM	DTEP_cat_QTL_chr5_10	DTEP categorical	5	14446749	14546749	100001	100001	1.0	True	36803	0.025	0.999949623632313
D_pi_fDM	DTEP_cat_QTL_chr5_11	DTEP categorical	5	20427788	20527788	100001	100001	1.0	True	36803	0.025	0.999949623632313
D_pi_fDM	DTEP_cat_QTL_chr5_12	DTEP categorical	5	24697367	24802606	105240	105240	1.0	True	36658	0.025	0.9999491610425012
D_pi_fDM	DTEP_cat_QTL_chr6_1	DTEP categorical	6	1676644	1776644	100001	80001	0.8000019999800002	True	376	0.025	0.800599015286443
D_pi_fDM	DTEP_cat_QTL_chr6_2	DTEP categorical	6	2738124	2840093	101970	101970	1.0	True	26915	0.025	0.9999460161112541
D_pi_fDM	DTEP_cat_QTL_chr6_3	DTEP categorical	6	3439181	3539181	100001	100001	1.0	True	26943	0.025	0.9999582667573836
D_pi_fDM	DTEP_cat_QTL_chr6_4	DTEP categorical	6	5776556	5876556	100001	100001	1.0	True	26943	0.025	0.9999582667573836
D_pi_fDM	DTEP_cat_QTL_chr6_5	DTEP categorical	6	9540323	9640323	100001	84679	0.8467815321846781	True	315	0.025	0.8487798931534494
D_pi_fDM	DTEP_cat_QTL_chr6_6	DTEP categorical	6	9946776	10046776	100001	100001	1.0	True	26943	0.025	0.9999582667573836
D_pi_fDM	DTEP_cat_QTL_chr6_7	DTEP categorical	6	10674562	10774562	100001	100001	1.0	True	26943	0.025	0.9999582667573836
D_pi_fDM	DTEP_cat_QTL_chr6_8	DTEP categorical	6	12309065	12409065	100001	100001	1.0	True	26943	0.025	0.9999582667573836
D_pi_fDM	DTEP_cat_QTL_chr6_9	DTEP categorical	6	14381304	14481304	100001	100001	1.0	True	26943	0.025	0.9999582667573836
D_pi_fDM	DTEP_cat_QTL_chr6_10	DTEP categorical	6	20207769	20307769	100001	100001	1.0	True	26943	0.025	0.9999582667573836
D_pi_fDM	DTEP_cat_QTL_chr7_1	DTEP categorical	7	432546	532546	100001	100001	1.0	True	29389	0.025	0.9999446876809601
D_pi_fDM	DTEP_cat_QTL_chr7_2	DTEP categorical	7	1669390	1829821	160432	160432	1.0	True	27675	0.025	0.999912692370167
D_pi_fDM	DTEP_cat_QTL_chr7_3	DTEP categorical	7	1945706	2045706	100001	100001	1.0	True	29389	0.025	0.9999446876809601
D_pi_fDM	DTEP_cat_QTL_chr7_4	DTEP categorical	7	4292288	4392288	100001	100001	1.0	True	29389	0.025	0.9999446876809601
D_pi_fDM	DTEP_cat_QTL_chr7_5	DTEP categorical	7	4974136	5074136	100001	100001	1.0	True	29389	0.025	0.9999446876809601
D_pi_fDM	DTEP_cat_QTL_chr7_6	DTEP categorical	7	5641927	5741927	100001	100001	1.0	True	29389	0.025	0.9999446876809601
D_pi_fDM	DTEP_cat_QTL_chr7_7	DTEP categorical	7	6278373	6378373	100001	100001	1.0	True	29389	0.025	0.9999446876809601
D_pi_fDM	DTEP_cat_QTL_chr7_8	DTEP categorical	7	6378643	6478643	100001	100001	1.0	True	29389	0.025	0.9999446876809601
D_pi_fDM	DTEP_cat_QTL_chr7_9	DTEP categorical	7	7655403	7755403	100001	100001	1.0	True	29389	0.025	0.9999446876809601
D_pi_fDM	DTEP_cat_QTL_chr7_10	DTEP categorical	7	8523877	8623877	100001	100001	1.0	True	29389	0.025	0.9999446876809601
D_pi_fDM	DTEP_cat_QTL_chr7_11	DTEP categorical	7	10126097	10226097	100001	100001	1.0	True	29389	0.025	0.9999446876809601
D_pi_fDM	DTEP_cat_QTL_chr7_12	DTEP categorical	7	10352105	10535283	183179	183179	1.0	True	27070	0.025	0.9998683939636355
D_pi_fDM	DTEP_cat_QTL_chr7_13	DTEP categorical	7	10708921	10819540	110620	110620	1.0	True	29114	0.025	0.999933848470306
D_pi_fDM	DTEP_cat_QTL_chr7_14	DTEP categorical	7	11035682	11135682	100001	100001	1.0	True	29389	0.025	0.9999446876809601
D_pi_fDM	DTEP_cat_QTL_chr7_15	DTEP categorical	7	12004108	12104108	100001	100001	1.0	True	29389	0.025	0.9999446876809601
D_pi_fDM	DTEP_cat_QTL_chr7_16	DTEP categorical	7	15415218	15515218	100001	100001	1.0	True	29389	0.025	0.9999446876809601
D_pi_fDM	DTEP_cat_QTL_chr7_17	DTEP categorical	7	16849951	16949951	100001	100001	1.0	True	29389	0.025	0.9999446876809601
D_pi_fDM	DTEP_cat_QTL_chr7_18	DTEP categorical	7	16993997	17093997	100001	100001	1.0	True	29389	0.025	0.9999446876809601
D_pi_fDM	DTEP_cat_QTL_chr7_19	DTEP categorical	7	18456524	18556524	100001	100001	1.0	True	29389	0.025	0.9999446876809601
D_pi_fDM	DTEP_cat_QTL_chr8_1	DTEP categorical	8	373927	473927	100001	0	0.0	False	0		
D_pi_fDM	DTEP_cat_QTL_chr8_2	DTEP categorical	8	2118844	2218844	100001	100001	1.0	True	8891	0.025	0.9998880193404792
D_pi_fDM	DTEP_cat_QTL_chr8_3	DTEP categorical	8	4194813	4294813	100001	100001	1.0	True	8891	0.025	0.9998880193404792
D_pi_fDM	DTEP_cat_QTL_chr8_4	DTEP categorical	8	6039461	6139461	100001	100001	1.0	True	8891	0.025	0.9998880193404792
D_pi_fDM	DTEP_cat_QTL_chr8_5	DTEP categorical	8	6200874	6300874	100001	100001	1.0	True	8891	0.025	0.9998880193404792
D_pi_fDM	DTEP_cat_QTL_chr8_6	DTEP categorical	8	15143724	15299929	156206	0	0.0	False	0		
D_pi_fDM	DTEP_cat_QTL_chr9_1	DTEP categorical	9	3690823	3795256	104434	89435	0.8563781910105904	True	662	0.025	0.8562380600083535
D_pi_fDM	DTEP_cat_QTL_chr9_2	DTEP categorical	9	6677338	6777338	100001	100001	1.0	True	21769	0.025	0.9999514070732783
D_pi_fDM	DTEP_cat_QTL_chr9_3	DTEP categorical	9	7120713	7220713	100001	85002	0.8500114998850011	True	640	0.025	0.8502345757792421
D_pi_fDM	DTEP_cat_QTL_chr9_4	DTEP categorical	9	10781297	10881297	100001	100001	1.0	True	21769	0.025	0.9999514070732783
D_pi_fDM	DTEP_cat_QTL_chr9_5	DTEP categorical	9	18688615	18788699	100085	0	0.0	False	0		
D_pi_fDM	EHR_i_QTL_chr1_1	EHR	1	1138680	1238680	100001	100001	1.0	True	48205	0.025	0.9999560189026261
D_pi_fDM	EHR_i_QTL_chr1_2	EHR	1	1373347	1473347	100001	100001	1.0	True	48205	0.025	0.9999560189026261
D_pi_fDM	EHR_i_QTL_chr1_3	EHR	1	43993406	44103762	110357	110357	1.0	True	47828	0.025	0.999949519667309
D_pi_fDM	EHR_i_QTL_chr1_4	EHR	1	45535355	45635355	100001	100001	1.0	True	48205	0.025	0.9999560189026261
D_pi_fDM	EHR_i_QTL_chr2_1	EHR	2	4654718	4754718	100001	100001	1.0	True	43393	0.025	0.999970756405173
D_pi_fDM	EHR_i_QTL_chr2_2	EHR	2	5649433	5749433	100001	70568	0.7056729432705673	True	215	0.05	0.7184185832560279
D_pi_fDM	EHR_i_QTL_chr2_3	EHR	2	10012432	10112432	100001	100001	1.0	True	43393	0.025	0.999970756405173
D_pi_fDM	EHR_i_QTL_chr3_1	EHR	3	883565	983565	100001	100001	1.0	True	28282	0.025	0.9999117143401792
D_pi_fDM	EHR_i_QTL_chr3_2	EHR	3	3703174	3803174	100001	100001	1.0	True	28282	0.025	0.9999117143401792
D_pi_fDM	EHR_i_QTL_chr3_3	EHR	3	26914139	27014139	100001	100001	1.0	True	28282	0.025	0.9999117143401792
D_pi_fDM	EHR_i_QTL_chr3_4	EHR	3	28615402	28715402	100001	100001	1.0	True	28282	0.025	0.9999117143401792
D_pi_fDM	EHR_i_QTL_chr3_5	EHR	3	29804360	29904360	100001	85002	0.8500114998850011	True	1383	0.025	0.8503511494169222
D_pi_fDM	EHR_i_QTL_chr5_1	EHR	5	8892119	8992119	100001	100001	1.0	True	36803	0.025	0.999949623632313
D_pi_fDM	EHR_i_QTL_chr5_2	EHR	5	14394385	14551299	156915	156915	1.0	True	34997	0.025	0.9999062513131812
D_pi_fDM	EHR_i_QTL_chr5_3	EHR	5	15989560	16090575	101016	101016	1.0	True	36779	0.025	0.9999460760222673
D_pi_fDM	EHR_i_QTL_chr5_4	EHR	5	16386452	16486452	100001	100001	1.0	True	36803	0.025	0.999949623632313
D_pi_fDM	EHR_i_QTL_chr5_5	EHR	5	16949508	17300826	351319	351319	1.0	True	29448	0.025	0.9998061948193205
D_pi_fDM	EHR_i_QTL_chr5_6	EHR	5	18093401	18193401	100001	100001	1.0	True	36803	0.025	0.999949623632313
D_pi_fDM	EHR_i_QTL_chr5_7	EHR	5	19509693	19612980	103288	103288	1.0	True	36709	0.025	0.9999520036293961
D_pi_fDM	EHR_i_QTL_chr5_8	EHR	5	20926908	21030587	103680	103680	1.0	True	36694	0.025	0.9999552976859171
D_pi_fDM	EHR_i_QTL_chr5_9	EHR	5	21563301	21867062	303762	303762	1.0	True	30914	0.025	0.9997845646845166
D_pi_fDM	EHR_i_QTL_chr5_10	EHR	5	22700206	22806536	106331	106331	1.0	True	36633	0.025	0.999941946592111
D_pi_fDM	EHR_i_QTL_chr5_11	EHR	5	22931638	23103651	172014	172014	1.0	True	34448	0.025	0.9999074251190659
D_pi_fDM	EHR_i_QTL_chr5_12	EHR	5	23130582	23697840	567259	547840	0.9657669600658606	True	10080	0.025	0.9657667178470617
D_pi_fDM	EHR_i_QTL_chr6_1	EHR	6	2645284	2745284	100001	100001	1.0	True	26943	0.025	0.9999582667573836
D_pi_fDM	EHR_i_QTL_chr7_1	EHR	7	9111374	9211406	100033	100033	1.0	True	29385	0.025	0.999947350027205
D_pi_fDM	EHR_i_QTL_chr8_1	EHR	8	15451993	15552807	100815	0	0.0	False	0		
D_pi_fDM	EHR_i_QTL_chr8_2	EHR	8	15872897	15972897	100001	0	0.0	False	0		
D_pi_fDM	EHR_i_QTL_chr8_3	EHR	8	15998055	16102095	104041	0	0.0	False	0		
D_pi_fDM	EHR_i_QTL_chr8_4	EHR	8	16624548	16750160	125613	0	0.0	False	0		
D_pi_fDM	EHR_i_QTL_chr8_5	EHR	8	16835331	16936237	100907	0	0.0	False	0		
D_pi_fDM	EHR_i_QTL_chr8_6	EHR	8	17795101	17997197	202097	0	0.0	False	0		
D_pi_fDM	EHR_i_QTL_chr8_7	EHR	8	18532823	18632823	100001	0	0.0	False	0		
D_pi_fDM	EHR_i_QTL_chr8_8	EHR	8	18671483	18771483	100001	0	0.0	False	0		
D_pi_fDM	EHR_i_QTL_chr9_1	EHR	9	16361453	16461453	100001	100001	1.0	True	21769	0.025	0.9999514070732783
D_pi_fDM	IMM21_QTL_chr1_1	IMM21	1	31522674	31623827	101154	101154	1.0	True	48173	0.025	0.9999517965887083
D_pi_fDM	IMM21_QTL_chr1_2	IMM21	1	38384363	38484363	100001	100001	1.0	True	48205	0.025	0.9999560189026261
D_pi_fDM	IMM21_QTL_chr1_3	IMM21	1	41497786	41597786	100001	100001	1.0	True	48205	0.025	0.9999560189026261
D_pi_fDM	IMM21_QTL_chr10_1	IMM21	10	7645409	7745409	100001	100001	1.0	True	102	1.0	0.30197384300666796
D_pi_fDM	IMM21_QTL_chr10_2	IMM21	10	10514953	10614953	100001	100001	1.0	True	102	1.0	0.30197384300666796
D_pi_fDM	IMM21_QTL_chr2_1	IMM21	2	9397056	9497056	100001	100001	1.0	True	43393	0.025	0.999970756405173
D_pi_fDM	IMM21_QTL_chr2_2	IMM21	2	10892218	10992218	100001	90001	0.90000099999	True	869	0.025	0.9009707601428014
D_pi_fDM	IMM21_QTL_chr5_1	IMM21	5	9462097	9562097	100001	100001	1.0	True	36803	0.025	0.999949623632313
D_pi_fDM	IMM21_QTL_chr7_1	IMM21	7	7655403	7755403	100001	100001	1.0	True	29389	0.025	0.9999446876809601
D_pi_fDM	IMM21_QTL_chr7_2	IMM21	7	10126097	10226097	100001	100001	1.0	True	29389	0.025	0.9999446876809601
D_pi_fDM	IMM21_QTL_chr7_3	IMM21	7	18456524	18556524	100001	100001	1.0	True	29389	0.025	0.9999446876809601
D_pi_fDM	IMM21_QTL_chr9_1	IMM21	9	10781297	10881297	100001	100001	1.0	True	21769	0.025	0.9999514070732783
D_pi_fDM	IMM21_QTL_chr9_2	IMM21	9	11778551	11878551	100001	100001	1.0	True	21769	0.025	0.9999514070732783
D_pi_fDM	IMM21_QTL_chr9_3	IMM21	9	14019217	14119217	100001	100001	1.0	True	21769	0.025	0.9999514070732783
D_pi_fDM	IMM21_QTL_chr9_4	IMM21	9	18170242	18270242	100001	0	0.0	False	0		
D_pi_fDM	IMM35_QTL_chr1_1	IMM35	1	4479132	4579132	100001	100001	1.0	True	48205	0.025	0.9999560189026261
D_pi_fDM	IMM35_QTL_chr1_2	IMM35	1	31693682	31793682	100001	100001	1.0	True	48205	0.025	0.9999560189026261
D_pi_fDM	IMM35_QTL_chr1_3	IMM35	1	38384363	38484363	100001	100001	1.0	True	48205	0.025	0.9999560189026261
D_pi_fDM	IMM35_QTL_chr1_4	IMM35	1	41497786	41597786	100001	100001	1.0	True	48205	0.025	0.9999560189026261
D_pi_fDM	IMM35_QTL_chr10_1	IMM35	10	7645409	7745409	100001	100001	1.0	True	102	1.0	0.30197384300666796
D_pi_fDM	IMM35_QTL_chr10_2	IMM35	10	10514953	10614953	100001	100001	1.0	True	102	1.0	0.30197384300666796
D_pi_fDM	IMM35_QTL_chr2_1	IMM35	2	9397056	9497056	100001	100001	1.0	True	43393	0.025	0.999970756405173
D_pi_fDM	IMM35_QTL_chr2_2	IMM35	2	10892218	10992218	100001	90001	0.90000099999	True	869	0.025	0.9009707601428014
D_pi_fDM	IMM35_QTL_chr2_3	IMM35	2	24549354	24649354	100001	100001	1.0	True	43393	0.025	0.999970756405173
D_pi_fDM	IMM35_QTL_chr3_1	IMM35	3	9526410	9626410	100001	90001	0.90000099999	True	1203	0.025	0.9001952125117153
D_pi_fDM	IMM35_QTL_chr3_2	IMM35	3	23608243	23708243	100001	100001	1.0	True	28282	0.025	0.9999117143401792
D_pi_fDM	IMM35_QTL_chr5_1	IMM35	5	552465	652465	100001	100001	1.0	True	36803	0.025	0.999949623632313
D_pi_fDM	IMM35_QTL_chr5_2	IMM35	5	9462097	9562097	100001	100001	1.0	True	36803	0.025	0.999949623632313
D_pi_fDM	IMM35_QTL_chr5_3	IMM35	5	9811791	9911791	100001	100001	1.0	True	36803	0.025	0.999949623632313
D_pi_fDM	IMM35_QTL_chr5_4	IMM35	5	13491179	13591179	100001	100001	1.0	True	36803	0.025	0.999949623632313
D_pi_fDM	IMM35_QTL_chr5_5	IMM35	5	14446749	14546749	100001	100001	1.0	True	36803	0.025	0.999949623632313
D_pi_fDM	IMM35_QTL_chr5_6	IMM35	5	19358324	19472447	114124	114124	1.0	True	36365	0.025	0.9999295615422868
D_pi_fDM	IMM35_QTL_chr6_1	IMM35	6	3439181	3539181	100001	100001	1.0	True	26943	0.025	0.9999582667573836
D_pi_fDM	IMM35_QTL_chr6_2	IMM35	6	9946776	10046776	100001	100001	1.0	True	26943	0.025	0.9999582667573836
D_pi_fDM	IMM35_QTL_chr7_1	IMM35	7	1945706	2045706	100001	100001	1.0	True	29389	0.025	0.9999446876809601
D_pi_fDM	IMM35_QTL_chr7_2	IMM35	7	4292288	4392288	100001	100001	1.0	True	29389	0.025	0.9999446876809601
D_pi_fDM	IMM35_QTL_chr7_3	IMM35	7	5641927	5741927	100001	100001	1.0	True	29389	0.025	0.9999446876809601
D_pi_fDM	IMM35_QTL_chr7_4	IMM35	7	7655403	7755403	100001	100001	1.0	True	29389	0.025	0.9999446876809601
D_pi_fDM	IMM35_QTL_chr7_5	IMM35	7	10126097	10226097	100001	100001	1.0	True	29389	0.025	0.9999446876809601
D_pi_fDM	IMM35_QTL_chr7_6	IMM35	7	15415218	15515218	100001	100001	1.0	True	29389	0.025	0.9999446876809601
D_pi_fDM	IMM35_QTL_chr7_7	IMM35	7	18456524	18556524	100001	100001	1.0	True	29389	0.025	0.9999446876809601
D_pi_fDM	IMM35_QTL_chr8_1	IMM35	8	6200874	6300874	100001	100001	1.0	True	8891	0.025	0.9998880193404792
D_pi_fDM	IMM35_QTL_chr9_1	IMM35	9	3690986	3790986	100001	85002	0.8500114998850011	True	640	0.025	0.8502345757792421
D_pi_fDM	IMM35_QTL_chr9_2	IMM35	9	10781297	10881297	100001	100001	1.0	True	21769	0.025	0.9999514070732783
D_pi_fDM	IMM49_QTL_chr1_1	IMM49	1	31693682	31793682	100001	100001	1.0	True	48205	0.025	0.9999560189026261
D_pi_fDM	IMM49_QTL_chr1_2	IMM49	1	38384363	38484363	100001	100001	1.0	True	48205	0.025	0.9999560189026261
D_pi_fDM	IMM49_QTL_chr1_3	IMM49	1	41497786	41597786	100001	100001	1.0	True	48205	0.025	0.9999560189026261
D_pi_fDM	IMM49_QTL_chr10_1	IMM49	10	7645409	7745409	100001	100001	1.0	True	102	1.0	0.30197384300666796
D_pi_fDM	IMM49_QTL_chr10_2	IMM49	10	10514953	10614953	100001	100001	1.0	True	102	1.0	0.30197384300666796
D_pi_fDM	IMM49_QTL_chr2_1	IMM49	2	9397056	9497056	100001	100001	1.0	True	43393	0.025	0.999970756405173
D_pi_fDM	IMM49_QTL_chr2_2	IMM49	2	10892218	10992218	100001	90001	0.90000099999	True	869	0.025	0.9009707601428014
D_pi_fDM	IMM49_QTL_chr2_3	IMM49	2	24549354	24649354	100001	100001	1.0	True	43393	0.025	0.999970756405173
D_pi_fDM	IMM49_QTL_chr3_1	IMM49	3	23608243	23708243	100001	100001	1.0	True	28282	0.025	0.9999117143401792
D_pi_fDM	IMM49_QTL_chr5_1	IMM49	5	552465	652465	100001	100001	1.0	True	36803	0.025	0.999949623632313
D_pi_fDM	IMM49_QTL_chr5_2	IMM49	5	9462097	9562097	100001	100001	1.0	True	36803	0.025	0.999949623632313
D_pi_fDM	IMM49_QTL_chr5_3	IMM49	5	9811791	9911791	100001	100001	1.0	True	36803	0.025	0.999949623632313
D_pi_fDM	IMM49_QTL_chr5_4	IMM49	5	13491179	13591179	100001	100001	1.0	True	36803	0.025	0.999949623632313
D_pi_fDM	IMM49_QTL_chr5_5	IMM49	5	14446749	14546749	100001	100001	1.0	True	36803	0.025	0.999949623632313
D_pi_fDM	IMM49_QTL_chr5_6	IMM49	5	19354685	19472447	117763	117763	1.0	True	36242	0.025	0.9999361714786935
D_pi_fDM	IMM49_QTL_chr6_1	IMM49	6	9946776	10046776	100001	100001	1.0	True	26943	0.025	0.9999582667573836
D_pi_fDM	IMM49_QTL_chr7_1	IMM49	7	1945706	2045706	100001	100001	1.0	True	29389	0.025	0.9999446876809601
D_pi_fDM	IMM49_QTL_chr7_2	IMM49	7	4292288	4392288	100001	100001	1.0	True	29389	0.025	0.9999446876809601
D_pi_fDM	IMM49_QTL_chr7_3	IMM49	7	5641927	5741927	100001	100001	1.0	True	29389	0.025	0.9999446876809601
D_pi_fDM	IMM49_QTL_chr7_4	IMM49	7	7655403	7755403	100001	100001	1.0	True	29389	0.025	0.9999446876809601
D_pi_fDM	IMM49_QTL_chr7_5	IMM49	7	8396349	8496349	100001	100001	1.0	True	29389	0.025	0.9999446876809601
D_pi_fDM	IMM49_QTL_chr7_6	IMM49	7	10126097	10226097	100001	100001	1.0	True	29389	0.025	0.9999446876809601
D_pi_fDM	IMM49_QTL_chr7_7	IMM49	7	18456524	18556524	100001	100001	1.0	True	29389	0.025	0.9999446876809601
D_pi_fDM	IMM49_QTL_chr9_1	IMM49	9	3690986	3790986	100001	85002	0.8500114998850011	True	640	0.025	0.8502345757792421
D_pi_fDM	IMM56_QTL_chr1_1	IMM56	1	4479132	4579132	100001	100001	1.0	True	48205	0.025	0.9999560189026261
D_pi_fDM	IMM56_QTL_chr1_2	IMM56	1	38384363	38484363	100001	100001	1.0	True	48205	0.025	0.9999560189026261
D_pi_fDM	IMM56_QTL_chr10_1	IMM56	10	7645409	7745409	100001	100001	1.0	True	102	1.0	0.30197384300666796
D_pi_fDM	IMM56_QTL_chr10_2	IMM56	10	10514953	10614953	100001	100001	1.0	True	102	1.0	0.30197384300666796
D_pi_fDM	IMM56_QTL_chr2_1	IMM56	2	9397056	9497056	100001	100001	1.0	True	43393	0.025	0.999970756405173
D_pi_fDM	IMM56_QTL_chr2_2	IMM56	2	10892218	10992218	100001	90001	0.90000099999	True	869	0.025	0.9009707601428014
D_pi_fDM	IMM56_QTL_chr2_3	IMM56	2	24549354	24649354	100001	100001	1.0	True	43393	0.025	0.999970756405173
D_pi_fDM	IMM56_QTL_chr3_1	IMM56	3	23608243	23708243	100001	100001	1.0	True	28282	0.025	0.9999117143401792
D_pi_fDM	IMM56_QTL_chr5_1	IMM56	5	552465	652465	100001	100001	1.0	True	36803	0.025	0.999949623632313
D_pi_fDM	IMM56_QTL_chr5_2	IMM56	5	9462097	9562097	100001	100001	1.0	True	36803	0.025	0.999949623632313
D_pi_fDM	IMM56_QTL_chr5_3	IMM56	5	9811791	9911791	100001	100001	1.0	True	36803	0.025	0.999949623632313
D_pi_fDM	IMM56_QTL_chr5_4	IMM56	5	14446749	14546749	100001	100001	1.0	True	36803	0.025	0.999949623632313
D_pi_fDM	IMM56_QTL_chr5_5	IMM56	5	15432625	15532625	100001	100001	1.0	True	36803	0.025	0.999949623632313
D_pi_fDM	IMM56_QTL_chr7_1	IMM56	7	4292288	4392288	100001	100001	1.0	True	29389	0.025	0.9999446876809601
D_pi_fDM	IMM56_QTL_chr7_2	IMM56	7	5641927	5741927	100001	100001	1.0	True	29389	0.025	0.9999446876809601
D_pi_fDM	IMM56_QTL_chr7_3	IMM56	7	7655403	7755403	100001	100001	1.0	True	29389	0.025	0.9999446876809601
D_pi_fDM	IMM56_QTL_chr7_4	IMM56	7	10126097	10226097	100001	100001	1.0	True	29389	0.025	0.9999446876809601
D_pi_fDM	IMM56_QTL_chr7_5	IMM56	7	18456524	18556524	100001	100001	1.0	True	29389	0.025	0.9999446876809601
D_pi_fDM	IMM63_QTL_chr10_1	IMM63	10	7645409	7745409	100001	100001	1.0	True	102	1.0	0.30197384300666796
D_pi_fDM	IMM63_QTL_chr10_2	IMM63	10	10514953	10614953	100001	100001	1.0	True	102	1.0	0.30197384300666796
D_pi_fDM	IMM63_QTL_chr7_1	IMM63	7	10126097	10226097	100001	100001	1.0	True	29389	0.025	0.9999446876809601
D_pi_fDM	IMM63_QTL_chr7_2	IMM63	7	11190755	11290766	100012	100012	1.0	True	29387	0.025	0.9999461370655189
D_pi_fDM	IMM63_QTL_chr8_1	IMM63	8	7367262	7485778	118517	108517	0.9156239189314613	True	657	0.025	0.9162237981927568
D_pi_fDM	PW_QTL_chr1_1	PW	1	5485083	5585083	100001	100001	1.0	True	48205	0.025	0.9999560189026261
D_pi_fDM	PW_QTL_chr1_2	PW	1	32289888	32391003	101116	101116	1.0	True	48173	0.025	0.9999525107575596
D_pi_fDM	PW_QTL_chr1_3	PW	1	43402100	43502100	100001	100001	1.0	True	48205	0.025	0.9999560189026261
D_pi_fDM	PW_QTL_chr2_1	PW	2	2123520	2241791	118272	118272	1.0	True	43046	0.025	0.9999666561681071
D_pi_fDM	PW_QTL_chr3_1	PW	3	509800	609800	100001	100001	1.0	True	28282	0.025	0.9999117143401792
D_pi_fDM	PW_QTL_chr3_2	PW	3	4443460	4543460	100001	100001	1.0	True	28282	0.025	0.9999117143401792
D_pi_fDM	PW_QTL_chr3_3	PW	3	15879019	16028680	149662	110982	0.7415509614999132	True	203	0.025	0.7461439382653576
D_pi_fDM	PW_QTL_chr4_1	PW	4	23961812	24061812	100001	0	0.0	False	0		
D_pi_fDM	PW_QTL_chr5_1	PW	5	11108296	11208296	100001	100001	1.0	True	36803	0.025	0.999949623632313
D_pi_fDM	PW_QTL_chr5_2	PW	5	13578868	13678868	100001	100001	1.0	True	36803	0.025	0.999949623632313
D_pi_fDM	PW_QTL_chr6_1	PW	6	1702192	1802192	100001	92192	0.921910780892191	True	751	0.025	0.9060446146537204
D_pi_fDM	PW_QTL_chr6_2	PW	6	5593419	5793423	200005	200005	1.0	True	25015	0.025	0.99990295045742
D_pi_fDM	PW_QTL_chr6_3	PW	6	12662049	12762049	100001	100001	1.0	True	26943	0.025	0.9999582667573836
D_pi_fDM	PW_QTL_chr6_4	PW	6	14453980	14553980	100001	100001	1.0	True	26943	0.025	0.9999582667573836
D_pi_fDM	PW_QTL_chr7_1	PW	7	351021	455468	104448	104448	1.0	True	29275	0.025	0.999932485863955
D_pi_fDM	PW_QTL_chr7_2	PW	7	3774918	3874918	100001	100001	1.0	True	29389	0.025	0.9999446876809601
D_pi_fDM	PW_QTL_chr7_3	PW	7	6343009	6443009	100001	100001	1.0	True	29389	0.025	0.9999446876809601
D_pi_fDM	PW_QTL_chr7_4	PW	7	7248968	7348968	100001	100001	1.0	True	29389	0.025	0.9999446876809601
D_pi_fDM	PW_QTL_chr7_5	PW	7	7544287	7644287	100001	90001	0.90000099999	True	1019	0.025	0.9005992864507077
D_pi_fDM	PW_QTL_chr8_1	PW	8	2168732	2352346	183615	173615	0.945538218555129	True	913	0.025	0.9455678116436007
D_pi_fDM	PW_QTL_chr8_2	PW	8	3080247	3180247	100001	100001	1.0	True	8891	0.025	0.9998880193404792
D_pi_fDM	PW_QTL_chr8_3	PW	8	8298374	8398374	100001	35243	0.35242647573524266	True	200	0.35242647573524266	0.38853296467035336
D_pi_fDM	PW_QTL_chr8_4	PW	8	16424968	16524968	100001	0	0.0	False	0		
D_pi_fDM	PW_QTL_chr9_1	PW	9	9111511	9211511	100001	100001	1.0	True	21769	0.025	0.9999514070732783
D_pi_fDM	PW_QTL_chr9_2	PW	9	9889572	9990011	100440	100440	1.0	True	21763	0.025	0.9999486301993419
D_pi_fDM	TELC_i_QTL_chr2_1	TELC	2	3775091	3881964	106874	106874	1.0	True	43268	0.025	0.9999697936360797
D_pi_fDM	TELC_i_QTL_chr2_2	TELC	2	23779832	23918844	139013	139013	1.0	True	42584	0.025	0.9999495922921204
D_pi_fDM	TELC_i_QTL_chr4_1	TELC	4	4559455	4681677	122223	0	0.0	False	0		
