analysis_type	cutoff	cutoff_label	left_QTL_ID	left_Trait	left_family	left_chromosome	left_start	left_end	left_width_kb	left_n_sig_SNPs	left_lead_SNP	left_lead_POS	left_n_models_lead	left_methods_union	left_max_log10p	left_Genes_union	left_Function (DMEL)	left_Function (TCAS)	left_InterPro	right_chromosome	right_start	right_end	overlap_start	overlap_end	overlap_bp
D	0.1	10%	AW_QTL_chr1_2	AW	Growth	1	2529594	2696764	167.17	4	AX-674017792	2645209	2	BLINK, FarmCPU	13.8136062989325	TMOL_3.1754.1, TMOL_3.1756.1, TMOL_3.1759.1	Discoidin domain receptor, isoform F, -, BTB/POZ domain-containing protein Tiwaz	Tyrosine-protein kinase Abl-like Protein, -, BTB/POZ domain-containing protein kctd15-like Protein	IPR001245 (Protein tyrosine and serine/threonine kinase); IPR000421 (FA58C); IPR000719 (Protein kinase domain profile.); IPR008266 (Tyrosine protein kinases specific active-site signature.); IPR020635, -, IPR003131 (BTB/POZ domain); IPR011333; IPR000210	1	2537536	2547535	2537536	2547535	10000
D	0.1	10%	AW_QTL_chr1_3	AW	Growth	1	7120853	7220853	100.0	1	AX-674687618	7170853	2	BLINK, FarmCPU	7.8185837999375	TMOL_3.1282.1	Choline transporter-like 1	Choline transporter-like protein	IPR007603 (Plasma-membrane choline transporter)	1	7207536	7217535	7207536	7217535	10000
D	0.1	10%	AW_QTL_chr2_10	AW	Growth	2	20182528	20445646	263.118	19	AX-674335665	20395646	1	FarmCPU	17.8163978152269	TMOL_2.1894.1	Sidestep VI, isoform B	Nephrin-like Protein	IPR013162 (CD80-like C2-set immunoglobulin domain); IPR003961 (FN3); IPR007110 (Ig-like domain profile.); IPR013783; IPR036179	2	20325000	20334999	20325000	20334999	10000
D	0.1	10%	AW_QTL_chr2_11	AW	Growth	2	23814318	23917420	103.102	2	AX-677394445	23864318	1	BLINK	12.5141000310537	TMOL_2.2114.1	Patj homolog	PDZ domain-containing protein	IPR001478 (PDZ domain); IPR036034	2	23825000	23834999	23825000	23834999	10000
D	0.1	10%	AW_QTL_chr3_3	AW	Growth	3	15887471	16028680	141.209	2	AX-674262748	15978680	2	BLINK, FarmCPU	15.0920304634003	TMOL_6.1334.1	Ecdysone receptor	Ecdysone receptor	IPR041889 (NR_LBD_EcR); IPR003069 (Ecdysteroid receptor (1H nuclear receptor) signature); IPR001628 (Zinc finger / C4 type (two domains)); IPR000536 (Ligand-binding domain of nuclear hormone receptor); IPR001723 (Steroid hormone receptor signature)	3	15875000	15894999	15887471	15894999	7529
D	0.1	10%	AW_QTL_chr3_3	AW	Growth	3	15887471	16028680	141.209	2	AX-674262748	15978680	2	BLINK, FarmCPU	15.0920304634003	TMOL_6.1334.1	Ecdysone receptor	Ecdysone receptor	IPR041889 (NR_LBD_EcR); IPR003069 (Ecdysteroid receptor (1H nuclear receptor) signature); IPR001628 (Zinc finger / C4 type (two domains)); IPR000536 (Ligand-binding domain of nuclear hormone receptor); IPR001723 (Steroid hormone receptor signature)	3	15935000	15944999	15935000	15944999	10000
D	0.1	10%	AW_QTL_chr6_4	AW	Growth	6	9673730	9928702	254.972	5	AX-677206376	9806521	1	FarmCPU	9.91720002132269	Intergenic, TMOL_4.1018.1, TMOL_4.1021.1, TMOL_4.1023.1, TMOL_4.1024.1, TMOL_4.1031.1	-, Spectrin beta chain, Transient receptor potential cation channel protein painless, Uncharacterized protein, isoform A, Gamma-tubulin complex component 2 homolog, ABC transporter expressed in trachea, isoform A	-, Spectrin beta chain, Painless, Uncharacterized protein, Gamma-tubulin complex component, Protein white-like Protein	-, IPR018159 (SPEC); IPR002017 (Spectrin repeat); IPR001715 (Calponin homology (CH) domain); IPR001605 (Spectrin pleckstrin homology domain signature); IPR041681 (Pleckstrin homology domain), IPR005821 (Ion transport protein); IPR002110 (Ankyrin repeat); IPR036770, -, IPR041470 (Gamma tubulin complex component N-terminal); IPR040457 (Gamma tubulin complex component C-terminal); IPR007259; IPR042241, IPR013525 (ABC-2 type transporter); IPR003439 (ABC transporter); IPR043926 (ABC-2 type transporter); IPR017871 (ABC transporters family signature.); IPR027417	6	9685000	9694999	9685000	9694999	10000
D	0.1	10%	DELR4_i_QTL_chr1_1	DELR4	Reproduction	1	43992608	44092608	100.0	1	AX-676338960	44042608	1	FarmCPU	6.72676798906961	TMOL_5.391.1	-	Proteasome assembly chaperone 2	IPR019151 (PAC2 family); IPR016562; IPR038389	1	43998102	44008101	43998102	44008101	10000
D	0.1	10%	DELR5_i_QTL_chr2_2	DELR5	Reproduction	2	21827685	21927685	100.0	1	AX-676798775	21877685	1	FarmCPU	7.34438973458627	TMOL_2.1969.1	LD33689p	Uncharacterized protein	IPR019144 (Tumour-associated protein)	2	21795000	21844999	21827685	21844999	17315
D	0.1	10%	DELR5_i_QTL_chr2_2	DELR5	Reproduction	2	21827685	21927685	100.0	1	AX-676798775	21877685	1	FarmCPU	7.34438973458627	TMOL_2.1969.1	LD33689p	Uncharacterized protein	IPR019144 (Tumour-associated protein)	2	21915000	21944999	21915000	21927685	12686
D	0.1	10%	DTEP_cat_QTL_chr1_3	DTEP categorical	Development	1	9255034	9393751	138.717	2	AX-676374151	9343751	2	MLM, ssGBLUP	11.6609457409	TMOL_3.1160.1, TMOL_3.1171.1	Lethal (2) 09851, isoform A, Glucose transporter type 1	Putative histone-binding protein Caf1-like Protein, Glucose transporter type 1-like Protein	IPR022052 (Histone-binding protein RBBP4 or subunit C of CAF1 complex); IPR020472 (G protein beta WD-40 repeat signature); IPR001680 (WD domain / G-beta repeat); IPR019775 (Trp-Asp (WD) repeats signature.); IPR015943, IPR005828 (Sugar (and other) transporter); IPR003663 (SP: MFS transporter / sugar porter (SP) family); IPR020846 (Major facilitator superfamily (MFS) profile.); IPR005829 (Sugar transport proteins signature 2.); IPR045263	1	9267536	9277535	9267536	9277535	10000
D	0.1	10%	DTEP_cat_QTL_chr1_7	DTEP categorical	Development	1	31693682	31793682	100.0	1	AX-676920677	31743682	1	ssGBLUP	10.0753649469	TMOL_5.1070.1	Fatty acid synthase 1, isoform C	Fatty acid synthase-like Protein	IPR020841 (Beta-ketoacyl synthase); IPR014043 (Acyl transferase domain); IPR014030 (Beta-ketoacyl synthase / N-terminal domain); IPR013968 (KR domain); IPR014031 (Beta-ketoacyl synthase / C-terminal domain)	1	31768102	31778101	31768102	31778101	10000
D	0.1	10%	DTEP_cat_QTL_chr2_7	DTEP categorical	Development	2	15826471	16114217	287.746	158	AX-677863924	15964266	2	BLINK, MLM	13.366100292886	TMOL_2.1503.1, TMOL_2.1504.1, TMOL_2.1505.1, TMOL_2.1507.1, TMOL_2.1509.1, TMOL_2.1510.1, TMOL_2.1511.1, TMOL_2.1512.1, TMOL_2.1513.1, TMOL_2.1515.1, TMOL_2.1517.1, TMOL_2.1519.1, TMOL_2.1520.1	Dynactin subunit 6, Uncharacterized protein, isoform B, LIM and SH3 domain protein Lasp, Probable 3-hydroxyisobutyrate dehydrogenase, mitochondrial, -, -, -, Stall, isoform C, -, -, -, Protein lethal(2)essential for life, High affinity cAMP-specific and IBMX-insensitive 3',5'-cyclic phosphodiesterase 8	Dynactin subunit 6, Protein prune homolog 2-like Protein, LIM and SH3 domain protein Lasp-like Protein, 3-hydroxyisobutyrate dehydrogenase, Coiled-coil domain-containing protein 13-like Protein, Uncharacterized protein, -, A disintegrin and metalloproteinase with thrombospondin motifs 16-like Protein, Uncharacterized protein, -, HAUS augmin-like complex subunit 3 N-terminal domain-containing protein, Protein lethal(2)essential for life-like Protein, Phosphodiesterase	IPR027777; IPR011004, IPR001251 (Divergent CRAL/TRIO domain); IPR019273 (Predicted integral membrane zinc-ribbon metal-binding protein); IPR022181 (Bcl2-/adenovirus E1B nineteen kDa-interacting protein 2); IPR036865, IPR001452 (Variant SH3 domain); IPR001781 (LIM domain); IPR000900 (Nebulin repeat); IPR036028, IPR011548 (HIBADH: 3-hydroxyisobutyrate dehydrogenase); IPR006115 (NAD binding domain of 6-phosphogluconate dehydrogenase); IPR029154 (NAD-binding of NADP-dependent 3-hydroxyisobutyrate dehydrogenase); IPR015815; IPR013328, IPR038929, -, -, IPR001590 (Reprolysin (M12B) family zinc metalloprotease); IPR041645 (ADAMTS cysteine-rich domain 2); IPR002870 (Reprolysin family propeptide); IPR000884 (Thrombospondin type-1 (TSP1) repeat profile.); IPR024079, IPR027902 (Domain of unknown function (DUF4487)), -, -, IPR001436 (Alpha crystallin signature); IPR002068 (Hsp20/alpha crystallin family); IPR008978, IPR002073 (3'5'-cyclic nucleotide phosphodiesterase); IPR023088 (3'5'-cyclic nucleotide phosphodiesterase signature); IPR003607 (HDc); IPR013767 (PAS fold); IPR000014 (PAS)	2	16035000	16054999	16035000	16054999	20000
D	0.1	10%	DTEP_cat_QTL_chr2_13	DTEP categorical	Development	2	23674854	23920667	245.813	89	AX-674855278	23803107	2	BLINK, FarmCPU	26.9467569856245	TMOL_2.2110.1, TMOL_2.2111.1, TMOL_2.2112.1, TMOL_2.2113.1, TMOL_2.2114.1, TMOL_2.2115.1	FI07206p, LP13185p, Nuclear pore membrane glycoprotein 210, Tubulin beta-2 chain, Patj homolog, -	Bifunctional polynucleotide phosphatase/kinase-like Protein, Transmembrane protein 68-like Protein, Nuclear pore membrane glycoprotein 210-like Protein, Tubulin beta chain, PDZ domain-containing protein, -	IPR006550 (PNK-3'Pase: polynucleotide kinase 3'-phosphatase); IPR006551 (DNA-3'-Pase: DNA 3'-phosphatase); IPR013954 (Polynucleotide kinase 3 phosphatase); IPR006549 (HAD-SF-IIIA: HAD hydrolase / family IIIA); IPR041388 (FHA domain), IPR002123 (Acyltransferase), IPR045197; IPR008964, IPR002453 (Beta-tubulin signature); IPR000217 (Tubulin signature); IPR003008 (Tubulin/FtsZ family / GTPase domain); IPR018316 (Tubulin C-terminal domain); IPR013838 (Tubulin-beta mRNA autoregulation signal.), IPR001478 (PDZ domain); IPR036034, -	2	23795000	23804999	23795000	23804999	10000
D	0.1	10%	DTEP_cat_QTL_chr2_13	DTEP categorical	Development	2	23674854	23920667	245.813	89	AX-674855278	23803107	2	BLINK, FarmCPU	26.9467569856245	TMOL_2.2110.1, TMOL_2.2111.1, TMOL_2.2112.1, TMOL_2.2113.1, TMOL_2.2114.1, TMOL_2.2115.1	FI07206p, LP13185p, Nuclear pore membrane glycoprotein 210, Tubulin beta-2 chain, Patj homolog, -	Bifunctional polynucleotide phosphatase/kinase-like Protein, Transmembrane protein 68-like Protein, Nuclear pore membrane glycoprotein 210-like Protein, Tubulin beta chain, PDZ domain-containing protein, -	IPR006550 (PNK-3'Pase: polynucleotide kinase 3'-phosphatase); IPR006551 (DNA-3'-Pase: DNA 3'-phosphatase); IPR013954 (Polynucleotide kinase 3 phosphatase); IPR006549 (HAD-SF-IIIA: HAD hydrolase / family IIIA); IPR041388 (FHA domain), IPR002123 (Acyltransferase), IPR045197; IPR008964, IPR002453 (Beta-tubulin signature); IPR000217 (Tubulin signature); IPR003008 (Tubulin/FtsZ family / GTPase domain); IPR018316 (Tubulin C-terminal domain); IPR013838 (Tubulin-beta mRNA autoregulation signal.), IPR001478 (PDZ domain); IPR036034, -	2	23825000	23834999	23825000	23834999	10000
D	0.1	10%	DTEP_cat_QTL_chr3_4	DTEP categorical	Development	3	12517046	12777857	260.811	12	AX-678100424	12653324	1	BLINK	7.17226097075421	TMOL_6.1090.1, TMOL_6.1104.1, TMOL_6.1105.1, TMOL_6.1107.1, TMOL_6.1119.1	Down syndrome cell adhesion molecule 1, isoform BQ, DOMINA protein, N-acyl-aliphatic-L-amino acid amidohydrolase, Uncharacterized protein, isoform A, Protocadherin-like wing polarity protein stan	Down syndrome cell adhesion molecule, Fork-head domain-containing protein, N-acyl-aliphatic-L-amino acid amidohydrolase, N-acyl-aliphatic-L-amino acid amidohydrolase, Starry night	IPR021012 (Down syndrome cell adhesion molecule C terminal); IPR003961 (FN3); IPR013098 (Immunoglobulin I-set domain); IPR007110 (Ig-like domain profile.); IPR043204, IPR001766 (Forkhead domain); IPR030456 (Fork head domain signature 2.); IPR036388; IPR036390, IPR010159 (Ac-peptdase-euk: N-acyl-L-amino-acid amidohydrolase); IPR002933 (Peptidase family M20/M25/M40); IPR011650 (Peptidase dimerisation domain); IPR001261 (ArgE / dapE / ACY1 / CPG2 / yscS family signature 1.); IPR036264, IPR010159 (Ac-peptdase-euk: N-acyl-L-amino-acid amidohydrolase); IPR002933 (Peptidase family M20/M25/M40); IPR011650 (Peptidase dimerisation domain); IPR001261 (ArgE / dapE / ACY1 / CPG2 / yscS family signature 1.); IPR036264, IPR000832 (7 transmembrane receptor (Secretin family)); IPR002126 (Cadherin signature); IPR001791 (LamG); IPR032471 (GPCR-Autoproteolysis INducing (GAIN) domain); IPR002049 (EGF_Lam)	3	12765000	12774999	12765000	12774999	10000
D	0.1	10%	DTEP_cat_QTL_chr3_5	DTEP categorical	Development	3	14664454	14764454	100.0	1	AX-674782874	14714454	1	ssGBLUP	10.9381857754	TMOL_6.1260.1	Bazooka, isoform B	PDZ domain-containing protein	IPR021922 (N-terminal of Par3 and HAL proteins); IPR001478 (PDZ domain); IPR036034	3	14695000	14724999	14695000	14724999	30000
D	0.1	10%	DTEP_cat_QTL_chr5_1	DTEP categorical	Development	5	552465	652465	100.0	1	AX-677968293	602465	2	MLM, ssGBLUP	8.4116180066	TMOL_1.25.1	-	Chitin deacetylase 6	-	5	615000	624999	615000	624999	10000
D	0.1	10%	DTEP_cat_QTL_chr5_2	DTEP categorical	Development	5	1949599	2049599	100.0	1	AX-674125610	1999599	1	ssGBLUP	6.1192076703	TMOL_1.98.1	LD11652p	LIM domain transcription factor LMO4-like Protein	IPR001781 (LIM domain)	5	1995000	2004999	1995000	2004999	10000
D	0.1	10%	DTEP_cat_QTL_chr6_5	DTEP categorical	Development	6	9540323	9640323	100.0	1	AX-677814657	9590323	2	BLINK, FarmCPU	6.36110817459257	TMOL_4.1004.1	FI05204p	L-2-hydroxyglutarate dehydrogenase, mitochondrial-like Protein	IPR006076 (FAD dependent oxidoreductase); IPR036188	6	9545000	9554999	9545000	9554999	10000
D	0.1	10%	DTEP_cat_QTL_chr6_10	DTEP categorical	Development	6	20207769	20307769	100.0	1	AX-677040591	20257769	1	ssGBLUP	7.7770717538	TMOL_4.1916.1	-	SAM domain-containing protein	IPR001660 (SAM domain (Sterile alpha motif)); IPR013761	6	20205000	20224999	20207769	20224999	17231
D	0.1	10%	DTEP_cat_QTL_chr6_10	DTEP categorical	Development	6	20207769	20307769	100.0	1	AX-677040591	20257769	1	ssGBLUP	7.7770717538	TMOL_4.1916.1	-	SAM domain-containing protein	IPR001660 (SAM domain (Sterile alpha motif)); IPR013761	6	20265000	20274999	20265000	20274999	10000
D	0.1	10%	DTEP_cat_QTL_chr6_10	DTEP categorical	Development	6	20207769	20307769	100.0	1	AX-677040591	20257769	1	ssGBLUP	7.7770717538	TMOL_4.1916.1	-	SAM domain-containing protein	IPR001660 (SAM domain (Sterile alpha motif)); IPR013761	6	20285000	20294999	20285000	20294999	10000
D	0.1	10%	DTEP_cat_QTL_chr7_11	DTEP categorical	Development	7	10126097	10226097	100.0	1	AX-678766976	10176097	2	MLM, ssGBLUP	11.3434976128	TMOL_1.3218.1	LD27988p	Tyrosine-protein phosphatase non-receptor type 9-like Protein	IPR000242 (Protein-tyrosine phosphatase); IPR001251 (SEC14); IPR000387 (Tyrosine specific protein phosphatases domain profile.); IPR016130 (Tyrosine specific protein phosphatases active site.); IPR029021	7	10155000	10164999	10155000	10164999	10000
D	0.1	10%	DTEP_cat_QTL_chr7_11	DTEP categorical	Development	7	10126097	10226097	100.0	1	AX-678766976	10176097	2	MLM, ssGBLUP	11.3434976128	TMOL_1.3218.1	LD27988p	Tyrosine-protein phosphatase non-receptor type 9-like Protein	IPR000242 (Protein-tyrosine phosphatase); IPR001251 (SEC14); IPR000387 (Tyrosine specific protein phosphatases domain profile.); IPR016130 (Tyrosine specific protein phosphatases active site.); IPR029021	7	10195000	10204999	10195000	10204999	10000
D	0.1	10%	EHR_i_QTL_chr1_3	EHR	Reproduction	1	43993406	44103762	110.356	4	AX-675593274	44043406	1	MLM	4.90760523980528	TMOL_5.385.1, TMOL_5.386.1, TMOL_5.387.1, TMOL_5.390.1, TMOL_5.391.1	-, -, -, -, -	Zinc finger protein 227-like Protein, Zinc finger protein 26-like Protein, Zinc finger protein 227-like Protein, Zinc finger protein 227-like Protein, Proteasome assembly chaperone 2	IPR012934 (Zinc-finger associated domain (zf-AD)); IPR013087 (Zinc finger / C2H2 type); IPR036236, IPR012934 (Zinc-finger associated domain (zf-AD)); IPR013087 (Zinc finger / C2H2 type); IPR036236, IPR012934 (Zinc-finger associated domain (zf-AD)); IPR013087 (Zinc finger / C2H2 type); IPR036236, IPR012934 (Zinc-finger associated domain (zf-AD)); IPR013087 (Zinc finger / C2H2 type); IPR036236, IPR019151 (PAC2 family); IPR016562; IPR038389	1	43998102	44008101	43998102	44008101	10000
D	0.1	10%	EHR_i_QTL_chr2_1	EHR	Reproduction	2	4654718	4754718	100.0	1	AX-678620931	4704718	1	ssGBLUP	5.6313469161	TMOL_2.592.1, TMOL_2.594.1	-, FI02021p	AAA-ATPase-like domain-containing protein, DUF4802 domain-containing protein	IPR018631 (Predicted AAA-ATPase), IPR032061 (Domain of unknown function (DUF4802))	2	4715000	4724999	4715000	4724999	10000
D	0.1	10%	IMM21_QTL_chr7_2	IMM21	Growth	7	10126097	10226097	100.0	1	AX-678766976	10176097	1	MLM	8.35291540478587	TMOL_1.3218.1	LD27988p	Tyrosine-protein phosphatase non-receptor type 9-like Protein	IPR000242 (Protein-tyrosine phosphatase); IPR001251 (SEC14); IPR000387 (Tyrosine specific protein phosphatases domain profile.); IPR016130 (Tyrosine specific protein phosphatases active site.); IPR029021	7	10155000	10164999	10155000	10164999	10000
D	0.1	10%	IMM21_QTL_chr7_2	IMM21	Growth	7	10126097	10226097	100.0	1	AX-678766976	10176097	1	MLM	8.35291540478587	TMOL_1.3218.1	LD27988p	Tyrosine-protein phosphatase non-receptor type 9-like Protein	IPR000242 (Protein-tyrosine phosphatase); IPR001251 (SEC14); IPR000387 (Tyrosine specific protein phosphatases domain profile.); IPR016130 (Tyrosine specific protein phosphatases active site.); IPR029021	7	10195000	10204999	10195000	10204999	10000
D	0.1	10%	IMM35_QTL_chr1_2	IMM35	Growth	1	31693682	31793682	100.0	1	AX-676920677	31743682	1	MLM	7.41210383830302	TMOL_5.1070.1	Fatty acid synthase 1, isoform C	Fatty acid synthase-like Protein	IPR020841 (Beta-ketoacyl synthase); IPR014043 (Acyl transferase domain); IPR014030 (Beta-ketoacyl synthase / N-terminal domain); IPR013968 (KR domain); IPR014031 (Beta-ketoacyl synthase / C-terminal domain)	1	31768102	31778101	31768102	31778101	10000
D	0.1	10%	IMM35_QTL_chr5_1	IMM35	Growth	5	552465	652465	100.0	1	AX-677968293	602465	1	MLM	9.7811319294881	TMOL_1.25.1	-	Chitin deacetylase 6	-	5	615000	624999	615000	624999	10000
D	0.1	10%	IMM35_QTL_chr7_5	IMM35	Growth	7	10126097	10226097	100.0	1	AX-678766976	10176097	1	MLM	12.6591285773496	TMOL_1.3218.1	LD27988p	Tyrosine-protein phosphatase non-receptor type 9-like Protein	IPR000242 (Protein-tyrosine phosphatase); IPR001251 (SEC14); IPR000387 (Tyrosine specific protein phosphatases domain profile.); IPR016130 (Tyrosine specific protein phosphatases active site.); IPR029021	7	10155000	10164999	10155000	10164999	10000
D	0.1	10%	IMM35_QTL_chr7_5	IMM35	Growth	7	10126097	10226097	100.0	1	AX-678766976	10176097	1	MLM	12.6591285773496	TMOL_1.3218.1	LD27988p	Tyrosine-protein phosphatase non-receptor type 9-like Protein	IPR000242 (Protein-tyrosine phosphatase); IPR001251 (SEC14); IPR000387 (Tyrosine specific protein phosphatases domain profile.); IPR016130 (Tyrosine specific protein phosphatases active site.); IPR029021	7	10195000	10204999	10195000	10204999	10000
D	0.1	10%	IMM49_QTL_chr1_1	IMM49	Growth	1	31693682	31793682	100.0	1	AX-676920677	31743682	1	MLM	5.62792163589973	TMOL_5.1070.1	Fatty acid synthase 1, isoform C	Fatty acid synthase-like Protein	IPR020841 (Beta-ketoacyl synthase); IPR014043 (Acyl transferase domain); IPR014030 (Beta-ketoacyl synthase / N-terminal domain); IPR013968 (KR domain); IPR014031 (Beta-ketoacyl synthase / C-terminal domain)	1	31768102	31778101	31768102	31778101	10000
D	0.1	10%	IMM49_QTL_chr5_1	IMM49	Growth	5	552465	652465	100.0	1	AX-677968293	602465	1	MLM	7.53075467521713	TMOL_1.25.1	-	Chitin deacetylase 6	-	5	615000	624999	615000	624999	10000
D	0.1	10%	IMM49_QTL_chr7_6	IMM49	Growth	7	10126097	10226097	100.0	1	AX-678766976	10176097	1	MLM	11.0214037925864	TMOL_1.3218.1	LD27988p	Tyrosine-protein phosphatase non-receptor type 9-like Protein	IPR000242 (Protein-tyrosine phosphatase); IPR001251 (SEC14); IPR000387 (Tyrosine specific protein phosphatases domain profile.); IPR016130 (Tyrosine specific protein phosphatases active site.); IPR029021	7	10155000	10164999	10155000	10164999	10000
D	0.1	10%	IMM49_QTL_chr7_6	IMM49	Growth	7	10126097	10226097	100.0	1	AX-678766976	10176097	1	MLM	11.0214037925864	TMOL_1.3218.1	LD27988p	Tyrosine-protein phosphatase non-receptor type 9-like Protein	IPR000242 (Protein-tyrosine phosphatase); IPR001251 (SEC14); IPR000387 (Tyrosine specific protein phosphatases domain profile.); IPR016130 (Tyrosine specific protein phosphatases active site.); IPR029021	7	10195000	10204999	10195000	10204999	10000
D	0.1	10%	IMM56_QTL_chr5_1	IMM56	Growth	5	552465	652465	100.0	1	AX-677968293	602465	1	MLM	5.52747472108287	TMOL_1.25.1	-	Chitin deacetylase 6	-	5	615000	624999	615000	624999	10000
D	0.1	10%	IMM56_QTL_chr7_4	IMM56	Growth	7	10126097	10226097	100.0	1	AX-678766976	10176097	1	MLM	9.22773279553931	TMOL_1.3218.1	LD27988p	Tyrosine-protein phosphatase non-receptor type 9-like Protein	IPR000242 (Protein-tyrosine phosphatase); IPR001251 (SEC14); IPR000387 (Tyrosine specific protein phosphatases domain profile.); IPR016130 (Tyrosine specific protein phosphatases active site.); IPR029021	7	10155000	10164999	10155000	10164999	10000
D	0.1	10%	IMM56_QTL_chr7_4	IMM56	Growth	7	10126097	10226097	100.0	1	AX-678766976	10176097	1	MLM	9.22773279553931	TMOL_1.3218.1	LD27988p	Tyrosine-protein phosphatase non-receptor type 9-like Protein	IPR000242 (Protein-tyrosine phosphatase); IPR001251 (SEC14); IPR000387 (Tyrosine specific protein phosphatases domain profile.); IPR016130 (Tyrosine specific protein phosphatases active site.); IPR029021	7	10195000	10204999	10195000	10204999	10000
D	0.1	10%	IMM63_QTL_chr7_1	IMM63	Growth	7	10126097	10226097	100.0	1	AX-678766976	10176097	1	MLM	6.96737434712476	TMOL_1.3218.1	LD27988p	Tyrosine-protein phosphatase non-receptor type 9-like Protein	IPR000242 (Protein-tyrosine phosphatase); IPR001251 (SEC14); IPR000387 (Tyrosine specific protein phosphatases domain profile.); IPR016130 (Tyrosine specific protein phosphatases active site.); IPR029021	7	10155000	10164999	10155000	10164999	10000
D	0.1	10%	IMM63_QTL_chr7_1	IMM63	Growth	7	10126097	10226097	100.0	1	AX-678766976	10176097	1	MLM	6.96737434712476	TMOL_1.3218.1	LD27988p	Tyrosine-protein phosphatase non-receptor type 9-like Protein	IPR000242 (Protein-tyrosine phosphatase); IPR001251 (SEC14); IPR000387 (Tyrosine specific protein phosphatases domain profile.); IPR016130 (Tyrosine specific protein phosphatases active site.); IPR029021	7	10195000	10204999	10195000	10204999	10000
D	0.1	10%	PW_QTL_chr1_2	PW	Growth	1	32289888	32391003	101.115	2	AX-675900205	32341003	1	FarmCPU	16.9331918024473	TMOL_5.1023.1	Transducer of ERBB2, isoform A	Protein BTG3-like Protein	IPR002087 (BTG family); IPR033332; IPR036054	1	32348102	32358101	32348102	32358101	10000
D	0.1	10%	PW_QTL_chr3_3	PW	Growth	3	15879019	16028680	149.661	2	AX-673647911	15929019	1	FarmCPU	14.0898590384082	TMOL_6.1334.1	Ecdysone receptor	Ecdysone receptor	IPR041889 (NR_LBD_EcR); IPR003069 (Ecdysteroid receptor (1H nuclear receptor) signature); IPR001628 (Zinc finger / C4 type (two domains)); IPR000536 (Ligand-binding domain of nuclear hormone receptor); IPR001723 (Steroid hormone receptor signature)	3	15875000	15894999	15879019	15894999	15981
D	0.1	10%	PW_QTL_chr3_3	PW	Growth	3	15879019	16028680	149.661	2	AX-673647911	15929019	1	FarmCPU	14.0898590384082	TMOL_6.1334.1	Ecdysone receptor	Ecdysone receptor	IPR041889 (NR_LBD_EcR); IPR003069 (Ecdysteroid receptor (1H nuclear receptor) signature); IPR001628 (Zinc finger / C4 type (two domains)); IPR000536 (Ligand-binding domain of nuclear hormone receptor); IPR001723 (Steroid hormone receptor signature)	3	15935000	15944999	15935000	15944999	10000
D	0.1	10%	PW_QTL_chr7_2	PW	Growth	7	3774918	3874918	100.0	1	AX-678738422	3824918	1	FarmCPU	6.5236129821337	TMOL_1.2642.1	Tomosyn, isoform C	Lethal(2) giant larvae protein-like Protein	IPR013577 (LLGL2); IPR000664 (Lethal(2) giant larvae protein signature); IPR042855 (v-SNARE coiled-coil homology domain profile.); IPR036322; IPR015943	7	3765000	3774999	3774918	3774999	82
D	0.1	10%	TELC_i_QTL_chr2_2	TELC	Reproduction	2	23779832	23918844	139.012	2	AX-677790294	23868844	1	FarmCPU	9.93236730605489	TMOL_2.2114.1	Patj homolog	PDZ domain-containing protein	IPR001478 (PDZ domain); IPR036034	2	23795000	23804999	23795000	23804999	10000
D	0.1	10%	TELC_i_QTL_chr2_2	TELC	Reproduction	2	23779832	23918844	139.012	2	AX-677790294	23868844	1	FarmCPU	9.93236730605489	TMOL_2.2114.1	Patj homolog	PDZ domain-containing protein	IPR001478 (PDZ domain); IPR036034	2	23825000	23834999	23825000	23834999	10000
D	0.05	5%	AW_QTL_chr6_3	AW	Growth	6	5668717	5768717	100.0	1	AX-676812903	5718717	1	BLINK	8.16929789788054	TMOL_4.630.1	Beadex, isoform D	Rhombotin-1-like Protein	IPR001781 (LIM domain)	6	5705000	5714999	5705000	5714999	10000
D	0.05	5%	AW_QTL_chr6_4	AW	Growth	6	9673730	9928702	254.972	5	AX-677206376	9806521	1	FarmCPU	9.91720002132269	Intergenic, TMOL_4.1018.1, TMOL_4.1021.1, TMOL_4.1023.1, TMOL_4.1024.1, TMOL_4.1031.1	-, Spectrin beta chain, Transient receptor potential cation channel protein painless, Uncharacterized protein, isoform A, Gamma-tubulin complex component 2 homolog, ABC transporter expressed in trachea, isoform A	-, Spectrin beta chain, Painless, Uncharacterized protein, Gamma-tubulin complex component, Protein white-like Protein	-, IPR018159 (SPEC); IPR002017 (Spectrin repeat); IPR001715 (Calponin homology (CH) domain); IPR001605 (Spectrin pleckstrin homology domain signature); IPR041681 (Pleckstrin homology domain), IPR005821 (Ion transport protein); IPR002110 (Ankyrin repeat); IPR036770, -, IPR041470 (Gamma tubulin complex component N-terminal); IPR040457 (Gamma tubulin complex component C-terminal); IPR007259; IPR042241, IPR013525 (ABC-2 type transporter); IPR003439 (ABC transporter); IPR043926 (ABC-2 type transporter); IPR017871 (ABC transporters family signature.); IPR027417	6	9685000	9694999	9685000	9694999	10000
D	0.05	5%	DELR5_i_QTL_chr2_2	DELR5	Reproduction	2	21827685	21927685	100.0	1	AX-676798775	21877685	1	FarmCPU	7.34438973458627	TMOL_2.1969.1	LD33689p	Uncharacterized protein	IPR019144 (Tumour-associated protein)	2	21795000	21834999	21827685	21834999	7315
D	0.05	5%	DELR5_i_QTL_chr2_2	DELR5	Reproduction	2	21827685	21927685	100.0	1	AX-676798775	21877685	1	FarmCPU	7.34438973458627	TMOL_2.1969.1	LD33689p	Uncharacterized protein	IPR019144 (Tumour-associated protein)	2	21925000	21934999	21925000	21927685	2686
D	0.05	5%	DTEP_cat_QTL_chr1_3	DTEP categorical	Development	1	9255034	9393751	138.717	2	AX-676374151	9343751	2	MLM, ssGBLUP	11.6609457409	TMOL_3.1160.1, TMOL_3.1171.1	Lethal (2) 09851, isoform A, Glucose transporter type 1	Putative histone-binding protein Caf1-like Protein, Glucose transporter type 1-like Protein	IPR022052 (Histone-binding protein RBBP4 or subunit C of CAF1 complex); IPR020472 (G protein beta WD-40 repeat signature); IPR001680 (WD domain / G-beta repeat); IPR019775 (Trp-Asp (WD) repeats signature.); IPR015943, IPR005828 (Sugar (and other) transporter); IPR003663 (SP: MFS transporter / sugar porter (SP) family); IPR020846 (Major facilitator superfamily (MFS) profile.); IPR005829 (Sugar transport proteins signature 2.); IPR045263	1	9387536	9397535	9387536	9393751	6216
D	0.05	5%	DTEP_cat_QTL_chr2_7	DTEP categorical	Development	2	15826471	16114217	287.746	158	AX-677863924	15964266	2	BLINK, MLM	13.366100292886	TMOL_2.1503.1, TMOL_2.1504.1, TMOL_2.1505.1, TMOL_2.1507.1, TMOL_2.1509.1, TMOL_2.1510.1, TMOL_2.1511.1, TMOL_2.1512.1, TMOL_2.1513.1, TMOL_2.1515.1, TMOL_2.1517.1, TMOL_2.1519.1, TMOL_2.1520.1	Dynactin subunit 6, Uncharacterized protein, isoform B, LIM and SH3 domain protein Lasp, Probable 3-hydroxyisobutyrate dehydrogenase, mitochondrial, -, -, -, Stall, isoform C, -, -, -, Protein lethal(2)essential for life, High affinity cAMP-specific and IBMX-insensitive 3',5'-cyclic phosphodiesterase 8	Dynactin subunit 6, Protein prune homolog 2-like Protein, LIM and SH3 domain protein Lasp-like Protein, 3-hydroxyisobutyrate dehydrogenase, Coiled-coil domain-containing protein 13-like Protein, Uncharacterized protein, -, A disintegrin and metalloproteinase with thrombospondin motifs 16-like Protein, Uncharacterized protein, -, HAUS augmin-like complex subunit 3 N-terminal domain-containing protein, Protein lethal(2)essential for life-like Protein, Phosphodiesterase	IPR027777; IPR011004, IPR001251 (Divergent CRAL/TRIO domain); IPR019273 (Predicted integral membrane zinc-ribbon metal-binding protein); IPR022181 (Bcl2-/adenovirus E1B nineteen kDa-interacting protein 2); IPR036865, IPR001452 (Variant SH3 domain); IPR001781 (LIM domain); IPR000900 (Nebulin repeat); IPR036028, IPR011548 (HIBADH: 3-hydroxyisobutyrate dehydrogenase); IPR006115 (NAD binding domain of 6-phosphogluconate dehydrogenase); IPR029154 (NAD-binding of NADP-dependent 3-hydroxyisobutyrate dehydrogenase); IPR015815; IPR013328, IPR038929, -, -, IPR001590 (Reprolysin (M12B) family zinc metalloprotease); IPR041645 (ADAMTS cysteine-rich domain 2); IPR002870 (Reprolysin family propeptide); IPR000884 (Thrombospondin type-1 (TSP1) repeat profile.); IPR024079, IPR027902 (Domain of unknown function (DUF4487)), -, -, IPR001436 (Alpha crystallin signature); IPR002068 (Hsp20/alpha crystallin family); IPR008978, IPR002073 (3'5'-cyclic nucleotide phosphodiesterase); IPR023088 (3'5'-cyclic nucleotide phosphodiesterase signature); IPR003607 (HDc); IPR013767 (PAS fold); IPR000014 (PAS)	2	16045000	16054999	16045000	16054999	10000
D	0.05	5%	DTEP_cat_QTL_chr5_1	DTEP categorical	Development	5	552465	652465	100.0	1	AX-677968293	602465	2	MLM, ssGBLUP	8.4116180066	TMOL_1.25.1	-	Chitin deacetylase 6	-	5	575000	584999	575000	584999	10000
D	0.05	5%	DTEP_cat_QTL_chr5_2	DTEP categorical	Development	5	1949599	2049599	100.0	1	AX-674125610	1999599	1	ssGBLUP	6.1192076703	TMOL_1.98.1	LD11652p	LIM domain transcription factor LMO4-like Protein	IPR001781 (LIM domain)	5	1995000	2004999	1995000	2004999	10000
D	0.05	5%	DTEP_cat_QTL_chr5_2	DTEP categorical	Development	5	1949599	2049599	100.0	1	AX-674125610	1999599	1	ssGBLUP	6.1192076703	TMOL_1.98.1	LD11652p	LIM domain transcription factor LMO4-like Protein	IPR001781 (LIM domain)	5	2025000	2034999	2025000	2034999	10000
D	0.05	5%	DTEP_cat_QTL_chr7_11	DTEP categorical	Development	7	10126097	10226097	100.0	1	AX-678766976	10176097	2	MLM, ssGBLUP	11.3434976128	TMOL_1.3218.1	LD27988p	Tyrosine-protein phosphatase non-receptor type 9-like Protein	IPR000242 (Protein-tyrosine phosphatase); IPR001251 (SEC14); IPR000387 (Tyrosine specific protein phosphatases domain profile.); IPR016130 (Tyrosine specific protein phosphatases active site.); IPR029021	7	10155000	10164999	10155000	10164999	10000
D	0.05	5%	IMM21_QTL_chr7_2	IMM21	Growth	7	10126097	10226097	100.0	1	AX-678766976	10176097	1	MLM	8.35291540478587	TMOL_1.3218.1	LD27988p	Tyrosine-protein phosphatase non-receptor type 9-like Protein	IPR000242 (Protein-tyrosine phosphatase); IPR001251 (SEC14); IPR000387 (Tyrosine specific protein phosphatases domain profile.); IPR016130 (Tyrosine specific protein phosphatases active site.); IPR029021	7	10155000	10164999	10155000	10164999	10000
D	0.05	5%	IMM35_QTL_chr5_1	IMM35	Growth	5	552465	652465	100.0	1	AX-677968293	602465	1	MLM	9.7811319294881	TMOL_1.25.1	-	Chitin deacetylase 6	-	5	575000	584999	575000	584999	10000
D	0.05	5%	IMM35_QTL_chr7_5	IMM35	Growth	7	10126097	10226097	100.0	1	AX-678766976	10176097	1	MLM	12.6591285773496	TMOL_1.3218.1	LD27988p	Tyrosine-protein phosphatase non-receptor type 9-like Protein	IPR000242 (Protein-tyrosine phosphatase); IPR001251 (SEC14); IPR000387 (Tyrosine specific protein phosphatases domain profile.); IPR016130 (Tyrosine specific protein phosphatases active site.); IPR029021	7	10155000	10164999	10155000	10164999	10000
D	0.05	5%	IMM49_QTL_chr5_1	IMM49	Growth	5	552465	652465	100.0	1	AX-677968293	602465	1	MLM	7.53075467521713	TMOL_1.25.1	-	Chitin deacetylase 6	-	5	575000	584999	575000	584999	10000
D	0.05	5%	IMM49_QTL_chr7_6	IMM49	Growth	7	10126097	10226097	100.0	1	AX-678766976	10176097	1	MLM	11.0214037925864	TMOL_1.3218.1	LD27988p	Tyrosine-protein phosphatase non-receptor type 9-like Protein	IPR000242 (Protein-tyrosine phosphatase); IPR001251 (SEC14); IPR000387 (Tyrosine specific protein phosphatases domain profile.); IPR016130 (Tyrosine specific protein phosphatases active site.); IPR029021	7	10155000	10164999	10155000	10164999	10000
D	0.05	5%	IMM56_QTL_chr5_1	IMM56	Growth	5	552465	652465	100.0	1	AX-677968293	602465	1	MLM	5.52747472108287	TMOL_1.25.1	-	Chitin deacetylase 6	-	5	575000	584999	575000	584999	10000
D	0.05	5%	IMM56_QTL_chr7_4	IMM56	Growth	7	10126097	10226097	100.0	1	AX-678766976	10176097	1	MLM	9.22773279553931	TMOL_1.3218.1	LD27988p	Tyrosine-protein phosphatase non-receptor type 9-like Protein	IPR000242 (Protein-tyrosine phosphatase); IPR001251 (SEC14); IPR000387 (Tyrosine specific protein phosphatases domain profile.); IPR016130 (Tyrosine specific protein phosphatases active site.); IPR029021	7	10155000	10164999	10155000	10164999	10000
D	0.05	5%	IMM63_QTL_chr7_1	IMM63	Growth	7	10126097	10226097	100.0	1	AX-678766976	10176097	1	MLM	6.96737434712476	TMOL_1.3218.1	LD27988p	Tyrosine-protein phosphatase non-receptor type 9-like Protein	IPR000242 (Protein-tyrosine phosphatase); IPR001251 (SEC14); IPR000387 (Tyrosine specific protein phosphatases domain profile.); IPR016130 (Tyrosine specific protein phosphatases active site.); IPR029021	7	10155000	10164999	10155000	10164999	10000
D	0.05	5%	PW_QTL_chr6_2	PW	Growth	6	5593419	5793423	200.004	5	AX-678048964	5743423	1	FarmCPU	9.9937524293728	TMOL_4.627.1, TMOL_4.630.1	RE24765p, Beadex, isoform D	Partial AB-hydrolase lipase domain-containing protein, Rhombotin-1-like Protein	IPR000073 (alpha/beta hydrolase fold); IPR029058; IPR025483, IPR001781 (LIM domain)	6	5705000	5714999	5705000	5714999	10000
D	0.05	5%	PW_QTL_chr7_2	PW	Growth	7	3774918	3874918	100.0	1	AX-678738422	3824918	1	FarmCPU	6.5236129821337	TMOL_1.2642.1	Tomosyn, isoform C	Lethal(2) giant larvae protein-like Protein	IPR013577 (LLGL2); IPR000664 (Lethal(2) giant larvae protein signature); IPR042855 (v-SNARE coiled-coil homology domain profile.); IPR036322; IPR015943	7	3765000	3784999	3774918	3784999	10082
D	0.01	1%	DTEP_cat_QTL_chr5_2	DTEP categorical	Development	5	1949599	2049599	100.0	1	AX-674125610	1999599	1	ssGBLUP	6.1192076703	TMOL_1.98.1	LD11652p	LIM domain transcription factor LMO4-like Protein	IPR001781 (LIM domain)	5	1995000	2004999	1995000	2004999	10000
D	0.01	1%	DTEP_cat_QTL_chr6_1	DTEP categorical	Development	6	1676644	1776644	100.0	1	AX-676538829	1726644	1	BLINK	9.61069529101872	TMOL_4.162.1	-	Heparanase-like Protein	IPR005199 (Glycosyl hydrolase family 79 / N-terminal domain); IPR017853	6	1685000	1694999	1685000	1694999	10000
D	0.01	1%	DTEP_cat_QTL_chr6_1	DTEP categorical	Development	6	1676644	1776644	100.0	1	AX-676538829	1726644	1	BLINK	9.61069529101872	TMOL_4.162.1	-	Heparanase-like Protein	IPR005199 (Glycosyl hydrolase family 79 / N-terminal domain); IPR017853	6	1705000	1714999	1705000	1714999	10000
D	0.01	1%	EHR_i_QTL_chr3_1	EHR	Reproduction	3	883565	983565	100.0	1	AX-677404387	933565	1	BLINK	5.92586111369912	TMOL_6.138.1	Octopamine receptor beta-2R	CG6989-like octopamine receptor	IPR000276 (7 transmembrane receptor (rhodopsin family)); IPR017452 (G-protein coupled receptors family 1 profile.)	3	945000	954999	945000	954999	10000
D	0.01	1%	PW_QTL_chr6_1	PW	Growth	6	1702192	1802192	100.0	1	AX-677171713	1752192	1	FarmCPU	5.79413840249899	TMOL_4.171.1, TMOL_4.172.1	-, Uncharacterized protein	Uncharacterized protein, Uncharacterized protein	-, -	6	1705000	1714999	1705000	1714999	10000
D	0.01	1%	PW_QTL_chr7_2	PW	Growth	7	3774918	3874918	100.0	1	AX-678738422	3824918	1	FarmCPU	6.5236129821337	TMOL_1.2642.1	Tomosyn, isoform C	Lethal(2) giant larvae protein-like Protein	IPR013577 (LLGL2); IPR000664 (Lethal(2) giant larvae protein signature); IPR042855 (v-SNARE coiled-coil homology domain profile.); IPR036322; IPR015943	7	3775000	3784999	3775000	3784999	10000
pi	0.1	10%	AW_QTL_chr2_3	AW	Growth	2	2262371	2362371	100.0	1	AX-676506517	2312371	1	BLINK	5.87928627866914	TMOL_2.312.1	-	RZZ complex subunit KNTC1/ROD C-terminal domain-containing protein	IPR019527 (Rough deal protein C-terminal region)	2	2330001	2340000	2330001	2340000	10000
pi	0.1	10%	AW_QTL_chr2_10	AW	Growth	2	20182528	20445646	263.118	19	AX-674335665	20395646	1	FarmCPU	17.8163978152269	TMOL_2.1894.1	Sidestep VI, isoform B	Nephrin-like Protein	IPR013162 (CD80-like C2-set immunoglobulin domain); IPR003961 (FN3); IPR007110 (Ig-like domain profile.); IPR013783; IPR036179	2	20300001	20310000	20300001	20310000	10000
pi	0.1	10%	AW_QTL_chr2_11	AW	Growth	2	23814318	23917420	103.102	2	AX-677394445	23864318	1	BLINK	12.5141000310537	TMOL_2.2114.1	Patj homolog	PDZ domain-containing protein	IPR001478 (PDZ domain); IPR036034	2	23810001	23830000	23814318	23830000	15683
pi	0.1	10%	AW_QTL_chr2_11	AW	Growth	2	23814318	23917420	103.102	2	AX-677394445	23864318	1	BLINK	12.5141000310537	TMOL_2.2114.1	Patj homolog	PDZ domain-containing protein	IPR001478 (PDZ domain); IPR036034	2	23890001	23900000	23890001	23900000	10000
pi	0.1	10%	AW_QTL_chr3_3	AW	Growth	3	15887471	16028680	141.209	2	AX-674262748	15978680	2	BLINK, FarmCPU	15.0920304634003	TMOL_6.1334.1	Ecdysone receptor	Ecdysone receptor	IPR041889 (NR_LBD_EcR); IPR003069 (Ecdysteroid receptor (1H nuclear receptor) signature); IPR001628 (Zinc finger / C4 type (two domains)); IPR000536 (Ligand-binding domain of nuclear hormone receptor); IPR001723 (Steroid hormone receptor signature)	3	15930001	15940000	15930001	15940000	10000
pi	0.1	10%	AW_QTL_chr3_3	AW	Growth	3	15887471	16028680	141.209	2	AX-674262748	15978680	2	BLINK, FarmCPU	15.0920304634003	TMOL_6.1334.1	Ecdysone receptor	Ecdysone receptor	IPR041889 (NR_LBD_EcR); IPR003069 (Ecdysteroid receptor (1H nuclear receptor) signature); IPR001628 (Zinc finger / C4 type (two domains)); IPR000536 (Ligand-binding domain of nuclear hormone receptor); IPR001723 (Steroid hormone receptor signature)	3	15960001	15970000	15960001	15970000	10000
pi	0.1	10%	AW_QTL_chr5_1	AW	Growth	5	14922061	15204251	282.19	5	AX-677487145	15112739	1	FarmCPU	10.8432179062523	TMOL_1.1257.1, TMOL_1.1266.1, TMOL_1.1272.1, TMOL_1.1274.1, TMOL_1.1280.1	Phosphatidate cytidylyltransferase, photoreceptor-specific, -, Activated Cdc42 kinase-like, GH07821p, -	Phosphatidate cytidylyltransferase, -, Tyrosine-protein kinase PR2-like Protein, 28S ribosomal protein S22, mitochondrial-like Protein, Zinc finger protein 26-like Protein	IPR000374 (Phosphatidate cytidylyltransferase signature.); IPR016720, -, IPR001245 (Protein tyrosine and serine/threonine kinase); IPR000095 (CRIB domain profile.); IPR000719 (Protein kinase domain profile.); IPR008266 (Tyrosine protein kinases specific active-site signature.); IPR017441 (Protein kinases ATP-binding region signature.), IPR019374 (Mitochondrial 28S ribosomal protein S22), IPR012934 (Zinc-finger associated domain (zf-AD)); IPR013087 (Zinc finger / C2H2 type); IPR036236	5	15100001	15110000	15100001	15110000	10000
pi	0.1	10%	AW_QTL_chr5_3	AW	Growth	5	17076926	17177121	100.195	2	AX-675110452	17126926	1	BLINK	13.7523093726365	TMOL_1.1425.1	-	Uncharacterized protein	-	5	17070001	17080000	17076926	17080000	3075
pi	0.1	10%	AW_QTL_chr5_3	AW	Growth	5	17076926	17177121	100.195	2	AX-675110452	17126926	1	BLINK	13.7523093726365	TMOL_1.1425.1	-	Uncharacterized protein	-	5	17140001	17150000	17140001	17150000	10000
pi	0.1	10%	AW_QTL_chr6_3	AW	Growth	6	5668717	5768717	100.0	1	AX-676812903	5718717	1	BLINK	8.16929789788054	TMOL_4.630.1	Beadex, isoform D	Rhombotin-1-like Protein	IPR001781 (LIM domain)	6	5710001	5720000	5710001	5720000	10000
pi	0.1	10%	AW_QTL_chr6_4	AW	Growth	6	9673730	9928702	254.972	5	AX-677206376	9806521	1	FarmCPU	9.91720002132269	Intergenic, TMOL_4.1018.1, TMOL_4.1021.1, TMOL_4.1023.1, TMOL_4.1024.1, TMOL_4.1031.1	-, Spectrin beta chain, Transient receptor potential cation channel protein painless, Uncharacterized protein, isoform A, Gamma-tubulin complex component 2 homolog, ABC transporter expressed in trachea, isoform A	-, Spectrin beta chain, Painless, Uncharacterized protein, Gamma-tubulin complex component, Protein white-like Protein	-, IPR018159 (SPEC); IPR002017 (Spectrin repeat); IPR001715 (Calponin homology (CH) domain); IPR001605 (Spectrin pleckstrin homology domain signature); IPR041681 (Pleckstrin homology domain), IPR005821 (Ion transport protein); IPR002110 (Ankyrin repeat); IPR036770, -, IPR041470 (Gamma tubulin complex component N-terminal); IPR040457 (Gamma tubulin complex component C-terminal); IPR007259; IPR042241, IPR013525 (ABC-2 type transporter); IPR003439 (ABC transporter); IPR043926 (ABC-2 type transporter); IPR017871 (ABC transporters family signature.); IPR027417	6	9680001	9690000	9680001	9690000	10000
pi	0.1	10%	AW_QTL_chr6_4	AW	Growth	6	9673730	9928702	254.972	5	AX-677206376	9806521	1	FarmCPU	9.91720002132269	Intergenic, TMOL_4.1018.1, TMOL_4.1021.1, TMOL_4.1023.1, TMOL_4.1024.1, TMOL_4.1031.1	-, Spectrin beta chain, Transient receptor potential cation channel protein painless, Uncharacterized protein, isoform A, Gamma-tubulin complex component 2 homolog, ABC transporter expressed in trachea, isoform A	-, Spectrin beta chain, Painless, Uncharacterized protein, Gamma-tubulin complex component, Protein white-like Protein	-, IPR018159 (SPEC); IPR002017 (Spectrin repeat); IPR001715 (Calponin homology (CH) domain); IPR001605 (Spectrin pleckstrin homology domain signature); IPR041681 (Pleckstrin homology domain), IPR005821 (Ion transport protein); IPR002110 (Ankyrin repeat); IPR036770, -, IPR041470 (Gamma tubulin complex component N-terminal); IPR040457 (Gamma tubulin complex component C-terminal); IPR007259; IPR042241, IPR013525 (ABC-2 type transporter); IPR003439 (ABC transporter); IPR043926 (ABC-2 type transporter); IPR017871 (ABC transporters family signature.); IPR027417	6	9710001	9720000	9710001	9720000	10000
pi	0.1	10%	AW_QTL_chr6_4	AW	Growth	6	9673730	9928702	254.972	5	AX-677206376	9806521	1	FarmCPU	9.91720002132269	Intergenic, TMOL_4.1018.1, TMOL_4.1021.1, TMOL_4.1023.1, TMOL_4.1024.1, TMOL_4.1031.1	-, Spectrin beta chain, Transient receptor potential cation channel protein painless, Uncharacterized protein, isoform A, Gamma-tubulin complex component 2 homolog, ABC transporter expressed in trachea, isoform A	-, Spectrin beta chain, Painless, Uncharacterized protein, Gamma-tubulin complex component, Protein white-like Protein	-, IPR018159 (SPEC); IPR002017 (Spectrin repeat); IPR001715 (Calponin homology (CH) domain); IPR001605 (Spectrin pleckstrin homology domain signature); IPR041681 (Pleckstrin homology domain), IPR005821 (Ion transport protein); IPR002110 (Ankyrin repeat); IPR036770, -, IPR041470 (Gamma tubulin complex component N-terminal); IPR040457 (Gamma tubulin complex component C-terminal); IPR007259; IPR042241, IPR013525 (ABC-2 type transporter); IPR003439 (ABC transporter); IPR043926 (ABC-2 type transporter); IPR017871 (ABC transporters family signature.); IPR027417	6	9910001	9920000	9910001	9920000	10000
pi	0.1	10%	AW_QTL_chr6_5	AW	Growth	6	12661080	12836811	175.731	5	AX-677427528	12712049	2	BLINK, FarmCPU	15.9874029561344	TMOL_4.1253.1, TMOL_4.1266.1	Radish, isoform I, NAT1, isoform D	Rap-GAP domain-containing protein, Eukaryotic translation initiation factor 4 gamma 2-like Protein	IPR000331 (Rap/ran-GAP); IPR000210 (BTB/POZ domain); IPR035974; IPR011333, IPR003890 (MIF4G domain); IPR003307 (eIF4-gamma/eIF5/eIF2-epsilon); IPR003891 (MI domain profile.); IPR045208; IPR016024	6	12780001	12790000	12780001	12790000	10000
pi	0.1	10%	AW_QTL_chr7_6	AW	Growth	7	8519872	8619872	100.0	1	AX-675196895	8569872	1	BLINK	7.03431017181964	TMOL_1.3093.1	Possible lysine-specific histone demethylase 1	Putative lysine-specific histone demethylase 1-like Protein	IPR002937 (Flavin containing amine oxidoreductase); IPR007526 (SWIRM domain); IPR017366; IPR036188; IPR036388	7	8510001	8520000	8519872	8520000	129
pi	0.1	10%	DELR4_i_QTL_chr1_1	DELR4	Reproduction	1	43992608	44092608	100.0	1	AX-676338960	44042608	1	FarmCPU	6.72676798906961	TMOL_5.391.1	-	Proteasome assembly chaperone 2	IPR019151 (PAC2 family); IPR016562; IPR038389	1	44003101	44013100	44003101	44013100	10000
pi	0.1	10%	DELR4_i_QTL_chr3_1	DELR4	Reproduction	3	59418	159418	100.0	1	AX-674624813	109418	1	FarmCPU	7.06788233575167	TMOL_6.20.1	Paxillin, isoform F	Paxillin-like Protein	IPR047075 (LIM1_Paxillin_like); IPR001904 (LIM4_Paxillin); IPR001781 (LIM domain)	3	60001	70000	60001	70000	10000
pi	0.1	10%	DELR4_i_QTL_chr3_1	DELR4	Reproduction	3	59418	159418	100.0	1	AX-674624813	109418	1	FarmCPU	7.06788233575167	TMOL_6.20.1	Paxillin, isoform F	Paxillin-like Protein	IPR047075 (LIM1_Paxillin_like); IPR001904 (LIM4_Paxillin); IPR001781 (LIM domain)	3	100001	110000	100001	110000	10000
pi	0.1	10%	DELR4_i_QTL_chr3_1	DELR4	Reproduction	3	59418	159418	100.0	1	AX-674624813	109418	1	FarmCPU	7.06788233575167	TMOL_6.20.1	Paxillin, isoform F	Paxillin-like Protein	IPR047075 (LIM1_Paxillin_like); IPR001904 (LIM4_Paxillin); IPR001781 (LIM domain)	3	140001	150000	140001	150000	10000
pi	0.1	10%	DELR4_i_QTL_chr7_1	DELR4	Reproduction	7	10425043	10526129	101.086	2	AX-675951425	10476129	1	FarmCPU	9.13282390823175	TMOL_1.3244.1	Spaghetti-squash activator, isoform C	Myosin light chain kinase, smooth muscle-like Protein	IPR000719 (Protein kinase domain); IPR008271 (Serine/Threonine protein kinases active-site signature.); IPR017441 (Protein kinases ATP-binding region signature.); IPR011009	7	10470001	10480000	10470001	10480000	10000
pi	0.1	10%	DELR5_i_QTL_chr2_1	DELR5	Reproduction	2	549778	652002	102.224	2	AX-678793719	602002	2	FarmCPU, ssGBLUP	8.9492095470902	TMOL_2.67.1, TMOL_2.68.1	Dynein heavy chain, cytoplasmic, FI18259p1	Dynein heavy chain, Solute carrier family 46 member 3-like Protein	IPR013594 (Dynein heavy chain / N-terminal region 1); IPR035699 (Hydrolytic ATP binding site of dynein motor region); IPR013602 (Dynein heavy chain / N-terminal region 2); IPR035706 (ATP-binding dynein motor region); IPR024317 (P-loop containing dynein motor region D4), IPR011701 (Major Facilitator Superfamily); IPR020846 (Major facilitator superfamily (MFS) profile.); IPR036259	2	610001	620000	610001	620000	10000
pi	0.1	10%	DELR5_i_QTL_chr2_1	DELR5	Reproduction	2	549778	652002	102.224	2	AX-678793719	602002	2	FarmCPU, ssGBLUP	8.9492095470902	TMOL_2.67.1, TMOL_2.68.1	Dynein heavy chain, cytoplasmic, FI18259p1	Dynein heavy chain, Solute carrier family 46 member 3-like Protein	IPR013594 (Dynein heavy chain / N-terminal region 1); IPR035699 (Hydrolytic ATP binding site of dynein motor region); IPR013602 (Dynein heavy chain / N-terminal region 2); IPR035706 (ATP-binding dynein motor region); IPR024317 (P-loop containing dynein motor region D4), IPR011701 (Major Facilitator Superfamily); IPR020846 (Major facilitator superfamily (MFS) profile.); IPR036259	2	650001	660000	650001	652002	2002
pi	0.1	10%	DELR5_i_QTL_chr2_2	DELR5	Reproduction	2	21827685	21927685	100.0	1	AX-676798775	21877685	1	FarmCPU	7.34438973458627	TMOL_2.1969.1	LD33689p	Uncharacterized protein	IPR019144 (Tumour-associated protein)	2	21790001	21840000	21827685	21840000	12316
pi	0.1	10%	DELR5_i_QTL_chr7_1	DELR5	Reproduction	7	15738421	15838421	100.0	1	AX-675953504	15788421	1	FarmCPU	6.00595159981298	TMOL_1.3785.1	M-spondin, isoform A	Spondin domain-containing protein	IPR009465 (Spondin_N); IPR044004 (Spondin-like TSP1 domain); IPR000884 (Thrombospondin type-1 (TSP1) repeat profile.); IPR038678; IPR036383	7	15780001	15790000	15780001	15790000	10000
pi	0.1	10%	DTEP_cat_QTL_chr1_1	DTEP categorical	Development	1	4479132	4579132	100.0	1	AX-678710986	4529132	2	MLM, ssGBLUP	9.7835042791	TMOL_3.1555.1	Tyrosine-protein phosphatase Lar	protein-tyrosine-phosphatase	IPR000242 (Protein-tyrosine phosphatase); IPR003961 (FN3); IPR013098 (Immunoglobulin I-set domain); IPR007110 (Ig-like domain profile.); IPR000387 (Tyrosine specific protein phosphatases domain profile.)	1	4572535	4582534	4572535	4579132	6598
pi	0.1	10%	DTEP_cat_QTL_chr1_3	DTEP categorical	Development	1	9255034	9393751	138.717	2	AX-676374151	9343751	2	MLM, ssGBLUP	11.6609457409	TMOL_3.1160.1, TMOL_3.1171.1	Lethal (2) 09851, isoform A, Glucose transporter type 1	Putative histone-binding protein Caf1-like Protein, Glucose transporter type 1-like Protein	IPR022052 (Histone-binding protein RBBP4 or subunit C of CAF1 complex); IPR020472 (G protein beta WD-40 repeat signature); IPR001680 (WD domain / G-beta repeat); IPR019775 (Trp-Asp (WD) repeats signature.); IPR015943, IPR005828 (Sugar (and other) transporter); IPR003663 (SP: MFS transporter / sugar porter (SP) family); IPR020846 (Major facilitator superfamily (MFS) profile.); IPR005829 (Sugar transport proteins signature 2.); IPR045263	1	9362535	9372534	9362535	9372534	10000
pi	0.1	10%	DTEP_cat_QTL_chr1_4	DTEP categorical	Development	1	9577894	9765491	187.597	32	AX-675988159	9695801	1	BLINK	8.39636926266482	TMOL_3.1105.1, TMOL_3.1107.1, TMOL_3.1108.1, TMOL_3.1109.1, TMOL_3.1110.1, TMOL_3.1119.1	Acid-sensitive two pore domain K+ channel dTASK-6, Large ribosomal subunit protein uL30, -, Farnesoic acid O-methyl transferase domain-containing protein, RE08173p, LD22376p	Open rectifier potassium channel protein 1-like Protein, 60S ribosomal protein L7-like Protein, Nucleolar 27S pre-rRNA processing Urb2/Npa2 C-terminal domain-containing protein, Farnesoic acid O-methyl transferase domain-containing protein, Hemocyte protein-glutamine gamma-glutamyltransferase-like Protein, Heparan-alpha-glucosaminide N-acetyltransferase-like Protein	IPR003092 (TASK K+ channel signature); IPR013099 (Ion channel); IPR003280 (Two pore domain K+ channel signature), IPR005998 (uL30_euk: 60S ribosomal protein uL30); IPR035808 (Ribosomal_L7_archeal_euk); IPR012988 (Ribosomal L30 N-terminal domain); IPR016082 (Ribosomal protein L30p/L7e); IPR039699, IPR018849 (Urb2/Npa2 family), IPR006616 (Protein of unknown function (DUF3421)); IPR022041 (Farnesoic acid 0-methyl transferase), IPR001102 (Transglutaminase family); IPR008958 (Transglutaminase family / C-terminal ig like domain); IPR002931 (Transglutaminase-like superfamily); IPR013808 (Transglutaminases active site.); IPR023608, IPR032176 (Domain of unknown function (DUF5009))	1	9752535	9762534	9752535	9762534	10000
pi	0.1	10%	DTEP_cat_QTL_chr1_7	DTEP categorical	Development	1	31693682	31793682	100.0	1	AX-676920677	31743682	1	ssGBLUP	10.0753649469	TMOL_5.1070.1	Fatty acid synthase 1, isoform C	Fatty acid synthase-like Protein	IPR020841 (Beta-ketoacyl synthase); IPR014043 (Acyl transferase domain); IPR014030 (Beta-ketoacyl synthase / N-terminal domain); IPR013968 (KR domain); IPR014031 (Beta-ketoacyl synthase / C-terminal domain)	1	31793101	31803100	31793101	31793682	582
pi	0.1	10%	DTEP_cat_QTL_chr1_9	DTEP categorical	Development	1	38384363	38484363	100.0	1	AX-673593378	38434363	2	MLM, ssGBLUP	12.6939311308	TMOL_5.751.1	Krueppel-like factor luna	C2H2-type domain-containing protein	IPR013087 (Zinc finger / C2H2 type); IPR036236	1	38473101	38483100	38473101	38483100	10000
pi	0.1	10%	DTEP_cat_QTL_chr10_1	DTEP categorical	Development	10	7645409	7745409	100.0	1	AX-674328360	7695409	1	ssGBLUP	8.2176335579	Intergenic	-	-	-	10	7740001	7750000	7740001	7745409	5409
pi	0.1	10%	DTEP_cat_QTL_chr2_5	DTEP categorical	Development	2	10892218	10992218	100.0	1	AX-678594415	10942218	2	MLM, ssGBLUP	11.8833934975	TMOL_2.1189.1	Uncharacterized protein, isoform B	E3 ubiquitin-protein ligase APD1-4 middle domain-containing protein	IPR032010 (Domain of unknown function (DUF4793)); IPR032008 (Domain of unknown function (DUF4792))	2	10970001	10980000	10970001	10980000	10000
pi	0.1	10%	DTEP_cat_QTL_chr2_7	DTEP categorical	Development	2	15826471	16114217	287.746	158	AX-677863924	15964266	2	BLINK, MLM	13.366100292886	TMOL_2.1503.1, TMOL_2.1504.1, TMOL_2.1505.1, TMOL_2.1507.1, TMOL_2.1509.1, TMOL_2.1510.1, TMOL_2.1511.1, TMOL_2.1512.1, TMOL_2.1513.1, TMOL_2.1515.1, TMOL_2.1517.1, TMOL_2.1519.1, TMOL_2.1520.1	Dynactin subunit 6, Uncharacterized protein, isoform B, LIM and SH3 domain protein Lasp, Probable 3-hydroxyisobutyrate dehydrogenase, mitochondrial, -, -, -, Stall, isoform C, -, -, -, Protein lethal(2)essential for life, High affinity cAMP-specific and IBMX-insensitive 3',5'-cyclic phosphodiesterase 8	Dynactin subunit 6, Protein prune homolog 2-like Protein, LIM and SH3 domain protein Lasp-like Protein, 3-hydroxyisobutyrate dehydrogenase, Coiled-coil domain-containing protein 13-like Protein, Uncharacterized protein, -, A disintegrin and metalloproteinase with thrombospondin motifs 16-like Protein, Uncharacterized protein, -, HAUS augmin-like complex subunit 3 N-terminal domain-containing protein, Protein lethal(2)essential for life-like Protein, Phosphodiesterase	IPR027777; IPR011004, IPR001251 (Divergent CRAL/TRIO domain); IPR019273 (Predicted integral membrane zinc-ribbon metal-binding protein); IPR022181 (Bcl2-/adenovirus E1B nineteen kDa-interacting protein 2); IPR036865, IPR001452 (Variant SH3 domain); IPR001781 (LIM domain); IPR000900 (Nebulin repeat); IPR036028, IPR011548 (HIBADH: 3-hydroxyisobutyrate dehydrogenase); IPR006115 (NAD binding domain of 6-phosphogluconate dehydrogenase); IPR029154 (NAD-binding of NADP-dependent 3-hydroxyisobutyrate dehydrogenase); IPR015815; IPR013328, IPR038929, -, -, IPR001590 (Reprolysin (M12B) family zinc metalloprotease); IPR041645 (ADAMTS cysteine-rich domain 2); IPR002870 (Reprolysin family propeptide); IPR000884 (Thrombospondin type-1 (TSP1) repeat profile.); IPR024079, IPR027902 (Domain of unknown function (DUF4487)), -, -, IPR001436 (Alpha crystallin signature); IPR002068 (Hsp20/alpha crystallin family); IPR008978, IPR002073 (3'5'-cyclic nucleotide phosphodiesterase); IPR023088 (3'5'-cyclic nucleotide phosphodiesterase signature); IPR003607 (HDc); IPR013767 (PAS fold); IPR000014 (PAS)	2	16000001	16010000	16000001	16010000	10000
pi	0.1	10%	DTEP_cat_QTL_chr2_7	DTEP categorical	Development	2	15826471	16114217	287.746	158	AX-677863924	15964266	2	BLINK, MLM	13.366100292886	TMOL_2.1503.1, TMOL_2.1504.1, TMOL_2.1505.1, TMOL_2.1507.1, TMOL_2.1509.1, TMOL_2.1510.1, TMOL_2.1511.1, TMOL_2.1512.1, TMOL_2.1513.1, TMOL_2.1515.1, TMOL_2.1517.1, TMOL_2.1519.1, TMOL_2.1520.1	Dynactin subunit 6, Uncharacterized protein, isoform B, LIM and SH3 domain protein Lasp, Probable 3-hydroxyisobutyrate dehydrogenase, mitochondrial, -, -, -, Stall, isoform C, -, -, -, Protein lethal(2)essential for life, High affinity cAMP-specific and IBMX-insensitive 3',5'-cyclic phosphodiesterase 8	Dynactin subunit 6, Protein prune homolog 2-like Protein, LIM and SH3 domain protein Lasp-like Protein, 3-hydroxyisobutyrate dehydrogenase, Coiled-coil domain-containing protein 13-like Protein, Uncharacterized protein, -, A disintegrin and metalloproteinase with thrombospondin motifs 16-like Protein, Uncharacterized protein, -, HAUS augmin-like complex subunit 3 N-terminal domain-containing protein, Protein lethal(2)essential for life-like Protein, Phosphodiesterase	IPR027777; IPR011004, IPR001251 (Divergent CRAL/TRIO domain); IPR019273 (Predicted integral membrane zinc-ribbon metal-binding protein); IPR022181 (Bcl2-/adenovirus E1B nineteen kDa-interacting protein 2); IPR036865, IPR001452 (Variant SH3 domain); IPR001781 (LIM domain); IPR000900 (Nebulin repeat); IPR036028, IPR011548 (HIBADH: 3-hydroxyisobutyrate dehydrogenase); IPR006115 (NAD binding domain of 6-phosphogluconate dehydrogenase); IPR029154 (NAD-binding of NADP-dependent 3-hydroxyisobutyrate dehydrogenase); IPR015815; IPR013328, IPR038929, -, -, IPR001590 (Reprolysin (M12B) family zinc metalloprotease); IPR041645 (ADAMTS cysteine-rich domain 2); IPR002870 (Reprolysin family propeptide); IPR000884 (Thrombospondin type-1 (TSP1) repeat profile.); IPR024079, IPR027902 (Domain of unknown function (DUF4487)), -, -, IPR001436 (Alpha crystallin signature); IPR002068 (Hsp20/alpha crystallin family); IPR008978, IPR002073 (3'5'-cyclic nucleotide phosphodiesterase); IPR023088 (3'5'-cyclic nucleotide phosphodiesterase signature); IPR003607 (HDc); IPR013767 (PAS fold); IPR000014 (PAS)	2	16020001	16030000	16020001	16030000	10000
pi	0.1	10%	DTEP_cat_QTL_chr2_7	DTEP categorical	Development	2	15826471	16114217	287.746	158	AX-677863924	15964266	2	BLINK, MLM	13.366100292886	TMOL_2.1503.1, TMOL_2.1504.1, TMOL_2.1505.1, TMOL_2.1507.1, TMOL_2.1509.1, TMOL_2.1510.1, TMOL_2.1511.1, TMOL_2.1512.1, TMOL_2.1513.1, TMOL_2.1515.1, TMOL_2.1517.1, TMOL_2.1519.1, TMOL_2.1520.1	Dynactin subunit 6, Uncharacterized protein, isoform B, LIM and SH3 domain protein Lasp, Probable 3-hydroxyisobutyrate dehydrogenase, mitochondrial, -, -, -, Stall, isoform C, -, -, -, Protein lethal(2)essential for life, High affinity cAMP-specific and IBMX-insensitive 3',5'-cyclic phosphodiesterase 8	Dynactin subunit 6, Protein prune homolog 2-like Protein, LIM and SH3 domain protein Lasp-like Protein, 3-hydroxyisobutyrate dehydrogenase, Coiled-coil domain-containing protein 13-like Protein, Uncharacterized protein, -, A disintegrin and metalloproteinase with thrombospondin motifs 16-like Protein, Uncharacterized protein, -, HAUS augmin-like complex subunit 3 N-terminal domain-containing protein, Protein lethal(2)essential for life-like Protein, Phosphodiesterase	IPR027777; IPR011004, IPR001251 (Divergent CRAL/TRIO domain); IPR019273 (Predicted integral membrane zinc-ribbon metal-binding protein); IPR022181 (Bcl2-/adenovirus E1B nineteen kDa-interacting protein 2); IPR036865, IPR001452 (Variant SH3 domain); IPR001781 (LIM domain); IPR000900 (Nebulin repeat); IPR036028, IPR011548 (HIBADH: 3-hydroxyisobutyrate dehydrogenase); IPR006115 (NAD binding domain of 6-phosphogluconate dehydrogenase); IPR029154 (NAD-binding of NADP-dependent 3-hydroxyisobutyrate dehydrogenase); IPR015815; IPR013328, IPR038929, -, -, IPR001590 (Reprolysin (M12B) family zinc metalloprotease); IPR041645 (ADAMTS cysteine-rich domain 2); IPR002870 (Reprolysin family propeptide); IPR000884 (Thrombospondin type-1 (TSP1) repeat profile.); IPR024079, IPR027902 (Domain of unknown function (DUF4487)), -, -, IPR001436 (Alpha crystallin signature); IPR002068 (Hsp20/alpha crystallin family); IPR008978, IPR002073 (3'5'-cyclic nucleotide phosphodiesterase); IPR023088 (3'5'-cyclic nucleotide phosphodiesterase signature); IPR003607 (HDc); IPR013767 (PAS fold); IPR000014 (PAS)	2	16040001	16050000	16040001	16050000	10000
pi	0.1	10%	DTEP_cat_QTL_chr2_7	DTEP categorical	Development	2	15826471	16114217	287.746	158	AX-677863924	15964266	2	BLINK, MLM	13.366100292886	TMOL_2.1503.1, TMOL_2.1504.1, TMOL_2.1505.1, TMOL_2.1507.1, TMOL_2.1509.1, TMOL_2.1510.1, TMOL_2.1511.1, TMOL_2.1512.1, TMOL_2.1513.1, TMOL_2.1515.1, TMOL_2.1517.1, TMOL_2.1519.1, TMOL_2.1520.1	Dynactin subunit 6, Uncharacterized protein, isoform B, LIM and SH3 domain protein Lasp, Probable 3-hydroxyisobutyrate dehydrogenase, mitochondrial, -, -, -, Stall, isoform C, -, -, -, Protein lethal(2)essential for life, High affinity cAMP-specific and IBMX-insensitive 3',5'-cyclic phosphodiesterase 8	Dynactin subunit 6, Protein prune homolog 2-like Protein, LIM and SH3 domain protein Lasp-like Protein, 3-hydroxyisobutyrate dehydrogenase, Coiled-coil domain-containing protein 13-like Protein, Uncharacterized protein, -, A disintegrin and metalloproteinase with thrombospondin motifs 16-like Protein, Uncharacterized protein, -, HAUS augmin-like complex subunit 3 N-terminal domain-containing protein, Protein lethal(2)essential for life-like Protein, Phosphodiesterase	IPR027777; IPR011004, IPR001251 (Divergent CRAL/TRIO domain); IPR019273 (Predicted integral membrane zinc-ribbon metal-binding protein); IPR022181 (Bcl2-/adenovirus E1B nineteen kDa-interacting protein 2); IPR036865, IPR001452 (Variant SH3 domain); IPR001781 (LIM domain); IPR000900 (Nebulin repeat); IPR036028, IPR011548 (HIBADH: 3-hydroxyisobutyrate dehydrogenase); IPR006115 (NAD binding domain of 6-phosphogluconate dehydrogenase); IPR029154 (NAD-binding of NADP-dependent 3-hydroxyisobutyrate dehydrogenase); IPR015815; IPR013328, IPR038929, -, -, IPR001590 (Reprolysin (M12B) family zinc metalloprotease); IPR041645 (ADAMTS cysteine-rich domain 2); IPR002870 (Reprolysin family propeptide); IPR000884 (Thrombospondin type-1 (TSP1) repeat profile.); IPR024079, IPR027902 (Domain of unknown function (DUF4487)), -, -, IPR001436 (Alpha crystallin signature); IPR002068 (Hsp20/alpha crystallin family); IPR008978, IPR002073 (3'5'-cyclic nucleotide phosphodiesterase); IPR023088 (3'5'-cyclic nucleotide phosphodiesterase signature); IPR003607 (HDc); IPR013767 (PAS fold); IPR000014 (PAS)	2	16080001	16090000	16080001	16090000	10000
pi	0.1	10%	DTEP_cat_QTL_chr2_8	DTEP categorical	Development	2	16354757	16578775	224.018	6	AX-673757981	16404757	2	FarmCPU, MLM	6.64963674991989	TMOL_2.1545.1, TMOL_2.1552.1, TMOL_2.1564.1	Granny smith, isoform F, CHK domain ov1, AT19640p	Putative aminopeptidase NPEPL1-like Protein, CHK kinase-like domain-containing protein, G-protein coupled receptors family 1 profile domain-containing protein	IPR011356 (Peptidase_M17); IPR000819 (Cytosol aminopeptidase family / catalytic domain); IPR041417 (M17 aminopeptidase N-terminal domain 2), IPR004119 (Ecdysteroid kinase-like family); IPR015897; IPR011009, IPR019427 (Serpentine type 7TM GPCR chemoreceptor Srw); IPR000276 (Rhodopsin-like GPCR superfamily signature); IPR017452 (G-protein coupled receptors family 1 profile.)	2	16560001	16570000	16560001	16570000	10000
pi	0.1	10%	DTEP_cat_QTL_chr2_10	DTEP categorical	Development	2	20220626	20320626	100.0	1	AX-677363203	20270626	1	MLM	4.71665318441724	TMOL_2.1894.1	Sidestep VI, isoform B	Nephrin-like Protein	IPR013162 (CD80-like C2-set immunoglobulin domain); IPR003961 (FN3); IPR007110 (Ig-like domain profile.); IPR013783; IPR036179	2	20300001	20310000	20300001	20310000	10000
pi	0.1	10%	DTEP_cat_QTL_chr2_13	DTEP categorical	Development	2	23674854	23920667	245.813	89	AX-674855278	23803107	2	BLINK, FarmCPU	26.9467569856245	TMOL_2.2110.1, TMOL_2.2111.1, TMOL_2.2112.1, TMOL_2.2113.1, TMOL_2.2114.1, TMOL_2.2115.1	FI07206p, LP13185p, Nuclear pore membrane glycoprotein 210, Tubulin beta-2 chain, Patj homolog, -	Bifunctional polynucleotide phosphatase/kinase-like Protein, Transmembrane protein 68-like Protein, Nuclear pore membrane glycoprotein 210-like Protein, Tubulin beta chain, PDZ domain-containing protein, -	IPR006550 (PNK-3'Pase: polynucleotide kinase 3'-phosphatase); IPR006551 (DNA-3'-Pase: DNA 3'-phosphatase); IPR013954 (Polynucleotide kinase 3 phosphatase); IPR006549 (HAD-SF-IIIA: HAD hydrolase / family IIIA); IPR041388 (FHA domain), IPR002123 (Acyltransferase), IPR045197; IPR008964, IPR002453 (Beta-tubulin signature); IPR000217 (Tubulin signature); IPR003008 (Tubulin/FtsZ family / GTPase domain); IPR018316 (Tubulin C-terminal domain); IPR013838 (Tubulin-beta mRNA autoregulation signal.), IPR001478 (PDZ domain); IPR036034, -	2	23690001	23710000	23690001	23710000	20000
pi	0.1	10%	DTEP_cat_QTL_chr2_13	DTEP categorical	Development	2	23674854	23920667	245.813	89	AX-674855278	23803107	2	BLINK, FarmCPU	26.9467569856245	TMOL_2.2110.1, TMOL_2.2111.1, TMOL_2.2112.1, TMOL_2.2113.1, TMOL_2.2114.1, TMOL_2.2115.1	FI07206p, LP13185p, Nuclear pore membrane glycoprotein 210, Tubulin beta-2 chain, Patj homolog, -	Bifunctional polynucleotide phosphatase/kinase-like Protein, Transmembrane protein 68-like Protein, Nuclear pore membrane glycoprotein 210-like Protein, Tubulin beta chain, PDZ domain-containing protein, -	IPR006550 (PNK-3'Pase: polynucleotide kinase 3'-phosphatase); IPR006551 (DNA-3'-Pase: DNA 3'-phosphatase); IPR013954 (Polynucleotide kinase 3 phosphatase); IPR006549 (HAD-SF-IIIA: HAD hydrolase / family IIIA); IPR041388 (FHA domain), IPR002123 (Acyltransferase), IPR045197; IPR008964, IPR002453 (Beta-tubulin signature); IPR000217 (Tubulin signature); IPR003008 (Tubulin/FtsZ family / GTPase domain); IPR018316 (Tubulin C-terminal domain); IPR013838 (Tubulin-beta mRNA autoregulation signal.), IPR001478 (PDZ domain); IPR036034, -	2	23790001	23800000	23790001	23800000	10000
pi	0.1	10%	DTEP_cat_QTL_chr2_13	DTEP categorical	Development	2	23674854	23920667	245.813	89	AX-674855278	23803107	2	BLINK, FarmCPU	26.9467569856245	TMOL_2.2110.1, TMOL_2.2111.1, TMOL_2.2112.1, TMOL_2.2113.1, TMOL_2.2114.1, TMOL_2.2115.1	FI07206p, LP13185p, Nuclear pore membrane glycoprotein 210, Tubulin beta-2 chain, Patj homolog, -	Bifunctional polynucleotide phosphatase/kinase-like Protein, Transmembrane protein 68-like Protein, Nuclear pore membrane glycoprotein 210-like Protein, Tubulin beta chain, PDZ domain-containing protein, -	IPR006550 (PNK-3'Pase: polynucleotide kinase 3'-phosphatase); IPR006551 (DNA-3'-Pase: DNA 3'-phosphatase); IPR013954 (Polynucleotide kinase 3 phosphatase); IPR006549 (HAD-SF-IIIA: HAD hydrolase / family IIIA); IPR041388 (FHA domain), IPR002123 (Acyltransferase), IPR045197; IPR008964, IPR002453 (Beta-tubulin signature); IPR000217 (Tubulin signature); IPR003008 (Tubulin/FtsZ family / GTPase domain); IPR018316 (Tubulin C-terminal domain); IPR013838 (Tubulin-beta mRNA autoregulation signal.), IPR001478 (PDZ domain); IPR036034, -	2	23810001	23830000	23810001	23830000	20000
pi	0.1	10%	DTEP_cat_QTL_chr2_13	DTEP categorical	Development	2	23674854	23920667	245.813	89	AX-674855278	23803107	2	BLINK, FarmCPU	26.9467569856245	TMOL_2.2110.1, TMOL_2.2111.1, TMOL_2.2112.1, TMOL_2.2113.1, TMOL_2.2114.1, TMOL_2.2115.1	FI07206p, LP13185p, Nuclear pore membrane glycoprotein 210, Tubulin beta-2 chain, Patj homolog, -	Bifunctional polynucleotide phosphatase/kinase-like Protein, Transmembrane protein 68-like Protein, Nuclear pore membrane glycoprotein 210-like Protein, Tubulin beta chain, PDZ domain-containing protein, -	IPR006550 (PNK-3'Pase: polynucleotide kinase 3'-phosphatase); IPR006551 (DNA-3'-Pase: DNA 3'-phosphatase); IPR013954 (Polynucleotide kinase 3 phosphatase); IPR006549 (HAD-SF-IIIA: HAD hydrolase / family IIIA); IPR041388 (FHA domain), IPR002123 (Acyltransferase), IPR045197; IPR008964, IPR002453 (Beta-tubulin signature); IPR000217 (Tubulin signature); IPR003008 (Tubulin/FtsZ family / GTPase domain); IPR018316 (Tubulin C-terminal domain); IPR013838 (Tubulin-beta mRNA autoregulation signal.), IPR001478 (PDZ domain); IPR036034, -	2	23890001	23900000	23890001	23900000	10000
pi	0.1	10%	DTEP_cat_QTL_chr2_14	DTEP categorical	Development	2	24549354	24649354	100.0	1	AX-673240640	24599354	2	MLM, ssGBLUP	10.0925017622	TMOL_2.2180.1	G-protein coupled receptors family 1 profile domain-containing protein	G-protein coupled receptors family 1 profile domain-containing protein	IPR000276 (7 transmembrane receptor (rhodopsin family)); IPR017452 (G-protein coupled receptors family 1 profile.)	2	24580001	24590000	24580001	24590000	10000
pi	0.1	10%	DTEP_cat_QTL_chr3_3	DTEP categorical	Development	3	9526410	9626410	100.0	1	AX-673926244	9576410	2	MLM, ssGBLUP	11.6822562325	TMOL_6.867.1	Dumpy, isoform Q	Fibrillin-2-like Protein	IPR001881 (Calcium-binding EGF domain); IPR024731 (EGF domain); IPR000742 (EGF-like domain profile.); IPR001507 (ZP domain profile.); IPR000152 (Aspartic acid and asparagine hydroxylation site.)	3	9570001	9580000	9570001	9580000	10000
pi	0.1	10%	DTEP_cat_QTL_chr3_4	DTEP categorical	Development	3	12517046	12777857	260.811	12	AX-678100424	12653324	1	BLINK	7.17226097075421	TMOL_6.1090.1, TMOL_6.1104.1, TMOL_6.1105.1, TMOL_6.1107.1, TMOL_6.1119.1	Down syndrome cell adhesion molecule 1, isoform BQ, DOMINA protein, N-acyl-aliphatic-L-amino acid amidohydrolase, Uncharacterized protein, isoform A, Protocadherin-like wing polarity protein stan	Down syndrome cell adhesion molecule, Fork-head domain-containing protein, N-acyl-aliphatic-L-amino acid amidohydrolase, N-acyl-aliphatic-L-amino acid amidohydrolase, Starry night	IPR021012 (Down syndrome cell adhesion molecule C terminal); IPR003961 (FN3); IPR013098 (Immunoglobulin I-set domain); IPR007110 (Ig-like domain profile.); IPR043204, IPR001766 (Forkhead domain); IPR030456 (Fork head domain signature 2.); IPR036388; IPR036390, IPR010159 (Ac-peptdase-euk: N-acyl-L-amino-acid amidohydrolase); IPR002933 (Peptidase family M20/M25/M40); IPR011650 (Peptidase dimerisation domain); IPR001261 (ArgE / dapE / ACY1 / CPG2 / yscS family signature 1.); IPR036264, IPR010159 (Ac-peptdase-euk: N-acyl-L-amino-acid amidohydrolase); IPR002933 (Peptidase family M20/M25/M40); IPR011650 (Peptidase dimerisation domain); IPR001261 (ArgE / dapE / ACY1 / CPG2 / yscS family signature 1.); IPR036264, IPR000832 (7 transmembrane receptor (Secretin family)); IPR002126 (Cadherin signature); IPR001791 (LamG); IPR032471 (GPCR-Autoproteolysis INducing (GAIN) domain); IPR002049 (EGF_Lam)	3	12730001	12750000	12730001	12750000	20000
pi	0.1	10%	DTEP_cat_QTL_chr3_5	DTEP categorical	Development	3	14664454	14764454	100.0	1	AX-674782874	14714454	1	ssGBLUP	10.9381857754	TMOL_6.1260.1	Bazooka, isoform B	PDZ domain-containing protein	IPR021922 (N-terminal of Par3 and HAL proteins); IPR001478 (PDZ domain); IPR036034	3	14660001	14670000	14664454	14670000	5547
pi	0.1	10%	DTEP_cat_QTL_chr3_5	DTEP categorical	Development	3	14664454	14764454	100.0	1	AX-674782874	14714454	1	ssGBLUP	10.9381857754	TMOL_6.1260.1	Bazooka, isoform B	PDZ domain-containing protein	IPR021922 (N-terminal of Par3 and HAL proteins); IPR001478 (PDZ domain); IPR036034	3	14710001	14720000	14710001	14720000	10000
pi	0.1	10%	DTEP_cat_QTL_chr3_6	DTEP categorical	Development	3	23608243	23708243	100.0	1	AX-678466448	23658243	1	ssGBLUP	8.58781888	TMOL_9.616.1	Echinoid, isoform A	Uncharacterized protein	IPR013098 (Immunoglobulin I-set domain); IPR003961 (FN3); IPR007110 (Immunoglobulin domain); IPR013106 (Immunoglobulin V-set domain); IPR036179	3	23633621	23643620	23633621	23643620	10000
pi	0.1	10%	DTEP_cat_QTL_chr5_1	DTEP categorical	Development	5	552465	652465	100.0	1	AX-677968293	602465	2	MLM, ssGBLUP	8.4116180066	TMOL_1.25.1	-	Chitin deacetylase 6	-	5	560001	570000	560001	570000	10000
pi	0.1	10%	DTEP_cat_QTL_chr5_1	DTEP categorical	Development	5	552465	652465	100.0	1	AX-677968293	602465	2	MLM, ssGBLUP	8.4116180066	TMOL_1.25.1	-	Chitin deacetylase 6	-	5	650001	680000	650001	652465	2465
pi	0.1	10%	DTEP_cat_QTL_chr5_2	DTEP categorical	Development	5	1949599	2049599	100.0	1	AX-674125610	1999599	1	ssGBLUP	6.1192076703	TMOL_1.98.1	LD11652p	LIM domain transcription factor LMO4-like Protein	IPR001781 (LIM domain)	5	1980001	2010000	1980001	2010000	30000
pi	0.1	10%	DTEP_cat_QTL_chr5_2	DTEP categorical	Development	5	1949599	2049599	100.0	1	AX-674125610	1999599	1	ssGBLUP	6.1192076703	TMOL_1.98.1	LD11652p	LIM domain transcription factor LMO4-like Protein	IPR001781 (LIM domain)	5	2030001	2050000	2030001	2049599	19599
pi	0.1	10%	DTEP_cat_QTL_chr5_4	DTEP categorical	Development	5	9173256	9273256	100.0	1	AX-676467009	9223256	1	BLINK	4.76377096665829	TMOL_1.673.1	ATP-dependent RNA helicase WM6	RNA helicase	IPR011545 (DEAD/DEAH box helicase); IPR001650 (Helicase conserved C-terminal domain); IPR014014 (DEAD-box RNA helicase Q motif profile.); IPR014001 (Superfamilies 1 and 2 helicase ATP-binding type-1 domain profile.); IPR027417	5	9230001	9240000	9230001	9240000	10000
pi	0.1	10%	DTEP_cat_QTL_chr5_7	DTEP categorical	Development	5	10299800	10399800	100.0	1	AX-676790686	10349800	2	MLM, ssGBLUP	8.385306324	TMOL_1.797.1	FI21431p1	Winged helix Storkhead-box1 domain-containing protein	IPR019391 (Winged helix Storkhead-box1 domain); IPR040126	5	10310001	10320000	10310001	10320000	10000
pi	0.1	10%	DTEP_cat_QTL_chr5_11	DTEP categorical	Development	5	20427788	20527788	100.0	1	AX-674556304	20477788	1	BLINK	7.40082206197787	TMOL_1.1761.1	LD01251p	Uncharacterized protein	IPR032016 (Domain of unknown function (DUF4796))	5	20400001	20430000	20427788	20430000	2213
pi	0.1	10%	DTEP_cat_QTL_chr6_3	DTEP categorical	Development	6	3439181	3539181	100.0	1	AX-674970633	3489181	2	MLM, ssGBLUP	9.0847193672	TMOL_4.402.1	Kekkon 5, isoform A	Ig-like domain-containing protein	IPR013098 (Immunoglobulin I-set domain); IPR001611 (Leucine rich repeat); IPR007110 (Ig-like domain profile.); IPR032675; IPR013783	6	3490001	3500000	3490001	3500000	10000
pi	0.1	10%	DTEP_cat_QTL_chr6_5	DTEP categorical	Development	6	9540323	9640323	100.0	1	AX-677814657	9590323	2	BLINK, FarmCPU	6.36110817459257	TMOL_4.1004.1	FI05204p	L-2-hydroxyglutarate dehydrogenase, mitochondrial-like Protein	IPR006076 (FAD dependent oxidoreductase); IPR036188	6	9540001	9550000	9540323	9550000	9678
pi	0.1	10%	DTEP_cat_QTL_chr6_8	DTEP categorical	Development	6	12309065	12409065	100.0	1	AX-676813978	12359065	1	BLINK	5.63945328356757	TMOL_4.1229.1	Protein tumorous imaginal discs, mitochondrial	Protein tumorous imaginal discs, mitochondrial-like Protein	IPR001623 (DnaJ domain); IPR002939 (DnaJ C terminal domain); IPR001305 (DnaJ_zf); IPR012724 (Chaperone protein DnaJ [dnaJ].); IPR018253 (Nt-dnaJ domain signature.)	6	12320001	12330000	12320001	12330000	10000
pi	0.1	10%	DTEP_cat_QTL_chr6_10	DTEP categorical	Development	6	20207769	20307769	100.0	1	AX-677040591	20257769	1	ssGBLUP	7.7770717538	TMOL_4.1916.1	-	SAM domain-containing protein	IPR001660 (SAM domain (Sterile alpha motif)); IPR013761	6	20230001	20240000	20230001	20240000	10000
pi	0.1	10%	DTEP_cat_QTL_chr6_10	DTEP categorical	Development	6	20207769	20307769	100.0	1	AX-677040591	20257769	1	ssGBLUP	7.7770717538	TMOL_4.1916.1	-	SAM domain-containing protein	IPR001660 (SAM domain (Sterile alpha motif)); IPR013761	6	20260001	20270000	20260001	20270000	10000
pi	0.1	10%	DTEP_cat_QTL_chr7_1	DTEP categorical	Development	7	432546	532546	100.0	1	AX-673834743	482546	1	BLINK	4.37420382376617	TMOL_1.2337.1	-	SAM domain-containing protein	IPR027871 (Domain of unknown function (DUF4603))	7	440001	450000	440001	450000	10000
pi	0.1	10%	DTEP_cat_QTL_chr7_7	DTEP categorical	Development	7	6278373	6378373	100.0	1	AX-674611770	6328373	1	ssGBLUP	9.408276606	TMOL_1.2904.1	Uncharacterized protein, isoform D	Monocarboxylate transporter 12-like Protein	IPR011701 (Major Facilitator Superfamily); IPR036259	7	6280001	6290000	6280001	6290000	10000
pi	0.1	10%	DTEP_cat_QTL_chr7_7	DTEP categorical	Development	7	6278373	6378373	100.0	1	AX-674611770	6328373	1	ssGBLUP	9.408276606	TMOL_1.2904.1	Uncharacterized protein, isoform D	Monocarboxylate transporter 12-like Protein	IPR011701 (Major Facilitator Superfamily); IPR036259	7	6370001	6380000	6370001	6378373	8373
pi	0.1	10%	DTEP_cat_QTL_chr7_8	DTEP categorical	Development	7	6378643	6478643	100.0	1	AX-675542954	6428643	2	MLM, ssGBLUP	11.9468851512	TMOL_1.2918.1	Sex determination protein fruitless	Fruitless	IPR000210 (BTB/POZ domain); IPR011333; IPR006580	7	6370001	6380000	6378643	6380000	1358
pi	0.1	10%	DTEP_cat_QTL_chr7_8	DTEP categorical	Development	7	6378643	6478643	100.0	1	AX-675542954	6428643	2	MLM, ssGBLUP	11.9468851512	TMOL_1.2918.1	Sex determination protein fruitless	Fruitless	IPR000210 (BTB/POZ domain); IPR011333; IPR006580	7	6420001	6430000	6420001	6430000	10000
pi	0.1	10%	DTEP_cat_QTL_chr7_11	DTEP categorical	Development	7	10126097	10226097	100.0	1	AX-678766976	10176097	2	MLM, ssGBLUP	11.3434976128	TMOL_1.3218.1	LD27988p	Tyrosine-protein phosphatase non-receptor type 9-like Protein	IPR000242 (Protein-tyrosine phosphatase); IPR001251 (SEC14); IPR000387 (Tyrosine specific protein phosphatases domain profile.); IPR016130 (Tyrosine specific protein phosphatases active site.); IPR029021	7	10150001	10180000	10150001	10180000	30000
pi	0.1	10%	DTEP_cat_QTL_chr7_12	DTEP categorical	Development	7	10352105	10535283	183.178	2	AX-674188699	10485283	1	BLINK, FarmCPU	6.19680618333236	TMOL_1.3233.1, TMOL_1.3246.1	Cadherin-87A, Inscuteable	Cadherin 23, Protein inscuteable homolog-like Protein	IPR002126 (Cadherin signature); IPR020894 (Cadherin domain signature.); IPR015919, IPR045789 (Protein inscuteable C-terminal); IPR039921; IPR016024; IPR011989; IPR038205	7	10340001	10360000	10352105	10360000	7896
pi	0.1	10%	DTEP_cat_QTL_chr7_12	DTEP categorical	Development	7	10352105	10535283	183.178	2	AX-674188699	10485283	1	BLINK, FarmCPU	6.19680618333236	TMOL_1.3233.1, TMOL_1.3246.1	Cadherin-87A, Inscuteable	Cadherin 23, Protein inscuteable homolog-like Protein	IPR002126 (Cadherin signature); IPR020894 (Cadherin domain signature.); IPR015919, IPR045789 (Protein inscuteable C-terminal); IPR039921; IPR016024; IPR011989; IPR038205	7	10470001	10480000	10470001	10480000	10000
pi	0.1	10%	DTEP_cat_QTL_chr7_15	DTEP categorical	Development	7	12004108	12104108	100.0	1	AX-674826094	12054108	1	BLINK	4.29102057691692	TMOL_1.3455.1	Protein groucho	Protein groucho-like Protein	IPR005617 (Groucho/TLE N-terminal Q-rich domain); IPR009146 (Groucho/transducin-like enhancer protein signature); IPR001680 (WD domain / G-beta repeat); IPR019775 (Trp-Asp (WD) repeats signature.); IPR015943	7	12000001	12010000	12004108	12010000	5893
pi	0.1	10%	DTEP_cat_QTL_chr7_16	DTEP categorical	Development	7	15415218	15515218	100.0	1	AX-678396793	15465218	2	MLM, ssGBLUP	11.2274890334	TMOL_1.3757.1	-	Cytokine receptor-like factor 3	IPR003961 (FN3); IPR036116; IPR013783	7	15410001	15420000	15415218	15420000	4783
pi	0.1	10%	EHR_i_QTL_chr1_2	EHR	Reproduction	1	1373347	1473347	100.0	1	AX-677738504	1423347	1	FarmCPU	5.19654799934657	TMOL_3.1877.1	Rho GTPase-activating protein 92B	Rho GTPase-activating protein 92B-like Protein	IPR000198 (RhoGAP domain); IPR004148 (BAR domain); IPR047165; IPR008936; IPR027267	1	1452535	1462534	1452535	1462534	10000
pi	0.1	10%	EHR_i_QTL_chr1_3	EHR	Reproduction	1	43993406	44103762	110.356	4	AX-675593274	44043406	1	MLM	4.90760523980528	TMOL_5.385.1, TMOL_5.386.1, TMOL_5.387.1, TMOL_5.390.1, TMOL_5.391.1	-, -, -, -, -	Zinc finger protein 227-like Protein, Zinc finger protein 26-like Protein, Zinc finger protein 227-like Protein, Zinc finger protein 227-like Protein, Proteasome assembly chaperone 2	IPR012934 (Zinc-finger associated domain (zf-AD)); IPR013087 (Zinc finger / C2H2 type); IPR036236, IPR012934 (Zinc-finger associated domain (zf-AD)); IPR013087 (Zinc finger / C2H2 type); IPR036236, IPR012934 (Zinc-finger associated domain (zf-AD)); IPR013087 (Zinc finger / C2H2 type); IPR036236, IPR012934 (Zinc-finger associated domain (zf-AD)); IPR013087 (Zinc finger / C2H2 type); IPR036236, IPR019151 (PAC2 family); IPR016562; IPR038389	1	44003101	44013100	44003101	44013100	10000
pi	0.1	10%	EHR_i_QTL_chr2_1	EHR	Reproduction	2	4654718	4754718	100.0	1	AX-678620931	4704718	1	ssGBLUP	5.6313469161	TMOL_2.592.1, TMOL_2.594.1	-, FI02021p	AAA-ATPase-like domain-containing protein, DUF4802 domain-containing protein	IPR018631 (Predicted AAA-ATPase), IPR032061 (Domain of unknown function (DUF4802))	2	4670001	4680000	4670001	4680000	10000
pi	0.1	10%	EHR_i_QTL_chr2_1	EHR	Reproduction	2	4654718	4754718	100.0	1	AX-678620931	4704718	1	ssGBLUP	5.6313469161	TMOL_2.592.1, TMOL_2.594.1	-, FI02021p	AAA-ATPase-like domain-containing protein, DUF4802 domain-containing protein	IPR018631 (Predicted AAA-ATPase), IPR032061 (Domain of unknown function (DUF4802))	2	4690001	4710000	4690001	4710000	20000
pi	0.1	10%	EHR_i_QTL_chr5_5	EHR	Reproduction	5	16949508	17300826	351.318	69	AX-676384541	17090384	3	BLINK, FarmCPU, MLM	15.4615542263502	TMOL_1.1415.1, TMOL_1.1416.1, TMOL_1.1419.1, TMOL_1.1430.1, TMOL_1.1431.1, TMOL_1.1433.1, TMOL_1.1435.1, TMOL_1.1441.1	Probable nuclear hormone receptor HR38, LD22662p, Polypeptide N-acetylgalactosaminyltransferase 35A, EF-hand domain containing 1.2, Protein ELYS homolog, Gustatory receptor for sugar taste 64f, Gustatory receptor for sugar taste 64f, RE30129p	Putative nuclear hormone receptor HR38-like Protein, 5'-AMP-activated protein kinase subunit gamma-2-like Protein, Polypeptide N-acetylgalactosaminyltransferase, EF-hand domain-containing protein 1-like Protein, Protein ELYS, Gustatory receptor, Gustatory receptor, Ras-like protein 3	IPR003070 (Orphan nuclear receptor (4A nuclear receptor) family signature); IPR001628 (Zinc finger / C4 type (two domains)); IPR000536 (Ligand-binding domain of nuclear hormone receptor); IPR001723 (Steroid hormone receptor signature); IPR035500, IPR000644 (CBS domain); IPR046342, IPR045885 (pp-GalNAc-T); IPR001173 (Glycosyl transferase family 2); IPR000772 (Ricin-type beta-trefoil lectin domain); IPR029044; IPR035992, IPR006602 (DM10 domain); IPR040193, IPR032040 (beta-propeller of ELYS nucleoporin); IPR025151 (Nuclear pore complex assembly), IPR009318 (Trehalose receptor), IPR009318 (Trehalose receptor), IPR001806 (Ras family); IPR005225 (small_GTP: small GTP-binding protein domain); IPR027417	5	17030001	17050000	17030001	17050000	20000
pi	0.1	10%	EHR_i_QTL_chr5_5	EHR	Reproduction	5	16949508	17300826	351.318	69	AX-676384541	17090384	3	BLINK, FarmCPU, MLM	15.4615542263502	TMOL_1.1415.1, TMOL_1.1416.1, TMOL_1.1419.1, TMOL_1.1430.1, TMOL_1.1431.1, TMOL_1.1433.1, TMOL_1.1435.1, TMOL_1.1441.1	Probable nuclear hormone receptor HR38, LD22662p, Polypeptide N-acetylgalactosaminyltransferase 35A, EF-hand domain containing 1.2, Protein ELYS homolog, Gustatory receptor for sugar taste 64f, Gustatory receptor for sugar taste 64f, RE30129p	Putative nuclear hormone receptor HR38-like Protein, 5'-AMP-activated protein kinase subunit gamma-2-like Protein, Polypeptide N-acetylgalactosaminyltransferase, EF-hand domain-containing protein 1-like Protein, Protein ELYS, Gustatory receptor, Gustatory receptor, Ras-like protein 3	IPR003070 (Orphan nuclear receptor (4A nuclear receptor) family signature); IPR001628 (Zinc finger / C4 type (two domains)); IPR000536 (Ligand-binding domain of nuclear hormone receptor); IPR001723 (Steroid hormone receptor signature); IPR035500, IPR000644 (CBS domain); IPR046342, IPR045885 (pp-GalNAc-T); IPR001173 (Glycosyl transferase family 2); IPR000772 (Ricin-type beta-trefoil lectin domain); IPR029044; IPR035992, IPR006602 (DM10 domain); IPR040193, IPR032040 (beta-propeller of ELYS nucleoporin); IPR025151 (Nuclear pore complex assembly), IPR009318 (Trehalose receptor), IPR009318 (Trehalose receptor), IPR001806 (Ras family); IPR005225 (small_GTP: small GTP-binding protein domain); IPR027417	5	17070001	17080000	17070001	17080000	10000
pi	0.1	10%	EHR_i_QTL_chr5_5	EHR	Reproduction	5	16949508	17300826	351.318	69	AX-676384541	17090384	3	BLINK, FarmCPU, MLM	15.4615542263502	TMOL_1.1415.1, TMOL_1.1416.1, TMOL_1.1419.1, TMOL_1.1430.1, TMOL_1.1431.1, TMOL_1.1433.1, TMOL_1.1435.1, TMOL_1.1441.1	Probable nuclear hormone receptor HR38, LD22662p, Polypeptide N-acetylgalactosaminyltransferase 35A, EF-hand domain containing 1.2, Protein ELYS homolog, Gustatory receptor for sugar taste 64f, Gustatory receptor for sugar taste 64f, RE30129p	Putative nuclear hormone receptor HR38-like Protein, 5'-AMP-activated protein kinase subunit gamma-2-like Protein, Polypeptide N-acetylgalactosaminyltransferase, EF-hand domain-containing protein 1-like Protein, Protein ELYS, Gustatory receptor, Gustatory receptor, Ras-like protein 3	IPR003070 (Orphan nuclear receptor (4A nuclear receptor) family signature); IPR001628 (Zinc finger / C4 type (two domains)); IPR000536 (Ligand-binding domain of nuclear hormone receptor); IPR001723 (Steroid hormone receptor signature); IPR035500, IPR000644 (CBS domain); IPR046342, IPR045885 (pp-GalNAc-T); IPR001173 (Glycosyl transferase family 2); IPR000772 (Ricin-type beta-trefoil lectin domain); IPR029044; IPR035992, IPR006602 (DM10 domain); IPR040193, IPR032040 (beta-propeller of ELYS nucleoporin); IPR025151 (Nuclear pore complex assembly), IPR009318 (Trehalose receptor), IPR009318 (Trehalose receptor), IPR001806 (Ras family); IPR005225 (small_GTP: small GTP-binding protein domain); IPR027417	5	17140001	17150000	17140001	17150000	10000
pi	0.1	10%	EHR_i_QTL_chr5_5	EHR	Reproduction	5	16949508	17300826	351.318	69	AX-676384541	17090384	3	BLINK, FarmCPU, MLM	15.4615542263502	TMOL_1.1415.1, TMOL_1.1416.1, TMOL_1.1419.1, TMOL_1.1430.1, TMOL_1.1431.1, TMOL_1.1433.1, TMOL_1.1435.1, TMOL_1.1441.1	Probable nuclear hormone receptor HR38, LD22662p, Polypeptide N-acetylgalactosaminyltransferase 35A, EF-hand domain containing 1.2, Protein ELYS homolog, Gustatory receptor for sugar taste 64f, Gustatory receptor for sugar taste 64f, RE30129p	Putative nuclear hormone receptor HR38-like Protein, 5'-AMP-activated protein kinase subunit gamma-2-like Protein, Polypeptide N-acetylgalactosaminyltransferase, EF-hand domain-containing protein 1-like Protein, Protein ELYS, Gustatory receptor, Gustatory receptor, Ras-like protein 3	IPR003070 (Orphan nuclear receptor (4A nuclear receptor) family signature); IPR001628 (Zinc finger / C4 type (two domains)); IPR000536 (Ligand-binding domain of nuclear hormone receptor); IPR001723 (Steroid hormone receptor signature); IPR035500, IPR000644 (CBS domain); IPR046342, IPR045885 (pp-GalNAc-T); IPR001173 (Glycosyl transferase family 2); IPR000772 (Ricin-type beta-trefoil lectin domain); IPR029044; IPR035992, IPR006602 (DM10 domain); IPR040193, IPR032040 (beta-propeller of ELYS nucleoporin); IPR025151 (Nuclear pore complex assembly), IPR009318 (Trehalose receptor), IPR009318 (Trehalose receptor), IPR001806 (Ras family); IPR005225 (small_GTP: small GTP-binding protein domain); IPR027417	5	17270001	17280000	17270001	17280000	10000
pi	0.1	10%	EHR_i_QTL_chr5_7	EHR	Reproduction	5	19509693	19612980	103.287	3	AX-678172354	19562980	1	MLM	6.13933838105296	TMOL_1.1680.1	Uncharacterized protein, isoform E	PH domain-containing protein	IPR001849 (PH domain); IPR037370; IPR011993	5	19590001	19640000	19590001	19612980	22980
pi	0.1	10%	EHR_i_QTL_chr5_8	EHR	Reproduction	5	20926908	21030587	103.679	4	AX-674703188	20976908	1	MLM	4.88644460306212	TMOL_1.1817.1	Uncharacterized protein, isoform E	Cyclic nucleotide-gated cation channel subunit A-like Protein	IPR000595 (CAP_ED); IPR005821 (Ion transport protein); IPR018488 (Cyclic nucleotide-binding domain signature 1.); IPR018490; IPR014710	5	20910001	20950000	20926908	20950000	23093
pi	0.1	10%	EHR_i_QTL_chr5_8	EHR	Reproduction	5	20926908	21030587	103.679	4	AX-674703188	20976908	1	MLM	4.88644460306212	TMOL_1.1817.1	Uncharacterized protein, isoform E	Cyclic nucleotide-gated cation channel subunit A-like Protein	IPR000595 (CAP_ED); IPR005821 (Ion transport protein); IPR018488 (Cyclic nucleotide-binding domain signature 1.); IPR018490; IPR014710	5	20960001	20980000	20960001	20980000	20000
pi	0.1	10%	EHR_i_QTL_chr5_8	EHR	Reproduction	5	20926908	21030587	103.679	4	AX-674703188	20976908	1	MLM	4.88644460306212	TMOL_1.1817.1	Uncharacterized protein, isoform E	Cyclic nucleotide-gated cation channel subunit A-like Protein	IPR000595 (CAP_ED); IPR005821 (Ion transport protein); IPR018488 (Cyclic nucleotide-binding domain signature 1.); IPR018490; IPR014710	5	20990001	21000000	20990001	21000000	10000
pi	0.1	10%	EHR_i_QTL_chr5_9	EHR	Reproduction	5	21563301	21867062	303.761	25	AX-676901494	21684902	2	MLM, MLMM	7.52270547683992	TMOL_1.1880.1, TMOL_1.1881.1, TMOL_1.1882.1, TMOL_1.1891.1, TMOL_1.1893.1, TMOL_1.1896.1	T-box protein H15, RE08173p, RE08173p, RE22905p, Smog, isoform D, Homeotic protein spalt-major	T-box protein H15-like Protein, Annulin-like Protein, Hemocyte protein-glutamine gamma-glutamyltransferase-like Protein, ZP domain-containing protein, Putative G-protein coupled receptor CG31760-like Protein, Spalt	IPR046360 (T-box); IPR018186 (T-box domain signature 1.); IPR001699; IPR036960; IPR008967, IPR001102 (Transglutaminase family); IPR002931 (Transglutaminase-like superfamily); IPR008958 (Transglutaminase family / C-terminal ig like domain); IPR023608; IPR036985, IPR001102 (Transglutaminase family); IPR002931 (Transglutaminase-like superfamily); IPR008958 (Transglutaminase family / C-terminal ig like domain); IPR013808 (Transglutaminases active site.); IPR023608, IPR003961 (FN3); IPR013783, IPR017978 (7 transmembrane sweet-taste receptor of 3 GCPR); IPR043458, IPR013087 (Zinc finger / C2H2 type); IPR036236	5	21810001	21830000	21810001	21830000	20000
pi	0.1	10%	EHR_i_QTL_chr6_1	EHR	Reproduction	6	2645284	2745284	100.0	1	AX-673664015	2695284	2	MLM, ssGBLUP	5.59903763175182	TMOL_4.307.1	LD44813p	RWD domain-containing protein	IPR006575 (RWD domain); IPR016135	6	2640001	2650000	2645284	2650000	4717
pi	0.1	10%	EHR_i_QTL_chr7_1	EHR	Reproduction	7	9111374	9211406	100.032	2	AX-675217567	9161406	1	FarmCPU	9.31283446531484	TMOL_1.3145.1	Protein couch potato	Protein couch potato-like Protein	IPR034788 (RRM_cpo); IPR000504 (RNA recognition motif. (a.k.a. RRM / RBD / or RNP domain)); IPR012677; IPR035979	7	9100001	9130000	9111374	9130000	18627
pi	0.1	10%	IMM21_QTL_chr1_2	IMM21	Growth	1	38384363	38484363	100.0	1	AX-673593378	38434363	1	MLM	6.71795225557454	TMOL_5.751.1	Krueppel-like factor luna	C2H2-type domain-containing protein	IPR013087 (Zinc finger / C2H2 type); IPR036236	1	38473101	38483100	38473101	38483100	10000
pi	0.1	10%	IMM21_QTL_chr10_1	IMM21	Growth	10	7645409	7745409	100.0	1	AX-674328360	7695409	1	MLM	8.63356858875372	Intergenic	-	-	-	10	7740001	7750000	7740001	7745409	5409
pi	0.1	10%	IMM21_QTL_chr2_2	IMM21	Growth	2	10892218	10992218	100.0	1	AX-678594415	10942218	1	MLM	7.56459336542455	TMOL_2.1189.1	Uncharacterized protein, isoform B	E3 ubiquitin-protein ligase APD1-4 middle domain-containing protein	IPR032010 (Domain of unknown function (DUF4793)); IPR032008 (Domain of unknown function (DUF4792))	2	10970001	10980000	10970001	10980000	10000
pi	0.1	10%	IMM21_QTL_chr7_2	IMM21	Growth	7	10126097	10226097	100.0	1	AX-678766976	10176097	1	MLM	8.35291540478587	TMOL_1.3218.1	LD27988p	Tyrosine-protein phosphatase non-receptor type 9-like Protein	IPR000242 (Protein-tyrosine phosphatase); IPR001251 (SEC14); IPR000387 (Tyrosine specific protein phosphatases domain profile.); IPR016130 (Tyrosine specific protein phosphatases active site.); IPR029021	7	10150001	10180000	10150001	10180000	30000
pi	0.1	10%	IMM35_QTL_chr1_1	IMM35	Growth	1	4479132	4579132	100.0	1	AX-678710986	4529132	1	MLM	7.27608127419848	TMOL_3.1555.1	Tyrosine-protein phosphatase Lar	protein-tyrosine-phosphatase	IPR000242 (Protein-tyrosine phosphatase); IPR003961 (FN3); IPR013098 (Immunoglobulin I-set domain); IPR007110 (Ig-like domain profile.); IPR000387 (Tyrosine specific protein phosphatases domain profile.)	1	4572535	4582534	4572535	4579132	6598
pi	0.1	10%	IMM35_QTL_chr1_2	IMM35	Growth	1	31693682	31793682	100.0	1	AX-676920677	31743682	1	MLM	7.41210383830302	TMOL_5.1070.1	Fatty acid synthase 1, isoform C	Fatty acid synthase-like Protein	IPR020841 (Beta-ketoacyl synthase); IPR014043 (Acyl transferase domain); IPR014030 (Beta-ketoacyl synthase / N-terminal domain); IPR013968 (KR domain); IPR014031 (Beta-ketoacyl synthase / C-terminal domain)	1	31793101	31803100	31793101	31793682	582
pi	0.1	10%	IMM35_QTL_chr1_3	IMM35	Growth	1	38384363	38484363	100.0	1	AX-673593378	38434363	1	MLM	9.67051385025866	TMOL_5.751.1	Krueppel-like factor luna	C2H2-type domain-containing protein	IPR013087 (Zinc finger / C2H2 type); IPR036236	1	38473101	38483100	38473101	38483100	10000
pi	0.1	10%	IMM35_QTL_chr10_1	IMM35	Growth	10	7645409	7745409	100.0	1	AX-674328360	7695409	1	MLM	11.3771473598981	Intergenic	-	-	-	10	7740001	7750000	7740001	7745409	5409
pi	0.1	10%	IMM35_QTL_chr2_2	IMM35	Growth	2	10892218	10992218	100.0	1	AX-678594415	10942218	1	MLM	8.65280004085695	TMOL_2.1189.1	Uncharacterized protein, isoform B	E3 ubiquitin-protein ligase APD1-4 middle domain-containing protein	IPR032010 (Domain of unknown function (DUF4793)); IPR032008 (Domain of unknown function (DUF4792))	2	10970001	10980000	10970001	10980000	10000
pi	0.1	10%	IMM35_QTL_chr2_3	IMM35	Growth	2	24549354	24649354	100.0	1	AX-673240640	24599354	1	MLM	7.92375312569975	TMOL_2.2180.1	G-protein coupled receptors family 1 profile domain-containing protein	G-protein coupled receptors family 1 profile domain-containing protein	IPR000276 (7 transmembrane receptor (rhodopsin family)); IPR017452 (G-protein coupled receptors family 1 profile.)	2	24580001	24590000	24580001	24590000	10000
pi	0.1	10%	IMM35_QTL_chr3_1	IMM35	Growth	3	9526410	9626410	100.0	1	AX-673926244	9576410	1	MLM	8.12909042275541	TMOL_6.867.1	Dumpy, isoform Q	Fibrillin-2-like Protein	IPR001881 (Calcium-binding EGF domain); IPR024731 (EGF domain); IPR000742 (EGF-like domain profile.); IPR001507 (ZP domain profile.); IPR000152 (Aspartic acid and asparagine hydroxylation site.)	3	9570001	9580000	9570001	9580000	10000
pi	0.1	10%	IMM35_QTL_chr3_2	IMM35	Growth	3	23608243	23708243	100.0	1	AX-678466448	23658243	1	MLM	7.75631510226889	TMOL_9.616.1	Echinoid, isoform A	Uncharacterized protein	IPR013098 (Immunoglobulin I-set domain); IPR003961 (FN3); IPR007110 (Immunoglobulin domain); IPR013106 (Immunoglobulin V-set domain); IPR036179	3	23633621	23643620	23633621	23643620	10000
pi	0.1	10%	IMM35_QTL_chr5_1	IMM35	Growth	5	552465	652465	100.0	1	AX-677968293	602465	1	MLM	9.7811319294881	TMOL_1.25.1	-	Chitin deacetylase 6	-	5	560001	570000	560001	570000	10000
pi	0.1	10%	IMM35_QTL_chr5_1	IMM35	Growth	5	552465	652465	100.0	1	AX-677968293	602465	1	MLM	9.7811319294881	TMOL_1.25.1	-	Chitin deacetylase 6	-	5	650001	680000	650001	652465	2465
pi	0.1	10%	IMM35_QTL_chr6_1	IMM35	Growth	6	3439181	3539181	100.0	1	AX-674970633	3489181	1	MLM	5.70409558084239	TMOL_4.402.1	Kekkon 5, isoform A	Ig-like domain-containing protein	IPR013098 (Immunoglobulin I-set domain); IPR001611 (Leucine rich repeat); IPR007110 (Ig-like domain profile.); IPR032675; IPR013783	6	3490001	3500000	3490001	3500000	10000
pi	0.1	10%	IMM35_QTL_chr7_5	IMM35	Growth	7	10126097	10226097	100.0	1	AX-678766976	10176097	1	MLM	12.6591285773496	TMOL_1.3218.1	LD27988p	Tyrosine-protein phosphatase non-receptor type 9-like Protein	IPR000242 (Protein-tyrosine phosphatase); IPR001251 (SEC14); IPR000387 (Tyrosine specific protein phosphatases domain profile.); IPR016130 (Tyrosine specific protein phosphatases active site.); IPR029021	7	10150001	10180000	10150001	10180000	30000
pi	0.1	10%	IMM35_QTL_chr7_6	IMM35	Growth	7	15415218	15515218	100.0	1	AX-678396793	15465218	1	MLM	6.17467710232889	TMOL_1.3757.1	-	Cytokine receptor-like factor 3	IPR003961 (FN3); IPR036116; IPR013783	7	15410001	15420000	15415218	15420000	4783
pi	0.1	10%	IMM49_QTL_chr1_1	IMM49	Growth	1	31693682	31793682	100.0	1	AX-676920677	31743682	1	MLM	5.62792163589973	TMOL_5.1070.1	Fatty acid synthase 1, isoform C	Fatty acid synthase-like Protein	IPR020841 (Beta-ketoacyl synthase); IPR014043 (Acyl transferase domain); IPR014030 (Beta-ketoacyl synthase / N-terminal domain); IPR013968 (KR domain); IPR014031 (Beta-ketoacyl synthase / C-terminal domain)	1	31793101	31803100	31793101	31793682	582
pi	0.1	10%	IMM49_QTL_chr1_2	IMM49	Growth	1	38384363	38484363	100.0	1	AX-673593378	38434363	1	MLM	7.25563404908316	TMOL_5.751.1	Krueppel-like factor luna	C2H2-type domain-containing protein	IPR013087 (Zinc finger / C2H2 type); IPR036236	1	38473101	38483100	38473101	38483100	10000
pi	0.1	10%	IMM49_QTL_chr10_1	IMM49	Growth	10	7645409	7745409	100.0	1	AX-674328360	7695409	1	MLM	9.83252016041465	Intergenic	-	-	-	10	7740001	7750000	7740001	7745409	5409
pi	0.1	10%	IMM49_QTL_chr2_2	IMM49	Growth	2	10892218	10992218	100.0	1	AX-678594415	10942218	1	MLM	6.82474527858156	TMOL_2.1189.1	Uncharacterized protein, isoform B	E3 ubiquitin-protein ligase APD1-4 middle domain-containing protein	IPR032010 (Domain of unknown function (DUF4793)); IPR032008 (Domain of unknown function (DUF4792))	2	10970001	10980000	10970001	10980000	10000
pi	0.1	10%	IMM49_QTL_chr2_3	IMM49	Growth	2	24549354	24649354	100.0	1	AX-673240640	24599354	1	MLM	7.198451781401	TMOL_2.2180.1	G-protein coupled receptors family 1 profile domain-containing protein	G-protein coupled receptors family 1 profile domain-containing protein	IPR000276 (7 transmembrane receptor (rhodopsin family)); IPR017452 (G-protein coupled receptors family 1 profile.)	2	24580001	24590000	24580001	24590000	10000
pi	0.1	10%	IMM49_QTL_chr3_1	IMM49	Growth	3	23608243	23708243	100.0	1	AX-678466448	23658243	1	MLM	6.80445449260505	TMOL_9.616.1	Echinoid, isoform A	Uncharacterized protein	IPR013098 (Immunoglobulin I-set domain); IPR003961 (FN3); IPR007110 (Immunoglobulin domain); IPR013106 (Immunoglobulin V-set domain); IPR036179	3	23633621	23643620	23633621	23643620	10000
pi	0.1	10%	IMM49_QTL_chr5_1	IMM49	Growth	5	552465	652465	100.0	1	AX-677968293	602465	1	MLM	7.53075467521713	TMOL_1.25.1	-	Chitin deacetylase 6	-	5	560001	570000	560001	570000	10000
pi	0.1	10%	IMM49_QTL_chr5_1	IMM49	Growth	5	552465	652465	100.0	1	AX-677968293	602465	1	MLM	7.53075467521713	TMOL_1.25.1	-	Chitin deacetylase 6	-	5	650001	680000	650001	652465	2465
pi	0.1	10%	IMM49_QTL_chr7_5	IMM49	Growth	7	8396349	8496349	100.0	1	AX-677750477	8446349	1	BLINK	7.10280400304445	TMOL_1.3090.1	Toll-like receptor Tollo	Toll-7-like protein	IPR001611 (Leucine rich repeat); IPR000157 (TIR domain); IPR032675; IPR035897; IPR000483	7	8490001	8500000	8490001	8496349	6349
pi	0.1	10%	IMM49_QTL_chr7_6	IMM49	Growth	7	10126097	10226097	100.0	1	AX-678766976	10176097	1	MLM	11.0214037925864	TMOL_1.3218.1	LD27988p	Tyrosine-protein phosphatase non-receptor type 9-like Protein	IPR000242 (Protein-tyrosine phosphatase); IPR001251 (SEC14); IPR000387 (Tyrosine specific protein phosphatases domain profile.); IPR016130 (Tyrosine specific protein phosphatases active site.); IPR029021	7	10150001	10180000	10150001	10180000	30000
pi	0.1	10%	IMM56_QTL_chr1_1	IMM56	Growth	1	4479132	4579132	100.0	1	AX-678710986	4529132	1	MLM	5.76059747644842	TMOL_3.1555.1	Tyrosine-protein phosphatase Lar	protein-tyrosine-phosphatase	IPR000242 (Protein-tyrosine phosphatase); IPR003961 (FN3); IPR013098 (Immunoglobulin I-set domain); IPR007110 (Ig-like domain profile.); IPR000387 (Tyrosine specific protein phosphatases domain profile.)	1	4572535	4582534	4572535	4579132	6598
pi	0.1	10%	IMM56_QTL_chr1_2	IMM56	Growth	1	38384363	38484363	100.0	1	AX-673593378	38434363	1	MLM	5.66834790715082	TMOL_5.751.1	Krueppel-like factor luna	C2H2-type domain-containing protein	IPR013087 (Zinc finger / C2H2 type); IPR036236	1	38473101	38483100	38473101	38483100	10000
pi	0.1	10%	IMM56_QTL_chr10_1	IMM56	Growth	10	7645409	7745409	100.0	1	AX-674328360	7695409	1	MLM	8.6221153603244	Intergenic	-	-	-	10	7740001	7750000	7740001	7745409	5409
pi	0.1	10%	IMM56_QTL_chr2_2	IMM56	Growth	2	10892218	10992218	100.0	1	AX-678594415	10942218	1	MLM	6.42670406771836	TMOL_2.1189.1	Uncharacterized protein, isoform B	E3 ubiquitin-protein ligase APD1-4 middle domain-containing protein	IPR032010 (Domain of unknown function (DUF4793)); IPR032008 (Domain of unknown function (DUF4792))	2	10970001	10980000	10970001	10980000	10000
pi	0.1	10%	IMM56_QTL_chr2_3	IMM56	Growth	2	24549354	24649354	100.0	1	AX-673240640	24599354	1	MLM	5.95291933602771	TMOL_2.2180.1	G-protein coupled receptors family 1 profile domain-containing protein	G-protein coupled receptors family 1 profile domain-containing protein	IPR000276 (7 transmembrane receptor (rhodopsin family)); IPR017452 (G-protein coupled receptors family 1 profile.)	2	24580001	24590000	24580001	24590000	10000
pi	0.1	10%	IMM56_QTL_chr3_1	IMM56	Growth	3	23608243	23708243	100.0	1	AX-678466448	23658243	1	MLM	6.76693517903217	TMOL_9.616.1	Echinoid, isoform A	Uncharacterized protein	IPR013098 (Immunoglobulin I-set domain); IPR003961 (FN3); IPR007110 (Immunoglobulin domain); IPR013106 (Immunoglobulin V-set domain); IPR036179	3	23633621	23643620	23633621	23643620	10000
pi	0.1	10%	IMM56_QTL_chr5_1	IMM56	Growth	5	552465	652465	100.0	1	AX-677968293	602465	1	MLM	5.52747472108287	TMOL_1.25.1	-	Chitin deacetylase 6	-	5	560001	570000	560001	570000	10000
pi	0.1	10%	IMM56_QTL_chr5_1	IMM56	Growth	5	552465	652465	100.0	1	AX-677968293	602465	1	MLM	5.52747472108287	TMOL_1.25.1	-	Chitin deacetylase 6	-	5	650001	680000	650001	652465	2465
pi	0.1	10%	IMM56_QTL_chr7_4	IMM56	Growth	7	10126097	10226097	100.0	1	AX-678766976	10176097	1	MLM	9.22773279553931	TMOL_1.3218.1	LD27988p	Tyrosine-protein phosphatase non-receptor type 9-like Protein	IPR000242 (Protein-tyrosine phosphatase); IPR001251 (SEC14); IPR000387 (Tyrosine specific protein phosphatases domain profile.); IPR016130 (Tyrosine specific protein phosphatases active site.); IPR029021	7	10150001	10180000	10150001	10180000	30000
pi	0.1	10%	IMM63_QTL_chr10_1	IMM63	Growth	10	7645409	7745409	100.0	1	AX-674328360	7695409	1	MLM	7.19280227323073	Intergenic	-	-	-	10	7740001	7750000	7740001	7745409	5409
pi	0.1	10%	IMM63_QTL_chr7_1	IMM63	Growth	7	10126097	10226097	100.0	1	AX-678766976	10176097	1	MLM	6.96737434712476	TMOL_1.3218.1	LD27988p	Tyrosine-protein phosphatase non-receptor type 9-like Protein	IPR000242 (Protein-tyrosine phosphatase); IPR001251 (SEC14); IPR000387 (Tyrosine specific protein phosphatases domain profile.); IPR016130 (Tyrosine specific protein phosphatases active site.); IPR029021	7	10150001	10180000	10150001	10180000	30000
pi	0.1	10%	PW_QTL_chr1_2	PW	Growth	1	32289888	32391003	101.115	2	AX-675900205	32341003	1	FarmCPU	16.9331918024473	TMOL_5.1023.1	Transducer of ERBB2, isoform A	Protein BTG3-like Protein	IPR002087 (BTG family); IPR033332; IPR036054	1	32323101	32333100	32323101	32333100	10000
pi	0.1	10%	PW_QTL_chr3_3	PW	Growth	3	15879019	16028680	149.661	2	AX-673647911	15929019	1	FarmCPU	14.0898590384082	TMOL_6.1334.1	Ecdysone receptor	Ecdysone receptor	IPR041889 (NR_LBD_EcR); IPR003069 (Ecdysteroid receptor (1H nuclear receptor) signature); IPR001628 (Zinc finger / C4 type (two domains)); IPR000536 (Ligand-binding domain of nuclear hormone receptor); IPR001723 (Steroid hormone receptor signature)	3	15930001	15940000	15930001	15940000	10000
pi	0.1	10%	PW_QTL_chr3_3	PW	Growth	3	15879019	16028680	149.661	2	AX-673647911	15929019	1	FarmCPU	14.0898590384082	TMOL_6.1334.1	Ecdysone receptor	Ecdysone receptor	IPR041889 (NR_LBD_EcR); IPR003069 (Ecdysteroid receptor (1H nuclear receptor) signature); IPR001628 (Zinc finger / C4 type (two domains)); IPR000536 (Ligand-binding domain of nuclear hormone receptor); IPR001723 (Steroid hormone receptor signature)	3	15960001	15970000	15960001	15970000	10000
pi	0.1	10%	PW_QTL_chr6_2	PW	Growth	6	5593419	5793423	200.004	5	AX-678048964	5743423	1	FarmCPU	9.9937524293728	TMOL_4.627.1, TMOL_4.630.1	RE24765p, Beadex, isoform D	Partial AB-hydrolase lipase domain-containing protein, Rhombotin-1-like Protein	IPR000073 (alpha/beta hydrolase fold); IPR029058; IPR025483, IPR001781 (LIM domain)	6	5710001	5720000	5710001	5720000	10000
pi	0.1	10%	PW_QTL_chr7_1	PW	Growth	7	351021	455468	104.447	2	AX-675086483	401021	1	ssGBLUP	8.3629340844	TMOL_1.2332.1	-	JmjC domain-containing protein	-	7	440001	450000	440001	450000	10000
pi	0.1	10%	PW_QTL_chr7_3	PW	Growth	7	6343009	6443009	100.0	1	AX-678038090	6393009	1	ssGBLUP	6.1065872894	TMOL_1.2910.1	LP11750p	Transmembrane protease serine 9-like Protein	IPR001254 (Tryp_SPc); IPR001314 (Chymotrypsin serine protease family (S1) signature); IPR018114 (Serine proteases / trypsin family / histidine active site.); IPR033116 (Serine proteases / trypsin family / serine active site.); IPR009003	7	6370001	6380000	6370001	6380000	10000
pi	0.1	10%	PW_QTL_chr7_3	PW	Growth	7	6343009	6443009	100.0	1	AX-678038090	6393009	1	ssGBLUP	6.1065872894	TMOL_1.2910.1	LP11750p	Transmembrane protease serine 9-like Protein	IPR001254 (Tryp_SPc); IPR001314 (Chymotrypsin serine protease family (S1) signature); IPR018114 (Serine proteases / trypsin family / histidine active site.); IPR033116 (Serine proteases / trypsin family / serine active site.); IPR009003	7	6420001	6430000	6420001	6430000	10000
pi	0.1	10%	PW_QTL_chr7_5	PW	Growth	7	7544287	7644287	100.0	1	AX-678124394	7594287	1	FarmCPU	6.38559887849628	TMOL_1.3022.1	Splicing factor 3A subunit 3	Splicing factor 3A subunit 3-like Protein	IPR024598 (SF3a60/Prp9 C-terminal); IPR025086 (Replication stress response SDE2 C-terminal); IPR031774 (Pre-mRNA-splicing factor SF3A3 / of SF3a complex / Prp9); IPR021966 (Splicing factor SF3a60 binding domain); IPR000690 (Zinc finger matrin-type profile.)	7	7560001	7570000	7560001	7570000	10000
pi	0.1	10%	TELC_i_QTL_chr2_2	TELC	Reproduction	2	23779832	23918844	139.012	2	AX-677790294	23868844	1	FarmCPU	9.93236730605489	TMOL_2.2114.1	Patj homolog	PDZ domain-containing protein	IPR001478 (PDZ domain); IPR036034	2	23790001	23800000	23790001	23800000	10000
pi	0.1	10%	TELC_i_QTL_chr2_2	TELC	Reproduction	2	23779832	23918844	139.012	2	AX-677790294	23868844	1	FarmCPU	9.93236730605489	TMOL_2.2114.1	Patj homolog	PDZ domain-containing protein	IPR001478 (PDZ domain); IPR036034	2	23810001	23830000	23810001	23830000	20000
pi	0.1	10%	TELC_i_QTL_chr2_2	TELC	Reproduction	2	23779832	23918844	139.012	2	AX-677790294	23868844	1	FarmCPU	9.93236730605489	TMOL_2.2114.1	Patj homolog	PDZ domain-containing protein	IPR001478 (PDZ domain); IPR036034	2	23890001	23900000	23890001	23900000	10000
pi	0.05	5%	AW_QTL_chr2_2	AW	Growth	2	2030586	2241791	211.205	5	AX-673693612	2174410	1	FarmCPU	13.6645574175857	TMOL_2.301.1, TMOL_2.303.1	NADPH oxidase, isoform C, Uncharacterized protein, isoform F	NADPH oxidase 5, Uncharacterized protein	IPR003226 (Uncharacterised protein family (UPF0160)); IPR013130 (Ferric reductase like transmembrane component); IPR013112 (FAD-binding domain); IPR002048 (EFh); IPR017927 (Ferredoxin reductase-type FAD binding domain profile.), IPR000949 (ELM2 domain); IPR013087 (Zinc finger / C2H2 type); IPR001005 (Myb-like DNA-binding domain); IPR017884 (SANT domain profile.); IPR036236	2	2100001	2110000	2100001	2110000	10000
pi	0.05	5%	AW_QTL_chr2_10	AW	Growth	2	20182528	20445646	263.118	19	AX-674335665	20395646	1	FarmCPU	17.8163978152269	TMOL_2.1894.1	Sidestep VI, isoform B	Nephrin-like Protein	IPR013162 (CD80-like C2-set immunoglobulin domain); IPR003961 (FN3); IPR007110 (Ig-like domain profile.); IPR013783; IPR036179	2	20310001	20320000	20310001	20320000	10000
pi	0.05	5%	AW_QTL_chr3_3	AW	Growth	3	15887471	16028680	141.209	2	AX-674262748	15978680	2	BLINK, FarmCPU	15.0920304634003	TMOL_6.1334.1	Ecdysone receptor	Ecdysone receptor	IPR041889 (NR_LBD_EcR); IPR003069 (Ecdysteroid receptor (1H nuclear receptor) signature); IPR001628 (Zinc finger / C4 type (two domains)); IPR000536 (Ligand-binding domain of nuclear hormone receptor); IPR001723 (Steroid hormone receptor signature)	3	15880001	15890000	15887471	15890000	2530
pi	0.05	5%	AW_QTL_chr3_3	AW	Growth	3	15887471	16028680	141.209	2	AX-674262748	15978680	2	BLINK, FarmCPU	15.0920304634003	TMOL_6.1334.1	Ecdysone receptor	Ecdysone receptor	IPR041889 (NR_LBD_EcR); IPR003069 (Ecdysteroid receptor (1H nuclear receptor) signature); IPR001628 (Zinc finger / C4 type (two domains)); IPR000536 (Ligand-binding domain of nuclear hormone receptor); IPR001723 (Steroid hormone receptor signature)	3	15920001	15930000	15920001	15930000	10000
pi	0.05	5%	AW_QTL_chr3_3	AW	Growth	3	15887471	16028680	141.209	2	AX-674262748	15978680	2	BLINK, FarmCPU	15.0920304634003	TMOL_6.1334.1	Ecdysone receptor	Ecdysone receptor	IPR041889 (NR_LBD_EcR); IPR003069 (Ecdysteroid receptor (1H nuclear receptor) signature); IPR001628 (Zinc finger / C4 type (two domains)); IPR000536 (Ligand-binding domain of nuclear hormone receptor); IPR001723 (Steroid hormone receptor signature)	3	15940001	15960000	15940001	15960000	20000
pi	0.05	5%	AW_QTL_chr7_5	AW	Growth	7	7321415	7536388	214.973	59	AX-677386661	7464449	2	BLINK, FarmCPU	18.8505522338185	TMOL_1.2981.1, TMOL_1.2983.1, TMOL_1.2985.1, TMOL_1.2986.1, TMOL_1.2987.1, TMOL_1.2989.1, TMOL_1.2990.1, TMOL_1.2991.1, TMOL_1.2994.1, TMOL_1.2997.1, TMOL_1.2999.1, TMOL_1.3000.1, TMOL_1.3001.1	-, Lysophospholipid acyltransferase 6, -, Uncharacterized protein, isoform F, LP17264p, Odorant receptor 43a, Desaturase 1, isoform A, Uncharacterized protein, isoform A, Soluble guanylate cyclase 89Db, GH12235p, Receptor-mediated endocytosis protein 6 homolog, Cytochrome b5, Hormone receptor 4	Lipoma HMGIC fusion partner homolog-like Protein, Ubiquitin-like domain-containing protein, Uncharacterized protein, Transmembrane protease serine 9-like Protein, Transmembrane protease serine 9-like Protein, Odorant receptor, Acyl-CoA desaturase 2-like Protein, Serine protease-like protein, guanylate cyclase, Large ribosomal subunit protein mL54, Uncharacterized protein, Cytochrome b5-like Protein, HR4	IPR019372 (Lipoma HMGIC fusion partner-like protein), IPR004299 (MBOAT / membrane-bound O-acyltransferase family); IPR000048 (IQ motif profile.); IPR037695; IPR029071, IPR037645, IPR001254 (Tryp_SPc); IPR043504; IPR009003, IPR001254 (Tryp_SPc); IPR001314 (Chymotrypsin serine protease family (S1) signature); IPR018114 (Serine proteases / trypsin family / histidine active site.); IPR033116 (Serine proteases / trypsin family / serine active site.); IPR009003, IPR004117 (7tm Odorant receptor), IPR015876 (Delta9-FADS-like); IPR005804 (Fatty acid desaturase), IPR001254 (Tryp_SPc); IPR001314 (Chymotrypsin serine protease family (S1) signature); IPR009003; IPR043504, IPR011645 (Heme NO binding associated); IPR001054 (CHD); IPR011644 (Haem-NO-binding); IPR029787; IPR038158, IPR000595 (CAP_ED); IPR005821 (Ion transport protein); IPR018490; IPR014710, IPR003123 (Vacuolar sorting protein 9 (VPS9) domain); IPR001936 (GTPase-activator protein for Ras-like GTPase); IPR045046; IPR037191; IPR008936, IPR001199 (Cytochrome b5-like Heme/Steroid binding domain); IPR018506 (Cytochrome b5 family / heme-binding domain signature.); IPR036400, IPR001628 (Zinc finger / C4 type (two domains)); IPR000536 (Ligand-binding domain of nuclear hormone receptor); IPR001723 (Steroid hormone receptor signature); IPR035500; IPR013088	7	7390001	7400000	7390001	7400000	10000
pi	0.05	5%	AW_QTL_chr7_5	AW	Growth	7	7321415	7536388	214.973	59	AX-677386661	7464449	2	BLINK, FarmCPU	18.8505522338185	TMOL_1.2981.1, TMOL_1.2983.1, TMOL_1.2985.1, TMOL_1.2986.1, TMOL_1.2987.1, TMOL_1.2989.1, TMOL_1.2990.1, TMOL_1.2991.1, TMOL_1.2994.1, TMOL_1.2997.1, TMOL_1.2999.1, TMOL_1.3000.1, TMOL_1.3001.1	-, Lysophospholipid acyltransferase 6, -, Uncharacterized protein, isoform F, LP17264p, Odorant receptor 43a, Desaturase 1, isoform A, Uncharacterized protein, isoform A, Soluble guanylate cyclase 89Db, GH12235p, Receptor-mediated endocytosis protein 6 homolog, Cytochrome b5, Hormone receptor 4	Lipoma HMGIC fusion partner homolog-like Protein, Ubiquitin-like domain-containing protein, Uncharacterized protein, Transmembrane protease serine 9-like Protein, Transmembrane protease serine 9-like Protein, Odorant receptor, Acyl-CoA desaturase 2-like Protein, Serine protease-like protein, guanylate cyclase, Large ribosomal subunit protein mL54, Uncharacterized protein, Cytochrome b5-like Protein, HR4	IPR019372 (Lipoma HMGIC fusion partner-like protein), IPR004299 (MBOAT / membrane-bound O-acyltransferase family); IPR000048 (IQ motif profile.); IPR037695; IPR029071, IPR037645, IPR001254 (Tryp_SPc); IPR043504; IPR009003, IPR001254 (Tryp_SPc); IPR001314 (Chymotrypsin serine protease family (S1) signature); IPR018114 (Serine proteases / trypsin family / histidine active site.); IPR033116 (Serine proteases / trypsin family / serine active site.); IPR009003, IPR004117 (7tm Odorant receptor), IPR015876 (Delta9-FADS-like); IPR005804 (Fatty acid desaturase), IPR001254 (Tryp_SPc); IPR001314 (Chymotrypsin serine protease family (S1) signature); IPR009003; IPR043504, IPR011645 (Heme NO binding associated); IPR001054 (CHD); IPR011644 (Haem-NO-binding); IPR029787; IPR038158, IPR000595 (CAP_ED); IPR005821 (Ion transport protein); IPR018490; IPR014710, IPR003123 (Vacuolar sorting protein 9 (VPS9) domain); IPR001936 (GTPase-activator protein for Ras-like GTPase); IPR045046; IPR037191; IPR008936, IPR001199 (Cytochrome b5-like Heme/Steroid binding domain); IPR018506 (Cytochrome b5 family / heme-binding domain signature.); IPR036400, IPR001628 (Zinc finger / C4 type (two domains)); IPR000536 (Ligand-binding domain of nuclear hormone receptor); IPR001723 (Steroid hormone receptor signature); IPR035500; IPR013088	7	7470001	7480000	7470001	7480000	10000
pi	0.05	5%	DELR4_i_QTL_chr1_1	DELR4	Reproduction	1	43992608	44092608	100.0	1	AX-676338960	44042608	1	FarmCPU	6.72676798906961	TMOL_5.391.1	-	Proteasome assembly chaperone 2	IPR019151 (PAC2 family); IPR016562; IPR038389	1	44003101	44013100	44003101	44013100	10000
pi	0.05	5%	DELR4_i_QTL_chr3_1	DELR4	Reproduction	3	59418	159418	100.0	1	AX-674624813	109418	1	FarmCPU	7.06788233575167	TMOL_6.20.1	Paxillin, isoform F	Paxillin-like Protein	IPR047075 (LIM1_Paxillin_like); IPR001904 (LIM4_Paxillin); IPR001781 (LIM domain)	3	20001	60000	59418	60000	583
pi	0.05	5%	DELR4_i_QTL_chr3_1	DELR4	Reproduction	3	59418	159418	100.0	1	AX-674624813	109418	1	FarmCPU	7.06788233575167	TMOL_6.20.1	Paxillin, isoform F	Paxillin-like Protein	IPR047075 (LIM1_Paxillin_like); IPR001904 (LIM4_Paxillin); IPR001781 (LIM domain)	3	70001	80000	70001	80000	10000
pi	0.05	5%	DELR5_i_QTL_chr2_2	DELR5	Reproduction	2	21827685	21927685	100.0	1	AX-676798775	21877685	1	FarmCPU	7.34438973458627	TMOL_2.1969.1	LD33689p	Uncharacterized protein	IPR019144 (Tumour-associated protein)	2	21790001	21840000	21827685	21840000	12316
pi	0.05	5%	DTEP_cat_QTL_chr1_3	DTEP categorical	Development	1	9255034	9393751	138.717	2	AX-676374151	9343751	2	MLM, ssGBLUP	11.6609457409	TMOL_3.1160.1, TMOL_3.1171.1	Lethal (2) 09851, isoform A, Glucose transporter type 1	Putative histone-binding protein Caf1-like Protein, Glucose transporter type 1-like Protein	IPR022052 (Histone-binding protein RBBP4 or subunit C of CAF1 complex); IPR020472 (G protein beta WD-40 repeat signature); IPR001680 (WD domain / G-beta repeat); IPR019775 (Trp-Asp (WD) repeats signature.); IPR015943, IPR005828 (Sugar (and other) transporter); IPR003663 (SP: MFS transporter / sugar porter (SP) family); IPR020846 (Major facilitator superfamily (MFS) profile.); IPR005829 (Sugar transport proteins signature 2.); IPR045263	1	9372535	9382534	9372535	9382534	10000
pi	0.05	5%	DTEP_cat_QTL_chr1_4	DTEP categorical	Development	1	9577894	9765491	187.597	32	AX-675988159	9695801	1	BLINK	8.39636926266482	TMOL_3.1105.1, TMOL_3.1107.1, TMOL_3.1108.1, TMOL_3.1109.1, TMOL_3.1110.1, TMOL_3.1119.1	Acid-sensitive two pore domain K+ channel dTASK-6, Large ribosomal subunit protein uL30, -, Farnesoic acid O-methyl transferase domain-containing protein, RE08173p, LD22376p	Open rectifier potassium channel protein 1-like Protein, 60S ribosomal protein L7-like Protein, Nucleolar 27S pre-rRNA processing Urb2/Npa2 C-terminal domain-containing protein, Farnesoic acid O-methyl transferase domain-containing protein, Hemocyte protein-glutamine gamma-glutamyltransferase-like Protein, Heparan-alpha-glucosaminide N-acetyltransferase-like Protein	IPR003092 (TASK K+ channel signature); IPR013099 (Ion channel); IPR003280 (Two pore domain K+ channel signature), IPR005998 (uL30_euk: 60S ribosomal protein uL30); IPR035808 (Ribosomal_L7_archeal_euk); IPR012988 (Ribosomal L30 N-terminal domain); IPR016082 (Ribosomal protein L30p/L7e); IPR039699, IPR018849 (Urb2/Npa2 family), IPR006616 (Protein of unknown function (DUF3421)); IPR022041 (Farnesoic acid 0-methyl transferase), IPR001102 (Transglutaminase family); IPR008958 (Transglutaminase family / C-terminal ig like domain); IPR002931 (Transglutaminase-like superfamily); IPR013808 (Transglutaminases active site.); IPR023608, IPR032176 (Domain of unknown function (DUF5009))	1	9582535	9592534	9582535	9592534	10000
pi	0.05	5%	DTEP_cat_QTL_chr1_10	DTEP categorical	Development	1	39125933	39226068	100.135	2	AX-674746362	39176068	1	BLINK	5.03314291476099	TMOL_5.717.1	Protein bric-a-brac 1	Protein bric-a-brac 1-like Protein	IPR000210 (BTB/POZ domain); IPR007889 (helix-turn-helix / Psq domain); IPR011333; IPR009057	1	39193101	39203100	39193101	39203100	10000
pi	0.05	5%	DTEP_cat_QTL_chr2_5	DTEP categorical	Development	2	10892218	10992218	100.0	1	AX-678594415	10942218	2	MLM, ssGBLUP	11.8833934975	TMOL_2.1189.1	Uncharacterized protein, isoform B	E3 ubiquitin-protein ligase APD1-4 middle domain-containing protein	IPR032010 (Domain of unknown function (DUF4793)); IPR032008 (Domain of unknown function (DUF4792))	2	10970001	10980000	10970001	10980000	10000
pi	0.05	5%	DTEP_cat_QTL_chr2_7	DTEP categorical	Development	2	15826471	16114217	287.746	158	AX-677863924	15964266	2	BLINK, MLM	13.366100292886	TMOL_2.1503.1, TMOL_2.1504.1, TMOL_2.1505.1, TMOL_2.1507.1, TMOL_2.1509.1, TMOL_2.1510.1, TMOL_2.1511.1, TMOL_2.1512.1, TMOL_2.1513.1, TMOL_2.1515.1, TMOL_2.1517.1, TMOL_2.1519.1, TMOL_2.1520.1	Dynactin subunit 6, Uncharacterized protein, isoform B, LIM and SH3 domain protein Lasp, Probable 3-hydroxyisobutyrate dehydrogenase, mitochondrial, -, -, -, Stall, isoform C, -, -, -, Protein lethal(2)essential for life, High affinity cAMP-specific and IBMX-insensitive 3',5'-cyclic phosphodiesterase 8	Dynactin subunit 6, Protein prune homolog 2-like Protein, LIM and SH3 domain protein Lasp-like Protein, 3-hydroxyisobutyrate dehydrogenase, Coiled-coil domain-containing protein 13-like Protein, Uncharacterized protein, -, A disintegrin and metalloproteinase with thrombospondin motifs 16-like Protein, Uncharacterized protein, -, HAUS augmin-like complex subunit 3 N-terminal domain-containing protein, Protein lethal(2)essential for life-like Protein, Phosphodiesterase	IPR027777; IPR011004, IPR001251 (Divergent CRAL/TRIO domain); IPR019273 (Predicted integral membrane zinc-ribbon metal-binding protein); IPR022181 (Bcl2-/adenovirus E1B nineteen kDa-interacting protein 2); IPR036865, IPR001452 (Variant SH3 domain); IPR001781 (LIM domain); IPR000900 (Nebulin repeat); IPR036028, IPR011548 (HIBADH: 3-hydroxyisobutyrate dehydrogenase); IPR006115 (NAD binding domain of 6-phosphogluconate dehydrogenase); IPR029154 (NAD-binding of NADP-dependent 3-hydroxyisobutyrate dehydrogenase); IPR015815; IPR013328, IPR038929, -, -, IPR001590 (Reprolysin (M12B) family zinc metalloprotease); IPR041645 (ADAMTS cysteine-rich domain 2); IPR002870 (Reprolysin family propeptide); IPR000884 (Thrombospondin type-1 (TSP1) repeat profile.); IPR024079, IPR027902 (Domain of unknown function (DUF4487)), -, -, IPR001436 (Alpha crystallin signature); IPR002068 (Hsp20/alpha crystallin family); IPR008978, IPR002073 (3'5'-cyclic nucleotide phosphodiesterase); IPR023088 (3'5'-cyclic nucleotide phosphodiesterase signature); IPR003607 (HDc); IPR013767 (PAS fold); IPR000014 (PAS)	2	15920001	15930000	15920001	15930000	10000
pi	0.05	5%	DTEP_cat_QTL_chr2_10	DTEP categorical	Development	2	20220626	20320626	100.0	1	AX-677363203	20270626	1	MLM	4.71665318441724	TMOL_2.1894.1	Sidestep VI, isoform B	Nephrin-like Protein	IPR013162 (CD80-like C2-set immunoglobulin domain); IPR003961 (FN3); IPR007110 (Ig-like domain profile.); IPR013783; IPR036179	2	20310001	20320000	20310001	20320000	10000
pi	0.05	5%	DTEP_cat_QTL_chr2_13	DTEP categorical	Development	2	23674854	23920667	245.813	89	AX-674855278	23803107	2	BLINK, FarmCPU	26.9467569856245	TMOL_2.2110.1, TMOL_2.2111.1, TMOL_2.2112.1, TMOL_2.2113.1, TMOL_2.2114.1, TMOL_2.2115.1	FI07206p, LP13185p, Nuclear pore membrane glycoprotein 210, Tubulin beta-2 chain, Patj homolog, -	Bifunctional polynucleotide phosphatase/kinase-like Protein, Transmembrane protein 68-like Protein, Nuclear pore membrane glycoprotein 210-like Protein, Tubulin beta chain, PDZ domain-containing protein, -	IPR006550 (PNK-3'Pase: polynucleotide kinase 3'-phosphatase); IPR006551 (DNA-3'-Pase: DNA 3'-phosphatase); IPR013954 (Polynucleotide kinase 3 phosphatase); IPR006549 (HAD-SF-IIIA: HAD hydrolase / family IIIA); IPR041388 (FHA domain), IPR002123 (Acyltransferase), IPR045197; IPR008964, IPR002453 (Beta-tubulin signature); IPR000217 (Tubulin signature); IPR003008 (Tubulin/FtsZ family / GTPase domain); IPR018316 (Tubulin C-terminal domain); IPR013838 (Tubulin-beta mRNA autoregulation signal.), IPR001478 (PDZ domain); IPR036034, -	2	23780001	23790000	23780001	23790000	10000
pi	0.05	5%	DTEP_cat_QTL_chr3_2	DTEP categorical	Development	3	8982791	9154370	171.579	3	AX-675137168	9032791	1	BLINK	7.58850368867103	TMOL_6.826.1, TMOL_6.827.1	Crossveinless 2, Uncharacterized protein, isoform E	Crossveinless 2, Carboxypeptidase A	IPR001846 (von Willebrand factor type D domain); IPR014853 (C8 domain); IPR001007 (von Willebrand factor type C domain), IPR000834 (Zinc carboxypeptidase); IPR008969	3	9110001	9120000	9110001	9120000	10000
pi	0.05	5%	DTEP_cat_QTL_chr3_3	DTEP categorical	Development	3	9526410	9626410	100.0	1	AX-673926244	9576410	2	MLM, ssGBLUP	11.6822562325	TMOL_6.867.1	Dumpy, isoform Q	Fibrillin-2-like Protein	IPR001881 (Calcium-binding EGF domain); IPR024731 (EGF domain); IPR000742 (EGF-like domain profile.); IPR001507 (ZP domain profile.); IPR000152 (Aspartic acid and asparagine hydroxylation site.)	3	9570001	9580000	9570001	9580000	10000
pi	0.05	5%	DTEP_cat_QTL_chr3_4	DTEP categorical	Development	3	12517046	12777857	260.811	12	AX-678100424	12653324	1	BLINK	7.17226097075421	TMOL_6.1090.1, TMOL_6.1104.1, TMOL_6.1105.1, TMOL_6.1107.1, TMOL_6.1119.1	Down syndrome cell adhesion molecule 1, isoform BQ, DOMINA protein, N-acyl-aliphatic-L-amino acid amidohydrolase, Uncharacterized protein, isoform A, Protocadherin-like wing polarity protein stan	Down syndrome cell adhesion molecule, Fork-head domain-containing protein, N-acyl-aliphatic-L-amino acid amidohydrolase, N-acyl-aliphatic-L-amino acid amidohydrolase, Starry night	IPR021012 (Down syndrome cell adhesion molecule C terminal); IPR003961 (FN3); IPR013098 (Immunoglobulin I-set domain); IPR007110 (Ig-like domain profile.); IPR043204, IPR001766 (Forkhead domain); IPR030456 (Fork head domain signature 2.); IPR036388; IPR036390, IPR010159 (Ac-peptdase-euk: N-acyl-L-amino-acid amidohydrolase); IPR002933 (Peptidase family M20/M25/M40); IPR011650 (Peptidase dimerisation domain); IPR001261 (ArgE / dapE / ACY1 / CPG2 / yscS family signature 1.); IPR036264, IPR010159 (Ac-peptdase-euk: N-acyl-L-amino-acid amidohydrolase); IPR002933 (Peptidase family M20/M25/M40); IPR011650 (Peptidase dimerisation domain); IPR001261 (ArgE / dapE / ACY1 / CPG2 / yscS family signature 1.); IPR036264, IPR000832 (7 transmembrane receptor (Secretin family)); IPR002126 (Cadherin signature); IPR001791 (LamG); IPR032471 (GPCR-Autoproteolysis INducing (GAIN) domain); IPR002049 (EGF_Lam)	3	12740001	12760000	12740001	12760000	20000
pi	0.05	5%	DTEP_cat_QTL_chr3_5	DTEP categorical	Development	3	14664454	14764454	100.0	1	AX-674782874	14714454	1	ssGBLUP	10.9381857754	TMOL_6.1260.1	Bazooka, isoform B	PDZ domain-containing protein	IPR021922 (N-terminal of Par3 and HAL proteins); IPR001478 (PDZ domain); IPR036034	3	14740001	14750000	14740001	14750000	10000
pi	0.05	5%	DTEP_cat_QTL_chr5_2	DTEP categorical	Development	5	1949599	2049599	100.0	1	AX-674125610	1999599	1	ssGBLUP	6.1192076703	TMOL_1.98.1	LD11652p	LIM domain transcription factor LMO4-like Protein	IPR001781 (LIM domain)	5	1980001	2000000	1980001	2000000	20000
pi	0.05	5%	DTEP_cat_QTL_chr5_6	DTEP categorical	Development	5	9811791	9911791	100.0	1	AX-673607926	9861791	2	MLM, ssGBLUP	12.2880142674	TMOL_1.758.1	Dipeptidase	Dipeptidase	IPR008257 (rDP_like); IPR000180 (Renal dipeptidase active site.); IPR032466	5	9840001	9850000	9840001	9850000	10000
pi	0.05	5%	DTEP_cat_QTL_chr5_11	DTEP categorical	Development	5	20427788	20527788	100.0	1	AX-674556304	20477788	1	BLINK	7.40082206197787	TMOL_1.1761.1	LD01251p	Uncharacterized protein	IPR032016 (Domain of unknown function (DUF4796))	5	20410001	20430000	20427788	20430000	2213
pi	0.05	5%	DTEP_cat_QTL_chr6_3	DTEP categorical	Development	6	3439181	3539181	100.0	1	AX-674970633	3489181	2	MLM, ssGBLUP	9.0847193672	TMOL_4.402.1	Kekkon 5, isoform A	Ig-like domain-containing protein	IPR013098 (Immunoglobulin I-set domain); IPR001611 (Leucine rich repeat); IPR007110 (Ig-like domain profile.); IPR032675; IPR013783	6	3490001	3500000	3490001	3500000	10000
pi	0.05	5%	DTEP_cat_QTL_chr6_10	DTEP categorical	Development	6	20207769	20307769	100.0	1	AX-677040591	20257769	1	ssGBLUP	7.7770717538	TMOL_4.1916.1	-	SAM domain-containing protein	IPR001660 (SAM domain (Sterile alpha motif)); IPR013761	6	20230001	20240000	20230001	20240000	10000
pi	0.05	5%	DTEP_cat_QTL_chr7_11	DTEP categorical	Development	7	10126097	10226097	100.0	1	AX-678766976	10176097	2	MLM, ssGBLUP	11.3434976128	TMOL_1.3218.1	LD27988p	Tyrosine-protein phosphatase non-receptor type 9-like Protein	IPR000242 (Protein-tyrosine phosphatase); IPR001251 (SEC14); IPR000387 (Tyrosine specific protein phosphatases domain profile.); IPR016130 (Tyrosine specific protein phosphatases active site.); IPR029021	7	10150001	10180000	10150001	10180000	30000
pi	0.05	5%	DTEP_cat_QTL_chr7_11	DTEP categorical	Development	7	10126097	10226097	100.0	1	AX-678766976	10176097	2	MLM, ssGBLUP	11.3434976128	TMOL_1.3218.1	LD27988p	Tyrosine-protein phosphatase non-receptor type 9-like Protein	IPR000242 (Protein-tyrosine phosphatase); IPR001251 (SEC14); IPR000387 (Tyrosine specific protein phosphatases domain profile.); IPR016130 (Tyrosine specific protein phosphatases active site.); IPR029021	7	10190001	10200000	10190001	10200000	10000
pi	0.05	5%	EHR_i_QTL_chr1_3	EHR	Reproduction	1	43993406	44103762	110.356	4	AX-675593274	44043406	1	MLM	4.90760523980528	TMOL_5.385.1, TMOL_5.386.1, TMOL_5.387.1, TMOL_5.390.1, TMOL_5.391.1	-, -, -, -, -	Zinc finger protein 227-like Protein, Zinc finger protein 26-like Protein, Zinc finger protein 227-like Protein, Zinc finger protein 227-like Protein, Proteasome assembly chaperone 2	IPR012934 (Zinc-finger associated domain (zf-AD)); IPR013087 (Zinc finger / C2H2 type); IPR036236, IPR012934 (Zinc-finger associated domain (zf-AD)); IPR013087 (Zinc finger / C2H2 type); IPR036236, IPR012934 (Zinc-finger associated domain (zf-AD)); IPR013087 (Zinc finger / C2H2 type); IPR036236, IPR012934 (Zinc-finger associated domain (zf-AD)); IPR013087 (Zinc finger / C2H2 type); IPR036236, IPR019151 (PAC2 family); IPR016562; IPR038389	1	44003101	44013100	44003101	44013100	10000
pi	0.05	5%	EHR_i_QTL_chr2_1	EHR	Reproduction	2	4654718	4754718	100.0	1	AX-678620931	4704718	1	ssGBLUP	5.6313469161	TMOL_2.592.1, TMOL_2.594.1	-, FI02021p	AAA-ATPase-like domain-containing protein, DUF4802 domain-containing protein	IPR018631 (Predicted AAA-ATPase), IPR032061 (Domain of unknown function (DUF4802))	2	4680001	4700000	4680001	4700000	20000
pi	0.05	5%	EHR_i_QTL_chr5_5	EHR	Reproduction	5	16949508	17300826	351.318	69	AX-676384541	17090384	3	BLINK, FarmCPU, MLM	15.4615542263502	TMOL_1.1415.1, TMOL_1.1416.1, TMOL_1.1419.1, TMOL_1.1430.1, TMOL_1.1431.1, TMOL_1.1433.1, TMOL_1.1435.1, TMOL_1.1441.1	Probable nuclear hormone receptor HR38, LD22662p, Polypeptide N-acetylgalactosaminyltransferase 35A, EF-hand domain containing 1.2, Protein ELYS homolog, Gustatory receptor for sugar taste 64f, Gustatory receptor for sugar taste 64f, RE30129p	Putative nuclear hormone receptor HR38-like Protein, 5'-AMP-activated protein kinase subunit gamma-2-like Protein, Polypeptide N-acetylgalactosaminyltransferase, EF-hand domain-containing protein 1-like Protein, Protein ELYS, Gustatory receptor, Gustatory receptor, Ras-like protein 3	IPR003070 (Orphan nuclear receptor (4A nuclear receptor) family signature); IPR001628 (Zinc finger / C4 type (two domains)); IPR000536 (Ligand-binding domain of nuclear hormone receptor); IPR001723 (Steroid hormone receptor signature); IPR035500, IPR000644 (CBS domain); IPR046342, IPR045885 (pp-GalNAc-T); IPR001173 (Glycosyl transferase family 2); IPR000772 (Ricin-type beta-trefoil lectin domain); IPR029044; IPR035992, IPR006602 (DM10 domain); IPR040193, IPR032040 (beta-propeller of ELYS nucleoporin); IPR025151 (Nuclear pore complex assembly), IPR009318 (Trehalose receptor), IPR009318 (Trehalose receptor), IPR001806 (Ras family); IPR005225 (small_GTP: small GTP-binding protein domain); IPR027417	5	17030001	17040000	17030001	17040000	10000
pi	0.05	5%	EHR_i_QTL_chr5_5	EHR	Reproduction	5	16949508	17300826	351.318	69	AX-676384541	17090384	3	BLINK, FarmCPU, MLM	15.4615542263502	TMOL_1.1415.1, TMOL_1.1416.1, TMOL_1.1419.1, TMOL_1.1430.1, TMOL_1.1431.1, TMOL_1.1433.1, TMOL_1.1435.1, TMOL_1.1441.1	Probable nuclear hormone receptor HR38, LD22662p, Polypeptide N-acetylgalactosaminyltransferase 35A, EF-hand domain containing 1.2, Protein ELYS homolog, Gustatory receptor for sugar taste 64f, Gustatory receptor for sugar taste 64f, RE30129p	Putative nuclear hormone receptor HR38-like Protein, 5'-AMP-activated protein kinase subunit gamma-2-like Protein, Polypeptide N-acetylgalactosaminyltransferase, EF-hand domain-containing protein 1-like Protein, Protein ELYS, Gustatory receptor, Gustatory receptor, Ras-like protein 3	IPR003070 (Orphan nuclear receptor (4A nuclear receptor) family signature); IPR001628 (Zinc finger / C4 type (two domains)); IPR000536 (Ligand-binding domain of nuclear hormone receptor); IPR001723 (Steroid hormone receptor signature); IPR035500, IPR000644 (CBS domain); IPR046342, IPR045885 (pp-GalNAc-T); IPR001173 (Glycosyl transferase family 2); IPR000772 (Ricin-type beta-trefoil lectin domain); IPR029044; IPR035992, IPR006602 (DM10 domain); IPR040193, IPR032040 (beta-propeller of ELYS nucleoporin); IPR025151 (Nuclear pore complex assembly), IPR009318 (Trehalose receptor), IPR009318 (Trehalose receptor), IPR001806 (Ras family); IPR005225 (small_GTP: small GTP-binding protein domain); IPR027417	5	17270001	17290000	17270001	17290000	20000
pi	0.05	5%	EHR_i_QTL_chr5_6	EHR	Reproduction	5	18093401	18193401	100.0	1	AX-675835745	18143401	1	MLM	5.07283191108094	TMOL_1.1522.1	MYND-type zinc finger-containing chromatin reader Zmynd8	Zinc finger MYND domain-containing protein 11-like Protein	IPR047268 (PWWP_BS69); IPR000313 (PWWP domain); IPR001487 (Bromodomain); IPR002893 (Zinc finger MYND-type profile.); IPR047269	5	18090001	18100000	18093401	18100000	6600
pi	0.05	5%	EHR_i_QTL_chr5_6	EHR	Reproduction	5	18093401	18193401	100.0	1	AX-675835745	18143401	1	MLM	5.07283191108094	TMOL_1.1522.1	MYND-type zinc finger-containing chromatin reader Zmynd8	Zinc finger MYND domain-containing protein 11-like Protein	IPR047268 (PWWP_BS69); IPR000313 (PWWP domain); IPR001487 (Bromodomain); IPR002893 (Zinc finger MYND-type profile.); IPR047269	5	18170001	18200000	18170001	18193401	23401
pi	0.05	5%	EHR_i_QTL_chr5_7	EHR	Reproduction	5	19509693	19612980	103.287	3	AX-678172354	19562980	1	MLM	6.13933838105296	TMOL_1.1680.1	Uncharacterized protein, isoform E	PH domain-containing protein	IPR001849 (PH domain); IPR037370; IPR011993	5	19590001	19600000	19590001	19600000	10000
pi	0.05	5%	EHR_i_QTL_chr5_7	EHR	Reproduction	5	19509693	19612980	103.287	3	AX-678172354	19562980	1	MLM	6.13933838105296	TMOL_1.1680.1	Uncharacterized protein, isoform E	PH domain-containing protein	IPR001849 (PH domain); IPR037370; IPR011993	5	19610001	19640000	19610001	19612980	2980
pi	0.05	5%	EHR_i_QTL_chr5_8	EHR	Reproduction	5	20926908	21030587	103.679	4	AX-674703188	20976908	1	MLM	4.88644460306212	TMOL_1.1817.1	Uncharacterized protein, isoform E	Cyclic nucleotide-gated cation channel subunit A-like Protein	IPR000595 (CAP_ED); IPR005821 (Ion transport protein); IPR018488 (Cyclic nucleotide-binding domain signature 1.); IPR018490; IPR014710	5	20950001	20980000	20950001	20980000	30000
pi	0.05	5%	EHR_i_QTL_chr5_9	EHR	Reproduction	5	21563301	21867062	303.761	25	AX-676901494	21684902	2	MLM, MLMM	7.52270547683992	TMOL_1.1880.1, TMOL_1.1881.1, TMOL_1.1882.1, TMOL_1.1891.1, TMOL_1.1893.1, TMOL_1.1896.1	T-box protein H15, RE08173p, RE08173p, RE22905p, Smog, isoform D, Homeotic protein spalt-major	T-box protein H15-like Protein, Annulin-like Protein, Hemocyte protein-glutamine gamma-glutamyltransferase-like Protein, ZP domain-containing protein, Putative G-protein coupled receptor CG31760-like Protein, Spalt	IPR046360 (T-box); IPR018186 (T-box domain signature 1.); IPR001699; IPR036960; IPR008967, IPR001102 (Transglutaminase family); IPR002931 (Transglutaminase-like superfamily); IPR008958 (Transglutaminase family / C-terminal ig like domain); IPR023608; IPR036985, IPR001102 (Transglutaminase family); IPR002931 (Transglutaminase-like superfamily); IPR008958 (Transglutaminase family / C-terminal ig like domain); IPR013808 (Transglutaminases active site.); IPR023608, IPR003961 (FN3); IPR013783, IPR017978 (7 transmembrane sweet-taste receptor of 3 GCPR); IPR043458, IPR013087 (Zinc finger / C2H2 type); IPR036236	5	21580001	21590000	21580001	21590000	10000
pi	0.05	5%	EHR_i_QTL_chr5_10	EHR	Reproduction	5	22700206	22806536	106.33	3	AX-673840464	22750206	1	MLM	4.90554153255756	TMOL_1.1974.1	MOXD1 homolog 2	MOXD1 homolog 2-like Protein	IPR045266 (DOMON_DOH); IPR024548 (Copper type II ascorbate-dependent monooxygenase / C-terminal domain); IPR000323 (Copper type II ascorbate-dependent monooxygenase / N-terminal domain); IPR028460 (Dopamine-beta-monooxygenase signature); IPR005018 (DOMON domain profile.)	5	22740001	22750000	22740001	22750000	10000
pi	0.05	5%	EHR_i_QTL_chr7_1	EHR	Reproduction	7	9111374	9211406	100.032	2	AX-675217567	9161406	1	FarmCPU	9.31283446531484	TMOL_1.3145.1	Protein couch potato	Protein couch potato-like Protein	IPR034788 (RRM_cpo); IPR000504 (RNA recognition motif. (a.k.a. RRM / RBD / or RNP domain)); IPR012677; IPR035979	7	9140001	9150000	9140001	9150000	10000
pi	0.05	5%	IMM21_QTL_chr2_2	IMM21	Growth	2	10892218	10992218	100.0	1	AX-678594415	10942218	1	MLM	7.56459336542455	TMOL_2.1189.1	Uncharacterized protein, isoform B	E3 ubiquitin-protein ligase APD1-4 middle domain-containing protein	IPR032010 (Domain of unknown function (DUF4793)); IPR032008 (Domain of unknown function (DUF4792))	2	10970001	10980000	10970001	10980000	10000
pi	0.05	5%	IMM21_QTL_chr7_2	IMM21	Growth	7	10126097	10226097	100.0	1	AX-678766976	10176097	1	MLM	8.35291540478587	TMOL_1.3218.1	LD27988p	Tyrosine-protein phosphatase non-receptor type 9-like Protein	IPR000242 (Protein-tyrosine phosphatase); IPR001251 (SEC14); IPR000387 (Tyrosine specific protein phosphatases domain profile.); IPR016130 (Tyrosine specific protein phosphatases active site.); IPR029021	7	10150001	10180000	10150001	10180000	30000
pi	0.05	5%	IMM21_QTL_chr7_2	IMM21	Growth	7	10126097	10226097	100.0	1	AX-678766976	10176097	1	MLM	8.35291540478587	TMOL_1.3218.1	LD27988p	Tyrosine-protein phosphatase non-receptor type 9-like Protein	IPR000242 (Protein-tyrosine phosphatase); IPR001251 (SEC14); IPR000387 (Tyrosine specific protein phosphatases domain profile.); IPR016130 (Tyrosine specific protein phosphatases active site.); IPR029021	7	10190001	10200000	10190001	10200000	10000
pi	0.05	5%	IMM35_QTL_chr2_2	IMM35	Growth	2	10892218	10992218	100.0	1	AX-678594415	10942218	1	MLM	8.65280004085695	TMOL_2.1189.1	Uncharacterized protein, isoform B	E3 ubiquitin-protein ligase APD1-4 middle domain-containing protein	IPR032010 (Domain of unknown function (DUF4793)); IPR032008 (Domain of unknown function (DUF4792))	2	10970001	10980000	10970001	10980000	10000
pi	0.05	5%	IMM35_QTL_chr3_1	IMM35	Growth	3	9526410	9626410	100.0	1	AX-673926244	9576410	1	MLM	8.12909042275541	TMOL_6.867.1	Dumpy, isoform Q	Fibrillin-2-like Protein	IPR001881 (Calcium-binding EGF domain); IPR024731 (EGF domain); IPR000742 (EGF-like domain profile.); IPR001507 (ZP domain profile.); IPR000152 (Aspartic acid and asparagine hydroxylation site.)	3	9570001	9580000	9570001	9580000	10000
pi	0.05	5%	IMM35_QTL_chr5_3	IMM35	Growth	5	9811791	9911791	100.0	1	AX-673607926	9861791	1	MLM	11.0743755527192	TMOL_1.758.1	Dipeptidase	Dipeptidase	IPR008257 (rDP_like); IPR000180 (Renal dipeptidase active site.); IPR032466	5	9840001	9850000	9840001	9850000	10000
pi	0.05	5%	IMM35_QTL_chr5_6	IMM35	Growth	5	19358324	19472447	114.123	2	AX-674961783	19422447	1	BLINK	8.88386124086375	TMOL_1.1662.1	-	Serine protease P146	IPR001254 (Tryp_SPc); IPR002172 (Low density lipoprotein (LDL) receptor signature); IPR017448 (Scavenger receptor cysteine-rich domain); IPR000082 (SEA domain); IPR001190 (SRCR domain profile.)	5	19410001	19420000	19410001	19420000	10000
pi	0.05	5%	IMM35_QTL_chr6_1	IMM35	Growth	6	3439181	3539181	100.0	1	AX-674970633	3489181	1	MLM	5.70409558084239	TMOL_4.402.1	Kekkon 5, isoform A	Ig-like domain-containing protein	IPR013098 (Immunoglobulin I-set domain); IPR001611 (Leucine rich repeat); IPR007110 (Ig-like domain profile.); IPR032675; IPR013783	6	3490001	3500000	3490001	3500000	10000
pi	0.05	5%	IMM35_QTL_chr7_5	IMM35	Growth	7	10126097	10226097	100.0	1	AX-678766976	10176097	1	MLM	12.6591285773496	TMOL_1.3218.1	LD27988p	Tyrosine-protein phosphatase non-receptor type 9-like Protein	IPR000242 (Protein-tyrosine phosphatase); IPR001251 (SEC14); IPR000387 (Tyrosine specific protein phosphatases domain profile.); IPR016130 (Tyrosine specific protein phosphatases active site.); IPR029021	7	10150001	10180000	10150001	10180000	30000
pi	0.05	5%	IMM35_QTL_chr7_5	IMM35	Growth	7	10126097	10226097	100.0	1	AX-678766976	10176097	1	MLM	12.6591285773496	TMOL_1.3218.1	LD27988p	Tyrosine-protein phosphatase non-receptor type 9-like Protein	IPR000242 (Protein-tyrosine phosphatase); IPR001251 (SEC14); IPR000387 (Tyrosine specific protein phosphatases domain profile.); IPR016130 (Tyrosine specific protein phosphatases active site.); IPR029021	7	10190001	10200000	10190001	10200000	10000
pi	0.05	5%	IMM49_QTL_chr2_2	IMM49	Growth	2	10892218	10992218	100.0	1	AX-678594415	10942218	1	MLM	6.82474527858156	TMOL_2.1189.1	Uncharacterized protein, isoform B	E3 ubiquitin-protein ligase APD1-4 middle domain-containing protein	IPR032010 (Domain of unknown function (DUF4793)); IPR032008 (Domain of unknown function (DUF4792))	2	10970001	10980000	10970001	10980000	10000
pi	0.05	5%	IMM49_QTL_chr5_3	IMM49	Growth	5	9811791	9911791	100.0	1	AX-673607926	9861791	1	MLM	7.36983438515456	TMOL_1.758.1	Dipeptidase	Dipeptidase	IPR008257 (rDP_like); IPR000180 (Renal dipeptidase active site.); IPR032466	5	9840001	9850000	9840001	9850000	10000
pi	0.05	5%	IMM49_QTL_chr5_6	IMM49	Growth	5	19354685	19472447	117.762	2	AX-674961783	19422447	1	BLINK	8.43403320036376	TMOL_1.1662.1	-	Serine protease P146	IPR001254 (Tryp_SPc); IPR002172 (Low density lipoprotein (LDL) receptor signature); IPR017448 (Scavenger receptor cysteine-rich domain); IPR000082 (SEA domain); IPR001190 (SRCR domain profile.)	5	19410001	19420000	19410001	19420000	10000
pi	0.05	5%	IMM49_QTL_chr7_6	IMM49	Growth	7	10126097	10226097	100.0	1	AX-678766976	10176097	1	MLM	11.0214037925864	TMOL_1.3218.1	LD27988p	Tyrosine-protein phosphatase non-receptor type 9-like Protein	IPR000242 (Protein-tyrosine phosphatase); IPR001251 (SEC14); IPR000387 (Tyrosine specific protein phosphatases domain profile.); IPR016130 (Tyrosine specific protein phosphatases active site.); IPR029021	7	10150001	10180000	10150001	10180000	30000
pi	0.05	5%	IMM49_QTL_chr7_6	IMM49	Growth	7	10126097	10226097	100.0	1	AX-678766976	10176097	1	MLM	11.0214037925864	TMOL_1.3218.1	LD27988p	Tyrosine-protein phosphatase non-receptor type 9-like Protein	IPR000242 (Protein-tyrosine phosphatase); IPR001251 (SEC14); IPR000387 (Tyrosine specific protein phosphatases domain profile.); IPR016130 (Tyrosine specific protein phosphatases active site.); IPR029021	7	10190001	10200000	10190001	10200000	10000
pi	0.05	5%	IMM56_QTL_chr2_2	IMM56	Growth	2	10892218	10992218	100.0	1	AX-678594415	10942218	1	MLM	6.42670406771836	TMOL_2.1189.1	Uncharacterized protein, isoform B	E3 ubiquitin-protein ligase APD1-4 middle domain-containing protein	IPR032010 (Domain of unknown function (DUF4793)); IPR032008 (Domain of unknown function (DUF4792))	2	10970001	10980000	10970001	10980000	10000
pi	0.05	5%	IMM56_QTL_chr5_3	IMM56	Growth	5	9811791	9911791	100.0	1	AX-673607926	9861791	1	MLM	6.22731617839673	TMOL_1.758.1	Dipeptidase	Dipeptidase	IPR008257 (rDP_like); IPR000180 (Renal dipeptidase active site.); IPR032466	5	9840001	9850000	9840001	9850000	10000
pi	0.05	5%	IMM56_QTL_chr7_4	IMM56	Growth	7	10126097	10226097	100.0	1	AX-678766976	10176097	1	MLM	9.22773279553931	TMOL_1.3218.1	LD27988p	Tyrosine-protein phosphatase non-receptor type 9-like Protein	IPR000242 (Protein-tyrosine phosphatase); IPR001251 (SEC14); IPR000387 (Tyrosine specific protein phosphatases domain profile.); IPR016130 (Tyrosine specific protein phosphatases active site.); IPR029021	7	10150001	10180000	10150001	10180000	30000
pi	0.05	5%	IMM56_QTL_chr7_4	IMM56	Growth	7	10126097	10226097	100.0	1	AX-678766976	10176097	1	MLM	9.22773279553931	TMOL_1.3218.1	LD27988p	Tyrosine-protein phosphatase non-receptor type 9-like Protein	IPR000242 (Protein-tyrosine phosphatase); IPR001251 (SEC14); IPR000387 (Tyrosine specific protein phosphatases domain profile.); IPR016130 (Tyrosine specific protein phosphatases active site.); IPR029021	7	10190001	10200000	10190001	10200000	10000
pi	0.05	5%	IMM63_QTL_chr7_1	IMM63	Growth	7	10126097	10226097	100.0	1	AX-678766976	10176097	1	MLM	6.96737434712476	TMOL_1.3218.1	LD27988p	Tyrosine-protein phosphatase non-receptor type 9-like Protein	IPR000242 (Protein-tyrosine phosphatase); IPR001251 (SEC14); IPR000387 (Tyrosine specific protein phosphatases domain profile.); IPR016130 (Tyrosine specific protein phosphatases active site.); IPR029021	7	10150001	10180000	10150001	10180000	30000
pi	0.05	5%	IMM63_QTL_chr7_1	IMM63	Growth	7	10126097	10226097	100.0	1	AX-678766976	10176097	1	MLM	6.96737434712476	TMOL_1.3218.1	LD27988p	Tyrosine-protein phosphatase non-receptor type 9-like Protein	IPR000242 (Protein-tyrosine phosphatase); IPR001251 (SEC14); IPR000387 (Tyrosine specific protein phosphatases domain profile.); IPR016130 (Tyrosine specific protein phosphatases active site.); IPR029021	7	10190001	10200000	10190001	10200000	10000
pi	0.05	5%	IMM63_QTL_chr7_2	IMM63	Growth	7	11190755	11290766	100.011	2	AX-675650783	11240766	1	BLINK	7.5438171636585	TMOL_1.3369.1	Cytochrome P450 4c3	Cytochrome P450-like protein	IPR001128 (Cytochrome P450); IPR002401 (E-class P450 group I signature); IPR017972 (Cytochrome P450 cysteine heme-iron ligand signature.); IPR036396	7	11190001	11200000	11190755	11200000	9246
pi	0.05	5%	PW_QTL_chr3_3	PW	Growth	3	15879019	16028680	149.661	2	AX-673647911	15929019	1	FarmCPU	14.0898590384082	TMOL_6.1334.1	Ecdysone receptor	Ecdysone receptor	IPR041889 (NR_LBD_EcR); IPR003069 (Ecdysteroid receptor (1H nuclear receptor) signature); IPR001628 (Zinc finger / C4 type (two domains)); IPR000536 (Ligand-binding domain of nuclear hormone receptor); IPR001723 (Steroid hormone receptor signature)	3	15880001	15890000	15880001	15890000	10000
pi	0.05	5%	PW_QTL_chr3_3	PW	Growth	3	15879019	16028680	149.661	2	AX-673647911	15929019	1	FarmCPU	14.0898590384082	TMOL_6.1334.1	Ecdysone receptor	Ecdysone receptor	IPR041889 (NR_LBD_EcR); IPR003069 (Ecdysteroid receptor (1H nuclear receptor) signature); IPR001628 (Zinc finger / C4 type (two domains)); IPR000536 (Ligand-binding domain of nuclear hormone receptor); IPR001723 (Steroid hormone receptor signature)	3	15920001	15930000	15920001	15930000	10000
pi	0.05	5%	PW_QTL_chr3_3	PW	Growth	3	15879019	16028680	149.661	2	AX-673647911	15929019	1	FarmCPU	14.0898590384082	TMOL_6.1334.1	Ecdysone receptor	Ecdysone receptor	IPR041889 (NR_LBD_EcR); IPR003069 (Ecdysteroid receptor (1H nuclear receptor) signature); IPR001628 (Zinc finger / C4 type (two domains)); IPR000536 (Ligand-binding domain of nuclear hormone receptor); IPR001723 (Steroid hormone receptor signature)	3	15940001	15960000	15940001	15960000	20000
pi	0.05	5%	PW_QTL_chr7_1	PW	Growth	7	351021	455468	104.447	2	AX-675086483	401021	1	ssGBLUP	8.3629340844	TMOL_1.2332.1	-	JmjC domain-containing protein	-	7	390001	400000	390001	400000	10000
pi	0.05	5%	PW_QTL_chr7_2	PW	Growth	7	3774918	3874918	100.0	1	AX-678738422	3824918	1	FarmCPU	6.5236129821337	TMOL_1.2642.1	Tomosyn, isoform C	Lethal(2) giant larvae protein-like Protein	IPR013577 (LLGL2); IPR000664 (Lethal(2) giant larvae protein signature); IPR042855 (v-SNARE coiled-coil homology domain profile.); IPR036322; IPR015943	7	3770001	3780000	3774918	3780000	5083
pi	0.05	5%	TELC_i_QTL_chr2_2	TELC	Reproduction	2	23779832	23918844	139.012	2	AX-677790294	23868844	1	FarmCPU	9.93236730605489	TMOL_2.2114.1	Patj homolog	PDZ domain-containing protein	IPR001478 (PDZ domain); IPR036034	2	23780001	23790000	23780001	23790000	10000
pi	0.01	1%	AW_QTL_chr2_10	AW	Growth	2	20182528	20445646	263.118	19	AX-674335665	20395646	1	FarmCPU	17.8163978152269	TMOL_2.1894.1	Sidestep VI, isoform B	Nephrin-like Protein	IPR013162 (CD80-like C2-set immunoglobulin domain); IPR003961 (FN3); IPR007110 (Ig-like domain profile.); IPR013783; IPR036179	2	20270001	20280000	20270001	20280000	10000
pi	0.01	1%	AW_QTL_chr3_3	AW	Growth	3	15887471	16028680	141.209	2	AX-674262748	15978680	2	BLINK, FarmCPU	15.0920304634003	TMOL_6.1334.1	Ecdysone receptor	Ecdysone receptor	IPR041889 (NR_LBD_EcR); IPR003069 (Ecdysteroid receptor (1H nuclear receptor) signature); IPR001628 (Zinc finger / C4 type (two domains)); IPR000536 (Ligand-binding domain of nuclear hormone receptor); IPR001723 (Steroid hormone receptor signature)	3	15970001	15980000	15970001	15980000	10000
pi	0.01	1%	DELR5_i_QTL_chr2_2	DELR5	Reproduction	2	21827685	21927685	100.0	1	AX-676798775	21877685	1	FarmCPU	7.34438973458627	TMOL_2.1969.1	LD33689p	Uncharacterized protein	IPR019144 (Tumour-associated protein)	2	21820001	21830000	21827685	21830000	2316
pi	0.01	1%	DTEP_cat_QTL_chr2_5	DTEP categorical	Development	2	10892218	10992218	100.0	1	AX-678594415	10942218	2	MLM, ssGBLUP	11.8833934975	TMOL_2.1189.1	Uncharacterized protein, isoform B	E3 ubiquitin-protein ligase APD1-4 middle domain-containing protein	IPR032010 (Domain of unknown function (DUF4793)); IPR032008 (Domain of unknown function (DUF4792))	2	10890001	10900000	10892218	10900000	7783
pi	0.01	1%	DTEP_cat_QTL_chr2_10	DTEP categorical	Development	2	20220626	20320626	100.0	1	AX-677363203	20270626	1	MLM	4.71665318441724	TMOL_2.1894.1	Sidestep VI, isoform B	Nephrin-like Protein	IPR013162 (CD80-like C2-set immunoglobulin domain); IPR003961 (FN3); IPR007110 (Ig-like domain profile.); IPR013783; IPR036179	2	20270001	20280000	20270001	20280000	10000
pi	0.01	1%	DTEP_cat_QTL_chr5_2	DTEP categorical	Development	5	1949599	2049599	100.0	1	AX-674125610	1999599	1	ssGBLUP	6.1192076703	TMOL_1.98.1	LD11652p	LIM domain transcription factor LMO4-like Protein	IPR001781 (LIM domain)	5	1990001	2000000	1990001	2000000	10000
pi	0.01	1%	DTEP_cat_QTL_chr5_2	DTEP categorical	Development	5	1949599	2049599	100.0	1	AX-674125610	1999599	1	ssGBLUP	6.1192076703	TMOL_1.98.1	LD11652p	LIM domain transcription factor LMO4-like Protein	IPR001781 (LIM domain)	5	2020001	2030000	2020001	2030000	10000
pi	0.01	1%	DTEP_cat_QTL_chr7_11	DTEP categorical	Development	7	10126097	10226097	100.0	1	AX-678766976	10176097	2	MLM, ssGBLUP	11.3434976128	TMOL_1.3218.1	LD27988p	Tyrosine-protein phosphatase non-receptor type 9-like Protein	IPR000242 (Protein-tyrosine phosphatase); IPR001251 (SEC14); IPR000387 (Tyrosine specific protein phosphatases domain profile.); IPR016130 (Tyrosine specific protein phosphatases active site.); IPR029021	7	10180001	10190000	10180001	10190000	10000
pi	0.01	1%	DTEP_cat_QTL_chr7_15	DTEP categorical	Development	7	12004108	12104108	100.0	1	AX-674826094	12054108	1	BLINK	4.29102057691692	TMOL_1.3455.1	Protein groucho	Protein groucho-like Protein	IPR005617 (Groucho/TLE N-terminal Q-rich domain); IPR009146 (Groucho/transducin-like enhancer protein signature); IPR001680 (WD domain / G-beta repeat); IPR019775 (Trp-Asp (WD) repeats signature.); IPR015943	7	12020001	12030000	12020001	12030000	10000
pi	0.01	1%	DTEP_cat_QTL_chr7_15	DTEP categorical	Development	7	12004108	12104108	100.0	1	AX-674826094	12054108	1	BLINK	4.29102057691692	TMOL_1.3455.1	Protein groucho	Protein groucho-like Protein	IPR005617 (Groucho/TLE N-terminal Q-rich domain); IPR009146 (Groucho/transducin-like enhancer protein signature); IPR001680 (WD domain / G-beta repeat); IPR019775 (Trp-Asp (WD) repeats signature.); IPR015943	7	12060001	12070000	12060001	12070000	10000
pi	0.01	1%	EHR_i_QTL_chr3_1	EHR	Reproduction	3	883565	983565	100.0	1	AX-677404387	933565	1	BLINK	5.92586111369912	TMOL_6.138.1	Octopamine receptor beta-2R	CG6989-like octopamine receptor	IPR000276 (7 transmembrane receptor (rhodopsin family)); IPR017452 (G-protein coupled receptors family 1 profile.)	3	940001	950000	940001	950000	10000
pi	0.01	1%	EHR_i_QTL_chr5_6	EHR	Reproduction	5	18093401	18193401	100.0	1	AX-675835745	18143401	1	MLM	5.07283191108094	TMOL_1.1522.1	MYND-type zinc finger-containing chromatin reader Zmynd8	Zinc finger MYND domain-containing protein 11-like Protein	IPR047268 (PWWP_BS69); IPR000313 (PWWP domain); IPR001487 (Bromodomain); IPR002893 (Zinc finger MYND-type profile.); IPR047269	5	18140001	18150000	18140001	18150000	10000
pi	0.01	1%	IMM21_QTL_chr2_2	IMM21	Growth	2	10892218	10992218	100.0	1	AX-678594415	10942218	1	MLM	7.56459336542455	TMOL_2.1189.1	Uncharacterized protein, isoform B	E3 ubiquitin-protein ligase APD1-4 middle domain-containing protein	IPR032010 (Domain of unknown function (DUF4793)); IPR032008 (Domain of unknown function (DUF4792))	2	10890001	10900000	10892218	10900000	7783
pi	0.01	1%	IMM21_QTL_chr7_2	IMM21	Growth	7	10126097	10226097	100.0	1	AX-678766976	10176097	1	MLM	8.35291540478587	TMOL_1.3218.1	LD27988p	Tyrosine-protein phosphatase non-receptor type 9-like Protein	IPR000242 (Protein-tyrosine phosphatase); IPR001251 (SEC14); IPR000387 (Tyrosine specific protein phosphatases domain profile.); IPR016130 (Tyrosine specific protein phosphatases active site.); IPR029021	7	10180001	10190000	10180001	10190000	10000
pi	0.01	1%	IMM35_QTL_chr2_2	IMM35	Growth	2	10892218	10992218	100.0	1	AX-678594415	10942218	1	MLM	8.65280004085695	TMOL_2.1189.1	Uncharacterized protein, isoform B	E3 ubiquitin-protein ligase APD1-4 middle domain-containing protein	IPR032010 (Domain of unknown function (DUF4793)); IPR032008 (Domain of unknown function (DUF4792))	2	10890001	10900000	10892218	10900000	7783
pi	0.01	1%	IMM35_QTL_chr7_5	IMM35	Growth	7	10126097	10226097	100.0	1	AX-678766976	10176097	1	MLM	12.6591285773496	TMOL_1.3218.1	LD27988p	Tyrosine-protein phosphatase non-receptor type 9-like Protein	IPR000242 (Protein-tyrosine phosphatase); IPR001251 (SEC14); IPR000387 (Tyrosine specific protein phosphatases domain profile.); IPR016130 (Tyrosine specific protein phosphatases active site.); IPR029021	7	10180001	10190000	10180001	10190000	10000
pi	0.01	1%	IMM49_QTL_chr2_2	IMM49	Growth	2	10892218	10992218	100.0	1	AX-678594415	10942218	1	MLM	6.82474527858156	TMOL_2.1189.1	Uncharacterized protein, isoform B	E3 ubiquitin-protein ligase APD1-4 middle domain-containing protein	IPR032010 (Domain of unknown function (DUF4793)); IPR032008 (Domain of unknown function (DUF4792))	2	10890001	10900000	10892218	10900000	7783
pi	0.01	1%	IMM49_QTL_chr7_6	IMM49	Growth	7	10126097	10226097	100.0	1	AX-678766976	10176097	1	MLM	11.0214037925864	TMOL_1.3218.1	LD27988p	Tyrosine-protein phosphatase non-receptor type 9-like Protein	IPR000242 (Protein-tyrosine phosphatase); IPR001251 (SEC14); IPR000387 (Tyrosine specific protein phosphatases domain profile.); IPR016130 (Tyrosine specific protein phosphatases active site.); IPR029021	7	10180001	10190000	10180001	10190000	10000
pi	0.01	1%	IMM56_QTL_chr2_2	IMM56	Growth	2	10892218	10992218	100.0	1	AX-678594415	10942218	1	MLM	6.42670406771836	TMOL_2.1189.1	Uncharacterized protein, isoform B	E3 ubiquitin-protein ligase APD1-4 middle domain-containing protein	IPR032010 (Domain of unknown function (DUF4793)); IPR032008 (Domain of unknown function (DUF4792))	2	10890001	10900000	10892218	10900000	7783
pi	0.01	1%	IMM56_QTL_chr7_4	IMM56	Growth	7	10126097	10226097	100.0	1	AX-678766976	10176097	1	MLM	9.22773279553931	TMOL_1.3218.1	LD27988p	Tyrosine-protein phosphatase non-receptor type 9-like Protein	IPR000242 (Protein-tyrosine phosphatase); IPR001251 (SEC14); IPR000387 (Tyrosine specific protein phosphatases domain profile.); IPR016130 (Tyrosine specific protein phosphatases active site.); IPR029021	7	10180001	10190000	10180001	10190000	10000
pi	0.01	1%	IMM63_QTL_chr7_1	IMM63	Growth	7	10126097	10226097	100.0	1	AX-678766976	10176097	1	MLM	6.96737434712476	TMOL_1.3218.1	LD27988p	Tyrosine-protein phosphatase non-receptor type 9-like Protein	IPR000242 (Protein-tyrosine phosphatase); IPR001251 (SEC14); IPR000387 (Tyrosine specific protein phosphatases domain profile.); IPR016130 (Tyrosine specific protein phosphatases active site.); IPR029021	7	10180001	10190000	10180001	10190000	10000
pi	0.01	1%	PW_QTL_chr3_3	PW	Growth	3	15879019	16028680	149.661	2	AX-673647911	15929019	1	FarmCPU	14.0898590384082	TMOL_6.1334.1	Ecdysone receptor	Ecdysone receptor	IPR041889 (NR_LBD_EcR); IPR003069 (Ecdysteroid receptor (1H nuclear receptor) signature); IPR001628 (Zinc finger / C4 type (two domains)); IPR000536 (Ligand-binding domain of nuclear hormone receptor); IPR001723 (Steroid hormone receptor signature)	3	15970001	15980000	15970001	15980000	10000
fDM	0.1	10%	AW_QTL_chr1_4	AW	Growth	1	23196794	23296794	100.0	1	AX-673700059	23246794	1	BLINK	7.49413416291756	TMOL_3.154.1	CG13189 protein	Zinc transporter ZIP11-like Protein	IPR003689 (ZIP Zinc transporter)	1	23220238	23420238	23220238	23296794	76557
fDM	0.1	10%	DELR5_i_QTL_chr3_1	DELR5	Reproduction	3	10412960	10512960	100.0	1	AX-675686461	10462960	1	FarmCPU	6.14450574383472	TMOL_6.923.1, TMOL_6.924.1	Uncharacterized protein, isoform A, CTD nuclear envelope phosphatase 1 homolog	Serine protease H130, Uncharacterized protein	IPR001254 (Tryp_SPc); IPR001314 (Chymotrypsin serine protease family (S1) signature); IPR018114 (Serine proteases / trypsin family / histidine active site.); IPR009003; IPR043504, IPR011948 (HIF-SF_euk: dullard-like phosphatase domain); IPR004274 (NLI interacting factor-like phosphatase); IPR023214; IPR036412	3	10315254	10415254	10412960	10415254	2295
fDM	0.1	10%	DTEP_cat_QTL_chr10_2	DTEP categorical	Development	10	10514953	10614953	100.0	1	AX-675544533	10564953	2	MLM, ssGBLUP	7.9882902835	Intergenic	-	-	-	10	10586996	10986996	10586996	10614953	27958
fDM	0.1	10%	DTEP_cat_QTL_chr2_7	DTEP categorical	Development	2	15826471	16114217	287.746	158	AX-677863924	15964266	2	BLINK, MLM	13.366100292886	TMOL_2.1503.1, TMOL_2.1504.1, TMOL_2.1505.1, TMOL_2.1507.1, TMOL_2.1509.1, TMOL_2.1510.1, TMOL_2.1511.1, TMOL_2.1512.1, TMOL_2.1513.1, TMOL_2.1515.1, TMOL_2.1517.1, TMOL_2.1519.1, TMOL_2.1520.1	Dynactin subunit 6, Uncharacterized protein, isoform B, LIM and SH3 domain protein Lasp, Probable 3-hydroxyisobutyrate dehydrogenase, mitochondrial, -, -, -, Stall, isoform C, -, -, -, Protein lethal(2)essential for life, High affinity cAMP-specific and IBMX-insensitive 3',5'-cyclic phosphodiesterase 8	Dynactin subunit 6, Protein prune homolog 2-like Protein, LIM and SH3 domain protein Lasp-like Protein, 3-hydroxyisobutyrate dehydrogenase, Coiled-coil domain-containing protein 13-like Protein, Uncharacterized protein, -, A disintegrin and metalloproteinase with thrombospondin motifs 16-like Protein, Uncharacterized protein, -, HAUS augmin-like complex subunit 3 N-terminal domain-containing protein, Protein lethal(2)essential for life-like Protein, Phosphodiesterase	IPR027777; IPR011004, IPR001251 (Divergent CRAL/TRIO domain); IPR019273 (Predicted integral membrane zinc-ribbon metal-binding protein); IPR022181 (Bcl2-/adenovirus E1B nineteen kDa-interacting protein 2); IPR036865, IPR001452 (Variant SH3 domain); IPR001781 (LIM domain); IPR000900 (Nebulin repeat); IPR036028, IPR011548 (HIBADH: 3-hydroxyisobutyrate dehydrogenase); IPR006115 (NAD binding domain of 6-phosphogluconate dehydrogenase); IPR029154 (NAD-binding of NADP-dependent 3-hydroxyisobutyrate dehydrogenase); IPR015815; IPR013328, IPR038929, -, -, IPR001590 (Reprolysin (M12B) family zinc metalloprotease); IPR041645 (ADAMTS cysteine-rich domain 2); IPR002870 (Reprolysin family propeptide); IPR000884 (Thrombospondin type-1 (TSP1) repeat profile.); IPR024079, IPR027902 (Domain of unknown function (DUF4487)), -, -, IPR001436 (Alpha crystallin signature); IPR002068 (Hsp20/alpha crystallin family); IPR008978, IPR002073 (3'5'-cyclic nucleotide phosphodiesterase); IPR023088 (3'5'-cyclic nucleotide phosphodiesterase signature); IPR003607 (HDc); IPR013767 (PAS fold); IPR000014 (PAS)	2	15781045	15881045	15826471	15881045	54575
fDM	0.1	10%	DTEP_cat_QTL_chr2_11	DTEP categorical	Development	2	22367524	22481853	114.329	7	AX-673800245	22428441	1	FarmCPU, MLM	5.86070724819109	TMOL_2.2017.1	Protein prickle	Protein prickle-like Protein	IPR033723 (PET_Prickle); IPR033727 (LIM3_Prickle); IPR033725 (LIM1_Prickle); IPR010442 (PET Domain); IPR033726 (LIM2_Prickle)	2	22281045	22381045	22367524	22381045	13522
fDM	0.1	10%	DTEP_cat_QTL_chr3_6	DTEP categorical	Development	3	23608243	23708243	100.0	1	AX-678466448	23658243	1	ssGBLUP	8.58781888	TMOL_9.616.1	Echinoid, isoform A	Uncharacterized protein	IPR013098 (Immunoglobulin I-set domain); IPR003961 (FN3); IPR007110 (Immunoglobulin domain); IPR013106 (Immunoglobulin V-set domain); IPR036179	3	23535837	23685837	23608243	23685837	77595
fDM	0.1	10%	DTEP_cat_QTL_chr4_3	DTEP categorical	Development	4	19159088	19293120	134.032	12	AX-681179368	19242220	2	BLINK, FarmCPU	7.97317016269931	TMOL_13.314.1, TMOL_13.318.1	-, -	-, Nucleoredoxin-like Protein	-, IPR012336 (Thioredoxin-like); IPR013766 (Thioredoxin domain profile.); IPR036249	4	19223973	19373973	19223973	19293120	69148
fDM	0.1	10%	DTEP_cat_QTL_chr5_2	DTEP categorical	Development	5	1949599	2049599	100.0	1	AX-674125610	1999599	1	ssGBLUP	6.1192076703	TMOL_1.98.1	LD11652p	LIM domain transcription factor LMO4-like Protein	IPR001781 (LIM domain)	5	1856682	2006682	1949599	2006682	57084
fDM	0.1	10%	DTEP_cat_QTL_chr6_9	DTEP categorical	Development	6	14381304	14481304	100.0	1	AX-677871265	14431304	1	ssGBLUP	6.7051271113	TMOL_4.1401.1	-	Uncharacterized protein	IPR031720 (Domain of unknown function (DUF4728))	6	14248791	14398791	14381304	14398791	17488
fDM	0.1	10%	DTEP_cat_QTL_chr6_10	DTEP categorical	Development	6	20207769	20307769	100.0	1	AX-677040591	20257769	1	ssGBLUP	7.7770717538	TMOL_4.1916.1	-	SAM domain-containing protein	IPR001660 (SAM domain (Sterile alpha motif)); IPR013761	6	20298791	20398791	20298791	20307769	8979
fDM	0.1	10%	EHR_i_QTL_chr2_1	EHR	Reproduction	2	4654718	4754718	100.0	1	AX-678620931	4704718	1	ssGBLUP	5.6313469161	TMOL_2.592.1, TMOL_2.594.1	-, FI02021p	AAA-ATPase-like domain-containing protein, DUF4802 domain-containing protein	IPR018631 (Predicted AAA-ATPase), IPR032061 (Domain of unknown function (DUF4802))	2	4631045	4781045	4654718	4754718	100001
fDM	0.1	10%	EHR_i_QTL_chr2_2	EHR	Reproduction	2	5649433	5749433	100.0	1	AX-677489171	5699433	1	FarmCPU	5.10883543372816	TMOL_2.706.1	Ran-binding proteins 9/10 homolog	Ran-binding proteins 9/10 homolog-like Protein	IPR035782 (SPRY_RanBP9_10); IPR024964 (CTLH/CRA C-terminal to LisH motif domain); IPR003877 (SPRY domain); IPR006594 (LisH); IPR006595 (C-terminal to LisH (CTLH) motif profile.)	2	5681045	5881045	5681045	5749433	68389
fDM	0.1	10%	EHR_i_QTL_chr5_7	EHR	Reproduction	5	19509693	19612980	103.287	3	AX-678172354	19562980	1	MLM	6.13933838105296	TMOL_1.1680.1	Uncharacterized protein, isoform E	PH domain-containing protein	IPR001849 (PH domain); IPR037370; IPR011993	5	19556682	19806682	19556682	19612980	56299
fDM	0.1	10%	EHR_i_QTL_chr5_8	EHR	Reproduction	5	20926908	21030587	103.679	4	AX-674703188	20976908	1	MLM	4.88644460306212	TMOL_1.1817.1	Uncharacterized protein, isoform E	Cyclic nucleotide-gated cation channel subunit A-like Protein	IPR000595 (CAP_ED); IPR005821 (Ion transport protein); IPR018488 (Cyclic nucleotide-binding domain signature 1.); IPR018490; IPR014710	5	20856682	20956682	20926908	20956682	29775
fDM	0.1	10%	IMM21_QTL_chr10_2	IMM21	Growth	10	10514953	10614953	100.0	1	AX-675544533	10564953	1	MLM	8.16865138848521	Intergenic	-	-	-	10	10586996	10986996	10586996	10614953	27958
fDM	0.1	10%	IMM35_QTL_chr10_2	IMM35	Growth	10	10514953	10614953	100.0	1	AX-675544533	10564953	1	MLM	14.1311675504543	Intergenic	-	-	-	10	10586996	10986996	10586996	10614953	27958
fDM	0.1	10%	IMM35_QTL_chr3_2	IMM35	Growth	3	23608243	23708243	100.0	1	AX-678466448	23658243	1	MLM	7.75631510226889	TMOL_9.616.1	Echinoid, isoform A	Uncharacterized protein	IPR013098 (Immunoglobulin I-set domain); IPR003961 (FN3); IPR007110 (Immunoglobulin domain); IPR013106 (Immunoglobulin V-set domain); IPR036179	3	23535837	23685837	23608243	23685837	77595
fDM	0.1	10%	IMM49_QTL_chr10_2	IMM49	Growth	10	10514953	10614953	100.0	1	AX-675544533	10564953	1	MLM	11.3726207114494	Intergenic	-	-	-	10	10586996	10986996	10586996	10614953	27958
fDM	0.1	10%	IMM49_QTL_chr3_1	IMM49	Growth	3	23608243	23708243	100.0	1	AX-678466448	23658243	1	MLM	6.80445449260505	TMOL_9.616.1	Echinoid, isoform A	Uncharacterized protein	IPR013098 (Immunoglobulin I-set domain); IPR003961 (FN3); IPR007110 (Immunoglobulin domain); IPR013106 (Immunoglobulin V-set domain); IPR036179	3	23535837	23685837	23608243	23685837	77595
fDM	0.1	10%	IMM56_QTL_chr10_2	IMM56	Growth	10	10514953	10614953	100.0	1	AX-675544533	10564953	1	MLM	10.1859405816744	Intergenic	-	-	-	10	10586996	10986996	10586996	10614953	27958
fDM	0.1	10%	IMM56_QTL_chr3_1	IMM56	Growth	3	23608243	23708243	100.0	1	AX-678466448	23658243	1	MLM	6.76693517903217	TMOL_9.616.1	Echinoid, isoform A	Uncharacterized protein	IPR013098 (Immunoglobulin I-set domain); IPR003961 (FN3); IPR007110 (Immunoglobulin domain); IPR013106 (Immunoglobulin V-set domain); IPR036179	3	23535837	23685837	23608243	23685837	77595
fDM	0.1	10%	IMM63_QTL_chr10_2	IMM63	Growth	10	10514953	10614953	100.0	1	AX-675544533	10564953	1	MLM	8.41993490174034	Intergenic	-	-	-	10	10586996	10986996	10586996	10614953	27958
fDM	0.1	10%	PW_QTL_chr1_2	PW	Growth	1	32289888	32391003	101.115	2	AX-675900205	32341003	1	FarmCPU	16.9331918024473	TMOL_5.1023.1	Transducer of ERBB2, isoform A	Protein BTG3-like Protein	IPR002087 (BTG family); IPR033332; IPR036054	1	32362429	32562429	32362429	32391003	28575
fDM	0.05	5%	AW_QTL_chr1_4	AW	Growth	1	23196794	23296794	100.0	1	AX-673700059	23246794	1	BLINK	7.49413416291756	TMOL_3.154.1	CG13189 protein	Zinc transporter ZIP11-like Protein	IPR003689 (ZIP Zinc transporter)	1	23220238	23420238	23220238	23296794	76557
fDM	0.05	5%	DELR5_i_QTL_chr3_1	DELR5	Reproduction	3	10412960	10512960	100.0	1	AX-675686461	10462960	1	FarmCPU	6.14450574383472	TMOL_6.923.1, TMOL_6.924.1	Uncharacterized protein, isoform A, CTD nuclear envelope phosphatase 1 homolog	Serine protease H130, Uncharacterized protein	IPR001254 (Tryp_SPc); IPR001314 (Chymotrypsin serine protease family (S1) signature); IPR018114 (Serine proteases / trypsin family / histidine active site.); IPR009003; IPR043504, IPR011948 (HIF-SF_euk: dullard-like phosphatase domain); IPR004274 (NLI interacting factor-like phosphatase); IPR023214; IPR036412	3	10315254	10415254	10412960	10415254	2295
fDM	0.05	5%	DTEP_cat_QTL_chr2_11	DTEP categorical	Development	2	22367524	22481853	114.329	7	AX-673800245	22428441	1	FarmCPU, MLM	5.86070724819109	TMOL_2.2017.1	Protein prickle	Protein prickle-like Protein	IPR033723 (PET_Prickle); IPR033727 (LIM3_Prickle); IPR033725 (LIM1_Prickle); IPR010442 (PET Domain); IPR033726 (LIM2_Prickle)	2	22281045	22381045	22367524	22381045	13522
fDM	0.05	5%	DTEP_cat_QTL_chr3_6	DTEP categorical	Development	3	23608243	23708243	100.0	1	AX-678466448	23658243	1	ssGBLUP	8.58781888	TMOL_9.616.1	Echinoid, isoform A	Uncharacterized protein	IPR013098 (Immunoglobulin I-set domain); IPR003961 (FN3); IPR007110 (Immunoglobulin domain); IPR013106 (Immunoglobulin V-set domain); IPR036179	3	23535837	23685837	23608243	23685837	77595
fDM	0.05	5%	DTEP_cat_QTL_chr6_10	DTEP categorical	Development	6	20207769	20307769	100.0	1	AX-677040591	20257769	1	ssGBLUP	7.7770717538	TMOL_4.1916.1	-	SAM domain-containing protein	IPR001660 (SAM domain (Sterile alpha motif)); IPR013761	6	20298791	20398791	20298791	20307769	8979
fDM	0.05	5%	EHR_i_QTL_chr5_7	EHR	Reproduction	5	19509693	19612980	103.287	3	AX-678172354	19562980	1	MLM	6.13933838105296	TMOL_1.1680.1	Uncharacterized protein, isoform E	PH domain-containing protein	IPR001849 (PH domain); IPR037370; IPR011993	5	19556682	19756682	19556682	19612980	56299
fDM	0.05	5%	EHR_i_QTL_chr5_8	EHR	Reproduction	5	20926908	21030587	103.679	4	AX-674703188	20976908	1	MLM	4.88644460306212	TMOL_1.1817.1	Uncharacterized protein, isoform E	Cyclic nucleotide-gated cation channel subunit A-like Protein	IPR000595 (CAP_ED); IPR005821 (Ion transport protein); IPR018488 (Cyclic nucleotide-binding domain signature 1.); IPR018490; IPR014710	5	20856682	20956682	20926908	20956682	29775
fDM	0.05	5%	IMM35_QTL_chr3_2	IMM35	Growth	3	23608243	23708243	100.0	1	AX-678466448	23658243	1	MLM	7.75631510226889	TMOL_9.616.1	Echinoid, isoform A	Uncharacterized protein	IPR013098 (Immunoglobulin I-set domain); IPR003961 (FN3); IPR007110 (Immunoglobulin domain); IPR013106 (Immunoglobulin V-set domain); IPR036179	3	23535837	23685837	23608243	23685837	77595
fDM	0.05	5%	IMM49_QTL_chr3_1	IMM49	Growth	3	23608243	23708243	100.0	1	AX-678466448	23658243	1	MLM	6.80445449260505	TMOL_9.616.1	Echinoid, isoform A	Uncharacterized protein	IPR013098 (Immunoglobulin I-set domain); IPR003961 (FN3); IPR007110 (Immunoglobulin domain); IPR013106 (Immunoglobulin V-set domain); IPR036179	3	23535837	23685837	23608243	23685837	77595
fDM	0.05	5%	IMM56_QTL_chr3_1	IMM56	Growth	3	23608243	23708243	100.0	1	AX-678466448	23658243	1	MLM	6.76693517903217	TMOL_9.616.1	Echinoid, isoform A	Uncharacterized protein	IPR013098 (Immunoglobulin I-set domain); IPR003961 (FN3); IPR007110 (Immunoglobulin domain); IPR013106 (Immunoglobulin V-set domain); IPR036179	3	23535837	23685837	23608243	23685837	77595
fDM	0.01	1%	AW_QTL_chr1_4	AW	Growth	1	23196794	23296794	100.0	1	AX-673700059	23246794	1	BLINK	7.49413416291756	TMOL_3.154.1	CG13189 protein	Zinc transporter ZIP11-like Protein	IPR003689 (ZIP Zinc transporter)	1	23270238	23420238	23270238	23296794	26557
fDM	0.01	1%	EHR_i_QTL_chr5_7	EHR	Reproduction	5	19509693	19612980	103.287	3	AX-678172354	19562980	1	MLM	6.13933838105296	TMOL_1.1680.1	Uncharacterized protein, isoform E	PH domain-containing protein	IPR001849 (PH domain); IPR037370; IPR011993	5	19556682	19656682	19556682	19612980	56299
D_pi	0.1	10%	AW_QTL_chr2_11	AW	Growth	2	23814318	23917420	103.102	2	AX-677394445	23864318	1	BLINK	12.5141000310537	TMOL_2.2114.1	Patj homolog	PDZ domain-containing protein	IPR001478 (PDZ domain); IPR036034	2	23825000	23830000	23825000	23830000	5001
D_pi	0.1	10%	AW_QTL_chr3_3	AW	Growth	3	15887471	16028680	141.209	2	AX-674262748	15978680	2	BLINK, FarmCPU	15.0920304634003	TMOL_6.1334.1	Ecdysone receptor	Ecdysone receptor	IPR041889 (NR_LBD_EcR); IPR003069 (Ecdysteroid receptor (1H nuclear receptor) signature); IPR001628 (Zinc finger / C4 type (two domains)); IPR000536 (Ligand-binding domain of nuclear hormone receptor); IPR001723 (Steroid hormone receptor signature)	3	15935000	15940000	15935000	15940000	5001
D_pi	0.1	10%	AW_QTL_chr6_4	AW	Growth	6	9673730	9928702	254.972	5	AX-677206376	9806521	1	FarmCPU	9.91720002132269	Intergenic, TMOL_4.1018.1, TMOL_4.1021.1, TMOL_4.1023.1, TMOL_4.1024.1, TMOL_4.1031.1	-, Spectrin beta chain, Transient receptor potential cation channel protein painless, Uncharacterized protein, isoform A, Gamma-tubulin complex component 2 homolog, ABC transporter expressed in trachea, isoform A	-, Spectrin beta chain, Painless, Uncharacterized protein, Gamma-tubulin complex component, Protein white-like Protein	-, IPR018159 (SPEC); IPR002017 (Spectrin repeat); IPR001715 (Calponin homology (CH) domain); IPR001605 (Spectrin pleckstrin homology domain signature); IPR041681 (Pleckstrin homology domain), IPR005821 (Ion transport protein); IPR002110 (Ankyrin repeat); IPR036770, -, IPR041470 (Gamma tubulin complex component N-terminal); IPR040457 (Gamma tubulin complex component C-terminal); IPR007259; IPR042241, IPR013525 (ABC-2 type transporter); IPR003439 (ABC transporter); IPR043926 (ABC-2 type transporter); IPR017871 (ABC transporters family signature.); IPR027417	6	9685000	9690000	9685000	9690000	5001
D_pi	0.1	10%	DELR4_i_QTL_chr1_1	DELR4	Reproduction	1	43992608	44092608	100.0	1	AX-676338960	44042608	1	FarmCPU	6.72676798906961	TMOL_5.391.1	-	Proteasome assembly chaperone 2	IPR019151 (PAC2 family); IPR016562; IPR038389	1	44003101	44008101	44003101	44008101	5001
D_pi	0.1	10%	DELR5_i_QTL_chr2_2	DELR5	Reproduction	2	21827685	21927685	100.0	1	AX-676798775	21877685	1	FarmCPU	7.34438973458627	TMOL_2.1969.1	LD33689p	Uncharacterized protein	IPR019144 (Tumour-associated protein)	2	21795000	21840000	21827685	21840000	12316
D_pi	0.1	10%	DTEP_cat_QTL_chr2_7	DTEP categorical	Development	2	15826471	16114217	287.746	158	AX-677863924	15964266	2	BLINK, MLM	13.366100292886	TMOL_2.1503.1, TMOL_2.1504.1, TMOL_2.1505.1, TMOL_2.1507.1, TMOL_2.1509.1, TMOL_2.1510.1, TMOL_2.1511.1, TMOL_2.1512.1, TMOL_2.1513.1, TMOL_2.1515.1, TMOL_2.1517.1, TMOL_2.1519.1, TMOL_2.1520.1	Dynactin subunit 6, Uncharacterized protein, isoform B, LIM and SH3 domain protein Lasp, Probable 3-hydroxyisobutyrate dehydrogenase, mitochondrial, -, -, -, Stall, isoform C, -, -, -, Protein lethal(2)essential for life, High affinity cAMP-specific and IBMX-insensitive 3',5'-cyclic phosphodiesterase 8	Dynactin subunit 6, Protein prune homolog 2-like Protein, LIM and SH3 domain protein Lasp-like Protein, 3-hydroxyisobutyrate dehydrogenase, Coiled-coil domain-containing protein 13-like Protein, Uncharacterized protein, -, A disintegrin and metalloproteinase with thrombospondin motifs 16-like Protein, Uncharacterized protein, -, HAUS augmin-like complex subunit 3 N-terminal domain-containing protein, Protein lethal(2)essential for life-like Protein, Phosphodiesterase	IPR027777; IPR011004, IPR001251 (Divergent CRAL/TRIO domain); IPR019273 (Predicted integral membrane zinc-ribbon metal-binding protein); IPR022181 (Bcl2-/adenovirus E1B nineteen kDa-interacting protein 2); IPR036865, IPR001452 (Variant SH3 domain); IPR001781 (LIM domain); IPR000900 (Nebulin repeat); IPR036028, IPR011548 (HIBADH: 3-hydroxyisobutyrate dehydrogenase); IPR006115 (NAD binding domain of 6-phosphogluconate dehydrogenase); IPR029154 (NAD-binding of NADP-dependent 3-hydroxyisobutyrate dehydrogenase); IPR015815; IPR013328, IPR038929, -, -, IPR001590 (Reprolysin (M12B) family zinc metalloprotease); IPR041645 (ADAMTS cysteine-rich domain 2); IPR002870 (Reprolysin family propeptide); IPR000884 (Thrombospondin type-1 (TSP1) repeat profile.); IPR024079, IPR027902 (Domain of unknown function (DUF4487)), -, -, IPR001436 (Alpha crystallin signature); IPR002068 (Hsp20/alpha crystallin family); IPR008978, IPR002073 (3'5'-cyclic nucleotide phosphodiesterase); IPR023088 (3'5'-cyclic nucleotide phosphodiesterase signature); IPR003607 (HDc); IPR013767 (PAS fold); IPR000014 (PAS)	2	16040001	16050000	16040001	16050000	10000
D_pi	0.1	10%	DTEP_cat_QTL_chr2_13	DTEP categorical	Development	2	23674854	23920667	245.813	89	AX-674855278	23803107	2	BLINK, FarmCPU	26.9467569856245	TMOL_2.2110.1, TMOL_2.2111.1, TMOL_2.2112.1, TMOL_2.2113.1, TMOL_2.2114.1, TMOL_2.2115.1	FI07206p, LP13185p, Nuclear pore membrane glycoprotein 210, Tubulin beta-2 chain, Patj homolog, -	Bifunctional polynucleotide phosphatase/kinase-like Protein, Transmembrane protein 68-like Protein, Nuclear pore membrane glycoprotein 210-like Protein, Tubulin beta chain, PDZ domain-containing protein, -	IPR006550 (PNK-3'Pase: polynucleotide kinase 3'-phosphatase); IPR006551 (DNA-3'-Pase: DNA 3'-phosphatase); IPR013954 (Polynucleotide kinase 3 phosphatase); IPR006549 (HAD-SF-IIIA: HAD hydrolase / family IIIA); IPR041388 (FHA domain), IPR002123 (Acyltransferase), IPR045197; IPR008964, IPR002453 (Beta-tubulin signature); IPR000217 (Tubulin signature); IPR003008 (Tubulin/FtsZ family / GTPase domain); IPR018316 (Tubulin C-terminal domain); IPR013838 (Tubulin-beta mRNA autoregulation signal.), IPR001478 (PDZ domain); IPR036034, -	2	23795000	23800000	23795000	23800000	5001
D_pi	0.1	10%	DTEP_cat_QTL_chr2_13	DTEP categorical	Development	2	23674854	23920667	245.813	89	AX-674855278	23803107	2	BLINK, FarmCPU	26.9467569856245	TMOL_2.2110.1, TMOL_2.2111.1, TMOL_2.2112.1, TMOL_2.2113.1, TMOL_2.2114.1, TMOL_2.2115.1	FI07206p, LP13185p, Nuclear pore membrane glycoprotein 210, Tubulin beta-2 chain, Patj homolog, -	Bifunctional polynucleotide phosphatase/kinase-like Protein, Transmembrane protein 68-like Protein, Nuclear pore membrane glycoprotein 210-like Protein, Tubulin beta chain, PDZ domain-containing protein, -	IPR006550 (PNK-3'Pase: polynucleotide kinase 3'-phosphatase); IPR006551 (DNA-3'-Pase: DNA 3'-phosphatase); IPR013954 (Polynucleotide kinase 3 phosphatase); IPR006549 (HAD-SF-IIIA: HAD hydrolase / family IIIA); IPR041388 (FHA domain), IPR002123 (Acyltransferase), IPR045197; IPR008964, IPR002453 (Beta-tubulin signature); IPR000217 (Tubulin signature); IPR003008 (Tubulin/FtsZ family / GTPase domain); IPR018316 (Tubulin C-terminal domain); IPR013838 (Tubulin-beta mRNA autoregulation signal.), IPR001478 (PDZ domain); IPR036034, -	2	23825000	23830000	23825000	23830000	5001
D_pi	0.1	10%	DTEP_cat_QTL_chr3_5	DTEP categorical	Development	3	14664454	14764454	100.0	1	AX-674782874	14714454	1	ssGBLUP	10.9381857754	TMOL_6.1260.1	Bazooka, isoform B	PDZ domain-containing protein	IPR021922 (N-terminal of Par3 and HAL proteins); IPR001478 (PDZ domain); IPR036034	3	14710001	14720000	14710001	14720000	10000
D_pi	0.1	10%	DTEP_cat_QTL_chr5_2	DTEP categorical	Development	5	1949599	2049599	100.0	1	AX-674125610	1999599	1	ssGBLUP	6.1192076703	TMOL_1.98.1	LD11652p	LIM domain transcription factor LMO4-like Protein	IPR001781 (LIM domain)	5	1995000	2004999	1995000	2004999	10000
D_pi	0.1	10%	DTEP_cat_QTL_chr6_5	DTEP categorical	Development	6	9540323	9640323	100.0	1	AX-677814657	9590323	2	BLINK, FarmCPU	6.36110817459257	TMOL_4.1004.1	FI05204p	L-2-hydroxyglutarate dehydrogenase, mitochondrial-like Protein	IPR006076 (FAD dependent oxidoreductase); IPR036188	6	9545000	9550000	9545000	9550000	5001
D_pi	0.1	10%	DTEP_cat_QTL_chr6_10	DTEP categorical	Development	6	20207769	20307769	100.0	1	AX-677040591	20257769	1	ssGBLUP	7.7770717538	TMOL_4.1916.1	-	SAM domain-containing protein	IPR001660 (SAM domain (Sterile alpha motif)); IPR013761	6	20265000	20270000	20265000	20270000	5001
D_pi	0.1	10%	DTEP_cat_QTL_chr7_11	DTEP categorical	Development	7	10126097	10226097	100.0	1	AX-678766976	10176097	2	MLM, ssGBLUP	11.3434976128	TMOL_1.3218.1	LD27988p	Tyrosine-protein phosphatase non-receptor type 9-like Protein	IPR000242 (Protein-tyrosine phosphatase); IPR001251 (SEC14); IPR000387 (Tyrosine specific protein phosphatases domain profile.); IPR016130 (Tyrosine specific protein phosphatases active site.); IPR029021	7	10155000	10164999	10155000	10164999	10000
D_pi	0.1	10%	EHR_i_QTL_chr1_3	EHR	Reproduction	1	43993406	44103762	110.356	4	AX-675593274	44043406	1	MLM	4.90760523980528	TMOL_5.385.1, TMOL_5.386.1, TMOL_5.387.1, TMOL_5.390.1, TMOL_5.391.1	-, -, -, -, -	Zinc finger protein 227-like Protein, Zinc finger protein 26-like Protein, Zinc finger protein 227-like Protein, Zinc finger protein 227-like Protein, Proteasome assembly chaperone 2	IPR012934 (Zinc-finger associated domain (zf-AD)); IPR013087 (Zinc finger / C2H2 type); IPR036236, IPR012934 (Zinc-finger associated domain (zf-AD)); IPR013087 (Zinc finger / C2H2 type); IPR036236, IPR012934 (Zinc-finger associated domain (zf-AD)); IPR013087 (Zinc finger / C2H2 type); IPR036236, IPR012934 (Zinc-finger associated domain (zf-AD)); IPR013087 (Zinc finger / C2H2 type); IPR036236, IPR019151 (PAC2 family); IPR016562; IPR038389	1	44003101	44008101	44003101	44008101	5001
D_pi	0.1	10%	IMM21_QTL_chr7_2	IMM21	Growth	7	10126097	10226097	100.0	1	AX-678766976	10176097	1	MLM	8.35291540478587	TMOL_1.3218.1	LD27988p	Tyrosine-protein phosphatase non-receptor type 9-like Protein	IPR000242 (Protein-tyrosine phosphatase); IPR001251 (SEC14); IPR000387 (Tyrosine specific protein phosphatases domain profile.); IPR016130 (Tyrosine specific protein phosphatases active site.); IPR029021	7	10155000	10164999	10155000	10164999	10000
D_pi	0.1	10%	IMM35_QTL_chr7_5	IMM35	Growth	7	10126097	10226097	100.0	1	AX-678766976	10176097	1	MLM	12.6591285773496	TMOL_1.3218.1	LD27988p	Tyrosine-protein phosphatase non-receptor type 9-like Protein	IPR000242 (Protein-tyrosine phosphatase); IPR001251 (SEC14); IPR000387 (Tyrosine specific protein phosphatases domain profile.); IPR016130 (Tyrosine specific protein phosphatases active site.); IPR029021	7	10155000	10164999	10155000	10164999	10000
D_pi	0.1	10%	IMM49_QTL_chr7_6	IMM49	Growth	7	10126097	10226097	100.0	1	AX-678766976	10176097	1	MLM	11.0214037925864	TMOL_1.3218.1	LD27988p	Tyrosine-protein phosphatase non-receptor type 9-like Protein	IPR000242 (Protein-tyrosine phosphatase); IPR001251 (SEC14); IPR000387 (Tyrosine specific protein phosphatases domain profile.); IPR016130 (Tyrosine specific protein phosphatases active site.); IPR029021	7	10155000	10164999	10155000	10164999	10000
D_pi	0.1	10%	IMM56_QTL_chr7_4	IMM56	Growth	7	10126097	10226097	100.0	1	AX-678766976	10176097	1	MLM	9.22773279553931	TMOL_1.3218.1	LD27988p	Tyrosine-protein phosphatase non-receptor type 9-like Protein	IPR000242 (Protein-tyrosine phosphatase); IPR001251 (SEC14); IPR000387 (Tyrosine specific protein phosphatases domain profile.); IPR016130 (Tyrosine specific protein phosphatases active site.); IPR029021	7	10155000	10164999	10155000	10164999	10000
D_pi	0.1	10%	IMM63_QTL_chr7_1	IMM63	Growth	7	10126097	10226097	100.0	1	AX-678766976	10176097	1	MLM	6.96737434712476	TMOL_1.3218.1	LD27988p	Tyrosine-protein phosphatase non-receptor type 9-like Protein	IPR000242 (Protein-tyrosine phosphatase); IPR001251 (SEC14); IPR000387 (Tyrosine specific protein phosphatases domain profile.); IPR016130 (Tyrosine specific protein phosphatases active site.); IPR029021	7	10155000	10164999	10155000	10164999	10000
D_pi	0.1	10%	PW_QTL_chr3_3	PW	Growth	3	15879019	16028680	149.661	2	AX-673647911	15929019	1	FarmCPU	14.0898590384082	TMOL_6.1334.1	Ecdysone receptor	Ecdysone receptor	IPR041889 (NR_LBD_EcR); IPR003069 (Ecdysteroid receptor (1H nuclear receptor) signature); IPR001628 (Zinc finger / C4 type (two domains)); IPR000536 (Ligand-binding domain of nuclear hormone receptor); IPR001723 (Steroid hormone receptor signature)	3	15935000	15940000	15935000	15940000	5001
D_pi	0.1	10%	TELC_i_QTL_chr2_2	TELC	Reproduction	2	23779832	23918844	139.012	2	AX-677790294	23868844	1	FarmCPU	9.93236730605489	TMOL_2.2114.1	Patj homolog	PDZ domain-containing protein	IPR001478 (PDZ domain); IPR036034	2	23795000	23800000	23795000	23800000	5001
D_pi	0.1	10%	TELC_i_QTL_chr2_2	TELC	Reproduction	2	23779832	23918844	139.012	2	AX-677790294	23868844	1	FarmCPU	9.93236730605489	TMOL_2.2114.1	Patj homolog	PDZ domain-containing protein	IPR001478 (PDZ domain); IPR036034	2	23825000	23830000	23825000	23830000	5001
D_pi	0.05	5%	DELR5_i_QTL_chr2_2	DELR5	Reproduction	2	21827685	21927685	100.0	1	AX-676798775	21877685	1	FarmCPU	7.34438973458627	TMOL_2.1969.1	LD33689p	Uncharacterized protein	IPR019144 (Tumour-associated protein)	2	21795000	21834999	21827685	21834999	7315
D_pi	0.05	5%	DTEP_cat_QTL_chr5_2	DTEP categorical	Development	5	1949599	2049599	100.0	1	AX-674125610	1999599	1	ssGBLUP	6.1192076703	TMOL_1.98.1	LD11652p	LIM domain transcription factor LMO4-like Protein	IPR001781 (LIM domain)	5	1995000	2000000	1995000	2000000	5001
D_pi	0.05	5%	DTEP_cat_QTL_chr7_11	DTEP categorical	Development	7	10126097	10226097	100.0	1	AX-678766976	10176097	2	MLM, ssGBLUP	11.3434976128	TMOL_1.3218.1	LD27988p	Tyrosine-protein phosphatase non-receptor type 9-like Protein	IPR000242 (Protein-tyrosine phosphatase); IPR001251 (SEC14); IPR000387 (Tyrosine specific protein phosphatases domain profile.); IPR016130 (Tyrosine specific protein phosphatases active site.); IPR029021	7	10155000	10164999	10155000	10164999	10000
D_pi	0.05	5%	IMM21_QTL_chr7_2	IMM21	Growth	7	10126097	10226097	100.0	1	AX-678766976	10176097	1	MLM	8.35291540478587	TMOL_1.3218.1	LD27988p	Tyrosine-protein phosphatase non-receptor type 9-like Protein	IPR000242 (Protein-tyrosine phosphatase); IPR001251 (SEC14); IPR000387 (Tyrosine specific protein phosphatases domain profile.); IPR016130 (Tyrosine specific protein phosphatases active site.); IPR029021	7	10155000	10164999	10155000	10164999	10000
D_pi	0.05	5%	IMM35_QTL_chr7_5	IMM35	Growth	7	10126097	10226097	100.0	1	AX-678766976	10176097	1	MLM	12.6591285773496	TMOL_1.3218.1	LD27988p	Tyrosine-protein phosphatase non-receptor type 9-like Protein	IPR000242 (Protein-tyrosine phosphatase); IPR001251 (SEC14); IPR000387 (Tyrosine specific protein phosphatases domain profile.); IPR016130 (Tyrosine specific protein phosphatases active site.); IPR029021	7	10155000	10164999	10155000	10164999	10000
D_pi	0.05	5%	IMM49_QTL_chr7_6	IMM49	Growth	7	10126097	10226097	100.0	1	AX-678766976	10176097	1	MLM	11.0214037925864	TMOL_1.3218.1	LD27988p	Tyrosine-protein phosphatase non-receptor type 9-like Protein	IPR000242 (Protein-tyrosine phosphatase); IPR001251 (SEC14); IPR000387 (Tyrosine specific protein phosphatases domain profile.); IPR016130 (Tyrosine specific protein phosphatases active site.); IPR029021	7	10155000	10164999	10155000	10164999	10000
D_pi	0.05	5%	IMM56_QTL_chr7_4	IMM56	Growth	7	10126097	10226097	100.0	1	AX-678766976	10176097	1	MLM	9.22773279553931	TMOL_1.3218.1	LD27988p	Tyrosine-protein phosphatase non-receptor type 9-like Protein	IPR000242 (Protein-tyrosine phosphatase); IPR001251 (SEC14); IPR000387 (Tyrosine specific protein phosphatases domain profile.); IPR016130 (Tyrosine specific protein phosphatases active site.); IPR029021	7	10155000	10164999	10155000	10164999	10000
D_pi	0.05	5%	IMM63_QTL_chr7_1	IMM63	Growth	7	10126097	10226097	100.0	1	AX-678766976	10176097	1	MLM	6.96737434712476	TMOL_1.3218.1	LD27988p	Tyrosine-protein phosphatase non-receptor type 9-like Protein	IPR000242 (Protein-tyrosine phosphatase); IPR001251 (SEC14); IPR000387 (Tyrosine specific protein phosphatases domain profile.); IPR016130 (Tyrosine specific protein phosphatases active site.); IPR029021	7	10155000	10164999	10155000	10164999	10000
D_pi	0.05	5%	PW_QTL_chr7_2	PW	Growth	7	3774918	3874918	100.0	1	AX-678738422	3824918	1	FarmCPU	6.5236129821337	TMOL_1.2642.1	Tomosyn, isoform C	Lethal(2) giant larvae protein-like Protein	IPR013577 (LLGL2); IPR000664 (Lethal(2) giant larvae protein signature); IPR042855 (v-SNARE coiled-coil homology domain profile.); IPR036322; IPR015943	7	3770001	3780000	3774918	3780000	5083
D_pi	0.01	1%	DTEP_cat_QTL_chr5_2	DTEP categorical	Development	5	1949599	2049599	100.0	1	AX-674125610	1999599	1	ssGBLUP	6.1192076703	TMOL_1.98.1	LD11652p	LIM domain transcription factor LMO4-like Protein	IPR001781 (LIM domain)	5	1995000	2000000	1995000	2000000	5001
D_pi	0.01	1%	EHR_i_QTL_chr3_1	EHR	Reproduction	3	883565	983565	100.0	1	AX-677404387	933565	1	BLINK	5.92586111369912	TMOL_6.138.1	Octopamine receptor beta-2R	CG6989-like octopamine receptor	IPR000276 (7 transmembrane receptor (rhodopsin family)); IPR017452 (G-protein coupled receptors family 1 profile.)	3	945000	950000	945000	950000	5001
D_fDM	0.1	10%	DTEP_cat_QTL_chr5_2	DTEP categorical	Development	5	1949599	2049599	100.0	1	AX-674125610	1999599	1	ssGBLUP	6.1192076703	TMOL_1.98.1	LD11652p	LIM domain transcription factor LMO4-like Protein	IPR001781 (LIM domain)	5	1995000	2004999	1995000	2004999	10000
D_fDM	0.1	10%	EHR_i_QTL_chr2_1	EHR	Reproduction	2	4654718	4754718	100.0	1	AX-678620931	4704718	1	ssGBLUP	5.6313469161	TMOL_2.592.1, TMOL_2.594.1	-, FI02021p	AAA-ATPase-like domain-containing protein, DUF4802 domain-containing protein	IPR018631 (Predicted AAA-ATPase), IPR032061 (Domain of unknown function (DUF4802))	2	4715000	4724999	4715000	4724999	10000
pi_fDM	0.1	10%	DTEP_cat_QTL_chr3_6	DTEP categorical	Development	3	23608243	23708243	100.0	1	AX-678466448	23658243	1	ssGBLUP	8.58781888	TMOL_9.616.1	Echinoid, isoform A	Uncharacterized protein	IPR013098 (Immunoglobulin I-set domain); IPR003961 (FN3); IPR007110 (Immunoglobulin domain); IPR013106 (Immunoglobulin V-set domain); IPR036179	3	23633621	23643620	23633621	23643620	10000
pi_fDM	0.1	10%	DTEP_cat_QTL_chr5_2	DTEP categorical	Development	5	1949599	2049599	100.0	1	AX-674125610	1999599	1	ssGBLUP	6.1192076703	TMOL_1.98.1	LD11652p	LIM domain transcription factor LMO4-like Protein	IPR001781 (LIM domain)	5	1980001	2006682	1980001	2006682	26682
pi_fDM	0.1	10%	EHR_i_QTL_chr2_1	EHR	Reproduction	2	4654718	4754718	100.0	1	AX-678620931	4704718	1	ssGBLUP	5.6313469161	TMOL_2.592.1, TMOL_2.594.1	-, FI02021p	AAA-ATPase-like domain-containing protein, DUF4802 domain-containing protein	IPR018631 (Predicted AAA-ATPase), IPR032061 (Domain of unknown function (DUF4802))	2	4670001	4680000	4670001	4680000	10000
pi_fDM	0.1	10%	EHR_i_QTL_chr2_1	EHR	Reproduction	2	4654718	4754718	100.0	1	AX-678620931	4704718	1	ssGBLUP	5.6313469161	TMOL_2.592.1, TMOL_2.594.1	-, FI02021p	AAA-ATPase-like domain-containing protein, DUF4802 domain-containing protein	IPR018631 (Predicted AAA-ATPase), IPR032061 (Domain of unknown function (DUF4802))	2	4690001	4710000	4690001	4710000	20000
pi_fDM	0.1	10%	EHR_i_QTL_chr5_7	EHR	Reproduction	5	19509693	19612980	103.287	3	AX-678172354	19562980	1	MLM	6.13933838105296	TMOL_1.1680.1	Uncharacterized protein, isoform E	PH domain-containing protein	IPR001849 (PH domain); IPR037370; IPR011993	5	19590001	19640000	19590001	19612980	22980
pi_fDM	0.1	10%	EHR_i_QTL_chr5_8	EHR	Reproduction	5	20926908	21030587	103.679	4	AX-674703188	20976908	1	MLM	4.88644460306212	TMOL_1.1817.1	Uncharacterized protein, isoform E	Cyclic nucleotide-gated cation channel subunit A-like Protein	IPR000595 (CAP_ED); IPR005821 (Ion transport protein); IPR018488 (Cyclic nucleotide-binding domain signature 1.); IPR018490; IPR014710	5	20910001	20950000	20926908	20950000	23093
pi_fDM	0.1	10%	IMM35_QTL_chr3_2	IMM35	Growth	3	23608243	23708243	100.0	1	AX-678466448	23658243	1	MLM	7.75631510226889	TMOL_9.616.1	Echinoid, isoform A	Uncharacterized protein	IPR013098 (Immunoglobulin I-set domain); IPR003961 (FN3); IPR007110 (Immunoglobulin domain); IPR013106 (Immunoglobulin V-set domain); IPR036179	3	23633621	23643620	23633621	23643620	10000
pi_fDM	0.1	10%	IMM49_QTL_chr3_1	IMM49	Growth	3	23608243	23708243	100.0	1	AX-678466448	23658243	1	MLM	6.80445449260505	TMOL_9.616.1	Echinoid, isoform A	Uncharacterized protein	IPR013098 (Immunoglobulin I-set domain); IPR003961 (FN3); IPR007110 (Immunoglobulin domain); IPR013106 (Immunoglobulin V-set domain); IPR036179	3	23633621	23643620	23633621	23643620	10000
pi_fDM	0.1	10%	IMM56_QTL_chr3_1	IMM56	Growth	3	23608243	23708243	100.0	1	AX-678466448	23658243	1	MLM	6.76693517903217	TMOL_9.616.1	Echinoid, isoform A	Uncharacterized protein	IPR013098 (Immunoglobulin I-set domain); IPR003961 (FN3); IPR007110 (Immunoglobulin domain); IPR013106 (Immunoglobulin V-set domain); IPR036179	3	23633621	23643620	23633621	23643620	10000
pi_fDM	0.05	5%	EHR_i_QTL_chr5_7	EHR	Reproduction	5	19509693	19612980	103.287	3	AX-678172354	19562980	1	MLM	6.13933838105296	TMOL_1.1680.1	Uncharacterized protein, isoform E	PH domain-containing protein	IPR001849 (PH domain); IPR037370; IPR011993	5	19590001	19600000	19590001	19600000	10000
pi_fDM	0.05	5%	EHR_i_QTL_chr5_7	EHR	Reproduction	5	19509693	19612980	103.287	3	AX-678172354	19562980	1	MLM	6.13933838105296	TMOL_1.1680.1	Uncharacterized protein, isoform E	PH domain-containing protein	IPR001849 (PH domain); IPR037370; IPR011993	5	19610001	19640000	19610001	19612980	2980
pi_fDM	0.05	5%	EHR_i_QTL_chr5_8	EHR	Reproduction	5	20926908	21030587	103.679	4	AX-674703188	20976908	1	MLM	4.88644460306212	TMOL_1.1817.1	Uncharacterized protein, isoform E	Cyclic nucleotide-gated cation channel subunit A-like Protein	IPR000595 (CAP_ED); IPR005821 (Ion transport protein); IPR018488 (Cyclic nucleotide-binding domain signature 1.); IPR018490; IPR014710	5	20950001	20956682	20950001	20956682	6682
D_pi_fDM	0.1	10%	DTEP_cat_QTL_chr5_2	DTEP categorical	Development	5	1949599	2049599	100.0	1	AX-674125610	1999599	1	ssGBLUP	6.1192076703	TMOL_1.98.1	LD11652p	LIM domain transcription factor LMO4-like Protein	IPR001781 (LIM domain)	5	1995000	2004999	1995000	2004999	10000
