QTL_ID	Trait	family	chromosome	start	end	width_kb	n_sig_SNPs	lead_SNP	lead_POS	n_models_lead	methods_union	max_log10p	Genes_union	Function (DMEL)	Function (TCAS)	InterPro
AW_QTL_chr1_1	AW	Growth	1	1258930	1358930	100.0	1	AX-673602318	1308930	1	FarmCPU	5.01057138815327	TMOL_3.1904.1	Palmitoyltransferase	Palmitoyltransferase	IPR001594 (DHHC palmitoyltransferase)
AW_QTL_chr1_2	AW	Growth	1	2529594	2696764	167.17	4	AX-674017792	2645209	2	BLINK, FarmCPU	13.8136062989325	TMOL_3.1754.1, TMOL_3.1756.1, TMOL_3.1759.1	Discoidin domain receptor, isoform F, -, BTB/POZ domain-containing protein Tiwaz	Tyrosine-protein kinase Abl-like Protein, -, BTB/POZ domain-containing protein kctd15-like Protein	IPR001245 (Protein tyrosine and serine/threonine kinase); IPR000421 (FA58C); IPR000719 (Protein kinase domain profile.); IPR008266 (Tyrosine protein kinases specific active-site signature.); IPR020635, -, IPR003131 (BTB/POZ domain); IPR011333; IPR000210
AW_QTL_chr1_3	AW	Growth	1	7120853	7220853	100.0	1	AX-674687618	7170853	2	BLINK, FarmCPU	7.8185837999375	TMOL_3.1282.1	Choline transporter-like 1	Choline transporter-like protein	IPR007603 (Plasma-membrane choline transporter)
AW_QTL_chr1_4	AW	Growth	1	23196794	23296794	100.0	1	AX-673700059	23246794	1	BLINK	7.49413416291756	TMOL_3.154.1	CG13189 protein	Zinc transporter ZIP11-like Protein	IPR003689 (ZIP Zinc transporter)
AW_QTL_chr1_5	AW	Growth	1	23558754	23666083	107.329	2	AX-675995439	23616083	1	FarmCPU	13.841553620974	TMOL_3.143.1	LP14331p	Multidrug resistance protein homolog 49-like Protein	IPR011527 (ABC transporter transmembrane region); IPR003439 (ABC transporter); IPR017871 (ABC transporters family signature.); IPR027417; IPR036640
AW_QTL_chr1_6	AW	Growth	1	34777313	34880021	102.708	2	AX-673993778	34827313	1	BLINK	7.92108409832519	TMOL_5.923.1	Uncharacterized protein, isoform E	Irregular chiasm C-roughest protein-like Protein	IPR013162 (CD80-like C2-set immunoglobulin domain); IPR007110 (Ig-like domain profile.); IPR013783; IPR036179; IPR003598
AW_QTL_chr1_7	AW	Growth	1	35176701	35276701	100.0	1	AX-677491652	35226701	1	FarmCPU	5.50552603574677	TMOL_5.915.1	Sticks and stones, isoform B	Nephrin-like Protein	IPR003961 (FN3); IPR013162 (CD80-like C2-set immunoglobulin domain); IPR013098 (Immunoglobulin I-set domain); IPR007110 (Immunoglobulin domain); IPR003006 (Immunoglobulins and major histocompatibility complex proteins signature.)
AW_QTL_chr2_1	AW	Growth	2	1568802	1668802	100.0	1	AX-675400238	1618802	1	FarmCPU	5.57654897117562	TMOL_2.230.1	Putative transcription factor SOX-15	HMG box domain-containing protein	IPR009071 (HMG (high mobility group) box); IPR021934 (Sox C-terminal domain profile.); IPR036910
AW_QTL_chr2_2	AW	Growth	2	2030586	2241791	211.205	5	AX-673693612	2174410	1	FarmCPU	13.6645574175857	TMOL_2.301.1, TMOL_2.303.1	NADPH oxidase, isoform C, Uncharacterized protein, isoform F	NADPH oxidase 5, Uncharacterized protein	IPR003226 (Uncharacterised protein family (UPF0160)); IPR013130 (Ferric reductase like transmembrane component); IPR013112 (FAD-binding domain); IPR002048 (EFh); IPR017927 (Ferredoxin reductase-type FAD binding domain profile.), IPR000949 (ELM2 domain); IPR013087 (Zinc finger / C2H2 type); IPR001005 (Myb-like DNA-binding domain); IPR017884 (SANT domain profile.); IPR036236
AW_QTL_chr2_3	AW	Growth	2	2262371	2362371	100.0	1	AX-676506517	2312371	1	BLINK	5.87928627866914	TMOL_2.312.1	-	RZZ complex subunit KNTC1/ROD C-terminal domain-containing protein	IPR019527 (Rough deal protein C-terminal region)
AW_QTL_chr2_4	AW	Growth	2	4988231	5088231	100.0	1	AX-675461836	5038231	1	BLINK	6.55212323368428	TMOL_2.634.1	-	MADF domain-containing protein	IPR006578 (Alcohol dehydrogenase transcription factor Myb/SANT-like)
AW_QTL_chr2_5	AW	Growth	2	6621193	6721193	100.0	1	AX-678026978	6671193	1	BLINK	6.95875011979007	TMOL_2.811.1	Papilin	Papilin-like Protein	IPR010294 (ADAM-TS Spacer 1); IPR002223 (Kunitz/Bovine pancreatic trypsin inhibitor domain); IPR013273 (ADAM-TS family signature); IPR013098 (Immunoglobulin I-set domain); IPR010909 (PLAC (protease and lacunin) domain)
AW_QTL_chr2_6	AW	Growth	2	7624222	7724222	100.0	1	AX-678434285	7674222	1	FarmCPU	5.23206674417544	TMOL_2.916.1	-	Adenylate kinase 7-like Protein	IPR047499 (DD_AK7); IPR007858 (Dpy-30 motif); IPR003959 (ATPase family associated with various cellular activities (AAA)); IPR027417; IPR036291
AW_QTL_chr2_7	AW	Growth	2	9331364	9432807	101.443	2	AX-676001392	9381364	1	BLINK	7.78637193184481	TMOL_2.1083.1	Rad, Gem/Kir family member 1, isoform B	Uncharacterized protein	IPR001806 (Ras family); IPR021349 (Protein of unknown function (DUF2967)); IPR027417
AW_QTL_chr2_8	AW	Growth	2	10219623	10325420	105.797	2	AX-678644510	10275420	1	BLINK	10.6702397757196	TMOL_2.1123.1, TMOL_2.1125.1	LD34542p, Actin-related protein 6	Inositol monophosphatase 3-like Protein, Actin-related protein 6-like Protein	IPR000760 (Inositol monophosphatase family); IPR020550 (Inositol monophosphatase family signature 2.); IPR020583 (Inositol monophosphatase family signature 1.), IPR004000 (Actin); IPR043129
AW_QTL_chr2_9	AW	Growth	2	12715316	12815316	100.0	1	AX-675317679	12765316	1	FarmCPU	5.45830730309777	TMOL_2.1321.1	Defective proboscis extension response 13, isoform B	Ig-like domain-containing protein	IPR013106 (Immunoglobulin V-set domain); IPR007110 (Ig-like domain profile.); IPR037448; IPR013783; IPR036179
AW_QTL_chr2_10	AW	Growth	2	20182528	20445646	263.118	19	AX-674335665	20395646	1	FarmCPU	17.8163978152269	TMOL_2.1894.1	Sidestep VI, isoform B	Nephrin-like Protein	IPR013162 (CD80-like C2-set immunoglobulin domain); IPR003961 (FN3); IPR007110 (Ig-like domain profile.); IPR013783; IPR036179
AW_QTL_chr2_11	AW	Growth	2	23814318	23917420	103.102	2	AX-677394445	23864318	1	BLINK	12.5141000310537	TMOL_2.2114.1	Patj homolog	PDZ domain-containing protein	IPR001478 (PDZ domain); IPR036034
AW_QTL_chr2_12	AW	Growth	2	24051539	24190028	138.489	2	AX-674905764	24140028	1	BLINK	7.82076411116029	TMOL_2.2114.1, TMOL_2.2124.1	Patj homolog, -	PDZ domain-containing protein, -	IPR001478 (PDZ domain); IPR036034, IPR025974 (Mif2/CENP-C like); IPR014710
AW_QTL_chr3_1	AW	Growth	3	1227137	1327137	100.0	1	AX-678814180	1277137	1	BLINK	5.40500174382127	TMOL_6.156.1	Dynein axonemal assembly factor 3 homolog	Dynein assembly factor 3, axonemal homolog-like Protein	IPR028235 (Domain of unknown function (DUF4471)); IPR027974 (Domain of unknown function (DUF4470)); IPR039304
AW_QTL_chr3_2	AW	Growth	3	1836932	2121432	284.5	9	AX-676958432	1962422	1	BLINK, FarmCPU	12.0757158312361	TMOL_6.263.1, TMOL_6.268.1, TMOL_6.273.1, TMOL_6.277.1, TMOL_6.281.1	Protein sneaky, Uncharacterized protein, isoform D, Hephaestus, isoform Y, RH23455p, Uncharacterized protein	DC-STAMP domain-containing protein 1-like Protein, Chitin-binding type-2 domain-containing protein, Polypyrimidine tract-binding protein 1-like Protein, WW domain-containing oxidoreductase-like Protein, WW domain-containing oxidoreductase-like Protein	IPR012858 (DC-STAMP-like protein), IPR002557 (Chitin binding Peritrophin-A domain); IPR036508, IPR006536 (hnRNP-L_PTB: hnRNP-L/PTB/hephaestus splicing factor family); IPR021790 (RRM-like domain); IPR000504 (RNA recognition motif. (a.k.a. RRM / RBD / or RNP domain)); IPR012677; IPR035979, IPR002347 (short chain dehydrogenase); IPR036291, IPR002347 (Glucose/ribitol dehydrogenase family signature); IPR036291
AW_QTL_chr3_3	AW	Growth	3	15887471	16028680	141.209	2	AX-674262748	15978680	2	BLINK, FarmCPU	15.0920304634003	TMOL_6.1334.1	Ecdysone receptor	Ecdysone receptor	IPR041889 (NR_LBD_EcR); IPR003069 (Ecdysteroid receptor (1H nuclear receptor) signature); IPR001628 (Zinc finger / C4 type (two domains)); IPR000536 (Ligand-binding domain of nuclear hormone receptor); IPR001723 (Steroid hormone receptor signature)
AW_QTL_chr5_1	AW	Growth	5	14922061	15204251	282.19	5	AX-677487145	15112739	1	FarmCPU	10.8432179062523	TMOL_1.1257.1, TMOL_1.1266.1, TMOL_1.1272.1, TMOL_1.1274.1, TMOL_1.1280.1	Phosphatidate cytidylyltransferase, photoreceptor-specific, -, Activated Cdc42 kinase-like, GH07821p, -	Phosphatidate cytidylyltransferase, -, Tyrosine-protein kinase PR2-like Protein, 28S ribosomal protein S22, mitochondrial-like Protein, Zinc finger protein 26-like Protein	IPR000374 (Phosphatidate cytidylyltransferase signature.); IPR016720, -, IPR001245 (Protein tyrosine and serine/threonine kinase); IPR000095 (CRIB domain profile.); IPR000719 (Protein kinase domain profile.); IPR008266 (Tyrosine protein kinases specific active-site signature.); IPR017441 (Protein kinases ATP-binding region signature.), IPR019374 (Mitochondrial 28S ribosomal protein S22), IPR012934 (Zinc-finger associated domain (zf-AD)); IPR013087 (Zinc finger / C2H2 type); IPR036236
AW_QTL_chr5_2	AW	Growth	5	15927692	16027692	100.0	1	AX-678195437	15977692	1	BLINK	8.13199445337626	TMOL_1.1324.1	Blistery, isoform A	Uncharacterized protein	IPR033929 (PTB_tensin); IPR035012 (SH2_Tensin_like); IPR013625 (Phosphotyrosine-binding domain); IPR014020 (C2 domain of PTEN tumour-suppressor protein); IPR000980 (SH2 domain)
AW_QTL_chr5_3	AW	Growth	5	17076926	17177121	100.195	2	AX-675110452	17126926	1	BLINK	13.7523093726365	TMOL_1.1425.1	-	Uncharacterized protein	-
AW_QTL_chr5_4	AW	Growth	5	23346611	23446611	100.0	1	AX-678642384	23396611	1	FarmCPU	5.64159594889793	TMOL_1.2032.1	Frizzled	Frizzled	IPR020067 (Fz domain); IPR015526; IPR036790
AW_QTL_chr6_1	AW	Growth	6	2736868	2836868	100.0	1	AX-678429313	2786868	1	BLINK	7.01684364149369	TMOL_4.319.1	Uncharacterized protein, isoform D	PDZ domain-containing protein	IPR001478 (PDZ domain); IPR036034
AW_QTL_chr6_2	AW	Growth	6	3617216	3720862	103.646	2	AX-674081834	3670862	1	BLINK	9.1303909540413	TMOL_4.403.1, TMOL_4.404.1	-, RE67001p	Odorant receptor 24, Glycosyltransferase-like protein LARGE2	IPR004117 (7tm Odorant receptor), IPR002495 (Glycosyl transferase family 8); IPR029044
AW_QTL_chr6_3	AW	Growth	6	5668717	5768717	100.0	1	AX-676812903	5718717	1	BLINK	8.16929789788054	TMOL_4.630.1	Beadex, isoform D	Rhombotin-1-like Protein	IPR001781 (LIM domain)
AW_QTL_chr6_4	AW	Growth	6	9673730	9928702	254.972	5	AX-677206376	9806521	1	FarmCPU	9.91720002132269	Intergenic, TMOL_4.1018.1, TMOL_4.1021.1, TMOL_4.1023.1, TMOL_4.1024.1, TMOL_4.1031.1	-, Spectrin beta chain, Transient receptor potential cation channel protein painless, Uncharacterized protein, isoform A, Gamma-tubulin complex component 2 homolog, ABC transporter expressed in trachea, isoform A	-, Spectrin beta chain, Painless, Uncharacterized protein, Gamma-tubulin complex component, Protein white-like Protein	-, IPR018159 (SPEC); IPR002017 (Spectrin repeat); IPR001715 (Calponin homology (CH) domain); IPR001605 (Spectrin pleckstrin homology domain signature); IPR041681 (Pleckstrin homology domain), IPR005821 (Ion transport protein); IPR002110 (Ankyrin repeat); IPR036770, -, IPR041470 (Gamma tubulin complex component N-terminal); IPR040457 (Gamma tubulin complex component C-terminal); IPR007259; IPR042241, IPR013525 (ABC-2 type transporter); IPR003439 (ABC transporter); IPR043926 (ABC-2 type transporter); IPR017871 (ABC transporters family signature.); IPR027417
AW_QTL_chr6_5	AW	Growth	6	12661080	12836811	175.731	5	AX-677427528	12712049	2	BLINK, FarmCPU	15.9874029561344	TMOL_4.1253.1, TMOL_4.1266.1	Radish, isoform I, NAT1, isoform D	Rap-GAP domain-containing protein, Eukaryotic translation initiation factor 4 gamma 2-like Protein	IPR000331 (Rap/ran-GAP); IPR000210 (BTB/POZ domain); IPR035974; IPR011333, IPR003890 (MIF4G domain); IPR003307 (eIF4-gamma/eIF5/eIF2-epsilon); IPR003891 (MI domain profile.); IPR045208; IPR016024
AW_QTL_chr7_1	AW	Growth	7	1012891	1112891	100.0	1	AX-673769692	1062891	1	FarmCPU	6.72780191067475	TMOL_1.2367.1	-	Protein TsetseEP domain-containing protein	-
AW_QTL_chr7_2	AW	Growth	7	4143923	4243923	100.0	1	AX-676292117	4193923	1	FarmCPU	6.05000790997312	TMOL_1.2680.1	Cuticular protein 100A	Pupal cuticle protein Edg-78E-like Protein	IPR000618 (Insect cuticle protein)
AW_QTL_chr7_3	AW	Growth	7	5634836	5797742	162.906	3	AX-673539193	5747742	1	FarmCPU	8.72911622882832	TMOL_1.2795.1, TMOL_1.2801.1	Liprin-alpha, isoform E, -	Liprin-alpha-1-like Protein, Diuretic hormone 31 like protein	IPR029515, IPR034439
AW_QTL_chr7_4	AW	Growth	7	5910537	6010537	100.0	1	AX-678271166	5960537	1	BLINK	6.33341092912592	TMOL_1.2835.1	-	Transmembrane protein 135-like Protein	IPR031926 (N-terminal cysteine-rich region of Transmembrane protein 135); IPR026749
AW_QTL_chr7_5	AW	Growth	7	7321415	7536388	214.973	59	AX-677386661	7464449	2	BLINK, FarmCPU	18.8505522338185	TMOL_1.2981.1, TMOL_1.2983.1, TMOL_1.2985.1, TMOL_1.2986.1, TMOL_1.2987.1, TMOL_1.2989.1, TMOL_1.2990.1, TMOL_1.2991.1, TMOL_1.2994.1, TMOL_1.2997.1, TMOL_1.2999.1, TMOL_1.3000.1, TMOL_1.3001.1	-, Lysophospholipid acyltransferase 6, -, Uncharacterized protein, isoform F, LP17264p, Odorant receptor 43a, Desaturase 1, isoform A, Uncharacterized protein, isoform A, Soluble guanylate cyclase 89Db, GH12235p, Receptor-mediated endocytosis protein 6 homolog, Cytochrome b5, Hormone receptor 4	Lipoma HMGIC fusion partner homolog-like Protein, Ubiquitin-like domain-containing protein, Uncharacterized protein, Transmembrane protease serine 9-like Protein, Transmembrane protease serine 9-like Protein, Odorant receptor, Acyl-CoA desaturase 2-like Protein, Serine protease-like protein, guanylate cyclase, Large ribosomal subunit protein mL54, Uncharacterized protein, Cytochrome b5-like Protein, HR4	IPR019372 (Lipoma HMGIC fusion partner-like protein), IPR004299 (MBOAT / membrane-bound O-acyltransferase family); IPR000048 (IQ motif profile.); IPR037695; IPR029071, IPR037645, IPR001254 (Tryp_SPc); IPR043504; IPR009003, IPR001254 (Tryp_SPc); IPR001314 (Chymotrypsin serine protease family (S1) signature); IPR018114 (Serine proteases / trypsin family / histidine active site.); IPR033116 (Serine proteases / trypsin family / serine active site.); IPR009003, IPR004117 (7tm Odorant receptor), IPR015876 (Delta9-FADS-like); IPR005804 (Fatty acid desaturase), IPR001254 (Tryp_SPc); IPR001314 (Chymotrypsin serine protease family (S1) signature); IPR009003; IPR043504, IPR011645 (Heme NO binding associated); IPR001054 (CHD); IPR011644 (Haem-NO-binding); IPR029787; IPR038158, IPR000595 (CAP_ED); IPR005821 (Ion transport protein); IPR018490; IPR014710, IPR003123 (Vacuolar sorting protein 9 (VPS9) domain); IPR001936 (GTPase-activator protein for Ras-like GTPase); IPR045046; IPR037191; IPR008936, IPR001199 (Cytochrome b5-like Heme/Steroid binding domain); IPR018506 (Cytochrome b5 family / heme-binding domain signature.); IPR036400, IPR001628 (Zinc finger / C4 type (two domains)); IPR000536 (Ligand-binding domain of nuclear hormone receptor); IPR001723 (Steroid hormone receptor signature); IPR035500; IPR013088
AW_QTL_chr7_6	AW	Growth	7	8519872	8619872	100.0	1	AX-675196895	8569872	1	BLINK	7.03431017181964	TMOL_1.3093.1	Possible lysine-specific histone demethylase 1	Putative lysine-specific histone demethylase 1-like Protein	IPR002937 (Flavin containing amine oxidoreductase); IPR007526 (SWIRM domain); IPR017366; IPR036188; IPR036388
AW_QTL_chr7_7	AW	Growth	7	8914112	9014112	100.0	1	AX-677233611	8964112	1	FarmCPU	6.5731334031514	TMOL_1.3116.1, TMOL_1.3117.1	U4/U6.U5 small nuclear ribonucleoprotein 27 kDa protein, Protein hu-li tai shao	U4/U6.U5 small nuclear ribonucleoprotein 27 kDa protein, Hu li tai shao	IPR013957 (U4/U6.U5 small nuclear ribonucleoproteins), IPR001303 (Class II Aldolase and Adducin N-terminal domain); IPR036409
AW_QTL_chr7_8	AW	Growth	7	9925209	10025209	100.0	1	AX-676685366	9975209	1	FarmCPU	6.5292894962341	TMOL_1.3199.1	IP14232p	Bumetanide-sensitive sodium-(Potassium)-chloride cotransporter-like Protein	IPR000242 (Protein-tyrosine phosphatase); IPR000387 (Tyrosine specific protein phosphatases domain profile.); IPR016130 (Tyrosine specific protein phosphatases active site.); IPR029021; IPR003595
AW_QTL_chr8_1	AW	Growth	8	7618433	7718433	100.0	1	AX-678595261	7668433	1	FarmCPU	5.30772002455016	TMOL_10.531.1	Tropomodulin, isoform N	Tropomodulin-like Protein	IPR004934 (Tropomodulin); IPR032675
AW_QTL_chr8_2	AW	Growth	8	8074762	8174762	100.0	1	AX-674890307	8124762	1	BLINK	5.97609298244846	TMOL_10.556.1	-	Uncharacterized protein	-
AW_QTL_chr8_3	AW	Growth	8	17099209	17199236	100.027	2	AX-681219263	17149236	1	BLINK	9.87643946775179	TMOL_12.512.1	AT19640p	G-protein coupled receptors family 1 profile domain-containing protein	IPR019427 (Serpentine type 7TM GPCR chemoreceptor Srw); IPR000276 (Rhodopsin-like GPCR superfamily signature); IPR017452 (G-protein coupled receptors family 1 profile.)
AW_QTL_chr9_1	AW	Growth	9	8044622	8144622	100.0	1	AX-677829219	8094622	2	BLINK, FarmCPU	6.64200883547857	TMOL_7.1124.1	-	Ig-like domain-containing protein	IPR007110 (Ig-like domain profile.); IPR013783; IPR036179; IPR003599
AW_QTL_chr9_2	AW	Growth	9	10260634	10360634	100.0	1	AX-673935430	10310634	1	BLINK	6.57200511411362	TMOL_7.852.1, TMOL_7.853.1	Glutaredoxin 1, testis-specific, Heparan sulfate 3-O sulfotransferase-B, isoform A	Uncharacterized protein, Bifunctional heparan sulfate N-deacetylase/N-sulfotransferase-like Protein	IPR011899 (GRX_euk: glutaredoxin); IPR002109 (Glutaredoxin); IPR014025 (Glutaredoxin signature); IPR011767 (Glutaredoxin active site.); IPR036249, IPR000863 (Sulfotransferase domain); IPR037359; IPR027417
AW_QTL_chr9_3	AW	Growth	9	13998828	14098828	100.0	1	AX-673559804	14048828	1	FarmCPU	6.25987916541736	TMOL_7.344.1	-	Calcium-activated chloride channel regulator 4-like Protein	IPR013642 (Calcium-activated chloride channel N terminal); IPR002035 (von Willebrand factor type A domain); IPR036465
DELR2_i_QTL_chr1_1	DELR2	Reproduction	1	44917507	45017507	100.0	1	AX-678498379	44967507	1	BLINK	8.35863874099246	TMOL_5.335.1	Intraflagellar transport protein 172 homolog	Intraflagellar transport protein osm-1-like Protein	IPR036322; IPR015943; IPR011990; IPR001680
DELR2_i_QTL_chr4_1	DELR2	Reproduction	4	1201429	1301429	100.0	1	AX-681100923	1251429	1	FarmCPU	6.7446513089513	TMOL_11.129.1	FI02132p	Transcription-associated protein 1-like Protein	IPR005828 (Sugar (and other) transporter); IPR003663 (Sugar transporter signature); IPR020846 (Major facilitator superfamily (MFS) profile.); IPR005829 (Sugar transport proteins signature 1.); IPR036259
DELR2_i_QTL_chr4_2	DELR2	Reproduction	4	4684372	4804770	120.398	2	AX-681148290	4754770	1	MLMM	6.57811511030371	TMOL_11.537.1, TMOL_11.543.1	Eukaryotic translation initiation factor 4H, -	Eukaryotic translation initiation factor 4H, NACHT domain-containing protein	IPR000504 (RNA recognition motif. (a.k.a. RRM / RBD / or RNP domain)); IPR035979; IPR012677, IPR007111 (NACHT domain); IPR036770; IPR027417; IPR002110
DELR2_i_QTL_chr4_3	DELR2	Reproduction	4	9535759	9642953	107.194	2	AX-681076164	9592953	1	FarmCPU	11.3864384753141	TMOL_11.991.1	Lnk, isoform D	SH2B adapter protein 2-like Protein	IPR035057 (SH2_SH2B_family); IPR015012 (Phenylalanine zipper); IPR000980 (SH2 domain); IPR001849 (PH domain); IPR030523
DELR4_i_QTL_chr1_1	DELR4	Reproduction	1	43992608	44092608	100.0	1	AX-676338960	44042608	1	FarmCPU	6.72676798906961	TMOL_5.391.1	-	Proteasome assembly chaperone 2	IPR019151 (PAC2 family); IPR016562; IPR038389
DELR4_i_QTL_chr2_1	DELR4	Reproduction	2	2137553	2237553	100.0	1	AX-677225969	2187553	1	FarmCPU	5.95548797838278	TMOL_2.303.1	Uncharacterized protein, isoform F	Uncharacterized protein	IPR000949 (ELM2 domain); IPR013087 (Zinc finger / C2H2 type); IPR001005 (Myb-like DNA-binding domain); IPR017884 (SANT domain profile.); IPR036236
DELR4_i_QTL_chr3_1	DELR4	Reproduction	3	59418	159418	100.0	1	AX-674624813	109418	1	FarmCPU	7.06788233575167	TMOL_6.20.1	Paxillin, isoform F	Paxillin-like Protein	IPR047075 (LIM1_Paxillin_like); IPR001904 (LIM4_Paxillin); IPR001781 (LIM domain)
DELR4_i_QTL_chr4_1	DELR4	Reproduction	4	3371867	3471867	100.0	1	AX-681068408	3421867	1	FarmCPU	10.0861060994621	TMOL_11.438.1	-	-	-
DELR4_i_QTL_chr7_1	DELR4	Reproduction	7	10425043	10526129	101.086	2	AX-675951425	10476129	1	FarmCPU	9.13282390823175	TMOL_1.3244.1	Spaghetti-squash activator, isoform C	Myosin light chain kinase, smooth muscle-like Protein	IPR000719 (Protein kinase domain); IPR008271 (Serine/Threonine protein kinases active-site signature.); IPR017441 (Protein kinases ATP-binding region signature.); IPR011009
DELR4_i_QTL_chr9_1	DELR4	Reproduction	9	13658519	13758519	100.0	1	AX-678781554	13708519	1	FarmCPU	6.43850795511243	TMOL_7.365.1	Ubiquitin carboxyl-terminal hydrolase nonstop	beta-N-acetylhexosaminidase	IPR001394 (Ubiquitin carboxyl-terminal hydrolase); IPR015883 (Glycosyl hydrolase family 20 / catalytic domain); IPR001607 (Zn-finger in ubiquitin-hydrolases and other protein); IPR028889 (Ubiquitin specific protease (USP) domain profile.); IPR018200 (Ubiquitin specific protease (USP) domain signature 2.)
DELR5_i_QTL_chr2_1	DELR5	Reproduction	2	549778	652002	102.224	2	AX-678793719	602002	2	FarmCPU, ssGBLUP	8.9492095470902	TMOL_2.67.1, TMOL_2.68.1	Dynein heavy chain, cytoplasmic, FI18259p1	Dynein heavy chain, Solute carrier family 46 member 3-like Protein	IPR013594 (Dynein heavy chain / N-terminal region 1); IPR035699 (Hydrolytic ATP binding site of dynein motor region); IPR013602 (Dynein heavy chain / N-terminal region 2); IPR035706 (ATP-binding dynein motor region); IPR024317 (P-loop containing dynein motor region D4), IPR011701 (Major Facilitator Superfamily); IPR020846 (Major facilitator superfamily (MFS) profile.); IPR036259
DELR5_i_QTL_chr2_2	DELR5	Reproduction	2	21827685	21927685	100.0	1	AX-676798775	21877685	1	FarmCPU	7.34438973458627	TMOL_2.1969.1	LD33689p	Uncharacterized protein	IPR019144 (Tumour-associated protein)
DELR5_i_QTL_chr2_3	DELR5	Reproduction	2	26733677	26833677	100.0	1	AX-673841411	26783677	1	FarmCPU	6.88931964884417	TMOL_2.2325.1	Probable cytochrome P450 12a4, mitochondrial	Cytochrome P450 12H1	IPR001128 (Cytochrome P450); IPR002401 (E-class P450 group I signature); IPR017972 (Cytochrome P450 cysteine heme-iron ligand signature.); IPR036396
DELR5_i_QTL_chr3_1	DELR5	Reproduction	3	10412960	10512960	100.0	1	AX-675686461	10462960	1	FarmCPU	6.14450574383472	TMOL_6.923.1, TMOL_6.924.1	Uncharacterized protein, isoform A, CTD nuclear envelope phosphatase 1 homolog	Serine protease H130, Uncharacterized protein	IPR001254 (Tryp_SPc); IPR001314 (Chymotrypsin serine protease family (S1) signature); IPR018114 (Serine proteases / trypsin family / histidine active site.); IPR009003; IPR043504, IPR011948 (HIF-SF_euk: dullard-like phosphatase domain); IPR004274 (NLI interacting factor-like phosphatase); IPR023214; IPR036412
DELR5_i_QTL_chr3_2	DELR5	Reproduction	3	30301719	30401719	100.0	1	AX-674827452	30351719	1	FarmCPU	7.13348905884938	TMOL_9.77.1	LD47264p	Pancreatic triacylglycerol lipase-like Protein	IPR033906 (Pancreat_lipase_like); IPR013818 (Lipase); IPR000734 (Triacylglycerol lipase family signature); IPR002331 (Pancreatic lipase signature); IPR016272
DELR5_i_QTL_chr4_1	DELR5	Reproduction	4	18736739	18948064	211.325	14	AX-681128547	18863894	2	FarmCPU, ssGBLUP	8.3310197671187	TMOL_13.338.1, TMOL_13.342.1, TMOL_13.343.1, TMOL_13.345.1, TMOL_13.347.1, TMOL_13.351.1	Uncharacterized protein, isoform A, -, Protein Fer3, -, -, -	Alpha-tocopherol transfer protein-like, Myb/SANT-like DNA-binding domain-containing protein, Protein Fer3-like Protein, Decapping nuclease, Elongator complex protein 5, -	IPR001251 (SEC14); IPR036865; IPR036273, IPR044822 (Myb/SANT-like DNA-binding domain), IPR011598 (Helix-loop-helix DNA-binding domain); IPR036638, IPR047501 (DD_CATIP), IPR019519 (Elongator subunit Iki1), -
DELR5_i_QTL_chr7_1	DELR5	Reproduction	7	15738421	15838421	100.0	1	AX-675953504	15788421	1	FarmCPU	6.00595159981298	TMOL_1.3785.1	M-spondin, isoform A	Spondin domain-containing protein	IPR009465 (Spondin_N); IPR044004 (Spondin-like TSP1 domain); IPR000884 (Thrombospondin type-1 (TSP1) repeat profile.); IPR038678; IPR036383
DELR5_i_QTL_chr8_1	DELR5	Reproduction	8	4457795	4557795	100.0	1	AX-675650024	4507795	1	FarmCPU	6.10099193793937	TMOL_10.283.1	FI18813p1	Synaptotagmin IV	IPR000008 (C2 domain); IPR001565 (Synaptotagmin signature); IPR035892
DTEP_cat_QTL_chr1_1	DTEP categorical	Development	1	4479132	4579132	100.0	1	AX-678710986	4529132	2	MLM, ssGBLUP	9.7835042791	TMOL_3.1555.1	Tyrosine-protein phosphatase Lar	protein-tyrosine-phosphatase	IPR000242 (Protein-tyrosine phosphatase); IPR003961 (FN3); IPR013098 (Immunoglobulin I-set domain); IPR007110 (Ig-like domain profile.); IPR000387 (Tyrosine specific protein phosphatases domain profile.)
DTEP_cat_QTL_chr1_2	DTEP categorical	Development	1	7505112	7606439	101.327	2	AX-673621027	7555112	1	BLINK	9.13492648624033	TMOL_3.1255.1	Caskin, isoform B	SAM domain-containing protein	IPR035497 (SAM_caskin1 / 2_repeat1); IPR035498 (SAM_caskin1 / 2_repeat2); IPR001660 (SAM domain (Sterile alpha motif)); IPR013761
DTEP_cat_QTL_chr1_3	DTEP categorical	Development	1	9255034	9393751	138.717	2	AX-676374151	9343751	2	MLM, ssGBLUP	11.6609457409	TMOL_3.1160.1, TMOL_3.1171.1	Lethal (2) 09851, isoform A, Glucose transporter type 1	Putative histone-binding protein Caf1-like Protein, Glucose transporter type 1-like Protein	IPR022052 (Histone-binding protein RBBP4 or subunit C of CAF1 complex); IPR020472 (G protein beta WD-40 repeat signature); IPR001680 (WD domain / G-beta repeat); IPR019775 (Trp-Asp (WD) repeats signature.); IPR015943, IPR005828 (Sugar (and other) transporter); IPR003663 (SP: MFS transporter / sugar porter (SP) family); IPR020846 (Major facilitator superfamily (MFS) profile.); IPR005829 (Sugar transport proteins signature 2.); IPR045263
DTEP_cat_QTL_chr1_4	DTEP categorical	Development	1	9577894	9765491	187.597	32	AX-675988159	9695801	1	BLINK	8.39636926266482	TMOL_3.1105.1, TMOL_3.1107.1, TMOL_3.1108.1, TMOL_3.1109.1, TMOL_3.1110.1, TMOL_3.1119.1	Acid-sensitive two pore domain K+ channel dTASK-6, Large ribosomal subunit protein uL30, -, Farnesoic acid O-methyl transferase domain-containing protein, RE08173p, LD22376p	Open rectifier potassium channel protein 1-like Protein, 60S ribosomal protein L7-like Protein, Nucleolar 27S pre-rRNA processing Urb2/Npa2 C-terminal domain-containing protein, Farnesoic acid O-methyl transferase domain-containing protein, Hemocyte protein-glutamine gamma-glutamyltransferase-like Protein, Heparan-alpha-glucosaminide N-acetyltransferase-like Protein	IPR003092 (TASK K+ channel signature); IPR013099 (Ion channel); IPR003280 (Two pore domain K+ channel signature), IPR005998 (uL30_euk: 60S ribosomal protein uL30); IPR035808 (Ribosomal_L7_archeal_euk); IPR012988 (Ribosomal L30 N-terminal domain); IPR016082 (Ribosomal protein L30p/L7e); IPR039699, IPR018849 (Urb2/Npa2 family), IPR006616 (Protein of unknown function (DUF3421)); IPR022041 (Farnesoic acid 0-methyl transferase), IPR001102 (Transglutaminase family); IPR008958 (Transglutaminase family / C-terminal ig like domain); IPR002931 (Transglutaminase-like superfamily); IPR013808 (Transglutaminases active site.); IPR023608, IPR032176 (Domain of unknown function (DUF5009))
DTEP_cat_QTL_chr1_5	DTEP categorical	Development	1	13016656	13123424	106.768	4	AX-678403637	13067511	1	BLINK	7.23097600941104	TMOL_3.848.1	-	Follistatin-related protein 5-like Protein	IPR013098 (Immunoglobulin I-set domain); IPR002048 (EFh); IPR002350 (Kazal-type serine protease inhibitor domain); IPR007110 (Ig-like domain profile.); IPR018247 (EF-hand calcium-binding domain.)
DTEP_cat_QTL_chr1_6	DTEP categorical	Development	1	13352668	13452668	100.0	1	AX-675189388	13402668	1	ssGBLUP	5.137791447	TMOL_3.834.1	Fife, isoform D	Uncharacterized protein	IPR000008 (C2 domain); IPR001478 (PDZ domain); IPR039032; IPR035892; IPR036034
DTEP_cat_QTL_chr1_7	DTEP categorical	Development	1	31693682	31793682	100.0	1	AX-676920677	31743682	1	ssGBLUP	10.0753649469	TMOL_5.1070.1	Fatty acid synthase 1, isoform C	Fatty acid synthase-like Protein	IPR020841 (Beta-ketoacyl synthase); IPR014043 (Acyl transferase domain); IPR014030 (Beta-ketoacyl synthase / N-terminal domain); IPR013968 (KR domain); IPR014031 (Beta-ketoacyl synthase / C-terminal domain)
DTEP_cat_QTL_chr1_8	DTEP categorical	Development	1	33800832	33900832	100.0	1	AX-674452466	33850832	2	MLM, ssGBLUP	11.0705019872	TMOL_5.971.1	Bent, isoform F	Kalirin-like Protein	IPR000719 (Protein kinase domain); IPR013098 (Immunoglobulin I-set domain); IPR003961 (FN3); IPR007110 (Ig-like domain profile.); IPR008271 (Serine/Threonine protein kinases active-site signature.)
DTEP_cat_QTL_chr1_9	DTEP categorical	Development	1	38384363	38484363	100.0	1	AX-673593378	38434363	2	MLM, ssGBLUP	12.6939311308	TMOL_5.751.1	Krueppel-like factor luna	C2H2-type domain-containing protein	IPR013087 (Zinc finger / C2H2 type); IPR036236
DTEP_cat_QTL_chr1_10	DTEP categorical	Development	1	39125933	39226068	100.135	2	AX-674746362	39176068	1	BLINK	5.03314291476099	TMOL_5.717.1	Protein bric-a-brac 1	Protein bric-a-brac 1-like Protein	IPR000210 (BTB/POZ domain); IPR007889 (helix-turn-helix / Psq domain); IPR011333; IPR009057
DTEP_cat_QTL_chr1_11	DTEP categorical	Development	1	41497786	41597786	100.0	1	AX-675211072	41547786	2	MLM, ssGBLUP	12.9746298594	TMOL_5.545.1	-	Cohesin subunit SA-1-like Protein	IPR013721 (STAG domain); IPR039662; IPR016024
DTEP_cat_QTL_chr10_1	DTEP categorical	Development	10	7645409	7745409	100.0	1	AX-674328360	7695409	1	ssGBLUP	8.2176335579	Intergenic	-	-	-
DTEP_cat_QTL_chr10_2	DTEP categorical	Development	10	10514953	10614953	100.0	1	AX-675544533	10564953	2	MLM, ssGBLUP	7.9882902835	Intergenic	-	-	-
DTEP_cat_QTL_chr2_1	DTEP categorical	Development	2	3774853	3874853	100.0	1	AX-675872135	3824853	1	FarmCPU	6.50580394260102	TMOL_2.496.1, TMOL_2.498.1	Cytochrome P450 4c3, Putative gustatory receptor 28b	Cytochrome P450-like protein, Gustatory receptor	IPR001128 (Cytochrome P450); IPR002401 (E-class P450 group I signature); IPR017972 (Cytochrome P450 cysteine heme-iron ligand signature.); IPR036396, IPR013604 (7tm Chemosensory receptor)
DTEP_cat_QTL_chr2_2	DTEP categorical	Development	2	5334959	5536570	201.611	7	AX-673570959	5479569	1	BLINK	9.39479891130566	TMOL_2.659.1, TMOL_2.676.1	Protein serrate, DNA-directed RNA polymerases I, II, and III subunit RPABC3	Delta-like protein, DNA-directed RNA polymerases I, II, and III subunit RPABC3	IPR011651 (N terminus of Notch ligand C2-like domain); IPR026219 (Jagged/Serrate protein family signature); IPR001774 (Delta serrate ligand); IPR000742 (EGF-like domain); IPR013111 (EGF-like domain), IPR005570 (RNA polymerase Rpb8); IPR012340
DTEP_cat_QTL_chr2_3	DTEP categorical	Development	2	8984709	9084709	100.0	1	AX-678536274	9034709	1	ssGBLUP	9.2455266272	TMOL_2.1033.1	Paired box pox-meso protein	Pox meso	IPR001523 (PAX); IPR043182 (Paired DNA-binding domain signature.); IPR043565; IPR009057; IPR036388
DTEP_cat_QTL_chr2_4	DTEP categorical	Development	2	9397056	9497056	100.0	1	AX-673459139	9447056	2	MLM, ssGBLUP	9.2018244039	TMOL_2.1083.1	Rad, Gem/Kir family member 1, isoform B	Uncharacterized protein	IPR001806 (Ras family); IPR021349 (Protein of unknown function (DUF2967)); IPR027417
DTEP_cat_QTL_chr2_5	DTEP categorical	Development	2	10892218	10992218	100.0	1	AX-678594415	10942218	2	MLM, ssGBLUP	11.8833934975	TMOL_2.1189.1	Uncharacterized protein, isoform B	E3 ubiquitin-protein ligase APD1-4 middle domain-containing protein	IPR032010 (Domain of unknown function (DUF4793)); IPR032008 (Domain of unknown function (DUF4792))
DTEP_cat_QTL_chr2_6	DTEP categorical	Development	2	13413245	13513245	100.0	1	AX-678594024	13463245	1	MLM	4.95090689969602	TMOL_2.1358.1	I[[h]] channel, isoform E	Cyclic nucleotide-gated cation channel subunit A-like Protein	IPR000595 (CAP_ED); IPR013621 (Ion transport protein N-terminal); IPR005821 (Ion transport protein); IPR003938 (EAG/ELK/ERG potassium channel family signature); IPR018488 (Cyclic nucleotide-binding domain signature 1.)
DTEP_cat_QTL_chr2_7	DTEP categorical	Development	2	15826471	16114217	287.746	158	AX-677863924	15964266	2	BLINK, MLM	13.366100292886	TMOL_2.1503.1, TMOL_2.1504.1, TMOL_2.1505.1, TMOL_2.1507.1, TMOL_2.1509.1, TMOL_2.1510.1, TMOL_2.1511.1, TMOL_2.1512.1, TMOL_2.1513.1, TMOL_2.1515.1, TMOL_2.1517.1, TMOL_2.1519.1, TMOL_2.1520.1	Dynactin subunit 6, Uncharacterized protein, isoform B, LIM and SH3 domain protein Lasp, Probable 3-hydroxyisobutyrate dehydrogenase, mitochondrial, -, -, -, Stall, isoform C, -, -, -, Protein lethal(2)essential for life, High affinity cAMP-specific and IBMX-insensitive 3',5'-cyclic phosphodiesterase 8	Dynactin subunit 6, Protein prune homolog 2-like Protein, LIM and SH3 domain protein Lasp-like Protein, 3-hydroxyisobutyrate dehydrogenase, Coiled-coil domain-containing protein 13-like Protein, Uncharacterized protein, -, A disintegrin and metalloproteinase with thrombospondin motifs 16-like Protein, Uncharacterized protein, -, HAUS augmin-like complex subunit 3 N-terminal domain-containing protein, Protein lethal(2)essential for life-like Protein, Phosphodiesterase	IPR027777; IPR011004, IPR001251 (Divergent CRAL/TRIO domain); IPR019273 (Predicted integral membrane zinc-ribbon metal-binding protein); IPR022181 (Bcl2-/adenovirus E1B nineteen kDa-interacting protein 2); IPR036865, IPR001452 (Variant SH3 domain); IPR001781 (LIM domain); IPR000900 (Nebulin repeat); IPR036028, IPR011548 (HIBADH: 3-hydroxyisobutyrate dehydrogenase); IPR006115 (NAD binding domain of 6-phosphogluconate dehydrogenase); IPR029154 (NAD-binding of NADP-dependent 3-hydroxyisobutyrate dehydrogenase); IPR015815; IPR013328, IPR038929, -, -, IPR001590 (Reprolysin (M12B) family zinc metalloprotease); IPR041645 (ADAMTS cysteine-rich domain 2); IPR002870 (Reprolysin family propeptide); IPR000884 (Thrombospondin type-1 (TSP1) repeat profile.); IPR024079, IPR027902 (Domain of unknown function (DUF4487)), -, -, IPR001436 (Alpha crystallin signature); IPR002068 (Hsp20/alpha crystallin family); IPR008978, IPR002073 (3'5'-cyclic nucleotide phosphodiesterase); IPR023088 (3'5'-cyclic nucleotide phosphodiesterase signature); IPR003607 (HDc); IPR013767 (PAS fold); IPR000014 (PAS)
DTEP_cat_QTL_chr2_8	DTEP categorical	Development	2	16354757	16578775	224.018	6	AX-673757981	16404757	2	FarmCPU, MLM	6.64963674991989	TMOL_2.1545.1, TMOL_2.1552.1, TMOL_2.1564.1	Granny smith, isoform F, CHK domain ov1, AT19640p	Putative aminopeptidase NPEPL1-like Protein, CHK kinase-like domain-containing protein, G-protein coupled receptors family 1 profile domain-containing protein	IPR011356 (Peptidase_M17); IPR000819 (Cytosol aminopeptidase family / catalytic domain); IPR041417 (M17 aminopeptidase N-terminal domain 2), IPR004119 (Ecdysteroid kinase-like family); IPR015897; IPR011009, IPR019427 (Serpentine type 7TM GPCR chemoreceptor Srw); IPR000276 (Rhodopsin-like GPCR superfamily signature); IPR017452 (G-protein coupled receptors family 1 profile.)
DTEP_cat_QTL_chr2_9	DTEP categorical	Development	2	20006954	20109936	102.982	2	AX-674211389	20059936	1	MLM	5.23108957427743	TMOL_2.1888.1	Sidestep VIII, isoform B	Ig-like domain-containing protein	IPR013162 (CD80-like C2-set immunoglobulin domain); IPR013106 (Immunoglobulin V-set domain); IPR007110 (Ig-like domain profile.); IPR013783; IPR036179
DTEP_cat_QTL_chr2_10	DTEP categorical	Development	2	20220626	20320626	100.0	1	AX-677363203	20270626	1	MLM	4.71665318441724	TMOL_2.1894.1	Sidestep VI, isoform B	Nephrin-like Protein	IPR013162 (CD80-like C2-set immunoglobulin domain); IPR003961 (FN3); IPR007110 (Ig-like domain profile.); IPR013783; IPR036179
DTEP_cat_QTL_chr2_11	DTEP categorical	Development	2	22367524	22481853	114.329	7	AX-673800245	22428441	1	FarmCPU, MLM	5.86070724819109	TMOL_2.2017.1	Protein prickle	Protein prickle-like Protein	IPR033723 (PET_Prickle); IPR033727 (LIM3_Prickle); IPR033725 (LIM1_Prickle); IPR010442 (PET Domain); IPR033726 (LIM2_Prickle)
DTEP_cat_QTL_chr2_12	DTEP categorical	Development	2	22642523	22742523	100.0	1	AX-676925639	22692523	1	MLM	4.72536926130539	TMOL_2.2029.1	Pickpocket 26	Pickpocket protein 28-like Protein	IPR001873 (Amiloride-sensitive sodium channel)
DTEP_cat_QTL_chr2_13	DTEP categorical	Development	2	23674854	23920667	245.813	89	AX-674855278	23803107	2	BLINK, FarmCPU	26.9467569856245	TMOL_2.2110.1, TMOL_2.2111.1, TMOL_2.2112.1, TMOL_2.2113.1, TMOL_2.2114.1, TMOL_2.2115.1	FI07206p, LP13185p, Nuclear pore membrane glycoprotein 210, Tubulin beta-2 chain, Patj homolog, -	Bifunctional polynucleotide phosphatase/kinase-like Protein, Transmembrane protein 68-like Protein, Nuclear pore membrane glycoprotein 210-like Protein, Tubulin beta chain, PDZ domain-containing protein, -	IPR006550 (PNK-3'Pase: polynucleotide kinase 3'-phosphatase); IPR006551 (DNA-3'-Pase: DNA 3'-phosphatase); IPR013954 (Polynucleotide kinase 3 phosphatase); IPR006549 (HAD-SF-IIIA: HAD hydrolase / family IIIA); IPR041388 (FHA domain), IPR002123 (Acyltransferase), IPR045197; IPR008964, IPR002453 (Beta-tubulin signature); IPR000217 (Tubulin signature); IPR003008 (Tubulin/FtsZ family / GTPase domain); IPR018316 (Tubulin C-terminal domain); IPR013838 (Tubulin-beta mRNA autoregulation signal.), IPR001478 (PDZ domain); IPR036034, -
DTEP_cat_QTL_chr2_14	DTEP categorical	Development	2	24549354	24649354	100.0	1	AX-673240640	24599354	2	MLM, ssGBLUP	10.0925017622	TMOL_2.2180.1	G-protein coupled receptors family 1 profile domain-containing protein	G-protein coupled receptors family 1 profile domain-containing protein	IPR000276 (7 transmembrane receptor (rhodopsin family)); IPR017452 (G-protein coupled receptors family 1 profile.)
DTEP_cat_QTL_chr3_1	DTEP categorical	Development	3	8531584	8662918	131.334	8	AX-674647609	8581584	1	BLINK	10.7443967514438	TMOL_6.789.1, TMOL_6.793.1, TMOL_6.795.1	Center divider, isoform A, RuvB-like helicase 1, LD11581p	LIM domain kinase 1-like Protein, RuvB-like helicase, Multidrug resistance protein homolog 65-like protein	IPR001245 (Protein tyrosine and serine/threonine kinase); IPR000719 (Protein kinase domain profile.); IPR008266 (Tyrosine protein kinases specific active-site signature.); IPR017441 (Protein kinases ATP-binding region signature.); IPR011009, IPR010339 (TIP49 P-loop domain); IPR041048 (TIP49 AAA-lid domain); IPR027238; IPR027417; IPR042487, IPR011527 (ABC transporter transmembrane region 2); IPR003439 (ABC transporter); IPR017871 (ABC transporters family signature.); IPR027417; IPR036640
DTEP_cat_QTL_chr3_2	DTEP categorical	Development	3	8982791	9154370	171.579	3	AX-675137168	9032791	1	BLINK	7.58850368867103	TMOL_6.826.1, TMOL_6.827.1	Crossveinless 2, Uncharacterized protein, isoform E	Crossveinless 2, Carboxypeptidase A	IPR001846 (von Willebrand factor type D domain); IPR014853 (C8 domain); IPR001007 (von Willebrand factor type C domain), IPR000834 (Zinc carboxypeptidase); IPR008969
DTEP_cat_QTL_chr3_3	DTEP categorical	Development	3	9526410	9626410	100.0	1	AX-673926244	9576410	2	MLM, ssGBLUP	11.6822562325	TMOL_6.867.1	Dumpy, isoform Q	Fibrillin-2-like Protein	IPR001881 (Calcium-binding EGF domain); IPR024731 (EGF domain); IPR000742 (EGF-like domain profile.); IPR001507 (ZP domain profile.); IPR000152 (Aspartic acid and asparagine hydroxylation site.)
DTEP_cat_QTL_chr3_4	DTEP categorical	Development	3	12517046	12777857	260.811	12	AX-678100424	12653324	1	BLINK	7.17226097075421	TMOL_6.1090.1, TMOL_6.1104.1, TMOL_6.1105.1, TMOL_6.1107.1, TMOL_6.1119.1	Down syndrome cell adhesion molecule 1, isoform BQ, DOMINA protein, N-acyl-aliphatic-L-amino acid amidohydrolase, Uncharacterized protein, isoform A, Protocadherin-like wing polarity protein stan	Down syndrome cell adhesion molecule, Fork-head domain-containing protein, N-acyl-aliphatic-L-amino acid amidohydrolase, N-acyl-aliphatic-L-amino acid amidohydrolase, Starry night	IPR021012 (Down syndrome cell adhesion molecule C terminal); IPR003961 (FN3); IPR013098 (Immunoglobulin I-set domain); IPR007110 (Ig-like domain profile.); IPR043204, IPR001766 (Forkhead domain); IPR030456 (Fork head domain signature 2.); IPR036388; IPR036390, IPR010159 (Ac-peptdase-euk: N-acyl-L-amino-acid amidohydrolase); IPR002933 (Peptidase family M20/M25/M40); IPR011650 (Peptidase dimerisation domain); IPR001261 (ArgE / dapE / ACY1 / CPG2 / yscS family signature 1.); IPR036264, IPR010159 (Ac-peptdase-euk: N-acyl-L-amino-acid amidohydrolase); IPR002933 (Peptidase family M20/M25/M40); IPR011650 (Peptidase dimerisation domain); IPR001261 (ArgE / dapE / ACY1 / CPG2 / yscS family signature 1.); IPR036264, IPR000832 (7 transmembrane receptor (Secretin family)); IPR002126 (Cadherin signature); IPR001791 (LamG); IPR032471 (GPCR-Autoproteolysis INducing (GAIN) domain); IPR002049 (EGF_Lam)
DTEP_cat_QTL_chr3_5	DTEP categorical	Development	3	14664454	14764454	100.0	1	AX-674782874	14714454	1	ssGBLUP	10.9381857754	TMOL_6.1260.1	Bazooka, isoform B	PDZ domain-containing protein	IPR021922 (N-terminal of Par3 and HAL proteins); IPR001478 (PDZ domain); IPR036034
DTEP_cat_QTL_chr3_6	DTEP categorical	Development	3	23608243	23708243	100.0	1	AX-678466448	23658243	1	ssGBLUP	8.58781888	TMOL_9.616.1	Echinoid, isoform A	Uncharacterized protein	IPR013098 (Immunoglobulin I-set domain); IPR003961 (FN3); IPR007110 (Immunoglobulin domain); IPR013106 (Immunoglobulin V-set domain); IPR036179
DTEP_cat_QTL_chr4_1	DTEP categorical	Development	4	2931310	3031310	100.0	1	AX-681036609	2981310	1	FarmCPU	5.92196497658164	TMOL_11.350.1	FI20146p1	Putative multidrug resistance-associated protein lethal(2)03659-like Protein	IPR044726 (ABC_6TM_ABCC_D2); IPR003439 (ABC transporter); IPR011527 (ABC transporter transmembrane region); IPR017871 (ABC transporters family signature.); IPR027417
DTEP_cat_QTL_chr4_2	DTEP categorical	Development	4	4557474	4657474	100.0	1	AX-681129947	4607474	1	BLINK	6.55420544156268	TMOL_11.522.1	RE36204p	Glucose dehydrogenase [FAD, quinone]-like Protein	IPR000172 (GMC oxidoreductase); IPR007867 (GMC oxidoreductase); IPR012132; IPR036188
DTEP_cat_QTL_chr4_3	DTEP categorical	Development	4	19159088	19293120	134.032	12	AX-681179368	19242220	2	BLINK, FarmCPU	7.97317016269931	TMOL_13.314.1, TMOL_13.318.1	-, -	-, Nucleoredoxin-like Protein	-, IPR012336 (Thioredoxin-like); IPR013766 (Thioredoxin domain profile.); IPR036249
DTEP_cat_QTL_chr5_1	DTEP categorical	Development	5	552465	652465	100.0	1	AX-677968293	602465	2	MLM, ssGBLUP	8.4116180066	TMOL_1.25.1	-	Chitin deacetylase 6	-
DTEP_cat_QTL_chr5_2	DTEP categorical	Development	5	1949599	2049599	100.0	1	AX-674125610	1999599	1	ssGBLUP	6.1192076703	TMOL_1.98.1	LD11652p	LIM domain transcription factor LMO4-like Protein	IPR001781 (LIM domain)
DTEP_cat_QTL_chr5_3	DTEP categorical	Development	5	5021365	5121365	100.0	1	AX-677385304	5071365	1	FarmCPU	6.00055871427612	TMOL_1.260.1	SD01558p	Alpha-tocopherol transfer protein-like	IPR001251 (CRAL/TRIO domain); IPR036865; IPR036273; IPR011074
DTEP_cat_QTL_chr5_4	DTEP categorical	Development	5	9173256	9273256	100.0	1	AX-676467009	9223256	1	BLINK	4.76377096665829	TMOL_1.673.1	ATP-dependent RNA helicase WM6	RNA helicase	IPR011545 (DEAD/DEAH box helicase); IPR001650 (Helicase conserved C-terminal domain); IPR014014 (DEAD-box RNA helicase Q motif profile.); IPR014001 (Superfamilies 1 and 2 helicase ATP-binding type-1 domain profile.); IPR027417
DTEP_cat_QTL_chr5_5	DTEP categorical	Development	5	9462097	9562097	100.0	1	AX-678568751	9512097	2	MLM, ssGBLUP	10.1411035869	TMOL_1.714.1	-	CUB domain-containing protein	IPR000859 (CUB); IPR035914
DTEP_cat_QTL_chr5_6	DTEP categorical	Development	5	9811791	9911791	100.0	1	AX-673607926	9861791	2	MLM, ssGBLUP	12.2880142674	TMOL_1.758.1	Dipeptidase	Dipeptidase	IPR008257 (rDP_like); IPR000180 (Renal dipeptidase active site.); IPR032466
DTEP_cat_QTL_chr5_7	DTEP categorical	Development	5	10299800	10399800	100.0	1	AX-676790686	10349800	2	MLM, ssGBLUP	8.385306324	TMOL_1.797.1	FI21431p1	Winged helix Storkhead-box1 domain-containing protein	IPR019391 (Winged helix Storkhead-box1 domain); IPR040126
DTEP_cat_QTL_chr5_8	DTEP categorical	Development	5	13491179	13591179	100.0	1	AX-674046465	13541179	1	ssGBLUP	9.9765953586	TMOL_1.1071.1	Adenosylhomocysteinase	Adenosylhomocysteinase	IPR000043 (SAHH); IPR001863 (Glypican); IPR015878 (S-adenosyl-L-homocysteine hydrolase / NAD binding domain); IPR020082 (S-adenosyl-L-homocysteine hydrolase signature 2.); IPR042172
DTEP_cat_QTL_chr5_9	DTEP categorical	Development	5	13685624	13813106	127.482	4	AX-673934250	13763106	1	BLINK	7.11263518362463	TMOL_1.1089.1, TMOL_1.1094.1, TMOL_1.1095.1	-, SH3 domain-containing protein Dlish, RE12101p	-, SH3 domain-containing protein, Wiskott-Aldrich syndrome protein-like Protein	-, IPR001452 (SH3 domain); IPR043539; IPR036028, IPR033927 (EVH1_WASP-like); IPR000697 (WH1 domain); IPR000095 (P21-Rho-binding domain); IPR003124 (WH2 motif); IPR011993
DTEP_cat_QTL_chr5_10	DTEP categorical	Development	5	14446749	14546749	100.0	1	AX-676916478	14496749	2	MLM, ssGBLUP	8.5618283563	TMOL_1.1195.1, TMOL_1.1196.1	Regucalcin, isoform D, MIP34848p1	SMP-30/Gluconolactonase/LRE-like region domain-containing protein, SMP-30/Gluconolactonase/LRE-like region domain-containing protein	IPR013658 (SMP-30/Gluconolactonase/LRE-like region); IPR005511 (Senescence marker protein-30 (SMP30) family signature); IPR011042, IPR013658 (SMP-30/Gluconolactonase/LRE-like region); IPR005511 (Senescence marker protein-30 (SMP30) family signature); IPR008367 (Regucalcin signature); IPR011042
DTEP_cat_QTL_chr5_11	DTEP categorical	Development	5	20427788	20527788	100.0	1	AX-674556304	20477788	1	BLINK	7.40082206197787	TMOL_1.1761.1	LD01251p	Uncharacterized protein	IPR032016 (Domain of unknown function (DUF4796))
DTEP_cat_QTL_chr5_12	DTEP categorical	Development	5	24697367	24802606	105.239	6	AX-674720987	24752606	1	BLINK	7.39103410273704	TMOL_1.2198.1	FI20146p1	Multidrug resistance-associated protein lethal(2)03659-like Protein	IPR044726 (ABC_6TM_ABCC_D2); IPR044746 (ABC_6TM_ABCC_D1); IPR003439 (ABC transporter); IPR011527 (ABC transporter transmembrane region); IPR017871 (ABC transporters family signature.)
DTEP_cat_QTL_chr6_1	DTEP categorical	Development	6	1676644	1776644	100.0	1	AX-676538829	1726644	1	BLINK	9.61069529101872	TMOL_4.162.1	-	Heparanase-like Protein	IPR005199 (Glycosyl hydrolase family 79 / N-terminal domain); IPR017853
DTEP_cat_QTL_chr6_2	DTEP categorical	Development	6	2738124	2840093	101.969	4	AX-675085744	2788124	1	BLINK	10.3386219499248	TMOL_4.319.1	Uncharacterized protein, isoform D	PDZ domain-containing protein	IPR001478 (PDZ domain); IPR036034
DTEP_cat_QTL_chr6_3	DTEP categorical	Development	6	3439181	3539181	100.0	1	AX-674970633	3489181	2	MLM, ssGBLUP	9.0847193672	TMOL_4.402.1	Kekkon 5, isoform A	Ig-like domain-containing protein	IPR013098 (Immunoglobulin I-set domain); IPR001611 (Leucine rich repeat); IPR007110 (Ig-like domain profile.); IPR032675; IPR013783
DTEP_cat_QTL_chr6_4	DTEP categorical	Development	6	5776556	5876556	100.0	1	AX-677159759	5826556	1	FarmCPU	6.58872979662055	TMOL_4.639.1, TMOL_4.640.1	Dynein heavy chain at 36C, isoform C, CNMamide receptor	Dynein heavy chain, cytoplasmic-like Protein, Thyrotropin-releasing hormone receptor-like Protein	IPR035699 (Hydrolytic ATP binding site of dynein motor region); IPR013602 (Dynein heavy chain / N-terminal region 2); IPR041228 (Dynein heavy chain C-terminal domain); IPR024317 (P-loop containing dynein motor region D4); IPR035706 (ATP-binding dynein motor region), IPR000276 (7 transmembrane receptor (rhodopsin family)); IPR017452 (G-protein coupled receptors family 1 profile.)
DTEP_cat_QTL_chr6_5	DTEP categorical	Development	6	9540323	9640323	100.0	1	AX-677814657	9590323	2	BLINK, FarmCPU	6.36110817459257	TMOL_4.1004.1	FI05204p	L-2-hydroxyglutarate dehydrogenase, mitochondrial-like Protein	IPR006076 (FAD dependent oxidoreductase); IPR036188
DTEP_cat_QTL_chr6_6	DTEP categorical	Development	6	9946776	10046776	100.0	1	AX-674084630	9996776	1	ssGBLUP	6.4592643352	TMOL_4.1044.1	GH22493p	Eyegone	IPR001523 ('Paired box' domain); IPR001356 (Homeodomain); IPR017970 ('Homeobox' domain signature.); IPR043565; IPR036388
DTEP_cat_QTL_chr6_7	DTEP categorical	Development	6	10674562	10774562	100.0	1	AX-676740805	10724562	2	MLM, ssGBLUP	8.5967998926	TMOL_4.1119.1, TMOL_4.1120.1	Carbonic anhydrase-related protein A, isoform B, -	Carbonic anhydrase-related protein 10-like Protein, -	IPR041878 (alpha_CARP_X_XI_like); IPR001148 (Eukaryotic-type carbonic anhydrase); IPR036398; IPR023561, -
DTEP_cat_QTL_chr6_8	DTEP categorical	Development	6	12309065	12409065	100.0	1	AX-676813978	12359065	1	BLINK	5.63945328356757	TMOL_4.1229.1	Protein tumorous imaginal discs, mitochondrial	Protein tumorous imaginal discs, mitochondrial-like Protein	IPR001623 (DnaJ domain); IPR002939 (DnaJ C terminal domain); IPR001305 (DnaJ_zf); IPR012724 (Chaperone protein DnaJ [dnaJ].); IPR018253 (Nt-dnaJ domain signature.)
DTEP_cat_QTL_chr6_9	DTEP categorical	Development	6	14381304	14481304	100.0	1	AX-677871265	14431304	1	ssGBLUP	6.7051271113	TMOL_4.1401.1	-	Uncharacterized protein	IPR031720 (Domain of unknown function (DUF4728))
DTEP_cat_QTL_chr6_10	DTEP categorical	Development	6	20207769	20307769	100.0	1	AX-677040591	20257769	1	ssGBLUP	7.7770717538	TMOL_4.1916.1	-	SAM domain-containing protein	IPR001660 (SAM domain (Sterile alpha motif)); IPR013761
DTEP_cat_QTL_chr7_1	DTEP categorical	Development	7	432546	532546	100.0	1	AX-673834743	482546	1	BLINK	4.37420382376617	TMOL_1.2337.1	-	SAM domain-containing protein	IPR027871 (Domain of unknown function (DUF4603))
DTEP_cat_QTL_chr7_2	DTEP categorical	Development	7	1669390	1829821	160.431	25	AX-674418014	1760780	2	BLINK, FarmCPU, MLM	10.950703200575	TMOL_1.2425.1, TMOL_1.2426.1, TMOL_1.2428.1, TMOL_1.2431.1, TMOL_1.2432.1, TMOL_1.2434.1, TMOL_1.2436.1	Uncharacterized protein, isoform C, Uncharacterized protein, isoform C, Serpin 4, Protein yellow, GPI mannosyltransferase 3, -, Uncharacterized protein, isoform D	Apyrase-like Protein, Apyrase-like Protein, Serpin peptidase inhibitor 1, Protein yellow-like Protein, Integrator complex subunit 10, Uncharacterized protein, Carboxylic ester hydrolase	"IPR008334 (5'-nucleotidase / C-terminal domain); IPR006179 (Apyrase family signature); IPR004843 (Calcineurin-like phosphoesterase); IPR006146 (5'-nucleotidase signature 2.); IPR029052, IPR008334 (5'-nucleotidase / C-terminal domain); IPR006179 (Apyrase family signature); IPR004843 (Calcineurin-like phosphoesterase); IPR006146 (5'-nucleotidase signature 2.); IPR029052, IPR023796 (Serpin (serine protease inhibitor)); IPR023795 (Serpins signature.); IPR042178; IPR042185; IPR036186, IPR017996 (Major royal jelly protein); IPR011042, IPR005599 (Alg9-like mannosyltransferase family); IPR026164 (Integrator complex subunit 10 signature), IPR002999 (Tudor domain); IPR025605 (OST-HTH/LOTUS domain); IPR035437; IPR041966, IPR002018 (Carboxylesterase family); IPR002168 (Lipolytic enzymes ""G-D-X-G"" family / putative histidine active site.); IPR019819 (Carboxylesterases type-B signature 2.); IPR019826 (Carboxylesterases type-B serine active site.); IPR029058"
DTEP_cat_QTL_chr7_3	DTEP categorical	Development	7	1945706	2045706	100.0	1	AX-677661402	1995706	1	ssGBLUP	9.3516130674	TMOL_1.2451.1	Neurogenic protein mastermind	Neurogenic mastermind-like N-terminal domain-containing protein	IPR019082 (MamL-1 domain); IPR046370
DTEP_cat_QTL_chr7_4	DTEP categorical	Development	7	4292288	4392288	100.0	1	AX-678541684	4342288	2	MLM, ssGBLUP	7.1384157787	TMOL_1.2692.1	Canoe, isoform E	Uncharacterized protein	IPR019748 (FERM_B-lobe); IPR001478 (PDZ domain); IPR018980 (FERM C-terminal PH-like domain); IPR019749 (Band 4.1 protein family signature); IPR011019 (KIND domain profile.)
DTEP_cat_QTL_chr7_5	DTEP categorical	Development	7	4974136	5074136	100.0	1	AX-674951622	5024136	1	FarmCPU	5.76892381174301	TMOL_1.2739.1	Kuzbanian-like, isoform A	Disintegrin and metalloproteinase domain-containing protein 10-like Protein	IPR034025 (ZnMc_TACE_like); IPR001762 (Disintegrin); IPR002870 (Reprolysin family propeptide); IPR001590 (ADAM type metalloprotease domain profile.); IPR024079
DTEP_cat_QTL_chr7_6	DTEP categorical	Development	7	5641927	5741927	100.0	1	AX-674186754	5691927	2	MLM, ssGBLUP	10.1000278714	TMOL_1.2795.1	Liprin-alpha, isoform E	Liprin-alpha-1-like Protein	IPR029515
DTEP_cat_QTL_chr7_7	DTEP categorical	Development	7	6278373	6378373	100.0	1	AX-674611770	6328373	1	ssGBLUP	9.408276606	TMOL_1.2904.1	Uncharacterized protein, isoform D	Monocarboxylate transporter 12-like Protein	IPR011701 (Major Facilitator Superfamily); IPR036259
DTEP_cat_QTL_chr7_8	DTEP categorical	Development	7	6378643	6478643	100.0	1	AX-675542954	6428643	2	MLM, ssGBLUP	11.9468851512	TMOL_1.2918.1	Sex determination protein fruitless	Fruitless	IPR000210 (BTB/POZ domain); IPR011333; IPR006580
DTEP_cat_QTL_chr7_9	DTEP categorical	Development	7	7655403	7755403	100.0	1	AX-678373154	7705403	2	MLM, ssGBLUP	10.0997471213	TMOL_1.3045.1	FI21449p1	Nose resistant to fluoxetine protein 6-like Protein	IPR006621 (Nose resistant-to-fluoxetine protein / N-terminal domain); IPR002656 (Acyltransferase family)
DTEP_cat_QTL_chr7_10	DTEP categorical	Development	7	8523877	8623877	100.0	1	AX-673259670	8573877	1	BLINK	4.18887583396446	TMOL_1.3093.1	Possible lysine-specific histone demethylase 1	Putative lysine-specific histone demethylase 1-like Protein	IPR002937 (Flavin containing amine oxidoreductase); IPR007526 (SWIRM domain); IPR017366; IPR036188; IPR036388
DTEP_cat_QTL_chr7_11	DTEP categorical	Development	7	10126097	10226097	100.0	1	AX-678766976	10176097	2	MLM, ssGBLUP	11.3434976128	TMOL_1.3218.1	LD27988p	Tyrosine-protein phosphatase non-receptor type 9-like Protein	IPR000242 (Protein-tyrosine phosphatase); IPR001251 (SEC14); IPR000387 (Tyrosine specific protein phosphatases domain profile.); IPR016130 (Tyrosine specific protein phosphatases active site.); IPR029021
DTEP_cat_QTL_chr7_12	DTEP categorical	Development	7	10352105	10535283	183.178	2	AX-674188699	10485283	1	BLINK, FarmCPU	6.19680618333236	TMOL_1.3233.1, TMOL_1.3246.1	Cadherin-87A, Inscuteable	Cadherin 23, Protein inscuteable homolog-like Protein	IPR002126 (Cadherin signature); IPR020894 (Cadherin domain signature.); IPR015919, IPR045789 (Protein inscuteable C-terminal); IPR039921; IPR016024; IPR011989; IPR038205
DTEP_cat_QTL_chr7_13	DTEP categorical	Development	7	10708921	10819540	110.619	5	AX-674261342	10763554	1	BLINK	5.01504214583665	TMOL_1.3288.1, TMOL_1.3290.1	Aminopeptidase, Aminopeptidase	Glutamyl aminopeptidase-like Protein, Aminopeptidase	IPR024571 (ERAP1-like C-terminal domain); IPR045357 (Peptidase M1 N-terminal domain); IPR014782 (Peptidase family M1 domain); IPR001930 (Membrane alanyl dipeptidase (M1) family signature); IPR042097, IPR034016 (M1_APN-Q_like); IPR014782 (Peptidase family M1 domain); IPR024571 (ERAP1-like C-terminal domain); IPR045357 (Peptidase M1 N-terminal domain); IPR001930 (Membrane alanyl dipeptidase (M1) family signature)
DTEP_cat_QTL_chr7_14	DTEP categorical	Development	7	11035682	11135682	100.0	1	AX-675091644	11085682	2	MLM, ssGBLUP	7.1386966623	TMOL_1.3345.1	-	Toll-like protein	-
DTEP_cat_QTL_chr7_15	DTEP categorical	Development	7	12004108	12104108	100.0	1	AX-674826094	12054108	1	BLINK	4.29102057691692	TMOL_1.3455.1	Protein groucho	Protein groucho-like Protein	IPR005617 (Groucho/TLE N-terminal Q-rich domain); IPR009146 (Groucho/transducin-like enhancer protein signature); IPR001680 (WD domain / G-beta repeat); IPR019775 (Trp-Asp (WD) repeats signature.); IPR015943
DTEP_cat_QTL_chr7_16	DTEP categorical	Development	7	15415218	15515218	100.0	1	AX-678396793	15465218	2	MLM, ssGBLUP	11.2274890334	TMOL_1.3757.1	-	Cytokine receptor-like factor 3	IPR003961 (FN3); IPR036116; IPR013783
DTEP_cat_QTL_chr7_17	DTEP categorical	Development	7	16849951	16949951	100.0	1	AX-675936630	16899951	1	FarmCPU	5.70162849442407	TMOL_1.3848.1	Dpr-interacting protein kappa, isoform A	Lachesin-like Protein	IPR013098 (Immunoglobulin I-set domain); IPR007110 (Ig-like domain profile.); IPR013783; IPR036179; IPR003598
DTEP_cat_QTL_chr7_18	DTEP categorical	Development	7	16993997	17093997	100.0	1	AX-675419311	17043997	1	BLINK	6.42014990504124	TMOL_1.3850.1	EGFR adapter protein	SH2 domain-containing protein	IPR000980 (SH2 domain); IPR006020 (Phosphotyrosine interaction domain (PTB/PID)); IPR036860; IPR011993
DTEP_cat_QTL_chr7_19	DTEP categorical	Development	7	18456524	18556524	100.0	1	AX-675792110	18506524	2	MLM, ssGBLUP	16.3008128099	TMOL_1.3948.1	Uncharacterized protein, isoform C	Vacuolar protein sorting-associated protein 62-like Protein	IPR009291 (Vacuolar protein sorting-associated protein 62)
DTEP_cat_QTL_chr8_1	DTEP categorical	Development	8	373927	473927	100.0	1	AX-681131580	423927	1	BLINK	4.26541963689873	TMOL_19.27.1	BcDNA.GH04962	Neutral alpha-glucosidase AB-like Protein	IPR000322 (Glycosyl hydrolases family 31); IPR025887 (Galactose mutarotase-like); IPR030458 (Glycosyl hydrolases family 31 active site.); IPR017853; IPR011013
DTEP_cat_QTL_chr8_2	DTEP categorical	Development	8	2118844	2218844	100.0	1	AX-677874816	2168844	1	FarmCPU	5.2408716088754	TMOL_10.97.1	Innexin inx7	Innexin	IPR000990 (Innexin)
DTEP_cat_QTL_chr8_3	DTEP categorical	Development	8	4194813	4294813	100.0	1	AX-676301960	4244813	1	BLINK	4.21058454200364	TMOL_10.269.1	Uncharacterized protein, isoform K	Uncharacterized protein	-
DTEP_cat_QTL_chr8_4	DTEP categorical	Development	8	6039461	6139461	100.0	1	AX-678783826	6089461	1	BLINK	4.18820371947378	TMOL_10.422.1	Zinc finger protein 1	Zinc finger protein 1	IPR001356 (homeodomain); IPR013087 (Zinc finger / C2H2 type); IPR009057; IPR036236
DTEP_cat_QTL_chr8_5	DTEP categorical	Development	8	6200874	6300874	100.0	1	AX-675992371	6250874	2	MLM, ssGBLUP	8.719667086	TMOL_10.425.1, TMOL_10.426.1	-, -	-, -	-, -
DTEP_cat_QTL_chr8_6	DTEP categorical	Development	8	15143724	15299929	156.205	16	AX-681208055	15249929	2	BLINK, FarmCPU	10.4185954351575	TMOL_12.318.1, TMOL_12.325.1, TMOL_12.326.1	Neuropeptide SIFamide receptor, -, Cadherin-89D	Neuropeptide Y receptor-like Protein, Uncharacterized protein, Cadherin-89D-like Protein	IPR000276 (7 transmembrane receptor (rhodopsin family)); IPR000611 (Neuropeptide Y receptor signature); IPR017452 (G-protein coupled receptors family 1 profile.), -, IPR002126 (Cadherin signature); IPR020894 (Cadherin domain signature.); IPR039808; IPR015919
DTEP_cat_QTL_chr9_1	DTEP categorical	Development	9	3690823	3795256	104.433	4	AX-675302864	3740986	2	BLINK, ssGBLUP	13.6165462797344	TMOL_7.1454.1	-	Uncharacterized protein	IPR002110 (Ankyrin repeats (many copies)); IPR036770; IPR027417
DTEP_cat_QTL_chr9_2	DTEP categorical	Development	9	6677338	6777338	100.0	1	AX-676367746	6727338	1	ssGBLUP	6.3008295885	TMOL_7.1182.1	-	-	-
DTEP_cat_QTL_chr9_3	DTEP categorical	Development	9	7120713	7220713	100.0	1	AX-676658458	7170713	1	BLINK	4.73656828013954	TMOL_7.1168.1	Early gene at 23, isoform C	Protein white-like Protein	IPR013525 (ABC-2 type transporter); IPR003439 (ABC transporter); IPR017871 (ABC transporters family signature.); IPR027417; IPR003593
DTEP_cat_QTL_chr9_4	DTEP categorical	Development	9	10781297	10881297	100.0	1	AX-674997598	10831297	1	ssGBLUP	9.714450346	TMOL_7.764.1	Helicase 89B, isoform B	TATA-binding protein-associated factor 172-like Protein	IPR044078 (DEXHc_Mot1); IPR022707 (Domain of unknown function (DUF3535)); IPR000330 (SNF2-related domain); IPR001650 (Helicase conserved C-terminal domain); IPR014001 (Superfamilies 1 and 2 helicase ATP-binding type-1 domain profile.)
DTEP_cat_QTL_chr9_5	DTEP categorical	Development	9	18688615	18788699	100.084	2	AX-681135104	18738615	2	BLINK, FarmCPU	5.91368238822928	TMOL_16.204.1	LD29228p	Uncharacterized protein	IPR031983 (Domain of unknown function (DUF4786))
EHR_i_QTL_chr1_1	EHR	Reproduction	1	1138680	1238680	100.0	1	AX-675186235	1188680	1	ssGBLUP	6.0420039969	TMOL_3.1920.1	-	WNT1-inducible-signaling pathway protein 1-like Protein	IPR043973 (CCN3 Nov like TSP1 domain); IPR001007 (von Willebrand factor type C domain); IPR000884 (Thrombospondin type-1 (TSP1) repeat profile.); IPR000867 (Insulin-like growth factor-binding protein (IGFBP) N-terminal domain profile.)
EHR_i_QTL_chr1_2	EHR	Reproduction	1	1373347	1473347	100.0	1	AX-677738504	1423347	1	FarmCPU	5.19654799934657	TMOL_3.1877.1	Rho GTPase-activating protein 92B	Rho GTPase-activating protein 92B-like Protein	IPR000198 (RhoGAP domain); IPR004148 (BAR domain); IPR047165; IPR008936; IPR027267
EHR_i_QTL_chr1_3	EHR	Reproduction	1	43993406	44103762	110.356	4	AX-675593274	44043406	1	MLM	4.90760523980528	TMOL_5.385.1, TMOL_5.386.1, TMOL_5.387.1, TMOL_5.390.1, TMOL_5.391.1	-, -, -, -, -	Zinc finger protein 227-like Protein, Zinc finger protein 26-like Protein, Zinc finger protein 227-like Protein, Zinc finger protein 227-like Protein, Proteasome assembly chaperone 2	IPR012934 (Zinc-finger associated domain (zf-AD)); IPR013087 (Zinc finger / C2H2 type); IPR036236, IPR012934 (Zinc-finger associated domain (zf-AD)); IPR013087 (Zinc finger / C2H2 type); IPR036236, IPR012934 (Zinc-finger associated domain (zf-AD)); IPR013087 (Zinc finger / C2H2 type); IPR036236, IPR012934 (Zinc-finger associated domain (zf-AD)); IPR013087 (Zinc finger / C2H2 type); IPR036236, IPR019151 (PAC2 family); IPR016562; IPR038389
EHR_i_QTL_chr1_4	EHR	Reproduction	1	45535355	45635355	100.0	1	AX-673449672	45585355	1	MLM	5.63890051936297	TMOL_5.265.1, TMOL_5.271.1	Puratrophin-1-like, isoform A, Antdh	Uncharacterized protein, Dehydrogenase/reductase SDR family protein 7-like	IPR000219 (RhoGEF domain); IPR001849 (PH domain); IPR035899; IPR011993, IPR002347 (short chain dehydrogenase); IPR020904 (Short-chain dehydrogenases/reductases family signature.); IPR036291
EHR_i_QTL_chr2_1	EHR	Reproduction	2	4654718	4754718	100.0	1	AX-678620931	4704718	1	ssGBLUP	5.6313469161	TMOL_2.592.1, TMOL_2.594.1	-, FI02021p	AAA-ATPase-like domain-containing protein, DUF4802 domain-containing protein	IPR018631 (Predicted AAA-ATPase), IPR032061 (Domain of unknown function (DUF4802))
EHR_i_QTL_chr2_2	EHR	Reproduction	2	5649433	5749433	100.0	1	AX-677489171	5699433	1	FarmCPU	5.10883543372816	TMOL_2.706.1	Ran-binding proteins 9/10 homolog	Ran-binding proteins 9/10 homolog-like Protein	IPR035782 (SPRY_RanBP9_10); IPR024964 (CTLH/CRA C-terminal to LisH motif domain); IPR003877 (SPRY domain); IPR006594 (LisH); IPR006595 (C-terminal to LisH (CTLH) motif profile.)
EHR_i_QTL_chr2_3	EHR	Reproduction	2	10012432	10112432	100.0	1	AX-678512866	10062432	1	FarmCPU	5.35071791160368	TMOL_2.1104.1	IP21806p	KH domain-containing, RNA-binding, signal transduction-associated protein 3-like Protein	IPR004088 (KH domain); IPR045071; IPR036612; IPR004087
EHR_i_QTL_chr3_1	EHR	Reproduction	3	883565	983565	100.0	1	AX-677404387	933565	1	BLINK	5.92586111369912	TMOL_6.138.1	Octopamine receptor beta-2R	CG6989-like octopamine receptor	IPR000276 (7 transmembrane receptor (rhodopsin family)); IPR017452 (G-protein coupled receptors family 1 profile.)
EHR_i_QTL_chr3_2	EHR	Reproduction	3	3703174	3803174	100.0	1	AX-673376520	3753174	1	BLINK	6.12980908077518	TMOL_6.431.1	Muscle-specific protein 300 kDa	Uncharacterized protein	IPR012315 (Nuclear envelope localisation domain); IPR018159 (SPEC); IPR002017 (Spectrin repeat)
EHR_i_QTL_chr3_3	EHR	Reproduction	3	26914139	27014139	100.0	1	AX-676619849	26964139	1	FarmCPU	5.94933901180344	TMOL_9.336.1	Lipase	Lipase	IPR006693 (Partial alpha/beta-hydrolase lipase region); IPR022742 (Serine aminopeptidase / S33); IPR029058; IPR025483
EHR_i_QTL_chr3_4	EHR	Reproduction	3	28615402	28715402	100.0	1	AX-677449840	28665402	1	BLINK	6.32473619413999	TMOL_9.187.1	Protein deadpan	Protein deadpan-like Protein	IPR011598 (Helix-loop-helix DNA-binding domain); IPR003650 (Hairy Orange); IPR036638
EHR_i_QTL_chr3_5	EHR	Reproduction	3	29804360	29904360	100.0	1	AX-677605730	29854360	1	FarmCPU	5.01694684757651	TMOL_9.94.1, TMOL_9.99.1	Uncharacterized protein, isoform B, Nose resistant-to-fluoxetine protein N-terminal domain-containing protein	Organic cation transporter protein-like Protein, Nose resistant to fluoxetine protein 6-like Protein	IPR010291 (Ion channel regulatory protein UNC-93); IPR036259, IPR002656 (Acyltransferase family); IPR006621 (Nose resistant-to-fluoxetine protein / N-terminal domain)
EHR_i_QTL_chr5_1	EHR	Reproduction	5	8892119	8992119	100.0	1	AX-677003190	8942119	1	FarmCPU	6.08308170437033	TMOL_1.631.1	Uncharacterized protein, isoform F	WH2 domain-containing protein	IPR039895
EHR_i_QTL_chr5_2	EHR	Reproduction	5	14394385	14551299	156.914	3	AX-675983215	14444385	1	MLM	4.9482016295736	TMOL_1.1185.1, TMOL_1.1188.1, TMOL_1.1198.1	Nuclear migration protein nudC, MIP34848p1, Nucleolar GTP-binding protein 2	Nuclear migration protein nudC, SMP-30/Gluconolactonase/LRE-like region domain-containing protein, Nucleolar GTP-binding protein 2	IPR007052 (CS domain); IPR025934 (N-terminal conserved domain of Nudc.); IPR032572 (Nuclear distribution C domain); IPR037898; IPR008978, IPR013658 (SMP-30/Gluconolactonase/LRE-like region); IPR005511 (Senescence marker protein-30 (SMP30) family signature); IPR008367 (Regucalcin signature); IPR011042, IPR024929 (NGP_1); IPR012971 (NGP1NT (NUC091) domain); IPR006073 (50S ribosome-binding GTPase); IPR030378 (Circularly permuted (CP)-type guanine nucleotide-binding (G) domain profile.); IPR027417
EHR_i_QTL_chr5_3	EHR	Reproduction	5	15989560	16090575	101.015	2	AX-676989689	16039560	1	MLM	5.85261454504079	TMOL_1.1324.1	Blistery, isoform A	Uncharacterized protein	IPR033929 (PTB_tensin); IPR035012 (SH2_Tensin_like); IPR013625 (Phosphotyrosine-binding domain); IPR014020 (C2 domain of PTEN tumour-suppressor protein); IPR000980 (SH2 domain)
EHR_i_QTL_chr5_4	EHR	Reproduction	5	16386452	16486452	100.0	1	AX-675031228	16436452	1	BLINK	6.63437360312274	TMOL_1.1352.1	-	-	-
EHR_i_QTL_chr5_5	EHR	Reproduction	5	16949508	17300826	351.318	69	AX-676384541	17090384	3	BLINK, FarmCPU, MLM	15.4615542263502	TMOL_1.1415.1, TMOL_1.1416.1, TMOL_1.1419.1, TMOL_1.1430.1, TMOL_1.1431.1, TMOL_1.1433.1, TMOL_1.1435.1, TMOL_1.1441.1	Probable nuclear hormone receptor HR38, LD22662p, Polypeptide N-acetylgalactosaminyltransferase 35A, EF-hand domain containing 1.2, Protein ELYS homolog, Gustatory receptor for sugar taste 64f, Gustatory receptor for sugar taste 64f, RE30129p	Putative nuclear hormone receptor HR38-like Protein, 5'-AMP-activated protein kinase subunit gamma-2-like Protein, Polypeptide N-acetylgalactosaminyltransferase, EF-hand domain-containing protein 1-like Protein, Protein ELYS, Gustatory receptor, Gustatory receptor, Ras-like protein 3	IPR003070 (Orphan nuclear receptor (4A nuclear receptor) family signature); IPR001628 (Zinc finger / C4 type (two domains)); IPR000536 (Ligand-binding domain of nuclear hormone receptor); IPR001723 (Steroid hormone receptor signature); IPR035500, IPR000644 (CBS domain); IPR046342, IPR045885 (pp-GalNAc-T); IPR001173 (Glycosyl transferase family 2); IPR000772 (Ricin-type beta-trefoil lectin domain); IPR029044; IPR035992, IPR006602 (DM10 domain); IPR040193, IPR032040 (beta-propeller of ELYS nucleoporin); IPR025151 (Nuclear pore complex assembly), IPR009318 (Trehalose receptor), IPR009318 (Trehalose receptor), IPR001806 (Ras family); IPR005225 (small_GTP: small GTP-binding protein domain); IPR027417
EHR_i_QTL_chr5_6	EHR	Reproduction	5	18093401	18193401	100.0	1	AX-675835745	18143401	1	MLM	5.07283191108094	TMOL_1.1522.1	MYND-type zinc finger-containing chromatin reader Zmynd8	Zinc finger MYND domain-containing protein 11-like Protein	IPR047268 (PWWP_BS69); IPR000313 (PWWP domain); IPR001487 (Bromodomain); IPR002893 (Zinc finger MYND-type profile.); IPR047269
EHR_i_QTL_chr5_7	EHR	Reproduction	5	19509693	19612980	103.287	3	AX-678172354	19562980	1	MLM	6.13933838105296	TMOL_1.1680.1	Uncharacterized protein, isoform E	PH domain-containing protein	IPR001849 (PH domain); IPR037370; IPR011993
EHR_i_QTL_chr5_8	EHR	Reproduction	5	20926908	21030587	103.679	4	AX-674703188	20976908	1	MLM	4.88644460306212	TMOL_1.1817.1	Uncharacterized protein, isoform E	Cyclic nucleotide-gated cation channel subunit A-like Protein	IPR000595 (CAP_ED); IPR005821 (Ion transport protein); IPR018488 (Cyclic nucleotide-binding domain signature 1.); IPR018490; IPR014710
EHR_i_QTL_chr5_9	EHR	Reproduction	5	21563301	21867062	303.761	25	AX-676901494	21684902	2	MLM, MLMM	7.52270547683992	TMOL_1.1880.1, TMOL_1.1881.1, TMOL_1.1882.1, TMOL_1.1891.1, TMOL_1.1893.1, TMOL_1.1896.1	T-box protein H15, RE08173p, RE08173p, RE22905p, Smog, isoform D, Homeotic protein spalt-major	T-box protein H15-like Protein, Annulin-like Protein, Hemocyte protein-glutamine gamma-glutamyltransferase-like Protein, ZP domain-containing protein, Putative G-protein coupled receptor CG31760-like Protein, Spalt	IPR046360 (T-box); IPR018186 (T-box domain signature 1.); IPR001699; IPR036960; IPR008967, IPR001102 (Transglutaminase family); IPR002931 (Transglutaminase-like superfamily); IPR008958 (Transglutaminase family / C-terminal ig like domain); IPR023608; IPR036985, IPR001102 (Transglutaminase family); IPR002931 (Transglutaminase-like superfamily); IPR008958 (Transglutaminase family / C-terminal ig like domain); IPR013808 (Transglutaminases active site.); IPR023608, IPR003961 (FN3); IPR013783, IPR017978 (7 transmembrane sweet-taste receptor of 3 GCPR); IPR043458, IPR013087 (Zinc finger / C2H2 type); IPR036236
EHR_i_QTL_chr5_10	EHR	Reproduction	5	22700206	22806536	106.33	3	AX-673840464	22750206	1	MLM	4.90554153255756	TMOL_1.1974.1	MOXD1 homolog 2	MOXD1 homolog 2-like Protein	IPR045266 (DOMON_DOH); IPR024548 (Copper type II ascorbate-dependent monooxygenase / C-terminal domain); IPR000323 (Copper type II ascorbate-dependent monooxygenase / N-terminal domain); IPR028460 (Dopamine-beta-monooxygenase signature); IPR005018 (DOMON domain profile.)
EHR_i_QTL_chr5_11	EHR	Reproduction	5	22931638	23103651	172.013	2	AX-675852748	23053651	1	MLM	5.66939158348944	TMOL_1.1991.1, TMOL_1.1992.1, TMOL_1.2002.1	Hyperkinetic, isoform M, -, Protein partner of snf, isoform B	Voltage-gated potassium channel subunit beta-2-like Protein, -, Death-inducer obliterator 1	IPR005983 (Kv_beta: voltage-dependent potassium channel beta subunit); IPR023210 (Aldo/keto reductase family); IPR005399 (KCNAB voltage-gated K+ channel beta subunit family signature); IPR036812, -, IPR003618 (Transcription factor S-II (TFIIS) / central domain); IPR012921 (SPOC domain); IPR006576 (BRK domain); IPR019787 (PHD-finger); IPR019786 (Zinc finger PHD-type signature.)
EHR_i_QTL_chr5_12	EHR	Reproduction	5	23130582	23697840	567.258	26	AX-673509751	23184884	1	MLM	5.39289833862884	TMOL_1.2011.1, TMOL_1.2014.1, TMOL_1.2021.1, TMOL_1.2022.1, TMOL_1.2023.1, TMOL_1.2033.1, TMOL_1.2043.1, TMOL_1.2046.1, TMOL_1.2049.1	GH28601p, MIP26555p1, FI20146p1, Putative sodium-dependent multivitamin transporter, -, Frizzled, Adenylate kinase 1, isoform B, -, -	C-type lectin domain-containing protein, Alpha-tocopherol transfer protein-like Protein, Putative multidrug resistance-associated protein lethal(2)03659-like Protein, Sodium-dependent multivitamin transporter-like Protein, PEHE domain-containing protein, Frizzled, Adenylate kinase isoenzyme 1-like Protein, Vitellogenin domain-containing protein, Protein NPC2 homolog-like Protein	IPR001304 (Lectin C-type domain); IPR016187; IPR016186, IPR001251 (SEC14); IPR036865; IPR036273; IPR011074, IPR044726 (ABC_6TM_ABCC_D2); IPR003439 (ABC transporter); IPR011527 (ABC transporter transmembrane region); IPR017871 (ABC transporters family signature.); IPR027417, IPR001734 (sss: transporter / solute:sodium symporter (SSS) family); IPR038377, IPR029332 (PEHE domain); IPR026711, IPR000539 (Frizzled/Smoothened family membrane region); IPR020067 (Fz domain); IPR017981 (G-protein coupled receptors family 2 profile 2.); IPR015526; IPR036790, IPR000850 (ADK); IPR033690 (Adenylate kinase signature.); IPR027417, IPR001747 (Lipoprotein amino terminal region); IPR011030; IPR015816; IPR015819, IPR003172 (ML domain); IPR014756; IPR039670
EHR_i_QTL_chr6_1	EHR	Reproduction	6	2645284	2745284	100.0	1	AX-673664015	2695284	2	MLM, ssGBLUP	5.59903763175182	TMOL_4.307.1	LD44813p	RWD domain-containing protein	IPR006575 (RWD domain); IPR016135
EHR_i_QTL_chr7_1	EHR	Reproduction	7	9111374	9211406	100.032	2	AX-675217567	9161406	1	FarmCPU	9.31283446531484	TMOL_1.3145.1	Protein couch potato	Protein couch potato-like Protein	IPR034788 (RRM_cpo); IPR000504 (RNA recognition motif. (a.k.a. RRM / RBD / or RNP domain)); IPR012677; IPR035979
EHR_i_QTL_chr8_1	EHR	Reproduction	8	15451993	15552807	100.814	2	AX-681099452	15501993	2	MLM, ssGBLUP	6.8522852164	TMOL_12.334.1	Collagen alpha chain CG42342	Uncharacterized protein	IPR008160 (Collagen triple helix repeat (20 copies))
EHR_i_QTL_chr8_2	EHR	Reproduction	8	15872897	15972897	100.0	1	AX-681072683	15922897	1	ssGBLUP	7.0223012728	TMOL_12.388.1	PH and SEC7 domain-containing protein	PH and SEC7 domain-containing protein 3-like Protein	IPR000904 (Sec7); IPR041681 (Pleckstrin homology domain); IPR001478 (PDZ domain); IPR001605 (Spectrin pleckstrin homology domain signature); IPR001849 (PH domain profile.)
EHR_i_QTL_chr8_3	EHR	Reproduction	8	15998055	16102095	104.04	3	AX-681115408	16048055	2	MLM, ssGBLUP	6.21357419592348	TMOL_12.399.1, TMOL_12.400.1	-, Mannosyl-oligosaccharide alpha-1,2-mannosidase IA	-, alpha-1,2-Mannosidase	-, IPR001382 (Glycosyl hydrolase family 47); IPR012341; IPR036026
EHR_i_QTL_chr8_4	EHR	Reproduction	8	16624548	16750160	125.612	3	AX-681035628	16675534	1	ssGBLUP	6.5075195659	TMOL_12.465.1, TMOL_12.469.1	Sphingomyelin phosphodiesterase, Mediator of RNA polymerase II transcription subunit 14	Sphingomyelin phosphodiesterase, Mediator of RNA polymerase II transcription subunit 14	IPR041805 (MPP_ASMase); IPR004843 (Calcineurin-like phosphoesterase); IPR045473 (Acid sphingomyelin phosphodiesterase C-terminal region); IPR008139 (Saposin B type domain profile.); IPR011160, IPR013947 (Mediator complex subunit MED14)
EHR_i_QTL_chr8_5	EHR	Reproduction	8	16835331	16936237	100.906	2	AX-681166815	16885331	5	BLINK, FarmCPU, MLM, MLMM, ssGBLUP	15.6626010349492	TMOL_12.478.1	Tusp, isoform F	Tubby C-terminal domain-containing protein	IPR000007 (Tub family); IPR001680 (Trp-Asp (WD) repeats profile.); IPR001496 (SOCS box domain profile.); IPR025659; IPR036322
EHR_i_QTL_chr8_6	EHR	Reproduction	8	17795101	17997197	202.096	3	AX-681197703	17879757	1	ssGBLUP	6.9816475	TMOL_12.579.1, TMOL_12.583.1	Cdc42-interacting protein 4, isoform B, Nuclear hormone receptor FTZ-F1 beta	Formin-binding protein 1-like protein, Hormone receptor in 39-like protein	IPR001060 (Fes/CIP4 / and EFC/F-BAR homology domain); IPR001452 (SH3 domain); IPR011072 (REM-1 domain profile.); IPR031160 (F-BAR domain profile.); IPR027267, IPR000536 (Ligand-binding domain of nuclear hormone receptor); IPR001628 (Zinc finger / C4 type (two domains)); IPR001723 (Steroid hormone receptor signature); IPR016355; IPR035500
EHR_i_QTL_chr8_7	EHR	Reproduction	8	18532823	18632823	100.0	1	AX-681186005	18582823	2	MLM, ssGBLUP	7.1103153231	TMOL_12.647.1	UDP-glucuronosyltransferase	Uncharacterized protein (Fragment)	IPR002213 (UDP-glucoronosyl and UDP-glucosyl transferase); IPR035595 (UDP-glycosyltransferases signature.)
EHR_i_QTL_chr8_8	EHR	Reproduction	8	18671483	18771483	100.0	1	AX-681035330	18721483	1	ssGBLUP	6.1208710632	TMOL_12.657.1	Uncharacterized protein, isoform A	Iporin	IPR004012 (RUN domain); IPR001452 (Src homology 3 (SH3) domain profile.); IPR047343; IPR037213; IPR036028
EHR_i_QTL_chr9_1	EHR	Reproduction	9	16361453	16461453	100.0	1	AX-678747200	16411453	1	ssGBLUP	5.7653910965	TMOL_7.64.1	Dual 3',5'-cyclic-AMP and -GMP phosphodiesterase 11	Phosphodiesterase	IPR002073 (3'5'-cyclic nucleotide phosphodiesterase); IPR023088 (3'5'-cyclic nucleotide phosphodiesterase signature); IPR003018 (GAF domain); IPR003607 (HDc); IPR023174 (3'5'-cyclic nucleotide phosphodiesterase domain signature.)
IMM21_QTL_chr1_1	IMM21	Growth	1	31522674	31623827	101.153	2	AX-674487900	31573827	1	BLINK	7.92068176949556	TMOL_5.1080.1, TMOL_5.1082.1	COP9 signalosome complex subunit 3, FI02004p	COP9 signalosome complex subunit 3-like Protein, Tetratricopeptide repeat protein 27-like Protein	IPR000717 (PCI domain); IPR036390, IPR019734 (Tetratricopeptide repeat); IPR044244; IPR011990
IMM21_QTL_chr1_2	IMM21	Growth	1	38384363	38484363	100.0	1	AX-673593378	38434363	1	MLM	6.71795225557454	TMOL_5.751.1	Krueppel-like factor luna	C2H2-type domain-containing protein	IPR013087 (Zinc finger / C2H2 type); IPR036236
IMM21_QTL_chr1_3	IMM21	Growth	1	41497786	41597786	100.0	1	AX-675211072	41547786	1	MLM	6.39173915285814	TMOL_5.545.1	-	Cohesin subunit SA-1-like Protein	IPR013721 (STAG domain); IPR039662; IPR016024
IMM21_QTL_chr10_1	IMM21	Growth	10	7645409	7745409	100.0	1	AX-674328360	7695409	1	MLM	8.63356858875372	Intergenic	-	-	-
IMM21_QTL_chr10_2	IMM21	Growth	10	10514953	10614953	100.0	1	AX-675544533	10564953	1	MLM	8.16865138848521	Intergenic	-	-	-
IMM21_QTL_chr2_1	IMM21	Growth	2	9397056	9497056	100.0	1	AX-673459139	9447056	1	MLM	7.44442695521488	TMOL_2.1083.1	Rad, Gem/Kir family member 1, isoform B	Uncharacterized protein	IPR001806 (Ras family); IPR021349 (Protein of unknown function (DUF2967)); IPR027417
IMM21_QTL_chr2_2	IMM21	Growth	2	10892218	10992218	100.0	1	AX-678594415	10942218	1	MLM	7.56459336542455	TMOL_2.1189.1	Uncharacterized protein, isoform B	E3 ubiquitin-protein ligase APD1-4 middle domain-containing protein	IPR032010 (Domain of unknown function (DUF4793)); IPR032008 (Domain of unknown function (DUF4792))
IMM21_QTL_chr5_1	IMM21	Growth	5	9462097	9562097	100.0	1	AX-678568751	9512097	1	MLM	6.76367670904137	TMOL_1.714.1	-	CUB domain-containing protein	IPR000859 (CUB); IPR035914
IMM21_QTL_chr7_1	IMM21	Growth	7	7655403	7755403	100.0	1	AX-678373154	7705403	1	MLM	6.84858937368682	TMOL_1.3045.1	FI21449p1	Nose resistant to fluoxetine protein 6-like Protein	IPR006621 (Nose resistant-to-fluoxetine protein / N-terminal domain); IPR002656 (Acyltransferase family)
IMM21_QTL_chr7_2	IMM21	Growth	7	10126097	10226097	100.0	1	AX-678766976	10176097	1	MLM	8.35291540478587	TMOL_1.3218.1	LD27988p	Tyrosine-protein phosphatase non-receptor type 9-like Protein	IPR000242 (Protein-tyrosine phosphatase); IPR001251 (SEC14); IPR000387 (Tyrosine specific protein phosphatases domain profile.); IPR016130 (Tyrosine specific protein phosphatases active site.); IPR029021
IMM21_QTL_chr7_3	IMM21	Growth	7	18456524	18556524	100.0	1	AX-675792110	18506524	1	MLM	8.40584883376838	TMOL_1.3948.1	Uncharacterized protein, isoform C	Vacuolar protein sorting-associated protein 62-like Protein	IPR009291 (Vacuolar protein sorting-associated protein 62)
IMM21_QTL_chr9_1	IMM21	Growth	9	10781297	10881297	100.0	1	AX-674997598	10831297	1	MLM	6.18798836936114	TMOL_7.764.1	Helicase 89B, isoform B	TATA-binding protein-associated factor 172-like Protein	IPR044078 (DEXHc_Mot1); IPR022707 (Domain of unknown function (DUF3535)); IPR000330 (SNF2-related domain); IPR001650 (Helicase conserved C-terminal domain); IPR014001 (Superfamilies 1 and 2 helicase ATP-binding type-1 domain profile.)
IMM21_QTL_chr9_2	IMM21	Growth	9	11778551	11878551	100.0	1	AX-675090422	11828551	1	BLINK	6.46372616455909	TMOL_7.618.1	-	-	IPR013087 (Zinc finger C2H2 type domain profile.); IPR036236
IMM21_QTL_chr9_3	IMM21	Growth	9	14019217	14119217	100.0	1	AX-674000174	14069217	1	BLINK	7.10534895440837	TMOL_7.338.1	Uncharacterized protein, isoform O	Uncharacterized protein	-
IMM21_QTL_chr9_4	IMM21	Growth	9	18170242	18270242	100.0	1	AX-681134352	18220242	1	BLINK	8.00069107031158	TMOL_16.142.1	Long-chain-fatty-acid--CoA ligase	Long-chain-fatty-acid--CoA ligase	IPR045311 (LC-FACS_euk); IPR000873 (AMP-binding enzyme); IPR020845 (Putative AMP-binding domain signature.); IPR042099
IMM35_QTL_chr1_1	IMM35	Growth	1	4479132	4579132	100.0	1	AX-678710986	4529132	1	MLM	7.27608127419848	TMOL_3.1555.1	Tyrosine-protein phosphatase Lar	protein-tyrosine-phosphatase	IPR000242 (Protein-tyrosine phosphatase); IPR003961 (FN3); IPR013098 (Immunoglobulin I-set domain); IPR007110 (Ig-like domain profile.); IPR000387 (Tyrosine specific protein phosphatases domain profile.)
IMM35_QTL_chr1_2	IMM35	Growth	1	31693682	31793682	100.0	1	AX-676920677	31743682	1	MLM	7.41210383830302	TMOL_5.1070.1	Fatty acid synthase 1, isoform C	Fatty acid synthase-like Protein	IPR020841 (Beta-ketoacyl synthase); IPR014043 (Acyl transferase domain); IPR014030 (Beta-ketoacyl synthase / N-terminal domain); IPR013968 (KR domain); IPR014031 (Beta-ketoacyl synthase / C-terminal domain)
IMM35_QTL_chr1_3	IMM35	Growth	1	38384363	38484363	100.0	1	AX-673593378	38434363	1	MLM	9.67051385025866	TMOL_5.751.1	Krueppel-like factor luna	C2H2-type domain-containing protein	IPR013087 (Zinc finger / C2H2 type); IPR036236
IMM35_QTL_chr1_4	IMM35	Growth	1	41497786	41597786	100.0	1	AX-675211072	41547786	1	MLM	8.46495710740725	TMOL_5.545.1	-	Cohesin subunit SA-1-like Protein	IPR013721 (STAG domain); IPR039662; IPR016024
IMM35_QTL_chr10_1	IMM35	Growth	10	7645409	7745409	100.0	1	AX-674328360	7695409	1	MLM	11.3771473598981	Intergenic	-	-	-
IMM35_QTL_chr10_2	IMM35	Growth	10	10514953	10614953	100.0	1	AX-675544533	10564953	1	MLM	14.1311675504543	Intergenic	-	-	-
IMM35_QTL_chr2_1	IMM35	Growth	2	9397056	9497056	100.0	1	AX-673459139	9447056	1	MLM	10.3129160848971	TMOL_2.1083.1	Rad, Gem/Kir family member 1, isoform B	Uncharacterized protein	IPR001806 (Ras family); IPR021349 (Protein of unknown function (DUF2967)); IPR027417
IMM35_QTL_chr2_2	IMM35	Growth	2	10892218	10992218	100.0	1	AX-678594415	10942218	1	MLM	8.65280004085695	TMOL_2.1189.1	Uncharacterized protein, isoform B	E3 ubiquitin-protein ligase APD1-4 middle domain-containing protein	IPR032010 (Domain of unknown function (DUF4793)); IPR032008 (Domain of unknown function (DUF4792))
IMM35_QTL_chr2_3	IMM35	Growth	2	24549354	24649354	100.0	1	AX-673240640	24599354	1	MLM	7.92375312569975	TMOL_2.2180.1	G-protein coupled receptors family 1 profile domain-containing protein	G-protein coupled receptors family 1 profile domain-containing protein	IPR000276 (7 transmembrane receptor (rhodopsin family)); IPR017452 (G-protein coupled receptors family 1 profile.)
IMM35_QTL_chr3_1	IMM35	Growth	3	9526410	9626410	100.0	1	AX-673926244	9576410	1	MLM	8.12909042275541	TMOL_6.867.1	Dumpy, isoform Q	Fibrillin-2-like Protein	IPR001881 (Calcium-binding EGF domain); IPR024731 (EGF domain); IPR000742 (EGF-like domain profile.); IPR001507 (ZP domain profile.); IPR000152 (Aspartic acid and asparagine hydroxylation site.)
IMM35_QTL_chr3_2	IMM35	Growth	3	23608243	23708243	100.0	1	AX-678466448	23658243	1	MLM	7.75631510226889	TMOL_9.616.1	Echinoid, isoform A	Uncharacterized protein	IPR013098 (Immunoglobulin I-set domain); IPR003961 (FN3); IPR007110 (Immunoglobulin domain); IPR013106 (Immunoglobulin V-set domain); IPR036179
IMM35_QTL_chr5_1	IMM35	Growth	5	552465	652465	100.0	1	AX-677968293	602465	1	MLM	9.7811319294881	TMOL_1.25.1	-	Chitin deacetylase 6	-
IMM35_QTL_chr5_2	IMM35	Growth	5	9462097	9562097	100.0	1	AX-678568751	9512097	1	MLM	12.7427102061335	TMOL_1.714.1	-	CUB domain-containing protein	IPR000859 (CUB); IPR035914
IMM35_QTL_chr5_3	IMM35	Growth	5	9811791	9911791	100.0	1	AX-673607926	9861791	1	MLM	11.0743755527192	TMOL_1.758.1	Dipeptidase	Dipeptidase	IPR008257 (rDP_like); IPR000180 (Renal dipeptidase active site.); IPR032466
IMM35_QTL_chr5_4	IMM35	Growth	5	13491179	13591179	100.0	1	AX-674046465	13541179	1	MLM	7.29515331064044	TMOL_1.1071.1	Adenosylhomocysteinase	Adenosylhomocysteinase	IPR000043 (SAHH); IPR001863 (Glypican); IPR015878 (S-adenosyl-L-homocysteine hydrolase / NAD binding domain); IPR020082 (S-adenosyl-L-homocysteine hydrolase signature 2.); IPR042172
IMM35_QTL_chr5_5	IMM35	Growth	5	14446749	14546749	100.0	1	AX-676916478	14496749	1	MLM	9.54350156958449	TMOL_1.1195.1, TMOL_1.1196.1	Regucalcin, isoform D, MIP34848p1	SMP-30/Gluconolactonase/LRE-like region domain-containing protein, SMP-30/Gluconolactonase/LRE-like region domain-containing protein	IPR013658 (SMP-30/Gluconolactonase/LRE-like region); IPR005511 (Senescence marker protein-30 (SMP30) family signature); IPR011042, IPR013658 (SMP-30/Gluconolactonase/LRE-like region); IPR005511 (Senescence marker protein-30 (SMP30) family signature); IPR008367 (Regucalcin signature); IPR011042
IMM35_QTL_chr5_6	IMM35	Growth	5	19358324	19472447	114.123	2	AX-674961783	19422447	1	BLINK	8.88386124086375	TMOL_1.1662.1	-	Serine protease P146	IPR001254 (Tryp_SPc); IPR002172 (Low density lipoprotein (LDL) receptor signature); IPR017448 (Scavenger receptor cysteine-rich domain); IPR000082 (SEA domain); IPR001190 (SRCR domain profile.)
IMM35_QTL_chr6_1	IMM35	Growth	6	3439181	3539181	100.0	1	AX-674970633	3489181	1	MLM	5.70409558084239	TMOL_4.402.1	Kekkon 5, isoform A	Ig-like domain-containing protein	IPR013098 (Immunoglobulin I-set domain); IPR001611 (Leucine rich repeat); IPR007110 (Ig-like domain profile.); IPR032675; IPR013783
IMM35_QTL_chr6_2	IMM35	Growth	6	9946776	10046776	100.0	1	AX-674084630	9996776	1	MLM	7.45233251141534	TMOL_4.1044.1	GH22493p	Eyegone	IPR001523 ('Paired box' domain); IPR001356 (Homeodomain); IPR017970 ('Homeobox' domain signature.); IPR043565; IPR036388
IMM35_QTL_chr7_1	IMM35	Growth	7	1945706	2045706	100.0	1	AX-677661402	1995706	1	MLM	9.41611281382407	TMOL_1.2451.1	Neurogenic protein mastermind	Neurogenic mastermind-like N-terminal domain-containing protein	IPR019082 (MamL-1 domain); IPR046370
IMM35_QTL_chr7_2	IMM35	Growth	7	4292288	4392288	100.0	1	AX-678541684	4342288	1	MLM	7.14395381251665	TMOL_1.2692.1	Canoe, isoform E	Uncharacterized protein	IPR019748 (FERM_B-lobe); IPR001478 (PDZ domain); IPR018980 (FERM C-terminal PH-like domain); IPR019749 (Band 4.1 protein family signature); IPR011019 (KIND domain profile.)
IMM35_QTL_chr7_3	IMM35	Growth	7	5641927	5741927	100.0	1	AX-674186754	5691927	1	MLM	7.98691409571745	TMOL_1.2795.1	Liprin-alpha, isoform E	Liprin-alpha-1-like Protein	IPR029515
IMM35_QTL_chr7_4	IMM35	Growth	7	7655403	7755403	100.0	1	AX-678373154	7705403	1	MLM	8.23209192890688	TMOL_1.3045.1	FI21449p1	Nose resistant to fluoxetine protein 6-like Protein	IPR006621 (Nose resistant-to-fluoxetine protein / N-terminal domain); IPR002656 (Acyltransferase family)
IMM35_QTL_chr7_5	IMM35	Growth	7	10126097	10226097	100.0	1	AX-678766976	10176097	1	MLM	12.6591285773496	TMOL_1.3218.1	LD27988p	Tyrosine-protein phosphatase non-receptor type 9-like Protein	IPR000242 (Protein-tyrosine phosphatase); IPR001251 (SEC14); IPR000387 (Tyrosine specific protein phosphatases domain profile.); IPR016130 (Tyrosine specific protein phosphatases active site.); IPR029021
IMM35_QTL_chr7_6	IMM35	Growth	7	15415218	15515218	100.0	1	AX-678396793	15465218	1	MLM	6.17467710232889	TMOL_1.3757.1	-	Cytokine receptor-like factor 3	IPR003961 (FN3); IPR036116; IPR013783
IMM35_QTL_chr7_7	IMM35	Growth	7	18456524	18556524	100.0	1	AX-675792110	18506524	1	MLM	10.3078695945783	TMOL_1.3948.1	Uncharacterized protein, isoform C	Vacuolar protein sorting-associated protein 62-like Protein	IPR009291 (Vacuolar protein sorting-associated protein 62)
IMM35_QTL_chr8_1	IMM35	Growth	8	6200874	6300874	100.0	1	AX-675992371	6250874	1	MLM	5.92365039701044	TMOL_10.425.1, TMOL_10.426.1	-, -	-, -	-, -
IMM35_QTL_chr9_1	IMM35	Growth	9	3690986	3790986	100.0	1	AX-675302864	3740986	1	MLM	6.62665502511854	TMOL_7.1454.1	-	Uncharacterized protein	IPR002110 (Ankyrin repeats (many copies)); IPR036770; IPR027417
IMM35_QTL_chr9_2	IMM35	Growth	9	10781297	10881297	100.0	1	AX-674997598	10831297	1	MLM	6.83399357025684	TMOL_7.764.1	Helicase 89B, isoform B	TATA-binding protein-associated factor 172-like Protein	IPR044078 (DEXHc_Mot1); IPR022707 (Domain of unknown function (DUF3535)); IPR000330 (SNF2-related domain); IPR001650 (Helicase conserved C-terminal domain); IPR014001 (Superfamilies 1 and 2 helicase ATP-binding type-1 domain profile.)
IMM49_QTL_chr1_1	IMM49	Growth	1	31693682	31793682	100.0	1	AX-676920677	31743682	1	MLM	5.62792163589973	TMOL_5.1070.1	Fatty acid synthase 1, isoform C	Fatty acid synthase-like Protein	IPR020841 (Beta-ketoacyl synthase); IPR014043 (Acyl transferase domain); IPR014030 (Beta-ketoacyl synthase / N-terminal domain); IPR013968 (KR domain); IPR014031 (Beta-ketoacyl synthase / C-terminal domain)
IMM49_QTL_chr1_2	IMM49	Growth	1	38384363	38484363	100.0	1	AX-673593378	38434363	1	MLM	7.25563404908316	TMOL_5.751.1	Krueppel-like factor luna	C2H2-type domain-containing protein	IPR013087 (Zinc finger / C2H2 type); IPR036236
IMM49_QTL_chr1_3	IMM49	Growth	1	41497786	41597786	100.0	1	AX-675211072	41547786	1	MLM	7.18430418220278	TMOL_5.545.1	-	Cohesin subunit SA-1-like Protein	IPR013721 (STAG domain); IPR039662; IPR016024
IMM49_QTL_chr10_1	IMM49	Growth	10	7645409	7745409	100.0	1	AX-674328360	7695409	1	MLM	9.83252016041465	Intergenic	-	-	-
IMM49_QTL_chr10_2	IMM49	Growth	10	10514953	10614953	100.0	1	AX-675544533	10564953	1	MLM	11.3726207114494	Intergenic	-	-	-
IMM49_QTL_chr2_1	IMM49	Growth	2	9397056	9497056	100.0	1	AX-673459139	9447056	1	MLM	7.7755324263779	TMOL_2.1083.1	Rad, Gem/Kir family member 1, isoform B	Uncharacterized protein	IPR001806 (Ras family); IPR021349 (Protein of unknown function (DUF2967)); IPR027417
IMM49_QTL_chr2_2	IMM49	Growth	2	10892218	10992218	100.0	1	AX-678594415	10942218	1	MLM	6.82474527858156	TMOL_2.1189.1	Uncharacterized protein, isoform B	E3 ubiquitin-protein ligase APD1-4 middle domain-containing protein	IPR032010 (Domain of unknown function (DUF4793)); IPR032008 (Domain of unknown function (DUF4792))
IMM49_QTL_chr2_3	IMM49	Growth	2	24549354	24649354	100.0	1	AX-673240640	24599354	1	MLM	7.198451781401	TMOL_2.2180.1	G-protein coupled receptors family 1 profile domain-containing protein	G-protein coupled receptors family 1 profile domain-containing protein	IPR000276 (7 transmembrane receptor (rhodopsin family)); IPR017452 (G-protein coupled receptors family 1 profile.)
IMM49_QTL_chr3_1	IMM49	Growth	3	23608243	23708243	100.0	1	AX-678466448	23658243	1	MLM	6.80445449260505	TMOL_9.616.1	Echinoid, isoform A	Uncharacterized protein	IPR013098 (Immunoglobulin I-set domain); IPR003961 (FN3); IPR007110 (Immunoglobulin domain); IPR013106 (Immunoglobulin V-set domain); IPR036179
IMM49_QTL_chr5_1	IMM49	Growth	5	552465	652465	100.0	1	AX-677968293	602465	1	MLM	7.53075467521713	TMOL_1.25.1	-	Chitin deacetylase 6	-
IMM49_QTL_chr5_2	IMM49	Growth	5	9462097	9562097	100.0	1	AX-678568751	9512097	1	MLM	11.5867975670661	TMOL_1.714.1	-	CUB domain-containing protein	IPR000859 (CUB); IPR035914
IMM49_QTL_chr5_3	IMM49	Growth	5	9811791	9911791	100.0	1	AX-673607926	9861791	1	MLM	7.36983438515456	TMOL_1.758.1	Dipeptidase	Dipeptidase	IPR008257 (rDP_like); IPR000180 (Renal dipeptidase active site.); IPR032466
IMM49_QTL_chr5_4	IMM49	Growth	5	13491179	13591179	100.0	1	AX-674046465	13541179	1	MLM	5.98774712420079	TMOL_1.1071.1	Adenosylhomocysteinase	Adenosylhomocysteinase	IPR000043 (SAHH); IPR001863 (Glypican); IPR015878 (S-adenosyl-L-homocysteine hydrolase / NAD binding domain); IPR020082 (S-adenosyl-L-homocysteine hydrolase signature 2.); IPR042172
IMM49_QTL_chr5_5	IMM49	Growth	5	14446749	14546749	100.0	1	AX-676916478	14496749	1	MLM	6.28950781334871	TMOL_1.1195.1, TMOL_1.1196.1	Regucalcin, isoform D, MIP34848p1	SMP-30/Gluconolactonase/LRE-like region domain-containing protein, SMP-30/Gluconolactonase/LRE-like region domain-containing protein	IPR013658 (SMP-30/Gluconolactonase/LRE-like region); IPR005511 (Senescence marker protein-30 (SMP30) family signature); IPR011042, IPR013658 (SMP-30/Gluconolactonase/LRE-like region); IPR005511 (Senescence marker protein-30 (SMP30) family signature); IPR008367 (Regucalcin signature); IPR011042
IMM49_QTL_chr5_6	IMM49	Growth	5	19354685	19472447	117.762	2	AX-674961783	19422447	1	BLINK	8.43403320036376	TMOL_1.1662.1	-	Serine protease P146	IPR001254 (Tryp_SPc); IPR002172 (Low density lipoprotein (LDL) receptor signature); IPR017448 (Scavenger receptor cysteine-rich domain); IPR000082 (SEA domain); IPR001190 (SRCR domain profile.)
IMM49_QTL_chr6_1	IMM49	Growth	6	9946776	10046776	100.0	1	AX-674084630	9996776	1	MLM	6.2655574429945	TMOL_4.1044.1	GH22493p	Eyegone	IPR001523 ('Paired box' domain); IPR001356 (Homeodomain); IPR017970 ('Homeobox' domain signature.); IPR043565; IPR036388
IMM49_QTL_chr7_1	IMM49	Growth	7	1945706	2045706	100.0	1	AX-677661402	1995706	1	MLM	5.96058027380679	TMOL_1.2451.1	Neurogenic protein mastermind	Neurogenic mastermind-like N-terminal domain-containing protein	IPR019082 (MamL-1 domain); IPR046370
IMM49_QTL_chr7_2	IMM49	Growth	7	4292288	4392288	100.0	1	AX-678541684	4342288	1	MLM	8.05230723720644	TMOL_1.2692.1	Canoe, isoform E	Uncharacterized protein	IPR019748 (FERM_B-lobe); IPR001478 (PDZ domain); IPR018980 (FERM C-terminal PH-like domain); IPR019749 (Band 4.1 protein family signature); IPR011019 (KIND domain profile.)
IMM49_QTL_chr7_3	IMM49	Growth	7	5641927	5741927	100.0	1	AX-674186754	5691927	1	MLM	5.82382588475506	TMOL_1.2795.1	Liprin-alpha, isoform E	Liprin-alpha-1-like Protein	IPR029515
IMM49_QTL_chr7_4	IMM49	Growth	7	7655403	7755403	100.0	1	AX-678373154	7705403	1	MLM	7.25969182291471	TMOL_1.3045.1	FI21449p1	Nose resistant to fluoxetine protein 6-like Protein	IPR006621 (Nose resistant-to-fluoxetine protein / N-terminal domain); IPR002656 (Acyltransferase family)
IMM49_QTL_chr7_5	IMM49	Growth	7	8396349	8496349	100.0	1	AX-677750477	8446349	1	BLINK	7.10280400304445	TMOL_1.3090.1	Toll-like receptor Tollo	Toll-7-like protein	IPR001611 (Leucine rich repeat); IPR000157 (TIR domain); IPR032675; IPR035897; IPR000483
IMM49_QTL_chr7_6	IMM49	Growth	7	10126097	10226097	100.0	1	AX-678766976	10176097	1	MLM	11.0214037925864	TMOL_1.3218.1	LD27988p	Tyrosine-protein phosphatase non-receptor type 9-like Protein	IPR000242 (Protein-tyrosine phosphatase); IPR001251 (SEC14); IPR000387 (Tyrosine specific protein phosphatases domain profile.); IPR016130 (Tyrosine specific protein phosphatases active site.); IPR029021
IMM49_QTL_chr7_7	IMM49	Growth	7	18456524	18556524	100.0	1	AX-675792110	18506524	1	MLM	8.03158850965846	TMOL_1.3948.1	Uncharacterized protein, isoform C	Vacuolar protein sorting-associated protein 62-like Protein	IPR009291 (Vacuolar protein sorting-associated protein 62)
IMM49_QTL_chr9_1	IMM49	Growth	9	3690986	3790986	100.0	1	AX-675302864	3740986	1	MLM	5.6732155068281	TMOL_7.1454.1	-	Uncharacterized protein	IPR002110 (Ankyrin repeats (many copies)); IPR036770; IPR027417
IMM56_QTL_chr1_1	IMM56	Growth	1	4479132	4579132	100.0	1	AX-678710986	4529132	1	MLM	5.76059747644842	TMOL_3.1555.1	Tyrosine-protein phosphatase Lar	protein-tyrosine-phosphatase	IPR000242 (Protein-tyrosine phosphatase); IPR003961 (FN3); IPR013098 (Immunoglobulin I-set domain); IPR007110 (Ig-like domain profile.); IPR000387 (Tyrosine specific protein phosphatases domain profile.)
IMM56_QTL_chr1_2	IMM56	Growth	1	38384363	38484363	100.0	1	AX-673593378	38434363	1	MLM	5.66834790715082	TMOL_5.751.1	Krueppel-like factor luna	C2H2-type domain-containing protein	IPR013087 (Zinc finger / C2H2 type); IPR036236
IMM56_QTL_chr10_1	IMM56	Growth	10	7645409	7745409	100.0	1	AX-674328360	7695409	1	MLM	8.6221153603244	Intergenic	-	-	-
IMM56_QTL_chr10_2	IMM56	Growth	10	10514953	10614953	100.0	1	AX-675544533	10564953	1	MLM	10.1859405816744	Intergenic	-	-	-
IMM56_QTL_chr2_1	IMM56	Growth	2	9397056	9497056	100.0	1	AX-673459139	9447056	1	MLM	6.62766612771652	TMOL_2.1083.1	Rad, Gem/Kir family member 1, isoform B	Uncharacterized protein	IPR001806 (Ras family); IPR021349 (Protein of unknown function (DUF2967)); IPR027417
IMM56_QTL_chr2_2	IMM56	Growth	2	10892218	10992218	100.0	1	AX-678594415	10942218	1	MLM	6.42670406771836	TMOL_2.1189.1	Uncharacterized protein, isoform B	E3 ubiquitin-protein ligase APD1-4 middle domain-containing protein	IPR032010 (Domain of unknown function (DUF4793)); IPR032008 (Domain of unknown function (DUF4792))
IMM56_QTL_chr2_3	IMM56	Growth	2	24549354	24649354	100.0	1	AX-673240640	24599354	1	MLM	5.95291933602771	TMOL_2.2180.1	G-protein coupled receptors family 1 profile domain-containing protein	G-protein coupled receptors family 1 profile domain-containing protein	IPR000276 (7 transmembrane receptor (rhodopsin family)); IPR017452 (G-protein coupled receptors family 1 profile.)
IMM56_QTL_chr3_1	IMM56	Growth	3	23608243	23708243	100.0	1	AX-678466448	23658243	1	MLM	6.76693517903217	TMOL_9.616.1	Echinoid, isoform A	Uncharacterized protein	IPR013098 (Immunoglobulin I-set domain); IPR003961 (FN3); IPR007110 (Immunoglobulin domain); IPR013106 (Immunoglobulin V-set domain); IPR036179
IMM56_QTL_chr5_1	IMM56	Growth	5	552465	652465	100.0	1	AX-677968293	602465	1	MLM	5.52747472108287	TMOL_1.25.1	-	Chitin deacetylase 6	-
IMM56_QTL_chr5_2	IMM56	Growth	5	9462097	9562097	100.0	1	AX-678568751	9512097	1	MLM	8.79669317725812	TMOL_1.714.1	-	CUB domain-containing protein	IPR000859 (CUB); IPR035914
IMM56_QTL_chr5_3	IMM56	Growth	5	9811791	9911791	100.0	1	AX-673607926	9861791	1	MLM	6.22731617839673	TMOL_1.758.1	Dipeptidase	Dipeptidase	IPR008257 (rDP_like); IPR000180 (Renal dipeptidase active site.); IPR032466
IMM56_QTL_chr5_4	IMM56	Growth	5	14446749	14546749	100.0	1	AX-676916478	14496749	1	MLM	5.69290781411754	TMOL_1.1195.1, TMOL_1.1196.1	Regucalcin, isoform D, MIP34848p1	SMP-30/Gluconolactonase/LRE-like region domain-containing protein, SMP-30/Gluconolactonase/LRE-like region domain-containing protein	IPR013658 (SMP-30/Gluconolactonase/LRE-like region); IPR005511 (Senescence marker protein-30 (SMP30) family signature); IPR011042, IPR013658 (SMP-30/Gluconolactonase/LRE-like region); IPR005511 (Senescence marker protein-30 (SMP30) family signature); IPR008367 (Regucalcin signature); IPR011042
IMM56_QTL_chr5_5	IMM56	Growth	5	15432625	15532625	100.0	1	AX-674812318	15482625	1	MLM	6.06070636694292	TMOL_1.1309.1	Probable G-protein coupled receptor Mth-like 10	Putative G-protein coupled receptor Mth-like 3	IPR017981 (G-protein coupled receptors family 2 profile 2.); IPR036272
IMM56_QTL_chr7_1	IMM56	Growth	7	4292288	4392288	100.0	1	AX-678541684	4342288	1	MLM	5.91881949230892	TMOL_1.2692.1	Canoe, isoform E	Uncharacterized protein	IPR019748 (FERM_B-lobe); IPR001478 (PDZ domain); IPR018980 (FERM C-terminal PH-like domain); IPR019749 (Band 4.1 protein family signature); IPR011019 (KIND domain profile.)
IMM56_QTL_chr7_2	IMM56	Growth	7	5641927	5741927	100.0	1	AX-674186754	5691927	1	MLM	5.70804587078964	TMOL_1.2795.1	Liprin-alpha, isoform E	Liprin-alpha-1-like Protein	IPR029515
IMM56_QTL_chr7_3	IMM56	Growth	7	7655403	7755403	100.0	1	AX-678373154	7705403	1	MLM	5.5246771497724	TMOL_1.3045.1	FI21449p1	Nose resistant to fluoxetine protein 6-like Protein	IPR006621 (Nose resistant-to-fluoxetine protein / N-terminal domain); IPR002656 (Acyltransferase family)
IMM56_QTL_chr7_4	IMM56	Growth	7	10126097	10226097	100.0	1	AX-678766976	10176097	1	MLM	9.22773279553931	TMOL_1.3218.1	LD27988p	Tyrosine-protein phosphatase non-receptor type 9-like Protein	IPR000242 (Protein-tyrosine phosphatase); IPR001251 (SEC14); IPR000387 (Tyrosine specific protein phosphatases domain profile.); IPR016130 (Tyrosine specific protein phosphatases active site.); IPR029021
IMM56_QTL_chr7_5	IMM56	Growth	7	18456524	18556524	100.0	1	AX-675792110	18506524	1	MLM	6.39722754657875	TMOL_1.3948.1	Uncharacterized protein, isoform C	Vacuolar protein sorting-associated protein 62-like Protein	IPR009291 (Vacuolar protein sorting-associated protein 62)
IMM63_QTL_chr10_1	IMM63	Growth	10	7645409	7745409	100.0	1	AX-674328360	7695409	1	MLM	7.19280227323073	Intergenic	-	-	-
IMM63_QTL_chr10_2	IMM63	Growth	10	10514953	10614953	100.0	1	AX-675544533	10564953	1	MLM	8.41993490174034	Intergenic	-	-	-
IMM63_QTL_chr7_1	IMM63	Growth	7	10126097	10226097	100.0	1	AX-678766976	10176097	1	MLM	6.96737434712476	TMOL_1.3218.1	LD27988p	Tyrosine-protein phosphatase non-receptor type 9-like Protein	IPR000242 (Protein-tyrosine phosphatase); IPR001251 (SEC14); IPR000387 (Tyrosine specific protein phosphatases domain profile.); IPR016130 (Tyrosine specific protein phosphatases active site.); IPR029021
IMM63_QTL_chr7_2	IMM63	Growth	7	11190755	11290766	100.011	2	AX-675650783	11240766	1	BLINK	7.5438171636585	TMOL_1.3369.1	Cytochrome P450 4c3	Cytochrome P450-like protein	IPR001128 (Cytochrome P450); IPR002401 (E-class P450 group I signature); IPR017972 (Cytochrome P450 cysteine heme-iron ligand signature.); IPR036396
IMM63_QTL_chr8_1	IMM63	Growth	8	7367262	7485778	118.516	2	AX-678142014	7435778	2	BLINK, MLM	7.12751494774543	TMOL_10.517.1, TMOL_10.518.1, TMOL_10.519.1	D12, asparagine--tRNA ligase, -	Uncharacterized protein, asparagine--tRNA ligase, F-box domain-containing protein	IPR005033 (YEATS family); IPR038704, IPR004522 (asnS: asparagine--tRNA ligase); IPR004364 (tRNA synthetases class II (D / K and N)); IPR002312 (Aspartyl-tRNA synthetase signature); IPR004365 (OB-fold nucleic acid binding domain); IPR006195 (Aminoacyl-transfer RNA synthetases class-II family profile.), IPR032675
PW_QTL_chr1_1	PW	Growth	1	5485083	5585083	100.0	1	AX-676433889	5535083	1	ssGBLUP	5.9046198244	TMOL_3.1412.1	Cubilin homolog	Cubilin-like Protein	IPR000859 (CUB); IPR001304 (Lectin C-type domain); IPR000742 (EGF-like domain profile.); IPR016186; IPR016187
PW_QTL_chr1_2	PW	Growth	1	32289888	32391003	101.115	2	AX-675900205	32341003	1	FarmCPU	16.9331918024473	TMOL_5.1023.1	Transducer of ERBB2, isoform A	Protein BTG3-like Protein	IPR002087 (BTG family); IPR033332; IPR036054
PW_QTL_chr1_3	PW	Growth	1	43402100	43502100	100.0	1	AX-677452062	43452100	1	FarmCPU	5.98298881032145	TMOL_5.423.1	Smooth, isoform T	Heterogeneous nuclear ribonucleoprotein L-like Protein	IPR021790 (RRM-like domain); IPR000504 (Eukaryotic RNA Recognition Motif (RRM) profile.); IPR012677; IPR035979
PW_QTL_chr2_1	PW	Growth	2	2123520	2241791	118.271	3	AX-673693612	2174410	1	FarmCPU	14.4831195176719	TMOL_2.303.1	Uncharacterized protein, isoform F	Uncharacterized protein	IPR000949 (ELM2 domain); IPR013087 (Zinc finger / C2H2 type); IPR001005 (Myb-like DNA-binding domain); IPR017884 (SANT domain profile.); IPR036236
PW_QTL_chr3_1	PW	Growth	3	509800	609800	100.0	1	AX-675664994	559800	1	FarmCPU	5.57914404075947	TMOL_6.89.1	Uncharacterized protein, isoform C	Rho guanine nucleotide exchange factor 10-like Protein	IPR000219 (RhoGEF); IPR039919; IPR035899; IPR011993; IPR011047
PW_QTL_chr3_2	PW	Growth	3	4443460	4543460	100.0	1	AX-676074851	4493460	1	FarmCPU	5.60819756092081	TMOL_6.512.1	HL01062p	Facilitated trehalose transporter Tret1-2 homolog-like Protein	IPR044775 (MFS_GLUT6_8_Class3_like); IPR005828 (Sugar (and other) transporter); IPR003663 (Sugar transporter signature); IPR020846 (Major facilitator superfamily (MFS) profile.); IPR005829 (Sugar transport proteins signature 2.)
PW_QTL_chr3_3	PW	Growth	3	15879019	16028680	149.661	2	AX-673647911	15929019	1	FarmCPU	14.0898590384082	TMOL_6.1334.1	Ecdysone receptor	Ecdysone receptor	IPR041889 (NR_LBD_EcR); IPR003069 (Ecdysteroid receptor (1H nuclear receptor) signature); IPR001628 (Zinc finger / C4 type (two domains)); IPR000536 (Ligand-binding domain of nuclear hormone receptor); IPR001723 (Steroid hormone receptor signature)
PW_QTL_chr4_1	PW	Growth	4	23961812	24061812	100.0	1	AX-681270784	24011812	1	FarmCPU	6.05023911918511	TMOL_14.72.1	-	Zinc finger protein 142-like Protein	IPR012934 (Zinc-finger associated domain (zf-AD)); IPR013087 (Zinc finger / C2H2 type); IPR036236
PW_QTL_chr5_1	PW	Growth	5	11108296	11208296	100.0	1	AX-675307400	11158296	1	FarmCPU	5.52717021867768	TMOL_1.889.1	-	Uncharacterized protein	-
PW_QTL_chr5_2	PW	Growth	5	13578868	13678868	100.0	1	AX-674553658	13628868	1	ssGBLUP	5.8316148599	TMOL_1.1080.1	Pair-rule protein odd-paired	Odd-paired protein	IPR041643 (Zic proteins zinc finger domain); IPR013087 (Zinc finger / C2H2 type); IPR036236
PW_QTL_chr6_1	PW	Growth	6	1702192	1802192	100.0	1	AX-677171713	1752192	1	FarmCPU	5.79413840249899	TMOL_4.171.1, TMOL_4.172.1	-, Uncharacterized protein	Uncharacterized protein, Uncharacterized protein	-, -
PW_QTL_chr6_2	PW	Growth	6	5593419	5793423	200.004	5	AX-678048964	5743423	1	FarmCPU	9.9937524293728	TMOL_4.627.1, TMOL_4.630.1	RE24765p, Beadex, isoform D	Partial AB-hydrolase lipase domain-containing protein, Rhombotin-1-like Protein	IPR000073 (alpha/beta hydrolase fold); IPR029058; IPR025483, IPR001781 (LIM domain)
PW_QTL_chr6_3	PW	Growth	6	12662049	12762049	100.0	1	AX-677427528	12712049	1	FarmCPU	5.85038123781814	TMOL_4.1253.1	Radish, isoform I	Rap-GAP domain-containing protein	IPR000331 (Rap/ran-GAP); IPR000210 (BTB/POZ domain); IPR035974; IPR011333
PW_QTL_chr6_4	PW	Growth	6	14453980	14553980	100.0	1	AX-673731667	14503980	1	FarmCPU	5.60497035369596	TMOL_4.1414.1	Delta-like protein	EGF-like domain-containing protein	IPR001774 (Delta serrate ligand); IPR002049 (Laminin EGF domain); IPR000742 (EGF-like domain profile.); IPR001881
PW_QTL_chr7_1	PW	Growth	7	351021	455468	104.447	2	AX-675086483	401021	1	ssGBLUP	8.3629340844	TMOL_1.2332.1	-	JmjC domain-containing protein	-
PW_QTL_chr7_2	PW	Growth	7	3774918	3874918	100.0	1	AX-678738422	3824918	1	FarmCPU	6.5236129821337	TMOL_1.2642.1	Tomosyn, isoform C	Lethal(2) giant larvae protein-like Protein	IPR013577 (LLGL2); IPR000664 (Lethal(2) giant larvae protein signature); IPR042855 (v-SNARE coiled-coil homology domain profile.); IPR036322; IPR015943
PW_QTL_chr7_3	PW	Growth	7	6343009	6443009	100.0	1	AX-678038090	6393009	1	ssGBLUP	6.1065872894	TMOL_1.2910.1	LP11750p	Transmembrane protease serine 9-like Protein	IPR001254 (Tryp_SPc); IPR001314 (Chymotrypsin serine protease family (S1) signature); IPR018114 (Serine proteases / trypsin family / histidine active site.); IPR033116 (Serine proteases / trypsin family / serine active site.); IPR009003
PW_QTL_chr7_4	PW	Growth	7	7248968	7348968	100.0	1	AX-678297519	7298968	1	ssGBLUP	6.1751739735	TMOL_1.2981.1	-	Lipoma HMGIC fusion partner homolog-like Protein	IPR019372 (Lipoma HMGIC fusion partner-like protein)
PW_QTL_chr7_5	PW	Growth	7	7544287	7644287	100.0	1	AX-678124394	7594287	1	FarmCPU	6.38559887849628	TMOL_1.3022.1	Splicing factor 3A subunit 3	Splicing factor 3A subunit 3-like Protein	IPR024598 (SF3a60/Prp9 C-terminal); IPR025086 (Replication stress response SDE2 C-terminal); IPR031774 (Pre-mRNA-splicing factor SF3A3 / of SF3a complex / Prp9); IPR021966 (Splicing factor SF3a60 binding domain); IPR000690 (Zinc finger matrin-type profile.)
PW_QTL_chr8_1	PW	Growth	8	2168732	2352346	183.614	5	AX-676803665	2302346	1	FarmCPU	11.7446147205008	TMOL_10.101.1, TMOL_10.104.1, TMOL_10.105.1, TMOL_10.109.1	Lipase, Lipase, Lipase, GH09980p	Lipase, Lipase, Lipase, ZP domain-containing protein	IPR006693 (Partial alpha/beta-hydrolase lipase region); IPR000073 (alpha/beta hydrolase fold); IPR029058, IPR006693 (Partial alpha/beta-hydrolase lipase region); IPR029058; IPR025483, IPR006693 (Partial alpha/beta-hydrolase lipase region); IPR029058; IPR025483, IPR001507 (Zona pellucida-like domain)
PW_QTL_chr8_2	PW	Growth	8	3080247	3180247	100.0	1	AX-677561151	3130247	1	ssGBLUP	6.0575551653	TMOL_10.210.1	Bruno 1, isoform B	CUGBP Elav-like family member 4	IPR000504 (RNA recognition motif. (a.k.a. RRM / RBD / or RNP domain)); IPR035979; IPR012677
PW_QTL_chr8_3	PW	Growth	8	8298374	8398374	100.0	1	AX-678508909	8348374	1	FarmCPU	6.91600485869029	TMOL_10.577.1	Odorant receptor 2a	Uncharacterized protein	IPR004117 (7tm Odorant receptor)
PW_QTL_chr8_4	PW	Growth	8	16424968	16524968	100.0	1	AX-681259870	16474968	1	ssGBLUP	5.9810564201	TMOL_12.431.1	Voltage-dependent calcium channel type A subunit alpha-1	Voltage-dependent calcium channel type A subunit alpha-1-like Protein	IPR005821 (Ion transport protein); IPR002077 (Calcium channel signature); IPR014873 (Voltage gated calcium channel IQ domain); IPR031649 (Voltage-dependent L-type calcium channel / IQ-associated); IPR002048 (EF-hand calcium-binding domain profile.)
PW_QTL_chr9_1	PW	Growth	9	9111511	9211511	100.0	1	AX-678526720	9161511	1	FarmCPU	6.60355406987187	TMOL_7.1000.1	Allatostatin double C, isoform C	Allatostatin CC	-
PW_QTL_chr9_2	PW	Growth	9	9889572	9990011	100.439	2	AX-678417113	9939572	1	ssGBLUP	7.0069800232	TMOL_7.902.1	Beta1,4-N-acetylgalactosaminyltransferase A	Beta-1,4-N-acetylgalactosaminyltransferase	IPR027995 (N-terminal region of glycosyl transferase group 7); IPR003859 (Beta-1 / 4-galactosyltransferase family signature); IPR027791 (N-terminal domain of galactosyltransferase); IPR029044
TELC_i_QTL_chr2_1	TELC	Reproduction	2	3775091	3881964	106.873	2	AX-674718144	3831964	1	FarmCPU	9.05055539417883	TMOL_2.496.1, TMOL_2.498.1	Cytochrome P450 4c3, Putative gustatory receptor 28b	Cytochrome P450-like protein, Gustatory receptor	IPR001128 (Cytochrome P450); IPR002401 (E-class P450 group I signature); IPR017972 (Cytochrome P450 cysteine heme-iron ligand signature.); IPR036396, IPR013604 (7tm Chemosensory receptor)
TELC_i_QTL_chr2_2	TELC	Reproduction	2	23779832	23918844	139.012	2	AX-677790294	23868844	1	FarmCPU	9.93236730605489	TMOL_2.2114.1	Patj homolog	PDZ domain-containing protein	IPR001478 (PDZ domain); IPR036034
TELC_i_QTL_chr4_1	TELC	Reproduction	4	4559455	4681677	122.222	2	AX-681248106	4631677	1	FarmCPU	7.76257007053839	TMOL_11.522.1, TMOL_11.526.1	RE36204p, Glucose-methanol-choline oxidoreductase N-terminal domain-containing protein	Glucose dehydrogenase [FAD, quinone]-like Protein, Glucose dehydrogenase [FAD, quinone]-like Protein	IPR000172 (GMC oxidoreductase); IPR007867 (GMC oxidoreductase); IPR012132; IPR036188, IPR000172 (GMC oxidoreductase); IPR007867 (GMC oxidoreductase); IPR012132; IPR036188
