QTL_ID	SNP	Trait_raw	Trait	family	chromosome	POS	window_start	window_end	n_models_significant	methods_found	Genes	Consequence	Amino acid substitution	Function (DMEL)	Function (TCAS)	InterPro
AW_QTL_chr1_1	AX-673602318	AW	AW	Growth	1	1308930	1258930	1358930	1	FarmCPU	TMOL_3.1904.1	missense_variant	p.Ser251Pro	Palmitoyltransferase	Palmitoyltransferase	IPR001594 (DHHC palmitoyltransferase)
AW_QTL_chr1_2	AX-677669668	AW	AW	Growth	1	2579594	2529594	2629594	1	FarmCPU	TMOL_3.1759.1	intergenic_region	-	BTB/POZ domain-containing protein Tiwaz	BTB/POZ domain-containing protein kctd15-like Protein	IPR003131 (BTB/POZ domain); IPR011333; IPR000210
AW_QTL_chr1_2	AX-675704099	AW	AW	Growth	1	2601389	2551389	2651389	1	FarmCPU	TMOL_3.1759.1	intergenic_region	-	BTB/POZ domain-containing protein Tiwaz	BTB/POZ domain-containing protein kctd15-like Protein	IPR003131 (BTB/POZ domain); IPR011333; IPR000210
AW_QTL_chr1_2	AX-674017792	AW	AW	Growth	1	2645209	2595209	2695209	2	BLINK, FarmCPU	TMOL_3.1756.1, TMOL_3.1754.1	intron_variant, intron_variant	-, -	-, Discoidin domain receptor, isoform F	-, Tyrosine-protein kinase Abl-like Protein	-, IPR001245 (Protein tyrosine and serine/threonine kinase); IPR000421 (FA58C); IPR000719 (Protein kinase domain profile.); IPR008266 (Tyrosine protein kinases specific active-site signature.); IPR020635
AW_QTL_chr1_2	AX-674588784	AW	AW	Growth	1	2646764	2596764	2696764	1	FarmCPU	TMOL_3.1756.1, TMOL_3.1754.1	intron_variant, intron_variant	-, -	-, Discoidin domain receptor, isoform F	-, Tyrosine-protein kinase Abl-like Protein	-, IPR001245 (Protein tyrosine and serine/threonine kinase); IPR000421 (FA58C); IPR000719 (Protein kinase domain profile.); IPR008266 (Tyrosine protein kinases specific active-site signature.); IPR020635
AW_QTL_chr1_3	AX-674687618	AW	AW	Growth	1	7170853	7120853	7220853	2	BLINK, FarmCPU	TMOL_3.1282.1	synonymous_variant	-	Choline transporter-like 1	Choline transporter-like protein	IPR007603 (Plasma-membrane choline transporter)
AW_QTL_chr1_4	AX-673700059	AW	AW	Growth	1	23246794	23196794	23296794	1	BLINK	TMOL_3.154.1	intron_variant	-	CG13189 protein	Zinc transporter ZIP11-like Protein	IPR003689 (ZIP Zinc transporter)
AW_QTL_chr1_5	AX-677919530	AW	AW	Growth	1	23608754	23558754	23658754	1	FarmCPU	TMOL_3.143.1	intron_variant	-	LP14331p	Multidrug resistance protein homolog 49-like Protein	IPR011527 (ABC transporter transmembrane region); IPR003439 (ABC transporter); IPR017871 (ABC transporters family signature.); IPR027417; IPR036640
AW_QTL_chr1_5	AX-675995439	AW	AW	Growth	1	23616083	23566083	23666083	1	FarmCPU	TMOL_3.143.1	missense_variant	p.Phe855Tyr	LP14331p	Multidrug resistance protein homolog 49-like Protein	IPR011527 (ABC transporter transmembrane region); IPR003439 (ABC transporter); IPR017871 (ABC transporters family signature.); IPR027417; IPR036640
AW_QTL_chr1_6	AX-673993778	AW	AW	Growth	1	34827313	34777313	34877313	1	BLINK	TMOL_5.923.1	intron_variant	-	Uncharacterized protein, isoform E	Irregular chiasm C-roughest protein-like Protein	IPR013162 (CD80-like C2-set immunoglobulin domain); IPR007110 (Ig-like domain profile.); IPR013783; IPR036179; IPR003598
AW_QTL_chr1_6	AX-677898904	AW	AW	Growth	1	34830021	34780021	34880021	1	BLINK	TMOL_5.923.1	intron_variant	-	Uncharacterized protein, isoform E	Irregular chiasm C-roughest protein-like Protein	IPR013162 (CD80-like C2-set immunoglobulin domain); IPR007110 (Ig-like domain profile.); IPR013783; IPR036179; IPR003598
AW_QTL_chr1_7	AX-677491652	AW	AW	Growth	1	35226701	35176701	35276701	1	FarmCPU	TMOL_5.915.1	intron_variant	-	Sticks and stones, isoform B	Nephrin-like Protein	IPR003961 (FN3); IPR013162 (CD80-like C2-set immunoglobulin domain); IPR013098 (Immunoglobulin I-set domain); IPR007110 (Immunoglobulin domain); IPR003006 (Immunoglobulins and major histocompatibility complex proteins signature.)
AW_QTL_chr2_1	AX-675400238	AW	AW	Growth	2	1618802	1568802	1668802	1	FarmCPU	TMOL_2.230.1	intron_variant	-	Putative transcription factor SOX-15	HMG box domain-containing protein	IPR009071 (HMG (high mobility group) box); IPR021934 (Sox C-terminal domain profile.); IPR036910
AW_QTL_chr2_2	AX-676870526	AW	AW	Growth	2	2080586	2030586	2130586	1	FarmCPU	TMOL_2.301.1	intron_variant	-	NADPH oxidase, isoform C	NADPH oxidase 5	IPR003226 (Uncharacterised protein family (UPF0160)); IPR013130 (Ferric reductase like transmembrane component); IPR013112 (FAD-binding domain); IPR002048 (EFh); IPR017927 (Ferredoxin reductase-type FAD binding domain profile.)
AW_QTL_chr2_2	AX-677978952	AW	AW	Growth	2	2153122	2103122	2203122	1	FarmCPU	TMOL_2.303.1	intron_variant	-	Uncharacterized protein, isoform F	Uncharacterized protein	IPR000949 (ELM2 domain); IPR013087 (Zinc finger / C2H2 type); IPR001005 (Myb-like DNA-binding domain); IPR017884 (SANT domain profile.); IPR036236
AW_QTL_chr2_2	AX-678590131	AW	AW	Growth	2	2174178	2124178	2224178	1	FarmCPU	TMOL_2.303.1	intron_variant	-	Uncharacterized protein, isoform F	Uncharacterized protein	IPR000949 (ELM2 domain); IPR013087 (Zinc finger / C2H2 type); IPR001005 (Myb-like DNA-binding domain); IPR017884 (SANT domain profile.); IPR036236
AW_QTL_chr2_2	AX-673693612	AW	AW	Growth	2	2174410	2124410	2224410	1	FarmCPU	TMOL_2.303.1	intron_variant	-	Uncharacterized protein, isoform F	Uncharacterized protein	IPR000949 (ELM2 domain); IPR013087 (Zinc finger / C2H2 type); IPR001005 (Myb-like DNA-binding domain); IPR017884 (SANT domain profile.); IPR036236
AW_QTL_chr2_2	AX-674276336	AW	AW	Growth	2	2191791	2141791	2241791	1	FarmCPU	TMOL_2.303.1	intron_variant	-	Uncharacterized protein, isoform F	Uncharacterized protein	IPR000949 (ELM2 domain); IPR013087 (Zinc finger / C2H2 type); IPR001005 (Myb-like DNA-binding domain); IPR017884 (SANT domain profile.); IPR036236
AW_QTL_chr2_3	AX-676506517	AW	AW	Growth	2	2312371	2262371	2362371	1	BLINK	TMOL_2.312.1	intron_variant	-	-	RZZ complex subunit KNTC1/ROD C-terminal domain-containing protein	IPR019527 (Rough deal protein C-terminal region)
AW_QTL_chr2_4	AX-675461836	AW	AW	Growth	2	5038231	4988231	5088231	1	BLINK	TMOL_2.634.1	upstream_gene_variant	-	-	MADF domain-containing protein	IPR006578 (Alcohol dehydrogenase transcription factor Myb/SANT-like)
AW_QTL_chr2_5	AX-678026978	AW	AW	Growth	2	6671193	6621193	6721193	1	BLINK	TMOL_2.811.1	intron_variant	-	Papilin	Papilin-like Protein	IPR010294 (ADAM-TS Spacer 1); IPR002223 (Kunitz/Bovine pancreatic trypsin inhibitor domain); IPR013273 (ADAM-TS family signature); IPR013098 (Immunoglobulin I-set domain); IPR010909 (PLAC (protease and lacunin) domain)
AW_QTL_chr2_6	AX-678434285	AW	AW	Growth	2	7674222	7624222	7724222	1	FarmCPU	TMOL_2.916.1	missense_variant	p.Asp204Val	-	Adenylate kinase 7-like Protein	IPR047499 (DD_AK7); IPR007858 (Dpy-30 motif); IPR003959 (ATPase family associated with various cellular activities (AAA)); IPR027417; IPR036291
AW_QTL_chr2_7	AX-676001392	AW	AW	Growth	2	9381364	9331364	9431364	1	BLINK	TMOL_2.1083.1	intergenic_region	-	Rad, Gem/Kir family member 1, isoform B	Uncharacterized protein	IPR001806 (Ras family); IPR021349 (Protein of unknown function (DUF2967)); IPR027417
AW_QTL_chr2_7	AX-677070415	AW	AW	Growth	2	9382807	9332807	9432807	1	BLINK	TMOL_2.1083.1	intergenic_region	-	Rad, Gem/Kir family member 1, isoform B	Uncharacterized protein	IPR001806 (Ras family); IPR021349 (Protein of unknown function (DUF2967)); IPR027417
AW_QTL_chr2_8	AX-674537129	AW	AW	Growth	2	10269623	10219623	10319623	1	BLINK	TMOL_2.1123.1	missense_variant	p.Ile102Asn	LD34542p	Inositol monophosphatase 3-like Protein	IPR000760 (Inositol monophosphatase family); IPR020550 (Inositol monophosphatase family signature 2.); IPR020583 (Inositol monophosphatase family signature 1.)
AW_QTL_chr2_8	AX-678644510	AW	AW	Growth	2	10275420	10225420	10325420	1	BLINK	TMOL_2.1125.1	missense_variant	p.Ile246Lys	Actin-related protein 6	Actin-related protein 6-like Protein	IPR004000 (Actin); IPR043129
AW_QTL_chr2_9	AX-675317679	AW	AW	Growth	2	12765316	12715316	12815316	1	FarmCPU	TMOL_2.1321.1	intron_variant	-	Defective proboscis extension response 13, isoform B	Ig-like domain-containing protein	IPR013106 (Immunoglobulin V-set domain); IPR007110 (Ig-like domain profile.); IPR037448; IPR013783; IPR036179
AW_QTL_chr2_10	AX-674015119	AW	AW	Growth	2	20232528	20182528	20282528	1	FarmCPU	TMOL_2.1894.1	intron_variant	-	Sidestep VI, isoform B	Nephrin-like Protein	IPR013162 (CD80-like C2-set immunoglobulin domain); IPR003961 (FN3); IPR007110 (Ig-like domain profile.); IPR013783; IPR036179
AW_QTL_chr2_10	AX-676122791	AW	AW	Growth	2	20291303	20241303	20341303	1	FarmCPU	TMOL_2.1894.1	intron_variant	-	Sidestep VI, isoform B	Nephrin-like Protein	IPR013162 (CD80-like C2-set immunoglobulin domain); IPR003961 (FN3); IPR007110 (Ig-like domain profile.); IPR013783; IPR036179
AW_QTL_chr2_10	AX-677340512	AW	AW	Growth	2	20299863	20249863	20349863	1	FarmCPU	TMOL_2.1894.1	intron_variant	-	Sidestep VI, isoform B	Nephrin-like Protein	IPR013162 (CD80-like C2-set immunoglobulin domain); IPR003961 (FN3); IPR007110 (Ig-like domain profile.); IPR013783; IPR036179
AW_QTL_chr2_10	AX-674733939	AW	AW	Growth	2	20300554	20250554	20350554	1	FarmCPU	TMOL_2.1894.1	intron_variant	-	Sidestep VI, isoform B	Nephrin-like Protein	IPR013162 (CD80-like C2-set immunoglobulin domain); IPR003961 (FN3); IPR007110 (Ig-like domain profile.); IPR013783; IPR036179
AW_QTL_chr2_10	AX-675272000	AW	AW	Growth	2	20303162	20253162	20353162	1	FarmCPU	TMOL_2.1894.1	intron_variant	-	Sidestep VI, isoform B	Nephrin-like Protein	IPR013162 (CD80-like C2-set immunoglobulin domain); IPR003961 (FN3); IPR007110 (Ig-like domain profile.); IPR013783; IPR036179
AW_QTL_chr2_10	AX-673974761	AW	AW	Growth	2	20307809	20257809	20357809	1	FarmCPU	TMOL_2.1894.1	intron_variant	-	Sidestep VI, isoform B	Nephrin-like Protein	IPR013162 (CD80-like C2-set immunoglobulin domain); IPR003961 (FN3); IPR007110 (Ig-like domain profile.); IPR013783; IPR036179
AW_QTL_chr2_10	AX-678754370	AW	AW	Growth	2	20347401	20297401	20397401	1	FarmCPU	TMOL_2.1894.1	intron_variant	-	Sidestep VI, isoform B	Nephrin-like Protein	IPR013162 (CD80-like C2-set immunoglobulin domain); IPR003961 (FN3); IPR007110 (Ig-like domain profile.); IPR013783; IPR036179
AW_QTL_chr2_10	AX-678661039	AW	AW	Growth	2	20348234	20298234	20398234	1	FarmCPU	TMOL_2.1894.1	intron_variant	-	Sidestep VI, isoform B	Nephrin-like Protein	IPR013162 (CD80-like C2-set immunoglobulin domain); IPR003961 (FN3); IPR007110 (Ig-like domain profile.); IPR013783; IPR036179
AW_QTL_chr2_10	AX-678180907	AW	AW	Growth	2	20348798	20298798	20398798	1	FarmCPU	TMOL_2.1894.1	intron_variant	-	Sidestep VI, isoform B	Nephrin-like Protein	IPR013162 (CD80-like C2-set immunoglobulin domain); IPR003961 (FN3); IPR007110 (Ig-like domain profile.); IPR013783; IPR036179
AW_QTL_chr2_10	AX-673767214	AW	AW	Growth	2	20351805	20301805	20401805	1	FarmCPU	TMOL_2.1894.1	intron_variant	-	Sidestep VI, isoform B	Nephrin-like Protein	IPR013162 (CD80-like C2-set immunoglobulin domain); IPR003961 (FN3); IPR007110 (Ig-like domain profile.); IPR013783; IPR036179
AW_QTL_chr2_10	AX-674157297	AW	AW	Growth	2	20351905	20301905	20401905	1	FarmCPU	TMOL_2.1894.1	intron_variant	-	Sidestep VI, isoform B	Nephrin-like Protein	IPR013162 (CD80-like C2-set immunoglobulin domain); IPR003961 (FN3); IPR007110 (Ig-like domain profile.); IPR013783; IPR036179
AW_QTL_chr2_10	AX-674596571	AW	AW	Growth	2	20351909	20301909	20401909	1	FarmCPU	TMOL_2.1894.1	intron_variant	-	Sidestep VI, isoform B	Nephrin-like Protein	IPR013162 (CD80-like C2-set immunoglobulin domain); IPR003961 (FN3); IPR007110 (Ig-like domain profile.); IPR013783; IPR036179
AW_QTL_chr2_10	AX-677376452	AW	AW	Growth	2	20363114	20313114	20413114	1	FarmCPU	TMOL_2.1894.1	intron_variant	-	Sidestep VI, isoform B	Nephrin-like Protein	IPR013162 (CD80-like C2-set immunoglobulin domain); IPR003961 (FN3); IPR007110 (Ig-like domain profile.); IPR013783; IPR036179
AW_QTL_chr2_10	AX-673691707	AW	AW	Growth	2	20373949	20323949	20423949	1	FarmCPU	TMOL_2.1894.1	intron_variant	-	Sidestep VI, isoform B	Nephrin-like Protein	IPR013162 (CD80-like C2-set immunoglobulin domain); IPR003961 (FN3); IPR007110 (Ig-like domain profile.); IPR013783; IPR036179
AW_QTL_chr2_10	AX-677353464	AW	AW	Growth	2	20379449	20329449	20429449	1	FarmCPU	TMOL_2.1894.1	intron_variant	-	Sidestep VI, isoform B	Nephrin-like Protein	IPR013162 (CD80-like C2-set immunoglobulin domain); IPR003961 (FN3); IPR007110 (Ig-like domain profile.); IPR013783; IPR036179
AW_QTL_chr2_10	AX-676178370	AW	AW	Growth	2	20380953	20330953	20430953	1	FarmCPU	TMOL_2.1894.1	intron_variant	-	Sidestep VI, isoform B	Nephrin-like Protein	IPR013162 (CD80-like C2-set immunoglobulin domain); IPR003961 (FN3); IPR007110 (Ig-like domain profile.); IPR013783; IPR036179
AW_QTL_chr2_10	AX-674069671	AW	AW	Growth	2	20384540	20334540	20434540	1	FarmCPU	TMOL_2.1894.1	intron_variant	-	Sidestep VI, isoform B	Nephrin-like Protein	IPR013162 (CD80-like C2-set immunoglobulin domain); IPR003961 (FN3); IPR007110 (Ig-like domain profile.); IPR013783; IPR036179
AW_QTL_chr2_10	AX-675229765	AW	AW	Growth	2	20384632	20334632	20434632	1	FarmCPU	TMOL_2.1894.1	intron_variant	-	Sidestep VI, isoform B	Nephrin-like Protein	IPR013162 (CD80-like C2-set immunoglobulin domain); IPR003961 (FN3); IPR007110 (Ig-like domain profile.); IPR013783; IPR036179
AW_QTL_chr2_10	AX-674335665	AW	AW	Growth	2	20395646	20345646	20445646	1	FarmCPU	TMOL_2.1894.1	intron_variant	-	Sidestep VI, isoform B	Nephrin-like Protein	IPR013162 (CD80-like C2-set immunoglobulin domain); IPR003961 (FN3); IPR007110 (Ig-like domain profile.); IPR013783; IPR036179
AW_QTL_chr2_11	AX-677394445	AW	AW	Growth	2	23864318	23814318	23914318	1	BLINK	TMOL_2.2114.1	intron_variant	-	Patj homolog	PDZ domain-containing protein	IPR001478 (PDZ domain); IPR036034
AW_QTL_chr2_11	AX-676525961	AW	AW	Growth	2	23867420	23817420	23917420	1	BLINK	TMOL_2.2114.1	intron_variant	-	Patj homolog	PDZ domain-containing protein	IPR001478 (PDZ domain); IPR036034
AW_QTL_chr2_12	AX-674295563	AW	AW	Growth	2	24101539	24051539	24151539	1	BLINK	TMOL_2.2114.1	intergenic_region	-	Patj homolog	PDZ domain-containing protein	IPR001478 (PDZ domain); IPR036034
AW_QTL_chr2_12	AX-674905764	AW	AW	Growth	2	24140028	24090028	24190028	1	BLINK	TMOL_2.2124.1	synonymous_variant	-	-	-	IPR025974 (Mif2/CENP-C like); IPR014710
AW_QTL_chr3_1	AX-678814180	AW	AW	Growth	3	1277137	1227137	1327137	1	BLINK	TMOL_6.156.1	missense_variant	p.Phe346Leu	Dynein axonemal assembly factor 3 homolog	Dynein assembly factor 3, axonemal homolog-like Protein	IPR028235 (Domain of unknown function (DUF4471)); IPR027974 (Domain of unknown function (DUF4470)); IPR039304
AW_QTL_chr3_2	AX-677298210	AW	AW	Growth	3	1886932	1836932	1936932	1	FarmCPU	TMOL_6.263.1	missense_variant	p.Lys419Glu	Protein sneaky	DC-STAMP domain-containing protein 1-like Protein	IPR012858 (DC-STAMP-like protein)
AW_QTL_chr3_2	AX-676602171	AW	AW	Growth	3	1934724	1884724	1984724	1	FarmCPU	TMOL_6.268.1	synonymous_variant	-	Uncharacterized protein, isoform D	Chitin-binding type-2 domain-containing protein	IPR002557 (Chitin binding Peritrophin-A domain); IPR036508
AW_QTL_chr3_2	AX-676958432	AW	AW	Growth	3	1962422	1912422	2012422	1	FarmCPU	TMOL_6.273.1	intron_variant	-	Hephaestus, isoform Y	Polypyrimidine tract-binding protein 1-like Protein	IPR006536 (hnRNP-L_PTB: hnRNP-L/PTB/hephaestus splicing factor family); IPR021790 (RRM-like domain); IPR000504 (RNA recognition motif. (a.k.a. RRM / RBD / or RNP domain)); IPR012677; IPR035979
AW_QTL_chr3_2	AX-676028499	AW	AW	Growth	3	1984509	1934509	2034509	1	FarmCPU	TMOL_6.273.1	intron_variant	-	Hephaestus, isoform Y	Polypyrimidine tract-binding protein 1-like Protein	IPR006536 (hnRNP-L_PTB: hnRNP-L/PTB/hephaestus splicing factor family); IPR021790 (RRM-like domain); IPR000504 (RNA recognition motif. (a.k.a. RRM / RBD / or RNP domain)); IPR012677; IPR035979
AW_QTL_chr3_2	AX-673637383	AW	AW	Growth	3	1993713	1943713	2043713	1	BLINK	TMOL_6.273.1	intron_variant	-	Hephaestus, isoform Y	Polypyrimidine tract-binding protein 1-like Protein	IPR006536 (hnRNP-L_PTB: hnRNP-L/PTB/hephaestus splicing factor family); IPR021790 (RRM-like domain); IPR000504 (RNA recognition motif. (a.k.a. RRM / RBD / or RNP domain)); IPR012677; IPR035979
AW_QTL_chr3_2	AX-674693144	AW	AW	Growth	3	2031143	1981143	2081143	1	FarmCPU	TMOL_6.273.1	intron_variant	-	Hephaestus, isoform Y	Polypyrimidine tract-binding protein 1-like Protein	IPR006536 (hnRNP-L_PTB: hnRNP-L/PTB/hephaestus splicing factor family); IPR021790 (RRM-like domain); IPR000504 (RNA recognition motif. (a.k.a. RRM / RBD / or RNP domain)); IPR012677; IPR035979
AW_QTL_chr3_2	AX-677947964	AW	AW	Growth	3	2063816	2013816	2113816	1	FarmCPU	TMOL_6.273.1	downstream_gene_variant	-	Hephaestus, isoform Y	Polypyrimidine tract-binding protein 1-like Protein	IPR006536 (hnRNP-L_PTB: hnRNP-L/PTB/hephaestus splicing factor family); IPR021790 (RRM-like domain); IPR000504 (RNA recognition motif. (a.k.a. RRM / RBD / or RNP domain)); IPR012677; IPR035979
AW_QTL_chr3_2	AX-677859536	AW	AW	Growth	3	2068078	2018078	2118078	1	FarmCPU	TMOL_6.281.1	upstream_gene_variant	-	Uncharacterized protein	WW domain-containing oxidoreductase-like Protein	IPR002347 (Glucose/ribitol dehydrogenase family signature); IPR036291
AW_QTL_chr3_2	AX-673564302	AW	AW	Growth	3	2071432	2021432	2121432	1	FarmCPU	TMOL_6.277.1	missense_variant	p.Phe21Ser	RH23455p	WW domain-containing oxidoreductase-like Protein	IPR002347 (short chain dehydrogenase); IPR036291
AW_QTL_chr3_3	AX-676233448	AW	AW	Growth	3	15937471	15887471	15987471	1	FarmCPU	TMOL_6.1334.1	intergenic_region	-	Ecdysone receptor	Ecdysone receptor	IPR041889 (NR_LBD_EcR); IPR003069 (Ecdysteroid receptor (1H nuclear receptor) signature); IPR001628 (Zinc finger / C4 type (two domains)); IPR000536 (Ligand-binding domain of nuclear hormone receptor); IPR001723 (Steroid hormone receptor signature)
AW_QTL_chr3_3	AX-674262748	AW	AW	Growth	3	15978680	15928680	16028680	2	BLINK, FarmCPU	TMOL_6.1334.1	intron_variant	-	Ecdysone receptor	Ecdysone receptor	IPR041889 (NR_LBD_EcR); IPR003069 (Ecdysteroid receptor (1H nuclear receptor) signature); IPR001628 (Zinc finger / C4 type (two domains)); IPR000536 (Ligand-binding domain of nuclear hormone receptor); IPR001723 (Steroid hormone receptor signature)
AW_QTL_chr5_1	AX-676074753	AW	AW	Growth	5	14972061	14922061	15022061	1	FarmCPU	TMOL_1.1257.1	missense_variant	p.Val203Ile	Phosphatidate cytidylyltransferase, photoreceptor-specific	Phosphatidate cytidylyltransferase	IPR000374 (Phosphatidate cytidylyltransferase signature.); IPR016720
AW_QTL_chr5_1	AX-675639365	AW	AW	Growth	5	15071719	15021719	15121719	1	FarmCPU	TMOL_1.1266.1	intron_variant	-	-	-	-
AW_QTL_chr5_1	AX-677487145	AW	AW	Growth	5	15112739	15062739	15162739	1	FarmCPU	TMOL_1.1272.1	intron_variant	-	Activated Cdc42 kinase-like	Tyrosine-protein kinase PR2-like Protein	IPR001245 (Protein tyrosine and serine/threonine kinase); IPR000095 (CRIB domain profile.); IPR000719 (Protein kinase domain profile.); IPR008266 (Tyrosine protein kinases specific active-site signature.); IPR017441 (Protein kinases ATP-binding region signature.)
AW_QTL_chr5_1	AX-678480152	AW	AW	Growth	5	15150797	15100797	15200797	1	FarmCPU	TMOL_1.1274.1	missense_variant	p.Asn209His	GH07821p	28S ribosomal protein S22, mitochondrial-like Protein	IPR019374 (Mitochondrial 28S ribosomal protein S22)
AW_QTL_chr5_1	AX-675604541	AW	AW	Growth	5	15154251	15104251	15204251	1	FarmCPU	TMOL_1.1280.1	missense_variant	p.Arg63Cys	-	Zinc finger protein 26-like Protein	IPR012934 (Zinc-finger associated domain (zf-AD)); IPR013087 (Zinc finger / C2H2 type); IPR036236
AW_QTL_chr5_2	AX-678195437	AW	AW	Growth	5	15977692	15927692	16027692	1	BLINK	TMOL_1.1324.1	intron_variant	-	Blistery, isoform A	Uncharacterized protein	IPR033929 (PTB_tensin); IPR035012 (SH2_Tensin_like); IPR013625 (Phosphotyrosine-binding domain); IPR014020 (C2 domain of PTEN tumour-suppressor protein); IPR000980 (SH2 domain)
AW_QTL_chr5_3	AX-675110452	AW	AW	Growth	5	17126926	17076926	17176926	1	BLINK	TMOL_1.1425.1	synonymous_variant	-	-	Uncharacterized protein	-
AW_QTL_chr5_3	AX-676418255	AW	AW	Growth	5	17127121	17077121	17177121	1	BLINK	TMOL_1.1425.1	missense_variant	p.Gln100Lys	-	Uncharacterized protein	-
AW_QTL_chr5_4	AX-678642384	AW	AW	Growth	5	23396611	23346611	23446611	1	FarmCPU	TMOL_1.2032.1	downstream_gene_variant	-	Frizzled	Frizzled	IPR020067 (Fz domain); IPR015526; IPR036790
AW_QTL_chr6_1	AX-678429313	AW	AW	Growth	6	2786868	2736868	2836868	1	BLINK	TMOL_4.319.1	intron_variant	-	Uncharacterized protein, isoform D	PDZ domain-containing protein	IPR001478 (PDZ domain); IPR036034
AW_QTL_chr6_2	AX-677559840	AW	AW	Growth	6	3667216	3617216	3717216	1	BLINK	TMOL_4.403.1	intron_variant	-	-	Odorant receptor 24	IPR004117 (7tm Odorant receptor)
AW_QTL_chr6_2	AX-674081834	AW	AW	Growth	6	3670862	3620862	3720862	1	BLINK	TMOL_4.404.1	downstream_gene_variant	-	RE67001p	Glycosyltransferase-like protein LARGE2	IPR002495 (Glycosyl transferase family 8); IPR029044
AW_QTL_chr6_3	AX-676812903	AW	AW	Growth	6	5718717	5668717	5768717	1	BLINK	TMOL_4.630.1	missense_variant	p.His124Tyr	Beadex, isoform D	Rhombotin-1-like Protein	IPR001781 (LIM domain)
AW_QTL_chr6_4	AX-674715299	AW	AW	Growth	6	9723730	9673730	9773730	1	FarmCPU	TMOL_4.1018.1	intron_variant	-	Spectrin beta chain	Spectrin beta chain	IPR018159 (SPEC); IPR002017 (Spectrin repeat); IPR001715 (Calponin homology (CH) domain); IPR001605 (Spectrin pleckstrin homology domain signature); IPR041681 (Pleckstrin homology domain)
AW_QTL_chr6_4	AX-673531293	AW	AW	Growth	6	9783510	9733510	9833510	1	FarmCPU	TMOL_4.1021.1, TMOL_4.1023.1	intergenic_region, upstream_gene_variant	-, -	Transient receptor potential cation channel protein painless, Uncharacterized protein, isoform A	Painless, Uncharacterized protein	IPR005821 (Ion transport protein); IPR002110 (Ankyrin repeat); IPR036770, -
AW_QTL_chr6_4	AX-677206376	AW	AW	Growth	6	9806521	9756521	9856521	1	FarmCPU	TMOL_4.1021.1, TMOL_4.1024.1	unknown, synonymous_variant	-, -	Transient receptor potential cation channel protein painless, Gamma-tubulin complex component 2 homolog	Painless, Gamma-tubulin complex component	IPR005821 (Ion transport protein); IPR002110 (Ankyrin repeat); IPR036770, IPR041470 (Gamma tubulin complex component N-terminal); IPR040457 (Gamma tubulin complex component C-terminal); IPR007259; IPR042241
AW_QTL_chr6_4	AX-676657348	AW	AW	Growth	6	9878553	9828553	9928553	1	FarmCPU	TMOL_4.1031.1	downstream_gene_variant	-	ABC transporter expressed in trachea, isoform A	Protein white-like Protein	IPR013525 (ABC-2 type transporter); IPR003439 (ABC transporter); IPR043926 (ABC-2 type transporter); IPR017871 (ABC transporters family signature.); IPR027417
AW_QTL_chr6_4	AX-676528650	AW	AW	Growth	6	9878702	9828702	9928702	1	FarmCPU	Intergenic	downstream_gene_variant	-	-	-	-
AW_QTL_chr6_5	AX-678133552	AW	AW	Growth	6	12711080	12661080	12761080	1	FarmCPU	TMOL_4.1253.1	intron_variant	-	Radish, isoform I	Rap-GAP domain-containing protein	IPR000331 (Rap/ran-GAP); IPR000210 (BTB/POZ domain); IPR035974; IPR011333
AW_QTL_chr6_5	AX-677427528	AW	AW	Growth	6	12712049	12662049	12762049	2	BLINK, FarmCPU	TMOL_4.1253.1	intron_variant	-	Radish, isoform I	Rap-GAP domain-containing protein	IPR000331 (Rap/ran-GAP); IPR000210 (BTB/POZ domain); IPR035974; IPR011333
AW_QTL_chr6_5	AX-678338195	AW	AW	Growth	6	12717781	12667781	12767781	1	FarmCPU	TMOL_4.1253.1	intron_variant	-	Radish, isoform I	Rap-GAP domain-containing protein	IPR000331 (Rap/ran-GAP); IPR000210 (BTB/POZ domain); IPR035974; IPR011333
AW_QTL_chr6_5	AX-676848981	AW	AW	Growth	6	12718188	12668188	12768188	1	FarmCPU	TMOL_4.1253.1	intron_variant	-	Radish, isoform I	Rap-GAP domain-containing protein	IPR000331 (Rap/ran-GAP); IPR000210 (BTB/POZ domain); IPR035974; IPR011333
AW_QTL_chr6_5	AX-673728667	AW	AW	Growth	6	12786811	12736811	12836811	1	FarmCPU	TMOL_4.1266.1	intron_variant	-	NAT1, isoform D	Eukaryotic translation initiation factor 4 gamma 2-like Protein	IPR003890 (MIF4G domain); IPR003307 (eIF4-gamma/eIF5/eIF2-epsilon); IPR003891 (MI domain profile.); IPR045208; IPR016024
AW_QTL_chr7_1	AX-673769692	AW	AW	Growth	7	1062891	1012891	1112891	1	FarmCPU	TMOL_1.2367.1	missense_variant	p.Glu642Gly	-	Protein TsetseEP domain-containing protein	-
AW_QTL_chr7_2	AX-676292117	AW	AW	Growth	7	4193923	4143923	4243923	1	FarmCPU	TMOL_1.2680.1	intergenic_region	-	Cuticular protein 100A	Pupal cuticle protein Edg-78E-like Protein	IPR000618 (Insect cuticle protein)
AW_QTL_chr7_3	AX-673891328	AW	AW	Growth	7	5684836	5634836	5734836	1	FarmCPU	TMOL_1.2795.1	intron_variant	-	Liprin-alpha, isoform E	Liprin-alpha-1-like Protein	IPR029515
AW_QTL_chr7_3	AX-677121214	AW	AW	Growth	7	5703305	5653305	5753305	1	FarmCPU	TMOL_1.2795.1	intron_variant	-	Liprin-alpha, isoform E	Liprin-alpha-1-like Protein	IPR029515
AW_QTL_chr7_3	AX-673539193	AW	AW	Growth	7	5747742	5697742	5797742	1	FarmCPU	TMOL_1.2801.1	intergenic_region	-	-	Diuretic hormone 31 like protein	IPR034439
AW_QTL_chr7_4	AX-678271166	AW	AW	Growth	7	5960537	5910537	6010537	1	BLINK	TMOL_1.2835.1	missense_variant	p.Phe254Ser	-	Transmembrane protein 135-like Protein	IPR031926 (N-terminal cysteine-rich region of Transmembrane protein 135); IPR026749
AW_QTL_chr7_5	AX-674643741	AW	AW	Growth	7	7371415	7321415	7421415	1	FarmCPU	TMOL_1.2981.1	intergenic_region	-	-	Lipoma HMGIC fusion partner homolog-like Protein	IPR019372 (Lipoma HMGIC fusion partner-like protein)
AW_QTL_chr7_5	AX-678630409	AW	AW	Growth	7	7371995	7321995	7421995	1	FarmCPU	TMOL_1.2981.1	intergenic_region	-	-	Lipoma HMGIC fusion partner homolog-like Protein	IPR019372 (Lipoma HMGIC fusion partner-like protein)
AW_QTL_chr7_5	AX-674268772	AW	AW	Growth	7	7375918	7325918	7425918	1	FarmCPU	TMOL_1.2981.1	intergenic_region	-	-	Lipoma HMGIC fusion partner homolog-like Protein	IPR019372 (Lipoma HMGIC fusion partner-like protein)
AW_QTL_chr7_5	AX-677380669	AW	AW	Growth	7	7376031	7326031	7426031	1	FarmCPU	TMOL_1.2981.1	intergenic_region	-	-	Lipoma HMGIC fusion partner homolog-like Protein	IPR019372 (Lipoma HMGIC fusion partner-like protein)
AW_QTL_chr7_5	AX-675150970	AW	AW	Growth	7	7414143	7364143	7464143	1	FarmCPU	TMOL_1.2983.1	intron_variant	-	Lysophospholipid acyltransferase 6	Ubiquitin-like domain-containing protein	IPR004299 (MBOAT / membrane-bound O-acyltransferase family); IPR000048 (IQ motif profile.); IPR037695; IPR029071
AW_QTL_chr7_5	AX-675260801	AW	AW	Growth	7	7418880	7368880	7468880	1	FarmCPU	TMOL_1.2983.1	intron_variant	-	Lysophospholipid acyltransferase 6	Ubiquitin-like domain-containing protein	IPR004299 (MBOAT / membrane-bound O-acyltransferase family); IPR000048 (IQ motif profile.); IPR037695; IPR029071
AW_QTL_chr7_5	AX-678084505	AW	AW	Growth	7	7419912	7369912	7469912	1	FarmCPU	TMOL_1.2985.1	upstream_gene_variant	-	-	Uncharacterized protein	IPR037645
AW_QTL_chr7_5	AX-677002516	AW	AW	Growth	7	7420114	7370114	7470114	1	FarmCPU	TMOL_1.2985.1	synonymous_variant	-	-	Uncharacterized protein	IPR037645
AW_QTL_chr7_5	AX-673827535	AW	AW	Growth	7	7420482	7370482	7470482	1	FarmCPU	TMOL_1.2985.1	missense_variant	p.Lys154Arg	-	Uncharacterized protein	IPR037645
AW_QTL_chr7_5	AX-677231333	AW	AW	Growth	7	7420652	7370652	7470652	1	FarmCPU	TMOL_1.2985.1	synonymous_variant	-	-	Uncharacterized protein	IPR037645
AW_QTL_chr7_5	AX-675389659	AW	AW	Growth	7	7420759	7370759	7470759	1	FarmCPU	TMOL_1.2985.1	synonymous_variant	-	-	Uncharacterized protein	IPR037645
AW_QTL_chr7_5	AX-674466558	AW	AW	Growth	7	7420832	7370832	7470832	1	FarmCPU	TMOL_1.2985.1	missense_variant	p.Ile271Leu	-	Uncharacterized protein	IPR037645
AW_QTL_chr7_5	AX-678157217	AW	AW	Growth	7	7420969	7370969	7470969	1	FarmCPU	TMOL_1.2985.1	synonymous_variant	-	-	Uncharacterized protein	IPR037645
AW_QTL_chr7_5	AX-678089966	AW	AW	Growth	7	7421212	7371212	7471212	1	FarmCPU	TMOL_1.2985.1	synonymous_variant	-	-	Uncharacterized protein	IPR037645
AW_QTL_chr7_5	AX-678138067	AW	AW	Growth	7	7423138	7373138	7473138	1	FarmCPU	TMOL_1.2985.1, TMOL_1.2986.1	downstream_gene_variant, downstream_gene_variant	-, -	-, Uncharacterized protein, isoform F	Uncharacterized protein, Transmembrane protease serine 9-like Protein	IPR037645, IPR001254 (Tryp_SPc); IPR043504; IPR009003
AW_QTL_chr7_5	AX-674607369	AW	AW	Growth	7	7423353	7373353	7473353	1	FarmCPU	TMOL_1.2986.1	splice_region_variant&stop_retained_variant	-	Uncharacterized protein, isoform F	Transmembrane protease serine 9-like Protein	IPR001254 (Tryp_SPc); IPR043504; IPR009003
AW_QTL_chr7_5	AX-677417901	AW	AW	Growth	7	7424418	7374418	7474418	1	FarmCPU	TMOL_1.2986.1	intron_variant	-	Uncharacterized protein, isoform F	Transmembrane protease serine 9-like Protein	IPR001254 (Tryp_SPc); IPR043504; IPR009003
AW_QTL_chr7_5	AX-678745008	AW	AW	Growth	7	7424494	7374494	7474494	1	FarmCPU	TMOL_1.2986.1	intron_variant	-	Uncharacterized protein, isoform F	Transmembrane protease serine 9-like Protein	IPR001254 (Tryp_SPc); IPR043504; IPR009003
AW_QTL_chr7_5	AX-674550054	AW	AW	Growth	7	7424666	7374666	7474666	1	FarmCPU	TMOL_1.2986.1	intron_variant	-	Uncharacterized protein, isoform F	Transmembrane protease serine 9-like Protein	IPR001254 (Tryp_SPc); IPR043504; IPR009003
AW_QTL_chr7_5	AX-674550754	AW	AW	Growth	7	7425840	7375840	7475840	1	FarmCPU	TMOL_1.2986.1	stop_gained	p.Arg41*	Uncharacterized protein, isoform F	Transmembrane protease serine 9-like Protein	IPR001254 (Tryp_SPc); IPR043504; IPR009003
AW_QTL_chr7_5	AX-675243424	AW	AW	Growth	7	7425917	7375917	7475917	1	FarmCPU	TMOL_1.2986.1	splice_region_variant&intron_variant	-	Uncharacterized protein, isoform F	Transmembrane protease serine 9-like Protein	IPR001254 (Tryp_SPc); IPR043504; IPR009003
AW_QTL_chr7_5	AX-674306101	AW	AW	Growth	7	7426851	7376851	7476851	1	FarmCPU	TMOL_1.2987.1	synonymous_variant	-	LP17264p	Transmembrane protease serine 9-like Protein	IPR001254 (Tryp_SPc); IPR001314 (Chymotrypsin serine protease family (S1) signature); IPR018114 (Serine proteases / trypsin family / histidine active site.); IPR033116 (Serine proteases / trypsin family / serine active site.); IPR009003
AW_QTL_chr7_5	AX-678399760	AW	AW	Growth	7	7427312	7377312	7477312	1	FarmCPU	TMOL_1.2987.1	intron_variant	-	LP17264p	Transmembrane protease serine 9-like Protein	IPR001254 (Tryp_SPc); IPR001314 (Chymotrypsin serine protease family (S1) signature); IPR018114 (Serine proteases / trypsin family / histidine active site.); IPR033116 (Serine proteases / trypsin family / serine active site.); IPR009003
AW_QTL_chr7_5	AX-674484344	AW	AW	Growth	7	7430846	7380846	7480846	1	FarmCPU	TMOL_1.2989.1	downstream_gene_variant	-	Odorant receptor 43a	Odorant receptor	IPR004117 (7tm Odorant receptor)
AW_QTL_chr7_5	AX-678609164	AW	AW	Growth	7	7431233	7381233	7481233	1	FarmCPU	TMOL_1.2989.1	downstream_gene_variant	-	Odorant receptor 43a	Odorant receptor	IPR004117 (7tm Odorant receptor)
AW_QTL_chr7_5	AX-675546463	AW	AW	Growth	7	7431640	7381640	7481640	1	FarmCPU	TMOL_1.2990.1	missense_variant	p.Ile375Asn	Desaturase 1, isoform A	Acyl-CoA desaturase 2-like Protein	IPR015876 (Delta9-FADS-like); IPR005804 (Fatty acid desaturase)
AW_QTL_chr7_5	AX-673458423	AW	AW	Growth	7	7431779	7381779	7481779	1	FarmCPU	TMOL_1.2990.1	synonymous_variant	-	Desaturase 1, isoform A	Acyl-CoA desaturase 2-like Protein	IPR015876 (Delta9-FADS-like); IPR005804 (Fatty acid desaturase)
AW_QTL_chr7_5	AX-677086149	AW	AW	Growth	7	7432174	7382174	7482174	1	FarmCPU	TMOL_1.2990.1	missense_variant	p.Leu214Ile	Desaturase 1, isoform A	Acyl-CoA desaturase 2-like Protein	IPR015876 (Delta9-FADS-like); IPR005804 (Fatty acid desaturase)
AW_QTL_chr7_5	AX-673350427	AW	AW	Growth	7	7442280	7392280	7492280	1	FarmCPU	TMOL_1.2991.1	synonymous_variant	-	Uncharacterized protein, isoform A	Serine protease-like protein	IPR001254 (Tryp_SPc); IPR001314 (Chymotrypsin serine protease family (S1) signature); IPR009003; IPR043504
AW_QTL_chr7_5	AX-673244717	AW	AW	Growth	7	7455648	7405648	7505648	1	FarmCPU	TMOL_1.2994.1	unknown	-	Soluble guanylate cyclase 89Db	guanylate cyclase	IPR011645 (Heme NO binding associated); IPR001054 (CHD); IPR011644 (Haem-NO-binding); IPR029787; IPR038158
AW_QTL_chr7_5	AX-675668945	AW	AW	Growth	7	7457154	7407154	7507154	1	FarmCPU	TMOL_1.2994.1	intron_variant	-	Soluble guanylate cyclase 89Db	guanylate cyclase	IPR011645 (Heme NO binding associated); IPR001054 (CHD); IPR011644 (Haem-NO-binding); IPR029787; IPR038158
AW_QTL_chr7_5	AX-677968191	AW	AW	Growth	7	7457914	7407914	7507914	1	FarmCPU	TMOL_1.2994.1	missense_variant	p.Asp497His	Soluble guanylate cyclase 89Db	guanylate cyclase	IPR011645 (Heme NO binding associated); IPR001054 (CHD); IPR011644 (Haem-NO-binding); IPR029787; IPR038158
AW_QTL_chr7_5	AX-678870140	AW	AW	Growth	7	7458077	7408077	7508077	1	FarmCPU	TMOL_1.2994.1	intron_variant	-	Soluble guanylate cyclase 89Db	guanylate cyclase	IPR011645 (Heme NO binding associated); IPR001054 (CHD); IPR011644 (Haem-NO-binding); IPR029787; IPR038158
AW_QTL_chr7_5	AX-677395409	AW	AW	Growth	7	7458132	7408132	7508132	1	FarmCPU	TMOL_1.2994.1	synonymous_variant	-	Soluble guanylate cyclase 89Db	guanylate cyclase	IPR011645 (Heme NO binding associated); IPR001054 (CHD); IPR011644 (Haem-NO-binding); IPR029787; IPR038158
AW_QTL_chr7_5	AX-675883930	AW	AW	Growth	7	7459306	7409306	7509306	1	FarmCPU	TMOL_1.2994.1	intron_variant	-	Soluble guanylate cyclase 89Db	guanylate cyclase	IPR011645 (Heme NO binding associated); IPR001054 (CHD); IPR011644 (Haem-NO-binding); IPR029787; IPR038158
AW_QTL_chr7_5	AX-675340975	AW	AW	Growth	7	7459347	7409347	7509347	1	FarmCPU	TMOL_1.2994.1	intron_variant	-	Soluble guanylate cyclase 89Db	guanylate cyclase	IPR011645 (Heme NO binding associated); IPR001054 (CHD); IPR011644 (Haem-NO-binding); IPR029787; IPR038158
AW_QTL_chr7_5	AX-673793009	AW	AW	Growth	7	7459576	7409576	7509576	1	FarmCPU	TMOL_1.2994.1	intron_variant	-	Soluble guanylate cyclase 89Db	guanylate cyclase	IPR011645 (Heme NO binding associated); IPR001054 (CHD); IPR011644 (Haem-NO-binding); IPR029787; IPR038158
AW_QTL_chr7_5	AX-676940737	AW	AW	Growth	7	7459628	7409628	7509628	1	FarmCPU	TMOL_1.2994.1	missense_variant	p.Arg183Cys	Soluble guanylate cyclase 89Db	guanylate cyclase	IPR011645 (Heme NO binding associated); IPR001054 (CHD); IPR011644 (Haem-NO-binding); IPR029787; IPR038158
AW_QTL_chr7_5	AX-677562344	AW	AW	Growth	7	7459774	7409774	7509774	1	FarmCPU	TMOL_1.2994.1	intron_variant	-	Soluble guanylate cyclase 89Db	guanylate cyclase	IPR011645 (Heme NO binding associated); IPR001054 (CHD); IPR011644 (Haem-NO-binding); IPR029787; IPR038158
AW_QTL_chr7_5	AX-673313383	AW	AW	Growth	7	7459945	7409945	7509945	1	FarmCPU	TMOL_1.2994.1	synonymous_variant	-	Soluble guanylate cyclase 89Db	guanylate cyclase	IPR011645 (Heme NO binding associated); IPR001054 (CHD); IPR011644 (Haem-NO-binding); IPR029787; IPR038158
AW_QTL_chr7_5	AX-676337780	AW	AW	Growth	7	7459971	7409971	7509971	1	FarmCPU	TMOL_1.2994.1	missense_variant	p.Leu84Gln	Soluble guanylate cyclase 89Db	guanylate cyclase	IPR011645 (Heme NO binding associated); IPR001054 (CHD); IPR011644 (Haem-NO-binding); IPR029787; IPR038158
AW_QTL_chr7_5	AX-674213375	AW	AW	Growth	7	7460275	7410275	7510275	1	FarmCPU	TMOL_1.2994.1	intron_variant	-	Soluble guanylate cyclase 89Db	guanylate cyclase	IPR011645 (Heme NO binding associated); IPR001054 (CHD); IPR011644 (Haem-NO-binding); IPR029787; IPR038158
AW_QTL_chr7_5	AX-677045206	AW	AW	Growth	7	7460497	7410497	7510497	1	FarmCPU	TMOL_1.2994.1	intron_variant	-	Soluble guanylate cyclase 89Db	guanylate cyclase	IPR011645 (Heme NO binding associated); IPR001054 (CHD); IPR011644 (Haem-NO-binding); IPR029787; IPR038158
AW_QTL_chr7_5	AX-676745777	AW	AW	Growth	7	7460605	7410605	7510605	1	FarmCPU	TMOL_1.2994.1	intron_variant	-	Soluble guanylate cyclase 89Db	guanylate cyclase	IPR011645 (Heme NO binding associated); IPR001054 (CHD); IPR011644 (Haem-NO-binding); IPR029787; IPR038158
AW_QTL_chr7_5	AX-677386661	AW	AW	Growth	7	7464449	7414449	7514449	2	BLINK, FarmCPU	TMOL_1.2997.1	synonymous_variant	-	GH12235p	Large ribosomal subunit protein mL54	IPR000595 (CAP_ED); IPR005821 (Ion transport protein); IPR018490; IPR014710
AW_QTL_chr7_5	AX-674341989	AW	AW	Growth	7	7464788	7414788	7514788	1	FarmCPU	TMOL_1.2997.1	missense_variant	p.Leu277Trp	GH12235p	Large ribosomal subunit protein mL54	IPR000595 (CAP_ED); IPR005821 (Ion transport protein); IPR018490; IPR014710
AW_QTL_chr7_5	AX-675109547	AW	AW	Growth	7	7465052	7415052	7515052	1	FarmCPU	TMOL_1.2997.1	synonymous_variant	-	GH12235p	Large ribosomal subunit protein mL54	IPR000595 (CAP_ED); IPR005821 (Ion transport protein); IPR018490; IPR014710
AW_QTL_chr7_5	AX-675749718	AW	AW	Growth	7	7465732	7415732	7515732	1	FarmCPU	TMOL_1.2997.1	missense_variant	p.Pro560Arg	GH12235p	Large ribosomal subunit protein mL54	IPR000595 (CAP_ED); IPR005821 (Ion transport protein); IPR018490; IPR014710
AW_QTL_chr7_5	AX-678745928	AW	AW	Growth	7	7466115	7416115	7516115	1	FarmCPU	TMOL_1.2997.1	unknown	-	GH12235p	Large ribosomal subunit protein mL54	IPR000595 (CAP_ED); IPR005821 (Ion transport protein); IPR018490; IPR014710
AW_QTL_chr7_5	AX-673853101	AW	AW	Growth	7	7466263	7416263	7516263	1	FarmCPU	TMOL_1.2997.1	missense_variant	p.Tyr737Phe	GH12235p	Large ribosomal subunit protein mL54	IPR000595 (CAP_ED); IPR005821 (Ion transport protein); IPR018490; IPR014710
AW_QTL_chr7_5	AX-674371426	AW	AW	Growth	7	7466774	7416774	7516774	1	FarmCPU	TMOL_1.2997.1	synonymous_variant	-	GH12235p	Large ribosomal subunit protein mL54	IPR000595 (CAP_ED); IPR005821 (Ion transport protein); IPR018490; IPR014710
AW_QTL_chr7_5	AX-676588979	AW	AW	Growth	7	7466804	7416804	7516804	1	FarmCPU	TMOL_1.2997.1	missense_variant	p.Leu902Trp	GH12235p	Large ribosomal subunit protein mL54	IPR000595 (CAP_ED); IPR005821 (Ion transport protein); IPR018490; IPR014710
AW_QTL_chr7_5	AX-677485769	AW	AW	Growth	7	7467269	7417269	7517269	1	FarmCPU	TMOL_1.2997.1	synonymous_variant	-	GH12235p	Large ribosomal subunit protein mL54	IPR000595 (CAP_ED); IPR005821 (Ion transport protein); IPR018490; IPR014710
AW_QTL_chr7_5	AX-676758768	AW	AW	Growth	7	7467338	7417338	7517338	1	FarmCPU	TMOL_1.2997.1	missense_variant	p.Cys1046Ser	GH12235p	Large ribosomal subunit protein mL54	IPR000595 (CAP_ED); IPR005821 (Ion transport protein); IPR018490; IPR014710
AW_QTL_chr7_5	AX-676079116	AW	AW	Growth	7	7470341	7420341	7520341	1	FarmCPU	TMOL_1.2997.1	synonymous_variant	-	GH12235p	Large ribosomal subunit protein mL54	IPR000595 (CAP_ED); IPR005821 (Ion transport protein); IPR018490; IPR014710
AW_QTL_chr7_5	AX-676251726	AW	AW	Growth	7	7475463	7425463	7525463	1	FarmCPU	TMOL_1.2999.1	synonymous_variant	-	Receptor-mediated endocytosis protein 6 homolog	Uncharacterized protein	IPR003123 (Vacuolar sorting protein 9 (VPS9) domain); IPR001936 (GTPase-activator protein for Ras-like GTPase); IPR045046; IPR037191; IPR008936
AW_QTL_chr7_5	AX-677702321	AW	AW	Growth	7	7481587	7431587	7531587	1	FarmCPU	TMOL_1.3000.1, TMOL_1.3001.1	downstream_gene_variant, downstream_gene_variant	-, -	Cytochrome b5, Hormone receptor 4	Cytochrome b5-like Protein, HR4	IPR001199 (Cytochrome b5-like Heme/Steroid binding domain); IPR018506 (Cytochrome b5 family / heme-binding domain signature.); IPR036400, IPR001628 (Zinc finger / C4 type (two domains)); IPR000536 (Ligand-binding domain of nuclear hormone receptor); IPR001723 (Steroid hormone receptor signature); IPR035500; IPR013088
AW_QTL_chr7_5	AX-677248135	AW	AW	Growth	7	7484807	7434807	7534807	1	FarmCPU	TMOL_1.3001.1	intron_variant	-	Hormone receptor 4	HR4	IPR001628 (Zinc finger / C4 type (two domains)); IPR000536 (Ligand-binding domain of nuclear hormone receptor); IPR001723 (Steroid hormone receptor signature); IPR035500; IPR013088
AW_QTL_chr7_5	AX-677461937	AW	AW	Growth	7	7486388	7436388	7536388	1	FarmCPU	TMOL_1.3001.1	intron_variant	-	Hormone receptor 4	HR4	IPR001628 (Zinc finger / C4 type (two domains)); IPR000536 (Ligand-binding domain of nuclear hormone receptor); IPR001723 (Steroid hormone receptor signature); IPR035500; IPR013088
AW_QTL_chr7_6	AX-675196895	AW	AW	Growth	7	8569872	8519872	8619872	1	BLINK	TMOL_1.3093.1	intron_variant	-	Possible lysine-specific histone demethylase 1	Putative lysine-specific histone demethylase 1-like Protein	IPR002937 (Flavin containing amine oxidoreductase); IPR007526 (SWIRM domain); IPR017366; IPR036188; IPR036388
AW_QTL_chr7_7	AX-677233611	AW	AW	Growth	7	8964112	8914112	9014112	1	FarmCPU	TMOL_1.3116.1, TMOL_1.3117.1	intergenic_region, upstream_gene_variant	-, -	U4/U6.U5 small nuclear ribonucleoprotein 27 kDa protein, Protein hu-li tai shao	U4/U6.U5 small nuclear ribonucleoprotein 27 kDa protein, Hu li tai shao	IPR013957 (U4/U6.U5 small nuclear ribonucleoproteins), IPR001303 (Class II Aldolase and Adducin N-terminal domain); IPR036409
AW_QTL_chr7_8	AX-676685366	AW	AW	Growth	7	9975209	9925209	10025209	1	FarmCPU	TMOL_1.3199.1	synonymous_variant	-	IP14232p	Bumetanide-sensitive sodium-(Potassium)-chloride cotransporter-like Protein	IPR000242 (Protein-tyrosine phosphatase); IPR000387 (Tyrosine specific protein phosphatases domain profile.); IPR016130 (Tyrosine specific protein phosphatases active site.); IPR029021; IPR003595
AW_QTL_chr8_1	AX-678595261	AW	AW	Growth	8	7668433	7618433	7718433	1	FarmCPU	TMOL_10.531.1	missense_variant	p.Thr228Ala	Tropomodulin, isoform N	Tropomodulin-like Protein	IPR004934 (Tropomodulin); IPR032675
AW_QTL_chr8_2	AX-674890307	AW	AW	Growth	8	8124762	8074762	8174762	1	BLINK	TMOL_10.556.1	intron_variant	-	-	Uncharacterized protein	-
AW_QTL_chr8_3	AX-681229034	AW	AW	Growth	8	17149209	17099209	17199209	1	BLINK	TMOL_12.512.1	intron_variant	-	AT19640p	G-protein coupled receptors family 1 profile domain-containing protein	IPR019427 (Serpentine type 7TM GPCR chemoreceptor Srw); IPR000276 (Rhodopsin-like GPCR superfamily signature); IPR017452 (G-protein coupled receptors family 1 profile.)
AW_QTL_chr8_3	AX-681219263	AW	AW	Growth	8	17149236	17099236	17199236	1	BLINK	TMOL_12.512.1	intron_variant	-	AT19640p	G-protein coupled receptors family 1 profile domain-containing protein	IPR019427 (Serpentine type 7TM GPCR chemoreceptor Srw); IPR000276 (Rhodopsin-like GPCR superfamily signature); IPR017452 (G-protein coupled receptors family 1 profile.)
AW_QTL_chr9_1	AX-677829219	AW	AW	Growth	9	8094622	8044622	8144622	2	BLINK, FarmCPU	TMOL_7.1124.1	intron_variant	-	-	Ig-like domain-containing protein	IPR007110 (Ig-like domain profile.); IPR013783; IPR036179; IPR003599
AW_QTL_chr9_2	AX-673935430	AW	AW	Growth	9	10310634	10260634	10360634	1	BLINK	TMOL_7.853.1, TMOL_7.852.1	intron_variant, upstream_gene_variant	-, -	Heparan sulfate 3-O sulfotransferase-B, isoform A, Glutaredoxin 1, testis-specific	Bifunctional heparan sulfate N-deacetylase/N-sulfotransferase-like Protein, Uncharacterized protein	IPR000863 (Sulfotransferase domain); IPR037359; IPR027417, IPR011899 (GRX_euk: glutaredoxin); IPR002109 (Glutaredoxin); IPR014025 (Glutaredoxin signature); IPR011767 (Glutaredoxin active site.); IPR036249
AW_QTL_chr9_3	AX-673559804	AW	AW	Growth	9	14048828	13998828	14098828	1	FarmCPU	TMOL_7.344.1	intergenic_region	-	-	Calcium-activated chloride channel regulator 4-like Protein	IPR013642 (Calcium-activated chloride channel N terminal); IPR002035 (von Willebrand factor type A domain); IPR036465
DELR2_i_QTL_chr1_1	AX-678498379	DELR2_i	DELR2	Reproduction	1	44967507	44917507	45017507	1	BLINK	TMOL_5.335.1	missense_variant	p.Lys49Glu	Intraflagellar transport protein 172 homolog	Intraflagellar transport protein osm-1-like Protein	IPR036322; IPR015943; IPR011990; IPR001680
DELR2_i_QTL_chr4_1	AX-681100923	DELR2_i	DELR2	Reproduction	4	1251429	1201429	1301429	1	FarmCPU	TMOL_11.129.1	intron_variant	-	FI02132p	Transcription-associated protein 1-like Protein	IPR005828 (Sugar (and other) transporter); IPR003663 (Sugar transporter signature); IPR020846 (Major facilitator superfamily (MFS) profile.); IPR005829 (Sugar transport proteins signature 1.); IPR036259
DELR2_i_QTL_chr4_2	AX-681067050	DELR2_i	DELR2	Reproduction	4	4734372	4684372	4784372	1	MLMM	TMOL_11.537.1	intron_variant	-	Eukaryotic translation initiation factor 4H	Eukaryotic translation initiation factor 4H	IPR000504 (RNA recognition motif. (a.k.a. RRM / RBD / or RNP domain)); IPR035979; IPR012677
DELR2_i_QTL_chr4_2	AX-681148290	DELR2_i	DELR2	Reproduction	4	4754770	4704770	4804770	1	MLMM	TMOL_11.543.1	missense_variant	p.Gln453His	-	NACHT domain-containing protein	IPR007111 (NACHT domain); IPR036770; IPR027417; IPR002110
DELR2_i_QTL_chr4_3	AX-681128883	DELR2_i	DELR2	Reproduction	4	9585759	9535759	9635759	1	FarmCPU	TMOL_11.991.1	intron_variant	-	Lnk, isoform D	SH2B adapter protein 2-like Protein	IPR035057 (SH2_SH2B_family); IPR015012 (Phenylalanine zipper); IPR000980 (SH2 domain); IPR001849 (PH domain); IPR030523
DELR2_i_QTL_chr4_3	AX-681076164	DELR2_i	DELR2	Reproduction	4	9592953	9542953	9642953	1	FarmCPU	TMOL_11.991.1	intron_variant	-	Lnk, isoform D	SH2B adapter protein 2-like Protein	IPR035057 (SH2_SH2B_family); IPR015012 (Phenylalanine zipper); IPR000980 (SH2 domain); IPR001849 (PH domain); IPR030523
DELR4_i_QTL_chr1_1	AX-676338960	DELR4_i	DELR4	Reproduction	1	44042608	43992608	44092608	1	FarmCPU	TMOL_5.391.1	synonymous_variant	-	-	Proteasome assembly chaperone 2	IPR019151 (PAC2 family); IPR016562; IPR038389
DELR4_i_QTL_chr2_1	AX-677225969	DELR4_i	DELR4	Reproduction	2	2187553	2137553	2237553	1	FarmCPU	TMOL_2.303.1	intron_variant	-	Uncharacterized protein, isoform F	Uncharacterized protein	IPR000949 (ELM2 domain); IPR013087 (Zinc finger / C2H2 type); IPR001005 (Myb-like DNA-binding domain); IPR017884 (SANT domain profile.); IPR036236
DELR4_i_QTL_chr3_1	AX-674624813	DELR4_i	DELR4	Reproduction	3	109418	59418	159418	1	FarmCPU	TMOL_6.20.1	intron_variant	-	Paxillin, isoform F	Paxillin-like Protein	IPR047075 (LIM1_Paxillin_like); IPR001904 (LIM4_Paxillin); IPR001781 (LIM domain)
DELR4_i_QTL_chr4_1	AX-681068408	DELR4_i	DELR4	Reproduction	4	3421867	3371867	3471867	1	FarmCPU	TMOL_11.438.1	intron_variant	-	-	-	-
DELR4_i_QTL_chr7_1	AX-677510422	DELR4_i	DELR4	Reproduction	7	10475043	10425043	10525043	1	FarmCPU	TMOL_1.3244.1	missense_variant	p.Pro158Ala	Spaghetti-squash activator, isoform C	Myosin light chain kinase, smooth muscle-like Protein	IPR000719 (Protein kinase domain); IPR008271 (Serine/Threonine protein kinases active-site signature.); IPR017441 (Protein kinases ATP-binding region signature.); IPR011009
DELR4_i_QTL_chr7_1	AX-675951425	DELR4_i	DELR4	Reproduction	7	10476129	10426129	10526129	1	FarmCPU	TMOL_1.3244.1	intron_variant	-	Spaghetti-squash activator, isoform C	Myosin light chain kinase, smooth muscle-like Protein	IPR000719 (Protein kinase domain); IPR008271 (Serine/Threonine protein kinases active-site signature.); IPR017441 (Protein kinases ATP-binding region signature.); IPR011009
DELR4_i_QTL_chr9_1	AX-678781554	DELR4_i	DELR4	Reproduction	9	13708519	13658519	13758519	1	FarmCPU	TMOL_7.365.1	upstream_gene_variant	-	Ubiquitin carboxyl-terminal hydrolase nonstop	beta-N-acetylhexosaminidase	IPR001394 (Ubiquitin carboxyl-terminal hydrolase); IPR015883 (Glycosyl hydrolase family 20 / catalytic domain); IPR001607 (Zn-finger in ubiquitin-hydrolases and other protein); IPR028889 (Ubiquitin specific protease (USP) domain profile.); IPR018200 (Ubiquitin specific protease (USP) domain signature 2.)
DELR5_i_QTL_chr2_1	AX-673879704	DELR5_i	DELR5	Reproduction	2	599778	549778	649778	1	FarmCPU	TMOL_2.67.1	stop_gained	p.Glu349*	Dynein heavy chain, cytoplasmic	Dynein heavy chain	IPR013594 (Dynein heavy chain / N-terminal region 1); IPR035699 (Hydrolytic ATP binding site of dynein motor region); IPR013602 (Dynein heavy chain / N-terminal region 2); IPR035706 (ATP-binding dynein motor region); IPR024317 (P-loop containing dynein motor region D4)
DELR5_i_QTL_chr2_1	AX-678793719	DELR5_i	DELR5	Reproduction	2	602002	552002	652002	2	FarmCPU, ssGBLUP	TMOL_2.68.1	intron_variant	-	FI18259p1	Solute carrier family 46 member 3-like Protein	IPR011701 (Major Facilitator Superfamily); IPR020846 (Major facilitator superfamily (MFS) profile.); IPR036259
DELR5_i_QTL_chr2_2	AX-676798775	DELR5_i	DELR5	Reproduction	2	21877685	21827685	21927685	1	FarmCPU	TMOL_2.1969.1	intron_variant	-	LD33689p	Uncharacterized protein	IPR019144 (Tumour-associated protein)
DELR5_i_QTL_chr2_3	AX-673841411	DELR5_i	DELR5	Reproduction	2	26783677	26733677	26833677	1	FarmCPU	TMOL_2.2325.1	splice_region_variant&intron_variant	-	Probable cytochrome P450 12a4, mitochondrial	Cytochrome P450 12H1	IPR001128 (Cytochrome P450); IPR002401 (E-class P450 group I signature); IPR017972 (Cytochrome P450 cysteine heme-iron ligand signature.); IPR036396
DELR5_i_QTL_chr3_1	AX-675686461	DELR5_i	DELR5	Reproduction	3	10462960	10412960	10512960	1	FarmCPU	TMOL_6.923.1, TMOL_6.924.1	upstream_gene_variant, intron_variant	-, -	Uncharacterized protein, isoform A, CTD nuclear envelope phosphatase 1 homolog	Serine protease H130, Uncharacterized protein	IPR001254 (Tryp_SPc); IPR001314 (Chymotrypsin serine protease family (S1) signature); IPR018114 (Serine proteases / trypsin family / histidine active site.); IPR009003; IPR043504, IPR011948 (HIF-SF_euk: dullard-like phosphatase domain); IPR004274 (NLI interacting factor-like phosphatase); IPR023214; IPR036412
DELR5_i_QTL_chr3_2	AX-674827452	DELR5_i	DELR5	Reproduction	3	30351719	30301719	30401719	1	FarmCPU	TMOL_9.77.1	intergenic_region	-	LD47264p	Pancreatic triacylglycerol lipase-like Protein	IPR033906 (Pancreat_lipase_like); IPR013818 (Lipase); IPR000734 (Triacylglycerol lipase family signature); IPR002331 (Pancreatic lipase signature); IPR016272
DELR5_i_QTL_chr4_1	AX-681263439	DELR5_i	DELR5	Reproduction	4	18786739	18736739	18836739	1	ssGBLUP	TMOL_13.351.1	intergenic_region	-	-	-	-
DELR5_i_QTL_chr4_1	AX-681259838	DELR5_i	DELR5	Reproduction	4	18849237	18799237	18899237	1	ssGBLUP	TMOL_13.347.1	missense_variant	p.Ile209Val	-	Elongator complex protein 5	IPR019519 (Elongator subunit Iki1)
DELR5_i_QTL_chr4_1	AX-681128547	DELR5_i	DELR5	Reproduction	4	18863894	18813894	18913894	2	FarmCPU, ssGBLUP	TMOL_13.345.1	missense_variant	p.Ile5Met	-	Decapping nuclease	IPR047501 (DD_CATIP)
DELR5_i_QTL_chr4_1	AX-681257954	DELR5_i	DELR5	Reproduction	4	18883180	18833180	18933180	2	FarmCPU, ssGBLUP	TMOL_13.343.1	missense_variant	p.Arg110Gln	Protein Fer3	Protein Fer3-like Protein	IPR011598 (Helix-loop-helix DNA-binding domain); IPR036638
DELR5_i_QTL_chr4_1	AX-681167954	DELR5_i	DELR5	Reproduction	4	18883420	18833420	18933420	1	ssGBLUP	TMOL_13.343.1	synonymous_variant	-	Protein Fer3	Protein Fer3-like Protein	IPR011598 (Helix-loop-helix DNA-binding domain); IPR036638
DELR5_i_QTL_chr4_1	AX-681140970	DELR5_i	DELR5	Reproduction	4	18884298	18834298	18934298	1	ssGBLUP	TMOL_13.342.1	missense_variant	p.Gln30Lys	-	Myb/SANT-like DNA-binding domain-containing protein	IPR044822 (Myb/SANT-like DNA-binding domain)
DELR5_i_QTL_chr4_1	AX-681265464	DELR5_i	DELR5	Reproduction	4	18887541	18837541	18937541	1	ssGBLUP	TMOL_13.342.1	upstream_gene_variant	-	-	Myb/SANT-like DNA-binding domain-containing protein	IPR044822 (Myb/SANT-like DNA-binding domain)
DELR5_i_QTL_chr4_1	AX-681170509	DELR5_i	DELR5	Reproduction	4	18887605	18837605	18937605	1	ssGBLUP	TMOL_13.342.1	upstream_gene_variant	-	-	Myb/SANT-like DNA-binding domain-containing protein	IPR044822 (Myb/SANT-like DNA-binding domain)
DELR5_i_QTL_chr4_1	AX-681032345	DELR5_i	DELR5	Reproduction	4	18887802	18837802	18937802	1	ssGBLUP	TMOL_13.342.1	upstream_gene_variant	-	-	Myb/SANT-like DNA-binding domain-containing protein	IPR044822 (Myb/SANT-like DNA-binding domain)
DELR5_i_QTL_chr4_1	AX-681021827	DELR5_i	DELR5	Reproduction	4	18887922	18837922	18937922	1	ssGBLUP	TMOL_13.342.1	upstream_gene_variant	-	-	Myb/SANT-like DNA-binding domain-containing protein	IPR044822 (Myb/SANT-like DNA-binding domain)
DELR5_i_QTL_chr4_1	AX-681042546	DELR5_i	DELR5	Reproduction	4	18887990	18837990	18937990	1	ssGBLUP	TMOL_13.342.1	upstream_gene_variant	-	-	Myb/SANT-like DNA-binding domain-containing protein	IPR044822 (Myb/SANT-like DNA-binding domain)
DELR5_i_QTL_chr4_1	AX-681080372	DELR5_i	DELR5	Reproduction	4	18888200	18838200	18938200	1	ssGBLUP	TMOL_13.342.1	upstream_gene_variant	-	-	Myb/SANT-like DNA-binding domain-containing protein	IPR044822 (Myb/SANT-like DNA-binding domain)
DELR5_i_QTL_chr4_1	AX-681165102	DELR5_i	DELR5	Reproduction	4	18897989	18847989	18947989	1	ssGBLUP	TMOL_13.338.1	missense_variant	p.Lys61Met	Uncharacterized protein, isoform A	Alpha-tocopherol transfer protein-like	IPR001251 (SEC14); IPR036865; IPR036273
DELR5_i_QTL_chr4_1	AX-681244501	DELR5_i	DELR5	Reproduction	4	18898064	18848064	18948064	1	ssGBLUP	TMOL_13.338.1	missense_variant	p.Asp86Ala	Uncharacterized protein, isoform A	Alpha-tocopherol transfer protein-like	IPR001251 (SEC14); IPR036865; IPR036273
DELR5_i_QTL_chr7_1	AX-675953504	DELR5_i	DELR5	Reproduction	7	15788421	15738421	15838421	1	FarmCPU	TMOL_1.3785.1	intron_variant	-	M-spondin, isoform A	Spondin domain-containing protein	IPR009465 (Spondin_N); IPR044004 (Spondin-like TSP1 domain); IPR000884 (Thrombospondin type-1 (TSP1) repeat profile.); IPR038678; IPR036383
DELR5_i_QTL_chr8_1	AX-675650024	DELR5_i	DELR5	Reproduction	8	4507795	4457795	4557795	1	FarmCPU	TMOL_10.283.1	downstream_gene_variant	-	FI18813p1	Synaptotagmin IV	IPR000008 (C2 domain); IPR001565 (Synaptotagmin signature); IPR035892
DTEP_cat_QTL_chr1_1	AX-678710986	DTEP_cat	DTEP categorical	Development	1	4529132	4479132	4579132	2	MLM, ssGBLUP	TMOL_3.1555.1	intron_variant	-	Tyrosine-protein phosphatase Lar	protein-tyrosine-phosphatase	IPR000242 (Protein-tyrosine phosphatase); IPR003961 (FN3); IPR013098 (Immunoglobulin I-set domain); IPR007110 (Ig-like domain profile.); IPR000387 (Tyrosine specific protein phosphatases domain profile.)
DTEP_cat_QTL_chr1_2	AX-673621027	DTEP_cat	DTEP categorical	Development	1	7555112	7505112	7605112	1	BLINK	TMOL_3.1255.1	unknown	-	Caskin, isoform B	SAM domain-containing protein	IPR035497 (SAM_caskin1 / 2_repeat1); IPR035498 (SAM_caskin1 / 2_repeat2); IPR001660 (SAM domain (Sterile alpha motif)); IPR013761
DTEP_cat_QTL_chr1_2	AX-676582910	DTEP_cat	DTEP categorical	Development	1	7556439	7506439	7606439	1	BLINK	TMOL_3.1255.1	intron_variant	-	Caskin, isoform B	SAM domain-containing protein	IPR035497 (SAM_caskin1 / 2_repeat1); IPR035498 (SAM_caskin1 / 2_repeat2); IPR001660 (SAM domain (Sterile alpha motif)); IPR013761
DTEP_cat_QTL_chr1_3	AX-673354651	DTEP_cat	DTEP categorical	Development	1	9305034	9255034	9355034	1	MLM	TMOL_3.1171.1	intron_variant	-	Glucose transporter type 1	Glucose transporter type 1-like Protein	IPR005828 (Sugar (and other) transporter); IPR003663 (SP: MFS transporter / sugar porter (SP) family); IPR020846 (Major facilitator superfamily (MFS) profile.); IPR005829 (Sugar transport proteins signature 2.); IPR045263
DTEP_cat_QTL_chr1_3	AX-676374151	DTEP_cat	DTEP categorical	Development	1	9343751	9293751	9393751	2	MLM, ssGBLUP	TMOL_3.1160.1	missense_variant	p.Asn109Tyr	Lethal (2) 09851, isoform A	Putative histone-binding protein Caf1-like Protein	IPR022052 (Histone-binding protein RBBP4 or subunit C of CAF1 complex); IPR020472 (G protein beta WD-40 repeat signature); IPR001680 (WD domain / G-beta repeat); IPR019775 (Trp-Asp (WD) repeats signature.); IPR015943
DTEP_cat_QTL_chr1_4	AX-676856931	DTEP_cat	DTEP categorical	Development	1	9627894	9577894	9677894	1	BLINK	TMOL_3.1119.1	intron_variant	-	LD22376p	Heparan-alpha-glucosaminide N-acetyltransferase-like Protein	IPR032176 (Domain of unknown function (DUF5009))
DTEP_cat_QTL_chr1_4	AX-674284000	DTEP_cat	DTEP categorical	Development	1	9628785	9578785	9678785	1	BLINK	TMOL_3.1119.1	missense_variant	p.Ser412Tyr	LD22376p	Heparan-alpha-glucosaminide N-acetyltransferase-like Protein	IPR032176 (Domain of unknown function (DUF5009))
DTEP_cat_QTL_chr1_4	AX-675420240	DTEP_cat	DTEP categorical	Development	1	9681083	9631083	9731083	1	BLINK	TMOL_3.1110.1	missense_variant	p.Val141Leu	RE08173p	Hemocyte protein-glutamine gamma-glutamyltransferase-like Protein	IPR001102 (Transglutaminase family); IPR008958 (Transglutaminase family / C-terminal ig like domain); IPR002931 (Transglutaminase-like superfamily); IPR013808 (Transglutaminases active site.); IPR023608
DTEP_cat_QTL_chr1_4	AX-673312499	DTEP_cat	DTEP categorical	Development	1	9683251	9633251	9733251	1	BLINK	TMOL_3.1109.1	downstream_gene_variant	-	Farnesoic acid O-methyl transferase domain-containing protein	Farnesoic acid O-methyl transferase domain-containing protein	IPR006616 (Protein of unknown function (DUF3421)); IPR022041 (Farnesoic acid 0-methyl transferase)
DTEP_cat_QTL_chr1_4	AX-673826254	DTEP_cat	DTEP categorical	Development	1	9685995	9635995	9735995	1	BLINK	TMOL_3.1109.1	intron_variant	-	Farnesoic acid O-methyl transferase domain-containing protein	Farnesoic acid O-methyl transferase domain-containing protein	IPR006616 (Protein of unknown function (DUF3421)); IPR022041 (Farnesoic acid 0-methyl transferase)
DTEP_cat_QTL_chr1_4	AX-675400125	DTEP_cat	DTEP categorical	Development	1	9687356	9637356	9737356	1	BLINK	TMOL_3.1109.1	intron_variant	-	Farnesoic acid O-methyl transferase domain-containing protein	Farnesoic acid O-methyl transferase domain-containing protein	IPR006616 (Protein of unknown function (DUF3421)); IPR022041 (Farnesoic acid 0-methyl transferase)
DTEP_cat_QTL_chr1_4	AX-675881446	DTEP_cat	DTEP categorical	Development	1	9695619	9645619	9745619	1	BLINK	TMOL_3.1108.1	missense_variant	p.Val894Ile	-	Nucleolar 27S pre-rRNA processing Urb2/Npa2 C-terminal domain-containing protein	IPR018849 (Urb2/Npa2 family)
DTEP_cat_QTL_chr1_4	AX-676617003	DTEP_cat	DTEP categorical	Development	1	9695679	9645679	9745679	1	BLINK	TMOL_3.1108.1	missense_variant	p.Cys874Ser	-	Nucleolar 27S pre-rRNA processing Urb2/Npa2 C-terminal domain-containing protein	IPR018849 (Urb2/Npa2 family)
DTEP_cat_QTL_chr1_4	AX-675988159	DTEP_cat	DTEP categorical	Development	1	9695801	9645801	9745801	1	BLINK	TMOL_3.1108.1	missense_variant	p.Pro833Arg	-	Nucleolar 27S pre-rRNA processing Urb2/Npa2 C-terminal domain-containing protein	IPR018849 (Urb2/Npa2 family)
DTEP_cat_QTL_chr1_4	AX-676590285	DTEP_cat	DTEP categorical	Development	1	9695970	9645970	9745970	1	BLINK	TMOL_3.1108.1	missense_variant	p.Ser777Arg	-	Nucleolar 27S pre-rRNA processing Urb2/Npa2 C-terminal domain-containing protein	IPR018849 (Urb2/Npa2 family)
DTEP_cat_QTL_chr1_4	AX-676356831	DTEP_cat	DTEP categorical	Development	1	9696054	9646054	9746054	1	BLINK	TMOL_3.1108.1	stop_gained	p.Lys749*	-	Nucleolar 27S pre-rRNA processing Urb2/Npa2 C-terminal domain-containing protein	IPR018849 (Urb2/Npa2 family)
DTEP_cat_QTL_chr1_4	AX-674949962	DTEP_cat	DTEP categorical	Development	1	9696267	9646267	9746267	1	BLINK	TMOL_3.1108.1	synonymous_variant	-	-	Nucleolar 27S pre-rRNA processing Urb2/Npa2 C-terminal domain-containing protein	IPR018849 (Urb2/Npa2 family)
DTEP_cat_QTL_chr1_4	AX-676933682	DTEP_cat	DTEP categorical	Development	1	9696381	9646381	9746381	1	BLINK	TMOL_3.1108.1	missense_variant	p.Asn640Asp	-	Nucleolar 27S pre-rRNA processing Urb2/Npa2 C-terminal domain-containing protein	IPR018849 (Urb2/Npa2 family)
DTEP_cat_QTL_chr1_4	AX-674563821	DTEP_cat	DTEP categorical	Development	1	9697381	9647381	9747381	1	BLINK	TMOL_3.1108.1	missense_variant	p.Ile358Phe	-	Nucleolar 27S pre-rRNA processing Urb2/Npa2 C-terminal domain-containing protein	IPR018849 (Urb2/Npa2 family)
DTEP_cat_QTL_chr1_4	AX-674153839	DTEP_cat	DTEP categorical	Development	1	9697597	9647597	9747597	1	BLINK	TMOL_3.1108.1	missense_variant	p.Phe286Ile	-	Nucleolar 27S pre-rRNA processing Urb2/Npa2 C-terminal domain-containing protein	IPR018849 (Urb2/Npa2 family)
DTEP_cat_QTL_chr1_4	AX-675519299	DTEP_cat	DTEP categorical	Development	1	9697701	9647701	9747701	1	BLINK	TMOL_3.1108.1	missense_variant	p.Leu251Arg	-	Nucleolar 27S pre-rRNA processing Urb2/Npa2 C-terminal domain-containing protein	IPR018849 (Urb2/Npa2 family)
DTEP_cat_QTL_chr1_4	AX-678419992	DTEP_cat	DTEP categorical	Development	1	9698050	9648050	9748050	1	BLINK	TMOL_3.1108.1	missense_variant	p.Thr135Pro	-	Nucleolar 27S pre-rRNA processing Urb2/Npa2 C-terminal domain-containing protein	IPR018849 (Urb2/Npa2 family)
DTEP_cat_QTL_chr1_4	AX-673399496	DTEP_cat	DTEP categorical	Development	1	9698494	9648494	9748494	1	BLINK	TMOL_3.1108.1	intron_variant	-	-	Nucleolar 27S pre-rRNA processing Urb2/Npa2 C-terminal domain-containing protein	IPR018849 (Urb2/Npa2 family)
DTEP_cat_QTL_chr1_4	AX-677695772	DTEP_cat	DTEP categorical	Development	1	9698538	9648538	9748538	1	BLINK	TMOL_3.1108.1	intron_variant	-	-	Nucleolar 27S pre-rRNA processing Urb2/Npa2 C-terminal domain-containing protein	IPR018849 (Urb2/Npa2 family)
DTEP_cat_QTL_chr1_4	AX-678776086	DTEP_cat	DTEP categorical	Development	1	9698554	9648554	9748554	1	BLINK	TMOL_3.1108.1	splice_region_variant&intron_variant	-	-	Nucleolar 27S pre-rRNA processing Urb2/Npa2 C-terminal domain-containing protein	IPR018849 (Urb2/Npa2 family)
DTEP_cat_QTL_chr1_4	AX-673392451	DTEP_cat	DTEP categorical	Development	1	9699255	9649255	9749255	1	BLINK	TMOL_3.1107.1	upstream_gene_variant	-	Large ribosomal subunit protein uL30	60S ribosomal protein L7-like Protein	IPR005998 (uL30_euk: 60S ribosomal protein uL30); IPR035808 (Ribosomal_L7_archeal_euk); IPR012988 (Ribosomal L30 N-terminal domain); IPR016082 (Ribosomal protein L30p/L7e); IPR039699
DTEP_cat_QTL_chr1_4	AX-673410090	DTEP_cat	DTEP categorical	Development	1	9699306	9649306	9749306	1	BLINK	TMOL_3.1107.1	start_retained_variant	p.Met1?	Large ribosomal subunit protein uL30	60S ribosomal protein L7-like Protein	IPR005998 (uL30_euk: 60S ribosomal protein uL30); IPR035808 (Ribosomal_L7_archeal_euk); IPR012988 (Ribosomal L30 N-terminal domain); IPR016082 (Ribosomal protein L30p/L7e); IPR039699
DTEP_cat_QTL_chr1_4	AX-677438319	DTEP_cat	DTEP categorical	Development	1	9699457	9649457	9749457	1	BLINK	TMOL_3.1107.1	missense_variant	p.Lys51Thr	Large ribosomal subunit protein uL30	60S ribosomal protein L7-like Protein	IPR005998 (uL30_euk: 60S ribosomal protein uL30); IPR035808 (Ribosomal_L7_archeal_euk); IPR012988 (Ribosomal L30 N-terminal domain); IPR016082 (Ribosomal protein L30p/L7e); IPR039699
DTEP_cat_QTL_chr1_4	AX-677092925	DTEP_cat	DTEP categorical	Development	1	9699472	9649472	9749472	1	BLINK	TMOL_3.1107.1	missense_variant	p.Ile56Asn	Large ribosomal subunit protein uL30	60S ribosomal protein L7-like Protein	IPR005998 (uL30_euk: 60S ribosomal protein uL30); IPR035808 (Ribosomal_L7_archeal_euk); IPR012988 (Ribosomal L30 N-terminal domain); IPR016082 (Ribosomal protein L30p/L7e); IPR039699
DTEP_cat_QTL_chr1_4	AX-674300917	DTEP_cat	DTEP categorical	Development	1	9699535	9649535	9749535	1	BLINK	TMOL_3.1107.1	missense_variant	p.Leu77Ser	Large ribosomal subunit protein uL30	60S ribosomal protein L7-like Protein	IPR005998 (uL30_euk: 60S ribosomal protein uL30); IPR035808 (Ribosomal_L7_archeal_euk); IPR012988 (Ribosomal L30 N-terminal domain); IPR016082 (Ribosomal protein L30p/L7e); IPR039699
DTEP_cat_QTL_chr1_4	AX-673751939	DTEP_cat	DTEP categorical	Development	1	9699662	9649662	9749662	1	BLINK	TMOL_3.1107.1	intron_variant	-	Large ribosomal subunit protein uL30	60S ribosomal protein L7-like Protein	IPR005998 (uL30_euk: 60S ribosomal protein uL30); IPR035808 (Ribosomal_L7_archeal_euk); IPR012988 (Ribosomal L30 N-terminal domain); IPR016082 (Ribosomal protein L30p/L7e); IPR039699
DTEP_cat_QTL_chr1_4	AX-678854666	DTEP_cat	DTEP categorical	Development	1	9706836	9656836	9756836	1	BLINK	TMOL_3.1105.1	intron_variant	-	Acid-sensitive two pore domain K+ channel dTASK-6	Open rectifier potassium channel protein 1-like Protein	IPR003092 (TASK K+ channel signature); IPR013099 (Ion channel); IPR003280 (Two pore domain K+ channel signature)
DTEP_cat_QTL_chr1_4	AX-673706788	DTEP_cat	DTEP categorical	Development	1	9710235	9660235	9760235	1	BLINK	TMOL_3.1105.1	intron_variant	-	Acid-sensitive two pore domain K+ channel dTASK-6	Open rectifier potassium channel protein 1-like Protein	IPR003092 (TASK K+ channel signature); IPR013099 (Ion channel); IPR003280 (Two pore domain K+ channel signature)
DTEP_cat_QTL_chr1_4	AX-674687122	DTEP_cat	DTEP categorical	Development	1	9713667	9663667	9763667	1	BLINK	TMOL_3.1105.1	intron_variant	-	Acid-sensitive two pore domain K+ channel dTASK-6	Open rectifier potassium channel protein 1-like Protein	IPR003092 (TASK K+ channel signature); IPR013099 (Ion channel); IPR003280 (Two pore domain K+ channel signature)
DTEP_cat_QTL_chr1_4	AX-678707198	DTEP_cat	DTEP categorical	Development	1	9713783	9663783	9763783	1	BLINK	TMOL_3.1105.1	intron_variant	-	Acid-sensitive two pore domain K+ channel dTASK-6	Open rectifier potassium channel protein 1-like Protein	IPR003092 (TASK K+ channel signature); IPR013099 (Ion channel); IPR003280 (Two pore domain K+ channel signature)
DTEP_cat_QTL_chr1_4	AX-674717458	DTEP_cat	DTEP categorical	Development	1	9713968	9663968	9763968	1	BLINK	TMOL_3.1105.1	intron_variant	-	Acid-sensitive two pore domain K+ channel dTASK-6	Open rectifier potassium channel protein 1-like Protein	IPR003092 (TASK K+ channel signature); IPR013099 (Ion channel); IPR003280 (Two pore domain K+ channel signature)
DTEP_cat_QTL_chr1_4	AX-678188514	DTEP_cat	DTEP categorical	Development	1	9715491	9665491	9765491	1	BLINK	TMOL_3.1105.1	intron_variant	-	Acid-sensitive two pore domain K+ channel dTASK-6	Open rectifier potassium channel protein 1-like Protein	IPR003092 (TASK K+ channel signature); IPR013099 (Ion channel); IPR003280 (Two pore domain K+ channel signature)
DTEP_cat_QTL_chr1_5	AX-675088334	DTEP_cat	DTEP categorical	Development	1	13066656	13016656	13116656	1	BLINK	TMOL_3.848.1	intergenic_region	-	-	Follistatin-related protein 5-like Protein	IPR013098 (Immunoglobulin I-set domain); IPR002048 (EFh); IPR002350 (Kazal-type serine protease inhibitor domain); IPR007110 (Ig-like domain profile.); IPR018247 (EF-hand calcium-binding domain.)
DTEP_cat_QTL_chr1_5	AX-678640442	DTEP_cat	DTEP categorical	Development	1	13066692	13016692	13116692	1	BLINK	TMOL_3.848.1	intergenic_region	-	-	Follistatin-related protein 5-like Protein	IPR013098 (Immunoglobulin I-set domain); IPR002048 (EFh); IPR002350 (Kazal-type serine protease inhibitor domain); IPR007110 (Ig-like domain profile.); IPR018247 (EF-hand calcium-binding domain.)
DTEP_cat_QTL_chr1_5	AX-678403637	DTEP_cat	DTEP categorical	Development	1	13067511	13017511	13117511	1	BLINK	TMOL_3.848.1	intergenic_region	-	-	Follistatin-related protein 5-like Protein	IPR013098 (Immunoglobulin I-set domain); IPR002048 (EFh); IPR002350 (Kazal-type serine protease inhibitor domain); IPR007110 (Ig-like domain profile.); IPR018247 (EF-hand calcium-binding domain.)
DTEP_cat_QTL_chr1_5	AX-676811532	DTEP_cat	DTEP categorical	Development	1	13073424	13023424	13123424	1	BLINK	TMOL_3.848.1	intergenic_region	-	-	Follistatin-related protein 5-like Protein	IPR013098 (Immunoglobulin I-set domain); IPR002048 (EFh); IPR002350 (Kazal-type serine protease inhibitor domain); IPR007110 (Ig-like domain profile.); IPR018247 (EF-hand calcium-binding domain.)
DTEP_cat_QTL_chr1_6	AX-675189388	DTEP_cat	DTEP categorical	Development	1	13402668	13352668	13452668	1	ssGBLUP	TMOL_3.834.1	intron_variant	-	Fife, isoform D	Uncharacterized protein	IPR000008 (C2 domain); IPR001478 (PDZ domain); IPR039032; IPR035892; IPR036034
DTEP_cat_QTL_chr1_7	AX-676920677	DTEP_cat	DTEP categorical	Development	1	31743682	31693682	31793682	1	ssGBLUP	TMOL_5.1070.1	missense_variant	p.Thr1604Met	Fatty acid synthase 1, isoform C	Fatty acid synthase-like Protein	IPR020841 (Beta-ketoacyl synthase); IPR014043 (Acyl transferase domain); IPR014030 (Beta-ketoacyl synthase / N-terminal domain); IPR013968 (KR domain); IPR014031 (Beta-ketoacyl synthase / C-terminal domain)
DTEP_cat_QTL_chr1_8	AX-674452466	DTEP_cat	DTEP categorical	Development	1	33850832	33800832	33900832	2	MLM, ssGBLUP	TMOL_5.971.1	intron_variant	-	Bent, isoform F	Kalirin-like Protein	IPR000719 (Protein kinase domain); IPR013098 (Immunoglobulin I-set domain); IPR003961 (FN3); IPR007110 (Ig-like domain profile.); IPR008271 (Serine/Threonine protein kinases active-site signature.)
DTEP_cat_QTL_chr1_9	AX-673593378	DTEP_cat	DTEP categorical	Development	1	38434363	38384363	38484363	2	MLM, ssGBLUP	TMOL_5.751.1	unknown	-	Krueppel-like factor luna	C2H2-type domain-containing protein	IPR013087 (Zinc finger / C2H2 type); IPR036236
DTEP_cat_QTL_chr1_10	AX-676796487	DTEP_cat	DTEP categorical	Development	1	39175933	39125933	39225933	1	BLINK	TMOL_5.717.1	intron_variant	-	Protein bric-a-brac 1	Protein bric-a-brac 1-like Protein	IPR000210 (BTB/POZ domain); IPR007889 (helix-turn-helix / Psq domain); IPR011333; IPR009057
DTEP_cat_QTL_chr1_10	AX-674746362	DTEP_cat	DTEP categorical	Development	1	39176068	39126068	39226068	1	BLINK	TMOL_5.717.1	intron_variant	-	Protein bric-a-brac 1	Protein bric-a-brac 1-like Protein	IPR000210 (BTB/POZ domain); IPR007889 (helix-turn-helix / Psq domain); IPR011333; IPR009057
DTEP_cat_QTL_chr1_11	AX-675211072	DTEP_cat	DTEP categorical	Development	1	41547786	41497786	41597786	2	MLM, ssGBLUP	TMOL_5.545.1	synonymous_variant	-	-	Cohesin subunit SA-1-like Protein	IPR013721 (STAG domain); IPR039662; IPR016024
DTEP_cat_QTL_chr10_1	AX-674328360	DTEP_cat	DTEP categorical	Development	10	7695409	7645409	7745409	1	ssGBLUP	Intergenic	upstream_gene_variant	-	-	-	-
DTEP_cat_QTL_chr10_2	AX-675544533	DTEP_cat	DTEP categorical	Development	10	10564953	10514953	10614953	2	MLM, ssGBLUP	Intergenic	intron_variant	-	-	-	-
DTEP_cat_QTL_chr2_1	AX-675872135	DTEP_cat	DTEP categorical	Development	2	3824853	3774853	3874853	1	FarmCPU	TMOL_2.496.1, TMOL_2.498.1	unknown, missense_variant	-, p.Arg1338Lys	Cytochrome P450 4c3, Putative gustatory receptor 28b	Cytochrome P450-like protein, Gustatory receptor	IPR001128 (Cytochrome P450); IPR002401 (E-class P450 group I signature); IPR017972 (Cytochrome P450 cysteine heme-iron ligand signature.); IPR036396, IPR013604 (7tm Chemosensory receptor)
DTEP_cat_QTL_chr2_2	AX-677483001	DTEP_cat	DTEP categorical	Development	2	5384959	5334959	5434959	1	BLINK	TMOL_2.659.1	intron_variant	-	Protein serrate	Delta-like protein	IPR011651 (N terminus of Notch ligand C2-like domain); IPR026219 (Jagged/Serrate protein family signature); IPR001774 (Delta serrate ligand); IPR000742 (EGF-like domain); IPR013111 (EGF-like domain)
DTEP_cat_QTL_chr2_2	AX-676667103	DTEP_cat	DTEP categorical	Development	2	5385388	5335388	5435388	1	BLINK	TMOL_2.659.1	intron_variant	-	Protein serrate	Delta-like protein	IPR011651 (N terminus of Notch ligand C2-like domain); IPR026219 (Jagged/Serrate protein family signature); IPR001774 (Delta serrate ligand); IPR000742 (EGF-like domain); IPR013111 (EGF-like domain)
DTEP_cat_QTL_chr2_2	AX-673484900	DTEP_cat	DTEP categorical	Development	2	5476959	5426959	5526959	1	BLINK	TMOL_2.676.1	intron_variant	-	DNA-directed RNA polymerases I, II, and III subunit RPABC3	DNA-directed RNA polymerases I, II, and III subunit RPABC3	IPR005570 (RNA polymerase Rpb8); IPR012340
DTEP_cat_QTL_chr2_2	AX-678464666	DTEP_cat	DTEP categorical	Development	2	5477124	5427124	5527124	1	BLINK	TMOL_2.676.1	intron_variant	-	DNA-directed RNA polymerases I, II, and III subunit RPABC3	DNA-directed RNA polymerases I, II, and III subunit RPABC3	IPR005570 (RNA polymerase Rpb8); IPR012340
DTEP_cat_QTL_chr2_2	AX-673570959	DTEP_cat	DTEP categorical	Development	2	5479569	5429569	5529569	1	BLINK	TMOL_2.676.1	intron_variant	-	DNA-directed RNA polymerases I, II, and III subunit RPABC3	DNA-directed RNA polymerases I, II, and III subunit RPABC3	IPR005570 (RNA polymerase Rpb8); IPR012340
DTEP_cat_QTL_chr2_2	AX-676286869	DTEP_cat	DTEP categorical	Development	2	5486145	5436145	5536145	1	BLINK	TMOL_2.676.1	intron_variant	-	DNA-directed RNA polymerases I, II, and III subunit RPABC3	DNA-directed RNA polymerases I, II, and III subunit RPABC3	IPR005570 (RNA polymerase Rpb8); IPR012340
DTEP_cat_QTL_chr2_2	AX-674013861	DTEP_cat	DTEP categorical	Development	2	5486570	5436570	5536570	1	BLINK	TMOL_2.676.1	intron_variant	-	DNA-directed RNA polymerases I, II, and III subunit RPABC3	DNA-directed RNA polymerases I, II, and III subunit RPABC3	IPR005570 (RNA polymerase Rpb8); IPR012340
DTEP_cat_QTL_chr2_3	AX-678536274	DTEP_cat	DTEP categorical	Development	2	9034709	8984709	9084709	1	ssGBLUP	TMOL_2.1033.1	intron_variant	-	Paired box pox-meso protein	Pox meso	IPR001523 (PAX); IPR043182 (Paired DNA-binding domain signature.); IPR043565; IPR009057; IPR036388
DTEP_cat_QTL_chr2_4	AX-673459139	DTEP_cat	DTEP categorical	Development	2	9447056	9397056	9497056	2	MLM, ssGBLUP	TMOL_2.1083.1	unknown	-	Rad, Gem/Kir family member 1, isoform B	Uncharacterized protein	IPR001806 (Ras family); IPR021349 (Protein of unknown function (DUF2967)); IPR027417
DTEP_cat_QTL_chr2_5	AX-678594415	DTEP_cat	DTEP categorical	Development	2	10942218	10892218	10992218	2	MLM, ssGBLUP	TMOL_2.1189.1	intron_variant	-	Uncharacterized protein, isoform B	E3 ubiquitin-protein ligase APD1-4 middle domain-containing protein	IPR032010 (Domain of unknown function (DUF4793)); IPR032008 (Domain of unknown function (DUF4792))
DTEP_cat_QTL_chr2_6	AX-678594024	DTEP_cat	DTEP categorical	Development	2	13463245	13413245	13513245	1	MLM	TMOL_2.1358.1	intron_variant	-	I[[h]] channel, isoform E	Cyclic nucleotide-gated cation channel subunit A-like Protein	IPR000595 (CAP_ED); IPR013621 (Ion transport protein N-terminal); IPR005821 (Ion transport protein); IPR003938 (EAG/ELK/ERG potassium channel family signature); IPR018488 (Cyclic nucleotide-binding domain signature 1.)
DTEP_cat_QTL_chr2_7	AX-676139102	DTEP_cat	DTEP categorical	Development	2	15876471	15826471	15926471	1	BLINK	TMOL_2.1503.1	intron_variant	-	Dynactin subunit 6	Dynactin subunit 6	IPR027777; IPR011004
DTEP_cat_QTL_chr2_7	AX-677572118	DTEP_cat	DTEP categorical	Development	2	15876515	15826515	15926515	1	BLINK	TMOL_2.1503.1	missense_variant	p.Lys58Glu	Dynactin subunit 6	Dynactin subunit 6	IPR027777; IPR011004
DTEP_cat_QTL_chr2_7	AX-675238294	DTEP_cat	DTEP categorical	Development	2	15876684	15826684	15926684	1	BLINK	TMOL_2.1503.1	intron_variant	-	Dynactin subunit 6	Dynactin subunit 6	IPR027777; IPR011004
DTEP_cat_QTL_chr2_7	AX-675078670	DTEP_cat	DTEP categorical	Development	2	15908043	15858043	15958043	1	BLINK	TMOL_2.1507.1	upstream_gene_variant	-	Probable 3-hydroxyisobutyrate dehydrogenase, mitochondrial	3-hydroxyisobutyrate dehydrogenase	IPR011548 (HIBADH: 3-hydroxyisobutyrate dehydrogenase); IPR006115 (NAD binding domain of 6-phosphogluconate dehydrogenase); IPR029154 (NAD-binding of NADP-dependent 3-hydroxyisobutyrate dehydrogenase); IPR015815; IPR013328
DTEP_cat_QTL_chr2_7	AX-676608579	DTEP_cat	DTEP categorical	Development	2	15908289	15858289	15958289	1	BLINK	TMOL_2.1507.1	upstream_gene_variant	-	Probable 3-hydroxyisobutyrate dehydrogenase, mitochondrial	3-hydroxyisobutyrate dehydrogenase	IPR011548 (HIBADH: 3-hydroxyisobutyrate dehydrogenase); IPR006115 (NAD binding domain of 6-phosphogluconate dehydrogenase); IPR029154 (NAD-binding of NADP-dependent 3-hydroxyisobutyrate dehydrogenase); IPR015815; IPR013328
DTEP_cat_QTL_chr2_7	AX-673781672	DTEP_cat	DTEP categorical	Development	2	15908468	15858468	15958468	1	BLINK	TMOL_2.1507.1	upstream_gene_variant	-	Probable 3-hydroxyisobutyrate dehydrogenase, mitochondrial	3-hydroxyisobutyrate dehydrogenase	IPR011548 (HIBADH: 3-hydroxyisobutyrate dehydrogenase); IPR006115 (NAD binding domain of 6-phosphogluconate dehydrogenase); IPR029154 (NAD-binding of NADP-dependent 3-hydroxyisobutyrate dehydrogenase); IPR015815; IPR013328
DTEP_cat_QTL_chr2_7	AX-673263900	DTEP_cat	DTEP categorical	Development	2	15909208	15859208	15959208	2	MLM, BLINK	TMOL_2.1507.1	upstream_gene_variant	-	Probable 3-hydroxyisobutyrate dehydrogenase, mitochondrial	3-hydroxyisobutyrate dehydrogenase	IPR011548 (HIBADH: 3-hydroxyisobutyrate dehydrogenase); IPR006115 (NAD binding domain of 6-phosphogluconate dehydrogenase); IPR029154 (NAD-binding of NADP-dependent 3-hydroxyisobutyrate dehydrogenase); IPR015815; IPR013328
DTEP_cat_QTL_chr2_7	AX-675497770	DTEP_cat	DTEP categorical	Development	2	15909267	15859267	15959267	2	MLM, BLINK	TMOL_2.1507.1	upstream_gene_variant	-	Probable 3-hydroxyisobutyrate dehydrogenase, mitochondrial	3-hydroxyisobutyrate dehydrogenase	IPR011548 (HIBADH: 3-hydroxyisobutyrate dehydrogenase); IPR006115 (NAD binding domain of 6-phosphogluconate dehydrogenase); IPR029154 (NAD-binding of NADP-dependent 3-hydroxyisobutyrate dehydrogenase); IPR015815; IPR013328
DTEP_cat_QTL_chr2_7	AX-676806635	DTEP_cat	DTEP categorical	Development	2	15909765	15859765	15959765	1	BLINK	TMOL_2.1507.1	upstream_gene_variant	-	Probable 3-hydroxyisobutyrate dehydrogenase, mitochondrial	3-hydroxyisobutyrate dehydrogenase	IPR011548 (HIBADH: 3-hydroxyisobutyrate dehydrogenase); IPR006115 (NAD binding domain of 6-phosphogluconate dehydrogenase); IPR029154 (NAD-binding of NADP-dependent 3-hydroxyisobutyrate dehydrogenase); IPR015815; IPR013328
DTEP_cat_QTL_chr2_7	AX-676602979	DTEP_cat	DTEP categorical	Development	2	15910191	15860191	15960191	2	MLM, BLINK	TMOL_2.1507.1	upstream_gene_variant	-	Probable 3-hydroxyisobutyrate dehydrogenase, mitochondrial	3-hydroxyisobutyrate dehydrogenase	IPR011548 (HIBADH: 3-hydroxyisobutyrate dehydrogenase); IPR006115 (NAD binding domain of 6-phosphogluconate dehydrogenase); IPR029154 (NAD-binding of NADP-dependent 3-hydroxyisobutyrate dehydrogenase); IPR015815; IPR013328
DTEP_cat_QTL_chr2_7	AX-674866767	DTEP_cat	DTEP categorical	Development	2	15910791	15860791	15960791	2	MLM, BLINK	TMOL_2.1507.1	stop_gained	p.Ser24*	Probable 3-hydroxyisobutyrate dehydrogenase, mitochondrial	3-hydroxyisobutyrate dehydrogenase	IPR011548 (HIBADH: 3-hydroxyisobutyrate dehydrogenase); IPR006115 (NAD binding domain of 6-phosphogluconate dehydrogenase); IPR029154 (NAD-binding of NADP-dependent 3-hydroxyisobutyrate dehydrogenase); IPR015815; IPR013328
DTEP_cat_QTL_chr2_7	AX-673846036	DTEP_cat	DTEP categorical	Development	2	15911588	15861588	15961588	2	MLM, BLINK	TMOL_2.1507.1	downstream_gene_variant	-	Probable 3-hydroxyisobutyrate dehydrogenase, mitochondrial	3-hydroxyisobutyrate dehydrogenase	IPR011548 (HIBADH: 3-hydroxyisobutyrate dehydrogenase); IPR006115 (NAD binding domain of 6-phosphogluconate dehydrogenase); IPR029154 (NAD-binding of NADP-dependent 3-hydroxyisobutyrate dehydrogenase); IPR015815; IPR013328
DTEP_cat_QTL_chr2_7	AX-677266052	DTEP_cat	DTEP categorical	Development	2	15911619	15861619	15961619	1	BLINK	TMOL_2.1507.1	downstream_gene_variant	-	Probable 3-hydroxyisobutyrate dehydrogenase, mitochondrial	3-hydroxyisobutyrate dehydrogenase	IPR011548 (HIBADH: 3-hydroxyisobutyrate dehydrogenase); IPR006115 (NAD binding domain of 6-phosphogluconate dehydrogenase); IPR029154 (NAD-binding of NADP-dependent 3-hydroxyisobutyrate dehydrogenase); IPR015815; IPR013328
DTEP_cat_QTL_chr2_7	AX-676282892	DTEP_cat	DTEP categorical	Development	2	15922592	15872592	15972592	2	MLM, BLINK	TMOL_2.1504.1	synonymous_variant	-	Uncharacterized protein, isoform B	Protein prune homolog 2-like Protein	IPR001251 (Divergent CRAL/TRIO domain); IPR019273 (Predicted integral membrane zinc-ribbon metal-binding protein); IPR022181 (Bcl2-/adenovirus E1B nineteen kDa-interacting protein 2); IPR036865
DTEP_cat_QTL_chr2_7	AX-676736659	DTEP_cat	DTEP categorical	Development	2	15922721	15872721	15972721	2	MLM, BLINK	TMOL_2.1504.1	missense_variant	p.Ile81Thr	Uncharacterized protein, isoform B	Protein prune homolog 2-like Protein	IPR001251 (Divergent CRAL/TRIO domain); IPR019273 (Predicted integral membrane zinc-ribbon metal-binding protein); IPR022181 (Bcl2-/adenovirus E1B nineteen kDa-interacting protein 2); IPR036865
DTEP_cat_QTL_chr2_7	AX-674515411	DTEP_cat	DTEP categorical	Development	2	15923096	15873096	15973096	2	MLM, BLINK	TMOL_2.1504.1	intron_variant	-	Uncharacterized protein, isoform B	Protein prune homolog 2-like Protein	IPR001251 (Divergent CRAL/TRIO domain); IPR019273 (Predicted integral membrane zinc-ribbon metal-binding protein); IPR022181 (Bcl2-/adenovirus E1B nineteen kDa-interacting protein 2); IPR036865
DTEP_cat_QTL_chr2_7	AX-673988041	DTEP_cat	DTEP categorical	Development	2	15923678	15873678	15973678	2	MLM, BLINK	TMOL_2.1504.1	intron_variant	-	Uncharacterized protein, isoform B	Protein prune homolog 2-like Protein	IPR001251 (Divergent CRAL/TRIO domain); IPR019273 (Predicted integral membrane zinc-ribbon metal-binding protein); IPR022181 (Bcl2-/adenovirus E1B nineteen kDa-interacting protein 2); IPR036865
DTEP_cat_QTL_chr2_7	AX-677746721	DTEP_cat	DTEP categorical	Development	2	15924126	15874126	15974126	1	BLINK	TMOL_2.1504.1	intron_variant	-	Uncharacterized protein, isoform B	Protein prune homolog 2-like Protein	IPR001251 (Divergent CRAL/TRIO domain); IPR019273 (Predicted integral membrane zinc-ribbon metal-binding protein); IPR022181 (Bcl2-/adenovirus E1B nineteen kDa-interacting protein 2); IPR036865
DTEP_cat_QTL_chr2_7	AX-677274194	DTEP_cat	DTEP categorical	Development	2	15924373	15874373	15974373	1	BLINK	TMOL_2.1504.1	intron_variant	-	Uncharacterized protein, isoform B	Protein prune homolog 2-like Protein	IPR001251 (Divergent CRAL/TRIO domain); IPR019273 (Predicted integral membrane zinc-ribbon metal-binding protein); IPR022181 (Bcl2-/adenovirus E1B nineteen kDa-interacting protein 2); IPR036865
DTEP_cat_QTL_chr2_7	AX-675587706	DTEP_cat	DTEP categorical	Development	2	15925236	15875236	15975236	2	MLM, BLINK	TMOL_2.1504.1	intron_variant	-	Uncharacterized protein, isoform B	Protein prune homolog 2-like Protein	IPR001251 (Divergent CRAL/TRIO domain); IPR019273 (Predicted integral membrane zinc-ribbon metal-binding protein); IPR022181 (Bcl2-/adenovirus E1B nineteen kDa-interacting protein 2); IPR036865
DTEP_cat_QTL_chr2_7	AX-675313169	DTEP_cat	DTEP categorical	Development	2	15925362	15875362	15975362	2	MLM, BLINK	TMOL_2.1504.1	intron_variant	-	Uncharacterized protein, isoform B	Protein prune homolog 2-like Protein	IPR001251 (Divergent CRAL/TRIO domain); IPR019273 (Predicted integral membrane zinc-ribbon metal-binding protein); IPR022181 (Bcl2-/adenovirus E1B nineteen kDa-interacting protein 2); IPR036865
DTEP_cat_QTL_chr2_7	AX-677193279	DTEP_cat	DTEP categorical	Development	2	15925884	15875884	15975884	2	MLM, BLINK	TMOL_2.1504.1	intron_variant	-	Uncharacterized protein, isoform B	Protein prune homolog 2-like Protein	IPR001251 (Divergent CRAL/TRIO domain); IPR019273 (Predicted integral membrane zinc-ribbon metal-binding protein); IPR022181 (Bcl2-/adenovirus E1B nineteen kDa-interacting protein 2); IPR036865
DTEP_cat_QTL_chr2_7	AX-673549346	DTEP_cat	DTEP categorical	Development	2	15925890	15875890	15975890	1	BLINK	TMOL_2.1504.1	intron_variant	-	Uncharacterized protein, isoform B	Protein prune homolog 2-like Protein	IPR001251 (Divergent CRAL/TRIO domain); IPR019273 (Predicted integral membrane zinc-ribbon metal-binding protein); IPR022181 (Bcl2-/adenovirus E1B nineteen kDa-interacting protein 2); IPR036865
DTEP_cat_QTL_chr2_7	AX-677102750	DTEP_cat	DTEP categorical	Development	2	15925991	15875991	15975991	1	BLINK	TMOL_2.1504.1	missense_variant	p.Thr437Lys	Uncharacterized protein, isoform B	Protein prune homolog 2-like Protein	IPR001251 (Divergent CRAL/TRIO domain); IPR019273 (Predicted integral membrane zinc-ribbon metal-binding protein); IPR022181 (Bcl2-/adenovirus E1B nineteen kDa-interacting protein 2); IPR036865
DTEP_cat_QTL_chr2_7	AX-674497866	DTEP_cat	DTEP categorical	Development	2	15926084	15876084	15976084	2	MLM, BLINK	TMOL_2.1504.1	synonymous_variant	-	Uncharacterized protein, isoform B	Protein prune homolog 2-like Protein	IPR001251 (Divergent CRAL/TRIO domain); IPR019273 (Predicted integral membrane zinc-ribbon metal-binding protein); IPR022181 (Bcl2-/adenovirus E1B nineteen kDa-interacting protein 2); IPR036865
DTEP_cat_QTL_chr2_7	AX-677555457	DTEP_cat	DTEP categorical	Development	2	15926267	15876267	15976267	1	BLINK	TMOL_2.1504.1	stop_gained	p.Leu529*	Uncharacterized protein, isoform B	Protein prune homolog 2-like Protein	IPR001251 (Divergent CRAL/TRIO domain); IPR019273 (Predicted integral membrane zinc-ribbon metal-binding protein); IPR022181 (Bcl2-/adenovirus E1B nineteen kDa-interacting protein 2); IPR036865
DTEP_cat_QTL_chr2_7	AX-673669445	DTEP_cat	DTEP categorical	Development	2	15926412	15876412	15976412	2	MLM, BLINK	TMOL_2.1504.1	missense_variant	p.Ser561Ile	Uncharacterized protein, isoform B	Protein prune homolog 2-like Protein	IPR001251 (Divergent CRAL/TRIO domain); IPR019273 (Predicted integral membrane zinc-ribbon metal-binding protein); IPR022181 (Bcl2-/adenovirus E1B nineteen kDa-interacting protein 2); IPR036865
DTEP_cat_QTL_chr2_7	AX-674997975	DTEP_cat	DTEP categorical	Development	2	15926572	15876572	15976572	2	MLM, BLINK	TMOL_2.1504.1	splice_region_variant&intron_variant	-	Uncharacterized protein, isoform B	Protein prune homolog 2-like Protein	IPR001251 (Divergent CRAL/TRIO domain); IPR019273 (Predicted integral membrane zinc-ribbon metal-binding protein); IPR022181 (Bcl2-/adenovirus E1B nineteen kDa-interacting protein 2); IPR036865
DTEP_cat_QTL_chr2_7	AX-677222977	DTEP_cat	DTEP categorical	Development	2	15926846	15876846	15976846	2	MLM, BLINK	TMOL_2.1504.1	intron_variant	-	Uncharacterized protein, isoform B	Protein prune homolog 2-like Protein	IPR001251 (Divergent CRAL/TRIO domain); IPR019273 (Predicted integral membrane zinc-ribbon metal-binding protein); IPR022181 (Bcl2-/adenovirus E1B nineteen kDa-interacting protein 2); IPR036865
DTEP_cat_QTL_chr2_7	AX-677266371	DTEP_cat	DTEP categorical	Development	2	15927542	15877542	15977542	1	BLINK	TMOL_2.1504.1	missense_variant	p.Leu801Gln	Uncharacterized protein, isoform B	Protein prune homolog 2-like Protein	IPR001251 (Divergent CRAL/TRIO domain); IPR019273 (Predicted integral membrane zinc-ribbon metal-binding protein); IPR022181 (Bcl2-/adenovirus E1B nineteen kDa-interacting protein 2); IPR036865
DTEP_cat_QTL_chr2_7	AX-675548026	DTEP_cat	DTEP categorical	Development	2	15927658	15877658	15977658	2	MLM, BLINK	TMOL_2.1504.1	intron_variant	-	Uncharacterized protein, isoform B	Protein prune homolog 2-like Protein	IPR001251 (Divergent CRAL/TRIO domain); IPR019273 (Predicted integral membrane zinc-ribbon metal-binding protein); IPR022181 (Bcl2-/adenovirus E1B nineteen kDa-interacting protein 2); IPR036865
DTEP_cat_QTL_chr2_7	AX-676088819	DTEP_cat	DTEP categorical	Development	2	15927673	15877673	15977673	2	MLM, BLINK	TMOL_2.1504.1	splice_region_variant&intron_variant	-	Uncharacterized protein, isoform B	Protein prune homolog 2-like Protein	IPR001251 (Divergent CRAL/TRIO domain); IPR019273 (Predicted integral membrane zinc-ribbon metal-binding protein); IPR022181 (Bcl2-/adenovirus E1B nineteen kDa-interacting protein 2); IPR036865
DTEP_cat_QTL_chr2_7	AX-676151103	DTEP_cat	DTEP categorical	Development	2	15927800	15877800	15977800	2	MLM, BLINK	TMOL_2.1504.1	missense_variant	p.Thr870Arg	Uncharacterized protein, isoform B	Protein prune homolog 2-like Protein	IPR001251 (Divergent CRAL/TRIO domain); IPR019273 (Predicted integral membrane zinc-ribbon metal-binding protein); IPR022181 (Bcl2-/adenovirus E1B nineteen kDa-interacting protein 2); IPR036865
DTEP_cat_QTL_chr2_7	AX-673600046	DTEP_cat	DTEP categorical	Development	2	15929387	15879387	15979387	2	MLM, BLINK	TMOL_2.1505.1	intron_variant	-	LIM and SH3 domain protein Lasp	LIM and SH3 domain protein Lasp-like Protein	IPR001452 (Variant SH3 domain); IPR001781 (LIM domain); IPR000900 (Nebulin repeat); IPR036028
DTEP_cat_QTL_chr2_7	AX-678263153	DTEP_cat	DTEP categorical	Development	2	15929588	15879588	15979588	1	BLINK	TMOL_2.1505.1	intron_variant	-	LIM and SH3 domain protein Lasp	LIM and SH3 domain protein Lasp-like Protein	IPR001452 (Variant SH3 domain); IPR001781 (LIM domain); IPR000900 (Nebulin repeat); IPR036028
DTEP_cat_QTL_chr2_7	AX-675324906	DTEP_cat	DTEP categorical	Development	2	15929614	15879614	15979614	1	BLINK	TMOL_2.1505.1	intron_variant	-	LIM and SH3 domain protein Lasp	LIM and SH3 domain protein Lasp-like Protein	IPR001452 (Variant SH3 domain); IPR001781 (LIM domain); IPR000900 (Nebulin repeat); IPR036028
DTEP_cat_QTL_chr2_7	AX-676537655	DTEP_cat	DTEP categorical	Development	2	15929795	15879795	15979795	2	MLM, BLINK	TMOL_2.1505.1	intron_variant	-	LIM and SH3 domain protein Lasp	LIM and SH3 domain protein Lasp-like Protein	IPR001452 (Variant SH3 domain); IPR001781 (LIM domain); IPR000900 (Nebulin repeat); IPR036028
DTEP_cat_QTL_chr2_7	AX-673812824	DTEP_cat	DTEP categorical	Development	2	15931320	15881320	15981320	1	BLINK	TMOL_2.1505.1	intron_variant	-	LIM and SH3 domain protein Lasp	LIM and SH3 domain protein Lasp-like Protein	IPR001452 (Variant SH3 domain); IPR001781 (LIM domain); IPR000900 (Nebulin repeat); IPR036028
DTEP_cat_QTL_chr2_7	AX-674111075	DTEP_cat	DTEP categorical	Development	2	15931355	15881355	15981355	1	BLINK	TMOL_2.1505.1	intron_variant	-	LIM and SH3 domain protein Lasp	LIM and SH3 domain protein Lasp-like Protein	IPR001452 (Variant SH3 domain); IPR001781 (LIM domain); IPR000900 (Nebulin repeat); IPR036028
DTEP_cat_QTL_chr2_7	AX-678872816	DTEP_cat	DTEP categorical	Development	2	15933408	15883408	15983408	1	BLINK	TMOL_2.1505.1	intron_variant	-	LIM and SH3 domain protein Lasp	LIM and SH3 domain protein Lasp-like Protein	IPR001452 (Variant SH3 domain); IPR001781 (LIM domain); IPR000900 (Nebulin repeat); IPR036028
DTEP_cat_QTL_chr2_7	AX-675690100	DTEP_cat	DTEP categorical	Development	2	15933602	15883602	15983602	1	BLINK	TMOL_2.1505.1	intron_variant	-	LIM and SH3 domain protein Lasp	LIM and SH3 domain protein Lasp-like Protein	IPR001452 (Variant SH3 domain); IPR001781 (LIM domain); IPR000900 (Nebulin repeat); IPR036028
DTEP_cat_QTL_chr2_7	AX-678481729	DTEP_cat	DTEP categorical	Development	2	15933695	15883695	15983695	1	BLINK	TMOL_2.1505.1	intron_variant	-	LIM and SH3 domain protein Lasp	LIM and SH3 domain protein Lasp-like Protein	IPR001452 (Variant SH3 domain); IPR001781 (LIM domain); IPR000900 (Nebulin repeat); IPR036028
DTEP_cat_QTL_chr2_7	AX-674848427	DTEP_cat	DTEP categorical	Development	2	15933818	15883818	15983818	2	MLM, BLINK	TMOL_2.1505.1	intron_variant	-	LIM and SH3 domain protein Lasp	LIM and SH3 domain protein Lasp-like Protein	IPR001452 (Variant SH3 domain); IPR001781 (LIM domain); IPR000900 (Nebulin repeat); IPR036028
DTEP_cat_QTL_chr2_7	AX-676593776	DTEP_cat	DTEP categorical	Development	2	15934147	15884147	15984147	2	MLM, BLINK	TMOL_2.1505.1	intron_variant	-	LIM and SH3 domain protein Lasp	LIM and SH3 domain protein Lasp-like Protein	IPR001452 (Variant SH3 domain); IPR001781 (LIM domain); IPR000900 (Nebulin repeat); IPR036028
DTEP_cat_QTL_chr2_7	AX-676774355	DTEP_cat	DTEP categorical	Development	2	15934404	15884404	15984404	2	MLM, BLINK	TMOL_2.1505.1	missense_variant	p.Tyr125Ser	LIM and SH3 domain protein Lasp	LIM and SH3 domain protein Lasp-like Protein	IPR001452 (Variant SH3 domain); IPR001781 (LIM domain); IPR000900 (Nebulin repeat); IPR036028
DTEP_cat_QTL_chr2_7	AX-677755513	DTEP_cat	DTEP categorical	Development	2	15934602	15884602	15984602	2	MLM, BLINK	TMOL_2.1505.1	missense_variant	p.Ser191Ile	LIM and SH3 domain protein Lasp	LIM and SH3 domain protein Lasp-like Protein	IPR001452 (Variant SH3 domain); IPR001781 (LIM domain); IPR000900 (Nebulin repeat); IPR036028
DTEP_cat_QTL_chr2_7	AX-677964436	DTEP_cat	DTEP categorical	Development	2	15934782	15884782	15984782	1	BLINK	TMOL_2.1505.1	synonymous_variant	-	LIM and SH3 domain protein Lasp	LIM and SH3 domain protein Lasp-like Protein	IPR001452 (Variant SH3 domain); IPR001781 (LIM domain); IPR000900 (Nebulin repeat); IPR036028
DTEP_cat_QTL_chr2_7	AX-677321053	DTEP_cat	DTEP categorical	Development	2	15935989	15885989	15985989	2	MLM, BLINK	TMOL_2.1509.1	missense_variant	p.Asn466Lys	-	Coiled-coil domain-containing protein 13-like Protein	IPR038929
DTEP_cat_QTL_chr2_7	AX-676145691	DTEP_cat	DTEP categorical	Development	2	15936596	15886596	15986596	2	MLM, BLINK	TMOL_2.1509.1	intron_variant	-	-	Coiled-coil domain-containing protein 13-like Protein	IPR038929
DTEP_cat_QTL_chr2_7	AX-676306956	DTEP_cat	DTEP categorical	Development	2	15936760	15886760	15986760	2	MLM, BLINK	TMOL_2.1509.1	intron_variant	-	-	Coiled-coil domain-containing protein 13-like Protein	IPR038929
DTEP_cat_QTL_chr2_7	AX-673334548	DTEP_cat	DTEP categorical	Development	2	15936844	15886844	15986844	2	MLM, BLINK	TMOL_2.1509.1	intron_variant	-	-	Coiled-coil domain-containing protein 13-like Protein	IPR038929
DTEP_cat_QTL_chr2_7	AX-678514877	DTEP_cat	DTEP categorical	Development	2	15937050	15887050	15987050	2	MLM, BLINK	TMOL_2.1509.1	intron_variant	-	-	Coiled-coil domain-containing protein 13-like Protein	IPR038929
DTEP_cat_QTL_chr2_7	AX-676629715	DTEP_cat	DTEP categorical	Development	2	15937346	15887346	15987346	1	BLINK	TMOL_2.1509.1	missense_variant	p.Thr270Ser	-	Coiled-coil domain-containing protein 13-like Protein	IPR038929
DTEP_cat_QTL_chr2_7	AX-678046912	DTEP_cat	DTEP categorical	Development	2	15938091	15888091	15988091	1	BLINK	TMOL_2.1509.1	synonymous_variant	-	-	Coiled-coil domain-containing protein 13-like Protein	IPR038929
DTEP_cat_QTL_chr2_7	AX-674036479	DTEP_cat	DTEP categorical	Development	2	15940517	15890517	15990517	1	BLINK	TMOL_2.1511.1	intron_variant	-	-	-	-
DTEP_cat_QTL_chr2_7	AX-676735710	DTEP_cat	DTEP categorical	Development	2	15943072	15893072	15993072	1	BLINK	TMOL_2.1511.1	intron_variant	-	-	-	-
DTEP_cat_QTL_chr2_7	AX-674704024	DTEP_cat	DTEP categorical	Development	2	15943720	15893720	15993720	2	MLM, BLINK	TMOL_2.1511.1	intron_variant	-	-	-	-
DTEP_cat_QTL_chr2_7	AX-677728268	DTEP_cat	DTEP categorical	Development	2	15943793	15893793	15993793	1	BLINK	TMOL_2.1511.1	intron_variant	-	-	-	-
DTEP_cat_QTL_chr2_7	AX-677737849	DTEP_cat	DTEP categorical	Development	2	15945748	15895748	15995748	2	MLM, BLINK	TMOL_2.1511.1	downstream_gene_variant	-	-	-	-
DTEP_cat_QTL_chr2_7	AX-674451713	DTEP_cat	DTEP categorical	Development	2	15946061	15896061	15996061	2	MLM, BLINK	TMOL_2.1511.1	downstream_gene_variant	-	-	-	-
DTEP_cat_QTL_chr2_7	AX-674132214	DTEP_cat	DTEP categorical	Development	2	15951192	15901192	16001192	2	MLM, BLINK	TMOL_2.1510.1	upstream_gene_variant	-	-	Uncharacterized protein	-
DTEP_cat_QTL_chr2_7	AX-678394693	DTEP_cat	DTEP categorical	Development	2	15951721	15901721	16001721	2	MLM, BLINK	TMOL_2.1510.1	synonymous_variant	-	-	Uncharacterized protein	-
DTEP_cat_QTL_chr2_7	AX-673790486	DTEP_cat	DTEP categorical	Development	2	15956407	15906407	16006407	2	MLM, BLINK	TMOL_2.1510.1	intron_variant	-	-	Uncharacterized protein	-
DTEP_cat_QTL_chr2_7	AX-674480026	DTEP_cat	DTEP categorical	Development	2	15956573	15906573	16006573	1	BLINK	TMOL_2.1510.1	intron_variant	-	-	Uncharacterized protein	-
DTEP_cat_QTL_chr2_7	AX-675748679	DTEP_cat	DTEP categorical	Development	2	15956986	15906986	16006986	2	MLM, BLINK	TMOL_2.1510.1	intron_variant	-	-	Uncharacterized protein	-
DTEP_cat_QTL_chr2_7	AX-673814786	DTEP_cat	DTEP categorical	Development	2	15957079	15907079	16007079	2	MLM, BLINK	TMOL_2.1510.1	intron_variant	-	-	Uncharacterized protein	-
DTEP_cat_QTL_chr2_7	AX-673743531	DTEP_cat	DTEP categorical	Development	2	15957254	15907254	16007254	2	MLM, BLINK	TMOL_2.1510.1	intron_variant	-	-	Uncharacterized protein	-
DTEP_cat_QTL_chr2_7	AX-677379067	DTEP_cat	DTEP categorical	Development	2	15957620	15907620	16007620	2	MLM, BLINK	TMOL_2.1510.1	intron_variant	-	-	Uncharacterized protein	-
DTEP_cat_QTL_chr2_7	AX-673477961	DTEP_cat	DTEP categorical	Development	2	15959411	15909411	16009411	2	MLM, BLINK	TMOL_2.1513.1	synonymous_variant	-	-	Uncharacterized protein	IPR027902 (Domain of unknown function (DUF4487))
DTEP_cat_QTL_chr2_7	AX-675536167	DTEP_cat	DTEP categorical	Development	2	15959437	15909437	16009437	2	MLM, BLINK	TMOL_2.1513.1	splice_region_variant&intron_variant	-	-	Uncharacterized protein	IPR027902 (Domain of unknown function (DUF4487))
DTEP_cat_QTL_chr2_7	AX-678313899	DTEP_cat	DTEP categorical	Development	2	15959497	15909497	16009497	2	MLM, BLINK	TMOL_2.1513.1	splice_region_variant&synonymous_variant	-	-	Uncharacterized protein	IPR027902 (Domain of unknown function (DUF4487))
DTEP_cat_QTL_chr2_7	AX-676987749	DTEP_cat	DTEP categorical	Development	2	15959686	15909686	16009686	1	BLINK	TMOL_2.1513.1	splice_acceptor_variant&intron_variant	-	-	Uncharacterized protein	IPR027902 (Domain of unknown function (DUF4487))
DTEP_cat_QTL_chr2_7	AX-674928904	DTEP_cat	DTEP categorical	Development	2	15960066	15910066	16010066	2	MLM, BLINK	TMOL_2.1513.1	intron_variant	-	-	Uncharacterized protein	IPR027902 (Domain of unknown function (DUF4487))
DTEP_cat_QTL_chr2_7	AX-674458774	DTEP_cat	DTEP categorical	Development	2	15960336	15910336	16010336	2	MLM, BLINK	TMOL_2.1513.1	missense_variant	p.Thr162Ile	-	Uncharacterized protein	IPR027902 (Domain of unknown function (DUF4487))
DTEP_cat_QTL_chr2_7	AX-676626863	DTEP_cat	DTEP categorical	Development	2	15960545	15910545	16010545	2	MLM, BLINK	TMOL_2.1513.1	missense_variant	p.Asn215Thr	-	Uncharacterized protein	IPR027902 (Domain of unknown function (DUF4487))
DTEP_cat_QTL_chr2_7	AX-675999871	DTEP_cat	DTEP categorical	Development	2	15960589	15910589	16010589	2	MLM, BLINK	TMOL_2.1513.1	missense_variant	p.Gln230Lys	-	Uncharacterized protein	IPR027902 (Domain of unknown function (DUF4487))
DTEP_cat_QTL_chr2_7	AX-678044576	DTEP_cat	DTEP categorical	Development	2	15961158	15911158	16011158	1	BLINK	TMOL_2.1513.1	missense_variant	p.Phe368Ser	-	Uncharacterized protein	IPR027902 (Domain of unknown function (DUF4487))
DTEP_cat_QTL_chr2_7	AX-673368753	DTEP_cat	DTEP categorical	Development	2	15961247	15911247	16011247	1	BLINK	TMOL_2.1513.1	synonymous_variant	-	-	Uncharacterized protein	IPR027902 (Domain of unknown function (DUF4487))
DTEP_cat_QTL_chr2_7	AX-676971949	DTEP_cat	DTEP categorical	Development	2	15961352	15911352	16011352	2	MLM, BLINK	TMOL_2.1513.1	synonymous_variant	-	-	Uncharacterized protein	IPR027902 (Domain of unknown function (DUF4487))
DTEP_cat_QTL_chr2_7	AX-675284827	DTEP_cat	DTEP categorical	Development	2	15961962	15911962	16011962	2	MLM, BLINK	TMOL_2.1513.1	intron_variant	-	-	Uncharacterized protein	IPR027902 (Domain of unknown function (DUF4487))
DTEP_cat_QTL_chr2_7	AX-673502011	DTEP_cat	DTEP categorical	Development	2	15962031	15912031	16012031	1	BLINK	TMOL_2.1513.1	intron_variant	-	-	Uncharacterized protein	IPR027902 (Domain of unknown function (DUF4487))
DTEP_cat_QTL_chr2_7	AX-674424915	DTEP_cat	DTEP categorical	Development	2	15962040	15912040	16012040	2	MLM, BLINK	TMOL_2.1513.1	intron_variant	-	-	Uncharacterized protein	IPR027902 (Domain of unknown function (DUF4487))
DTEP_cat_QTL_chr2_7	AX-674641050	DTEP_cat	DTEP categorical	Development	2	15964156	15914156	16014156	2	MLM, BLINK	TMOL_2.1513.1	intron_variant	-	-	Uncharacterized protein	IPR027902 (Domain of unknown function (DUF4487))
DTEP_cat_QTL_chr2_7	AX-677863924	DTEP_cat	DTEP categorical	Development	2	15964266	15914266	16014266	2	MLM, BLINK	TMOL_2.1513.1	intron_variant	-	-	Uncharacterized protein	IPR027902 (Domain of unknown function (DUF4487))
DTEP_cat_QTL_chr2_7	AX-676598639	DTEP_cat	DTEP categorical	Development	2	15964611	15914611	16014611	2	MLM, BLINK	TMOL_2.1513.1	missense_variant	p.Thr474Arg	-	Uncharacterized protein	IPR027902 (Domain of unknown function (DUF4487))
DTEP_cat_QTL_chr2_7	AX-675496705	DTEP_cat	DTEP categorical	Development	2	15965281	15915281	16015281	1	BLINK	TMOL_2.1513.1	intron_variant	-	-	Uncharacterized protein	IPR027902 (Domain of unknown function (DUF4487))
DTEP_cat_QTL_chr2_7	AX-675416617	DTEP_cat	DTEP categorical	Development	2	15966626	15916626	16016626	2	MLM, BLINK	TMOL_2.1513.1	missense_variant	p.Leu665Trp	-	Uncharacterized protein	IPR027902 (Domain of unknown function (DUF4487))
DTEP_cat_QTL_chr2_7	AX-673345928	DTEP_cat	DTEP categorical	Development	2	15966797	15916797	16016797	2	MLM, BLINK	TMOL_2.1513.1	missense_variant	p.Val722Gly	-	Uncharacterized protein	IPR027902 (Domain of unknown function (DUF4487))
DTEP_cat_QTL_chr2_7	AX-676988531	DTEP_cat	DTEP categorical	Development	2	15966878	15916878	16016878	2	MLM, BLINK	TMOL_2.1513.1	missense_variant	p.Tyr749Phe	-	Uncharacterized protein	IPR027902 (Domain of unknown function (DUF4487))
DTEP_cat_QTL_chr2_7	AX-673897460	DTEP_cat	DTEP categorical	Development	2	15966996	15916996	16016996	2	MLM, BLINK	TMOL_2.1513.1	synonymous_variant	-	-	Uncharacterized protein	IPR027902 (Domain of unknown function (DUF4487))
DTEP_cat_QTL_chr2_7	AX-674608609	DTEP_cat	DTEP categorical	Development	2	15974155	15924155	16024155	2	MLM, BLINK	TMOL_2.1515.1	downstream_gene_variant	-	-	-	-
DTEP_cat_QTL_chr2_7	AX-678507655	DTEP_cat	DTEP categorical	Development	2	15974198	15924198	16024198	2	MLM, BLINK	TMOL_2.1515.1	downstream_gene_variant	-	-	-	-
DTEP_cat_QTL_chr2_7	AX-677473596	DTEP_cat	DTEP categorical	Development	2	15974405	15924405	16024405	2	MLM, BLINK	TMOL_2.1515.1	downstream_gene_variant	-	-	-	-
DTEP_cat_QTL_chr2_7	AX-676926456	DTEP_cat	DTEP categorical	Development	2	15975281	15925281	16025281	2	MLM, BLINK	TMOL_2.1515.1	upstream_gene_variant	-	-	-	-
DTEP_cat_QTL_chr2_7	AX-673416605	DTEP_cat	DTEP categorical	Development	2	15975731	15925731	16025731	2	MLM, BLINK	TMOL_2.1515.1	upstream_gene_variant	-	-	-	-
DTEP_cat_QTL_chr2_7	AX-673724678	DTEP_cat	DTEP categorical	Development	2	15999214	15949214	16049214	1	BLINK	TMOL_2.1512.1	upstream_gene_variant	-	Stall, isoform C	A disintegrin and metalloproteinase with thrombospondin motifs 16-like Protein	IPR001590 (Reprolysin (M12B) family zinc metalloprotease); IPR041645 (ADAMTS cysteine-rich domain 2); IPR002870 (Reprolysin family propeptide); IPR000884 (Thrombospondin type-1 (TSP1) repeat profile.); IPR024079
DTEP_cat_QTL_chr2_7	AX-676438815	DTEP_cat	DTEP categorical	Development	2	15999364	15949364	16049364	1	BLINK	TMOL_2.1512.1	intron_variant	-	Stall, isoform C	A disintegrin and metalloproteinase with thrombospondin motifs 16-like Protein	IPR001590 (Reprolysin (M12B) family zinc metalloprotease); IPR041645 (ADAMTS cysteine-rich domain 2); IPR002870 (Reprolysin family propeptide); IPR000884 (Thrombospondin type-1 (TSP1) repeat profile.); IPR024079
DTEP_cat_QTL_chr2_7	AX-678872199	DTEP_cat	DTEP categorical	Development	2	15999431	15949431	16049431	1	BLINK	TMOL_2.1512.1	intron_variant	-	Stall, isoform C	A disintegrin and metalloproteinase with thrombospondin motifs 16-like Protein	IPR001590 (Reprolysin (M12B) family zinc metalloprotease); IPR041645 (ADAMTS cysteine-rich domain 2); IPR002870 (Reprolysin family propeptide); IPR000884 (Thrombospondin type-1 (TSP1) repeat profile.); IPR024079
DTEP_cat_QTL_chr2_7	AX-675966113	DTEP_cat	DTEP categorical	Development	2	16000192	15950192	16050192	1	BLINK	TMOL_2.1512.1	intron_variant	-	Stall, isoform C	A disintegrin and metalloproteinase with thrombospondin motifs 16-like Protein	IPR001590 (Reprolysin (M12B) family zinc metalloprotease); IPR041645 (ADAMTS cysteine-rich domain 2); IPR002870 (Reprolysin family propeptide); IPR000884 (Thrombospondin type-1 (TSP1) repeat profile.); IPR024079
DTEP_cat_QTL_chr2_7	AX-678377815	DTEP_cat	DTEP categorical	Development	2	16002009	15952009	16052009	1	BLINK	TMOL_2.1512.1	intron_variant	-	Stall, isoform C	A disintegrin and metalloproteinase with thrombospondin motifs 16-like Protein	IPR001590 (Reprolysin (M12B) family zinc metalloprotease); IPR041645 (ADAMTS cysteine-rich domain 2); IPR002870 (Reprolysin family propeptide); IPR000884 (Thrombospondin type-1 (TSP1) repeat profile.); IPR024079
DTEP_cat_QTL_chr2_7	AX-676517771	DTEP_cat	DTEP categorical	Development	2	16002388	15952388	16052388	1	BLINK	TMOL_2.1512.1	intron_variant	-	Stall, isoform C	A disintegrin and metalloproteinase with thrombospondin motifs 16-like Protein	IPR001590 (Reprolysin (M12B) family zinc metalloprotease); IPR041645 (ADAMTS cysteine-rich domain 2); IPR002870 (Reprolysin family propeptide); IPR000884 (Thrombospondin type-1 (TSP1) repeat profile.); IPR024079
DTEP_cat_QTL_chr2_7	AX-673738119	DTEP_cat	DTEP categorical	Development	2	16002436	15952436	16052436	1	BLINK	TMOL_2.1512.1	intron_variant	-	Stall, isoform C	A disintegrin and metalloproteinase with thrombospondin motifs 16-like Protein	IPR001590 (Reprolysin (M12B) family zinc metalloprotease); IPR041645 (ADAMTS cysteine-rich domain 2); IPR002870 (Reprolysin family propeptide); IPR000884 (Thrombospondin type-1 (TSP1) repeat profile.); IPR024079
DTEP_cat_QTL_chr2_7	AX-674103393	DTEP_cat	DTEP categorical	Development	2	16002835	15952835	16052835	1	BLINK	TMOL_2.1512.1	intron_variant	-	Stall, isoform C	A disintegrin and metalloproteinase with thrombospondin motifs 16-like Protein	IPR001590 (Reprolysin (M12B) family zinc metalloprotease); IPR041645 (ADAMTS cysteine-rich domain 2); IPR002870 (Reprolysin family propeptide); IPR000884 (Thrombospondin type-1 (TSP1) repeat profile.); IPR024079
DTEP_cat_QTL_chr2_7	AX-673495232	DTEP_cat	DTEP categorical	Development	2	16002966	15952966	16052966	1	BLINK	TMOL_2.1512.1	intron_variant	-	Stall, isoform C	A disintegrin and metalloproteinase with thrombospondin motifs 16-like Protein	IPR001590 (Reprolysin (M12B) family zinc metalloprotease); IPR041645 (ADAMTS cysteine-rich domain 2); IPR002870 (Reprolysin family propeptide); IPR000884 (Thrombospondin type-1 (TSP1) repeat profile.); IPR024079
DTEP_cat_QTL_chr2_7	AX-675736322	DTEP_cat	DTEP categorical	Development	2	16003109	15953109	16053109	1	BLINK	TMOL_2.1512.1	intron_variant	-	Stall, isoform C	A disintegrin and metalloproteinase with thrombospondin motifs 16-like Protein	IPR001590 (Reprolysin (M12B) family zinc metalloprotease); IPR041645 (ADAMTS cysteine-rich domain 2); IPR002870 (Reprolysin family propeptide); IPR000884 (Thrombospondin type-1 (TSP1) repeat profile.); IPR024079
DTEP_cat_QTL_chr2_7	AX-675929086	DTEP_cat	DTEP categorical	Development	2	16003809	15953809	16053809	1	BLINK	TMOL_2.1512.1	intron_variant	-	Stall, isoform C	A disintegrin and metalloproteinase with thrombospondin motifs 16-like Protein	IPR001590 (Reprolysin (M12B) family zinc metalloprotease); IPR041645 (ADAMTS cysteine-rich domain 2); IPR002870 (Reprolysin family propeptide); IPR000884 (Thrombospondin type-1 (TSP1) repeat profile.); IPR024079
DTEP_cat_QTL_chr2_7	AX-678636100	DTEP_cat	DTEP categorical	Development	2	16004156	15954156	16054156	1	BLINK	TMOL_2.1512.1	intron_variant	-	Stall, isoform C	A disintegrin and metalloproteinase with thrombospondin motifs 16-like Protein	IPR001590 (Reprolysin (M12B) family zinc metalloprotease); IPR041645 (ADAMTS cysteine-rich domain 2); IPR002870 (Reprolysin family propeptide); IPR000884 (Thrombospondin type-1 (TSP1) repeat profile.); IPR024079
DTEP_cat_QTL_chr2_7	AX-677998551	DTEP_cat	DTEP categorical	Development	2	16004335	15954335	16054335	1	BLINK	TMOL_2.1512.1	intron_variant	-	Stall, isoform C	A disintegrin and metalloproteinase with thrombospondin motifs 16-like Protein	IPR001590 (Reprolysin (M12B) family zinc metalloprotease); IPR041645 (ADAMTS cysteine-rich domain 2); IPR002870 (Reprolysin family propeptide); IPR000884 (Thrombospondin type-1 (TSP1) repeat profile.); IPR024079
DTEP_cat_QTL_chr2_7	AX-676449352	DTEP_cat	DTEP categorical	Development	2	16004662	15954662	16054662	1	BLINK	TMOL_2.1512.1	intron_variant	-	Stall, isoform C	A disintegrin and metalloproteinase with thrombospondin motifs 16-like Protein	IPR001590 (Reprolysin (M12B) family zinc metalloprotease); IPR041645 (ADAMTS cysteine-rich domain 2); IPR002870 (Reprolysin family propeptide); IPR000884 (Thrombospondin type-1 (TSP1) repeat profile.); IPR024079
DTEP_cat_QTL_chr2_7	AX-673863481	DTEP_cat	DTEP categorical	Development	2	16005102	15955102	16055102	1	BLINK	TMOL_2.1512.1	intron_variant	-	Stall, isoform C	A disintegrin and metalloproteinase with thrombospondin motifs 16-like Protein	IPR001590 (Reprolysin (M12B) family zinc metalloprotease); IPR041645 (ADAMTS cysteine-rich domain 2); IPR002870 (Reprolysin family propeptide); IPR000884 (Thrombospondin type-1 (TSP1) repeat profile.); IPR024079
DTEP_cat_QTL_chr2_7	AX-676668150	DTEP_cat	DTEP categorical	Development	2	16005528	15955528	16055528	1	BLINK	TMOL_2.1512.1	intron_variant	-	Stall, isoform C	A disintegrin and metalloproteinase with thrombospondin motifs 16-like Protein	IPR001590 (Reprolysin (M12B) family zinc metalloprotease); IPR041645 (ADAMTS cysteine-rich domain 2); IPR002870 (Reprolysin family propeptide); IPR000884 (Thrombospondin type-1 (TSP1) repeat profile.); IPR024079
DTEP_cat_QTL_chr2_7	AX-674027098	DTEP_cat	DTEP categorical	Development	2	16006032	15956032	16056032	1	BLINK	TMOL_2.1512.1	intron_variant	-	Stall, isoform C	A disintegrin and metalloproteinase with thrombospondin motifs 16-like Protein	IPR001590 (Reprolysin (M12B) family zinc metalloprotease); IPR041645 (ADAMTS cysteine-rich domain 2); IPR002870 (Reprolysin family propeptide); IPR000884 (Thrombospondin type-1 (TSP1) repeat profile.); IPR024079
DTEP_cat_QTL_chr2_7	AX-676070284	DTEP_cat	DTEP categorical	Development	2	16006241	15956241	16056241	2	MLM, BLINK	TMOL_2.1512.1	intron_variant	-	Stall, isoform C	A disintegrin and metalloproteinase with thrombospondin motifs 16-like Protein	IPR001590 (Reprolysin (M12B) family zinc metalloprotease); IPR041645 (ADAMTS cysteine-rich domain 2); IPR002870 (Reprolysin family propeptide); IPR000884 (Thrombospondin type-1 (TSP1) repeat profile.); IPR024079
DTEP_cat_QTL_chr2_7	AX-675974384	DTEP_cat	DTEP categorical	Development	2	16006870	15956870	16056870	1	BLINK	TMOL_2.1512.1	intron_variant	-	Stall, isoform C	A disintegrin and metalloproteinase with thrombospondin motifs 16-like Protein	IPR001590 (Reprolysin (M12B) family zinc metalloprotease); IPR041645 (ADAMTS cysteine-rich domain 2); IPR002870 (Reprolysin family propeptide); IPR000884 (Thrombospondin type-1 (TSP1) repeat profile.); IPR024079
DTEP_cat_QTL_chr2_7	AX-674189894	DTEP_cat	DTEP categorical	Development	2	16007206	15957206	16057206	1	BLINK	TMOL_2.1512.1	intron_variant	-	Stall, isoform C	A disintegrin and metalloproteinase with thrombospondin motifs 16-like Protein	IPR001590 (Reprolysin (M12B) family zinc metalloprotease); IPR041645 (ADAMTS cysteine-rich domain 2); IPR002870 (Reprolysin family propeptide); IPR000884 (Thrombospondin type-1 (TSP1) repeat profile.); IPR024079
DTEP_cat_QTL_chr2_7	AX-677522746	DTEP_cat	DTEP categorical	Development	2	16007564	15957564	16057564	2	MLM, BLINK	TMOL_2.1512.1	intron_variant	-	Stall, isoform C	A disintegrin and metalloproteinase with thrombospondin motifs 16-like Protein	IPR001590 (Reprolysin (M12B) family zinc metalloprotease); IPR041645 (ADAMTS cysteine-rich domain 2); IPR002870 (Reprolysin family propeptide); IPR000884 (Thrombospondin type-1 (TSP1) repeat profile.); IPR024079
DTEP_cat_QTL_chr2_7	AX-674052369	DTEP_cat	DTEP categorical	Development	2	16008207	15958207	16058207	1	BLINK	TMOL_2.1512.1	intron_variant	-	Stall, isoform C	A disintegrin and metalloproteinase with thrombospondin motifs 16-like Protein	IPR001590 (Reprolysin (M12B) family zinc metalloprotease); IPR041645 (ADAMTS cysteine-rich domain 2); IPR002870 (Reprolysin family propeptide); IPR000884 (Thrombospondin type-1 (TSP1) repeat profile.); IPR024079
DTEP_cat_QTL_chr2_7	AX-673975240	DTEP_cat	DTEP categorical	Development	2	16008533	15958533	16058533	1	BLINK	TMOL_2.1512.1	intron_variant	-	Stall, isoform C	A disintegrin and metalloproteinase with thrombospondin motifs 16-like Protein	IPR001590 (Reprolysin (M12B) family zinc metalloprotease); IPR041645 (ADAMTS cysteine-rich domain 2); IPR002870 (Reprolysin family propeptide); IPR000884 (Thrombospondin type-1 (TSP1) repeat profile.); IPR024079
DTEP_cat_QTL_chr2_7	AX-674336527	DTEP_cat	DTEP categorical	Development	2	16008676	15958676	16058676	1	BLINK	TMOL_2.1512.1	intron_variant	-	Stall, isoform C	A disintegrin and metalloproteinase with thrombospondin motifs 16-like Protein	IPR001590 (Reprolysin (M12B) family zinc metalloprotease); IPR041645 (ADAMTS cysteine-rich domain 2); IPR002870 (Reprolysin family propeptide); IPR000884 (Thrombospondin type-1 (TSP1) repeat profile.); IPR024079
DTEP_cat_QTL_chr2_7	AX-677295650	DTEP_cat	DTEP categorical	Development	2	16008901	15958901	16058901	1	BLINK	TMOL_2.1512.1	intron_variant	-	Stall, isoform C	A disintegrin and metalloproteinase with thrombospondin motifs 16-like Protein	IPR001590 (Reprolysin (M12B) family zinc metalloprotease); IPR041645 (ADAMTS cysteine-rich domain 2); IPR002870 (Reprolysin family propeptide); IPR000884 (Thrombospondin type-1 (TSP1) repeat profile.); IPR024079
DTEP_cat_QTL_chr2_7	AX-676269736	DTEP_cat	DTEP categorical	Development	2	16009465	15959465	16059465	1	BLINK	TMOL_2.1512.1	intron_variant	-	Stall, isoform C	A disintegrin and metalloproteinase with thrombospondin motifs 16-like Protein	IPR001590 (Reprolysin (M12B) family zinc metalloprotease); IPR041645 (ADAMTS cysteine-rich domain 2); IPR002870 (Reprolysin family propeptide); IPR000884 (Thrombospondin type-1 (TSP1) repeat profile.); IPR024079
DTEP_cat_QTL_chr2_7	AX-674746014	DTEP_cat	DTEP categorical	Development	2	16009501	15959501	16059501	1	BLINK	TMOL_2.1512.1	intron_variant	-	Stall, isoform C	A disintegrin and metalloproteinase with thrombospondin motifs 16-like Protein	IPR001590 (Reprolysin (M12B) family zinc metalloprotease); IPR041645 (ADAMTS cysteine-rich domain 2); IPR002870 (Reprolysin family propeptide); IPR000884 (Thrombospondin type-1 (TSP1) repeat profile.); IPR024079
DTEP_cat_QTL_chr2_7	AX-677429524	DTEP_cat	DTEP categorical	Development	2	16010309	15960309	16060309	1	BLINK	TMOL_2.1512.1	missense_variant	p.Leu67Trp	Stall, isoform C	A disintegrin and metalloproteinase with thrombospondin motifs 16-like Protein	IPR001590 (Reprolysin (M12B) family zinc metalloprotease); IPR041645 (ADAMTS cysteine-rich domain 2); IPR002870 (Reprolysin family propeptide); IPR000884 (Thrombospondin type-1 (TSP1) repeat profile.); IPR024079
DTEP_cat_QTL_chr2_7	AX-677066976	DTEP_cat	DTEP categorical	Development	2	16011138	15961138	16061138	1	BLINK	TMOL_2.1512.1	intron_variant	-	Stall, isoform C	A disintegrin and metalloproteinase with thrombospondin motifs 16-like Protein	IPR001590 (Reprolysin (M12B) family zinc metalloprotease); IPR041645 (ADAMTS cysteine-rich domain 2); IPR002870 (Reprolysin family propeptide); IPR000884 (Thrombospondin type-1 (TSP1) repeat profile.); IPR024079
DTEP_cat_QTL_chr2_7	AX-673876038	DTEP_cat	DTEP categorical	Development	2	16020672	15970672	16070672	1	BLINK	TMOL_2.1512.1	missense_variant	p.His178Leu	Stall, isoform C	A disintegrin and metalloproteinase with thrombospondin motifs 16-like Protein	IPR001590 (Reprolysin (M12B) family zinc metalloprotease); IPR041645 (ADAMTS cysteine-rich domain 2); IPR002870 (Reprolysin family propeptide); IPR000884 (Thrombospondin type-1 (TSP1) repeat profile.); IPR024079
DTEP_cat_QTL_chr2_7	AX-676930938	DTEP_cat	DTEP categorical	Development	2	16021615	15971615	16071615	1	BLINK	TMOL_2.1512.1	intron_variant	-	Stall, isoform C	A disintegrin and metalloproteinase with thrombospondin motifs 16-like Protein	IPR001590 (Reprolysin (M12B) family zinc metalloprotease); IPR041645 (ADAMTS cysteine-rich domain 2); IPR002870 (Reprolysin family propeptide); IPR000884 (Thrombospondin type-1 (TSP1) repeat profile.); IPR024079
DTEP_cat_QTL_chr2_7	AX-678631862	DTEP_cat	DTEP categorical	Development	2	16022043	15972043	16072043	1	BLINK	TMOL_2.1512.1	intron_variant	-	Stall, isoform C	A disintegrin and metalloproteinase with thrombospondin motifs 16-like Protein	IPR001590 (Reprolysin (M12B) family zinc metalloprotease); IPR041645 (ADAMTS cysteine-rich domain 2); IPR002870 (Reprolysin family propeptide); IPR000884 (Thrombospondin type-1 (TSP1) repeat profile.); IPR024079
DTEP_cat_QTL_chr2_7	AX-674063062	DTEP_cat	DTEP categorical	Development	2	16022762	15972762	16072762	1	BLINK	TMOL_2.1512.1	intron_variant	-	Stall, isoform C	A disintegrin and metalloproteinase with thrombospondin motifs 16-like Protein	IPR001590 (Reprolysin (M12B) family zinc metalloprotease); IPR041645 (ADAMTS cysteine-rich domain 2); IPR002870 (Reprolysin family propeptide); IPR000884 (Thrombospondin type-1 (TSP1) repeat profile.); IPR024079
DTEP_cat_QTL_chr2_7	AX-676060877	DTEP_cat	DTEP categorical	Development	2	16022982	15972982	16072982	1	BLINK	TMOL_2.1512.1	intron_variant	-	Stall, isoform C	A disintegrin and metalloproteinase with thrombospondin motifs 16-like Protein	IPR001590 (Reprolysin (M12B) family zinc metalloprotease); IPR041645 (ADAMTS cysteine-rich domain 2); IPR002870 (Reprolysin family propeptide); IPR000884 (Thrombospondin type-1 (TSP1) repeat profile.); IPR024079
DTEP_cat_QTL_chr2_7	AX-678835872	DTEP_cat	DTEP categorical	Development	2	16023949	15973949	16073949	1	BLINK	TMOL_2.1512.1	missense_variant	p.Tyr894Ser	Stall, isoform C	A disintegrin and metalloproteinase with thrombospondin motifs 16-like Protein	IPR001590 (Reprolysin (M12B) family zinc metalloprotease); IPR041645 (ADAMTS cysteine-rich domain 2); IPR002870 (Reprolysin family propeptide); IPR000884 (Thrombospondin type-1 (TSP1) repeat profile.); IPR024079
DTEP_cat_QTL_chr2_7	AX-674457009	DTEP_cat	DTEP categorical	Development	2	16024040	15974040	16074040	1	BLINK	TMOL_2.1512.1	intron_variant	-	Stall, isoform C	A disintegrin and metalloproteinase with thrombospondin motifs 16-like Protein	IPR001590 (Reprolysin (M12B) family zinc metalloprotease); IPR041645 (ADAMTS cysteine-rich domain 2); IPR002870 (Reprolysin family propeptide); IPR000884 (Thrombospondin type-1 (TSP1) repeat profile.); IPR024079
DTEP_cat_QTL_chr2_7	AX-673442611	DTEP_cat	DTEP categorical	Development	2	16024267	15974267	16074267	1	BLINK	TMOL_2.1512.1	downstream_gene_variant	-	Stall, isoform C	A disintegrin and metalloproteinase with thrombospondin motifs 16-like Protein	IPR001590 (Reprolysin (M12B) family zinc metalloprotease); IPR041645 (ADAMTS cysteine-rich domain 2); IPR002870 (Reprolysin family propeptide); IPR000884 (Thrombospondin type-1 (TSP1) repeat profile.); IPR024079
DTEP_cat_QTL_chr2_7	AX-674069937	DTEP_cat	DTEP categorical	Development	2	16024728	15974728	16074728	1	BLINK	TMOL_2.1517.1	downstream_gene_variant	-	-	HAUS augmin-like complex subunit 3 N-terminal domain-containing protein	-
DTEP_cat_QTL_chr2_7	AX-677374635	DTEP_cat	DTEP categorical	Development	2	16026210	15976210	16076210	1	BLINK	TMOL_2.1517.1	intron_variant	-	-	HAUS augmin-like complex subunit 3 N-terminal domain-containing protein	-
DTEP_cat_QTL_chr2_7	AX-675795151	DTEP_cat	DTEP categorical	Development	2	16026548	15976548	16076548	1	BLINK	TMOL_2.1517.1	missense_variant	p.Lys246Gln	-	HAUS augmin-like complex subunit 3 N-terminal domain-containing protein	-
DTEP_cat_QTL_chr2_7	AX-676670013	DTEP_cat	DTEP categorical	Development	2	16026939	15976939	16076939	1	BLINK	TMOL_2.1517.1	splice_region_variant&intron_variant	-	-	HAUS augmin-like complex subunit 3 N-terminal domain-containing protein	-
DTEP_cat_QTL_chr2_7	AX-678332676	DTEP_cat	DTEP categorical	Development	2	16027185	15977185	16077185	1	BLINK	TMOL_2.1517.1	missense_variant	p.Ser172Cys	-	HAUS augmin-like complex subunit 3 N-terminal domain-containing protein	-
DTEP_cat_QTL_chr2_7	AX-675108691	DTEP_cat	DTEP categorical	Development	2	16027348	15977348	16077348	1	BLINK	TMOL_2.1517.1	splice_region_variant&intron_variant	-	-	HAUS augmin-like complex subunit 3 N-terminal domain-containing protein	-
DTEP_cat_QTL_chr2_7	AX-677888795	DTEP_cat	DTEP categorical	Development	2	16027450	15977450	16077450	1	BLINK	TMOL_2.1517.1	missense_variant	p.Ile101Asn	-	HAUS augmin-like complex subunit 3 N-terminal domain-containing protein	-
DTEP_cat_QTL_chr2_7	AX-673633011	DTEP_cat	DTEP categorical	Development	2	16027597	15977597	16077597	2	MLM, BLINK	TMOL_2.1517.1	intron_variant	-	-	HAUS augmin-like complex subunit 3 N-terminal domain-containing protein	-
DTEP_cat_QTL_chr2_7	AX-675241950	DTEP_cat	DTEP categorical	Development	2	16027602	15977602	16077602	1	BLINK	TMOL_2.1517.1	intron_variant	-	-	HAUS augmin-like complex subunit 3 N-terminal domain-containing protein	-
DTEP_cat_QTL_chr2_7	AX-677783088	DTEP_cat	DTEP categorical	Development	2	16040450	15990450	16090450	1	BLINK	TMOL_2.1519.1	downstream_gene_variant	-	Protein lethal(2)essential for life	Protein lethal(2)essential for life-like Protein	IPR001436 (Alpha crystallin signature); IPR002068 (Hsp20/alpha crystallin family); IPR008978
DTEP_cat_QTL_chr2_7	AX-677789401	DTEP_cat	DTEP categorical	Development	2	16041421	15991421	16091421	1	BLINK	TMOL_2.1519.1	upstream_gene_variant	-	Protein lethal(2)essential for life	Protein lethal(2)essential for life-like Protein	IPR001436 (Alpha crystallin signature); IPR002068 (Hsp20/alpha crystallin family); IPR008978
DTEP_cat_QTL_chr2_7	AX-677574340	DTEP_cat	DTEP categorical	Development	2	16041547	15991547	16091547	2	MLM, BLINK	TMOL_2.1519.1	upstream_gene_variant	-	Protein lethal(2)essential for life	Protein lethal(2)essential for life-like Protein	IPR001436 (Alpha crystallin signature); IPR002068 (Hsp20/alpha crystallin family); IPR008978
DTEP_cat_QTL_chr2_7	AX-677653145	DTEP_cat	DTEP categorical	Development	2	16042075	15992075	16092075	2	MLM, BLINK	TMOL_2.1519.1	upstream_gene_variant	-	Protein lethal(2)essential for life	Protein lethal(2)essential for life-like Protein	IPR001436 (Alpha crystallin signature); IPR002068 (Hsp20/alpha crystallin family); IPR008978
DTEP_cat_QTL_chr2_7	AX-677922518	DTEP_cat	DTEP categorical	Development	2	16042103	15992103	16092103	1	BLINK	TMOL_2.1519.1	upstream_gene_variant	-	Protein lethal(2)essential for life	Protein lethal(2)essential for life-like Protein	IPR001436 (Alpha crystallin signature); IPR002068 (Hsp20/alpha crystallin family); IPR008978
DTEP_cat_QTL_chr2_7	AX-673317128	DTEP_cat	DTEP categorical	Development	2	16056926	16006926	16106926	1	BLINK	TMOL_2.1520.1	intron_variant	-	High affinity cAMP-specific and IBMX-insensitive 3',5'-cyclic phosphodiesterase 8	Phosphodiesterase	IPR002073 (3'5'-cyclic nucleotide phosphodiesterase); IPR023088 (3'5'-cyclic nucleotide phosphodiesterase signature); IPR003607 (HDc); IPR013767 (PAS fold); IPR000014 (PAS)
DTEP_cat_QTL_chr2_7	AX-674269353	DTEP_cat	DTEP categorical	Development	2	16056957	16006957	16106957	1	BLINK	TMOL_2.1520.1	intron_variant	-	High affinity cAMP-specific and IBMX-insensitive 3',5'-cyclic phosphodiesterase 8	Phosphodiesterase	IPR002073 (3'5'-cyclic nucleotide phosphodiesterase); IPR023088 (3'5'-cyclic nucleotide phosphodiesterase signature); IPR003607 (HDc); IPR013767 (PAS fold); IPR000014 (PAS)
DTEP_cat_QTL_chr2_7	AX-676130420	DTEP_cat	DTEP categorical	Development	2	16057797	16007797	16107797	1	BLINK	TMOL_2.1520.1	intron_variant	-	High affinity cAMP-specific and IBMX-insensitive 3',5'-cyclic phosphodiesterase 8	Phosphodiesterase	IPR002073 (3'5'-cyclic nucleotide phosphodiesterase); IPR023088 (3'5'-cyclic nucleotide phosphodiesterase signature); IPR003607 (HDc); IPR013767 (PAS fold); IPR000014 (PAS)
DTEP_cat_QTL_chr2_7	AX-677218967	DTEP_cat	DTEP categorical	Development	2	16058233	16008233	16108233	1	BLINK	TMOL_2.1520.1	intron_variant	-	High affinity cAMP-specific and IBMX-insensitive 3',5'-cyclic phosphodiesterase 8	Phosphodiesterase	IPR002073 (3'5'-cyclic nucleotide phosphodiesterase); IPR023088 (3'5'-cyclic nucleotide phosphodiesterase signature); IPR003607 (HDc); IPR013767 (PAS fold); IPR000014 (PAS)
DTEP_cat_QTL_chr2_7	AX-675957830	DTEP_cat	DTEP categorical	Development	2	16058341	16008341	16108341	1	BLINK	TMOL_2.1520.1	intron_variant	-	High affinity cAMP-specific and IBMX-insensitive 3',5'-cyclic phosphodiesterase 8	Phosphodiesterase	IPR002073 (3'5'-cyclic nucleotide phosphodiesterase); IPR023088 (3'5'-cyclic nucleotide phosphodiesterase signature); IPR003607 (HDc); IPR013767 (PAS fold); IPR000014 (PAS)
DTEP_cat_QTL_chr2_7	AX-674906076	DTEP_cat	DTEP categorical	Development	2	16059633	16009633	16109633	1	BLINK	TMOL_2.1520.1	intron_variant	-	High affinity cAMP-specific and IBMX-insensitive 3',5'-cyclic phosphodiesterase 8	Phosphodiesterase	IPR002073 (3'5'-cyclic nucleotide phosphodiesterase); IPR023088 (3'5'-cyclic nucleotide phosphodiesterase signature); IPR003607 (HDc); IPR013767 (PAS fold); IPR000014 (PAS)
DTEP_cat_QTL_chr2_7	AX-677834928	DTEP_cat	DTEP categorical	Development	2	16059957	16009957	16109957	1	BLINK	TMOL_2.1520.1	intron_variant	-	High affinity cAMP-specific and IBMX-insensitive 3',5'-cyclic phosphodiesterase 8	Phosphodiesterase	IPR002073 (3'5'-cyclic nucleotide phosphodiesterase); IPR023088 (3'5'-cyclic nucleotide phosphodiesterase signature); IPR003607 (HDc); IPR013767 (PAS fold); IPR000014 (PAS)
DTEP_cat_QTL_chr2_7	AX-678605939	DTEP_cat	DTEP categorical	Development	2	16060971	16010971	16110971	1	BLINK	TMOL_2.1520.1	missense_variant	p.Ala694Val	High affinity cAMP-specific and IBMX-insensitive 3',5'-cyclic phosphodiesterase 8	Phosphodiesterase	IPR002073 (3'5'-cyclic nucleotide phosphodiesterase); IPR023088 (3'5'-cyclic nucleotide phosphodiesterase signature); IPR003607 (HDc); IPR013767 (PAS fold); IPR000014 (PAS)
DTEP_cat_QTL_chr2_7	AX-678573630	DTEP_cat	DTEP categorical	Development	2	16061836	16011836	16111836	1	BLINK	TMOL_2.1520.1	intron_variant	-	High affinity cAMP-specific and IBMX-insensitive 3',5'-cyclic phosphodiesterase 8	Phosphodiesterase	IPR002073 (3'5'-cyclic nucleotide phosphodiesterase); IPR023088 (3'5'-cyclic nucleotide phosphodiesterase signature); IPR003607 (HDc); IPR013767 (PAS fold); IPR000014 (PAS)
DTEP_cat_QTL_chr2_7	AX-675719187	DTEP_cat	DTEP categorical	Development	2	16062714	16012714	16112714	1	BLINK	TMOL_2.1520.1	intron_variant	-	High affinity cAMP-specific and IBMX-insensitive 3',5'-cyclic phosphodiesterase 8	Phosphodiesterase	IPR002073 (3'5'-cyclic nucleotide phosphodiesterase); IPR023088 (3'5'-cyclic nucleotide phosphodiesterase signature); IPR003607 (HDc); IPR013767 (PAS fold); IPR000014 (PAS)
DTEP_cat_QTL_chr2_7	AX-675008065	DTEP_cat	DTEP categorical	Development	2	16063648	16013648	16113648	1	BLINK	TMOL_2.1520.1	intron_variant	-	High affinity cAMP-specific and IBMX-insensitive 3',5'-cyclic phosphodiesterase 8	Phosphodiesterase	IPR002073 (3'5'-cyclic nucleotide phosphodiesterase); IPR023088 (3'5'-cyclic nucleotide phosphodiesterase signature); IPR003607 (HDc); IPR013767 (PAS fold); IPR000014 (PAS)
DTEP_cat_QTL_chr2_7	AX-674311080	DTEP_cat	DTEP categorical	Development	2	16064217	16014217	16114217	1	BLINK	TMOL_2.1520.1	intron_variant	-	High affinity cAMP-specific and IBMX-insensitive 3',5'-cyclic phosphodiesterase 8	Phosphodiesterase	IPR002073 (3'5'-cyclic nucleotide phosphodiesterase); IPR023088 (3'5'-cyclic nucleotide phosphodiesterase signature); IPR003607 (HDc); IPR013767 (PAS fold); IPR000014 (PAS)
DTEP_cat_QTL_chr2_8	AX-673757981	DTEP_cat	DTEP categorical	Development	2	16404757	16354757	16454757	2	MLM, FarmCPU	TMOL_2.1545.1	upstream_gene_variant	-	Granny smith, isoform F	Putative aminopeptidase NPEPL1-like Protein	IPR011356 (Peptidase_M17); IPR000819 (Cytosol aminopeptidase family / catalytic domain); IPR041417 (M17 aminopeptidase N-terminal domain 2)
DTEP_cat_QTL_chr2_8	AX-675348386	DTEP_cat	DTEP categorical	Development	2	16451386	16401386	16501386	1	MLM	TMOL_2.1552.1	synonymous_variant	-	CHK domain ov1	CHK kinase-like domain-containing protein	IPR004119 (Ecdysteroid kinase-like family); IPR015897; IPR011009
DTEP_cat_QTL_chr2_8	AX-676566343	DTEP_cat	DTEP categorical	Development	2	16510186	16460186	16560186	1	MLM	TMOL_2.1564.1	downstream_gene_variant	-	AT19640p	G-protein coupled receptors family 1 profile domain-containing protein	IPR019427 (Serpentine type 7TM GPCR chemoreceptor Srw); IPR000276 (Rhodopsin-like GPCR superfamily signature); IPR017452 (G-protein coupled receptors family 1 profile.)
DTEP_cat_QTL_chr2_8	AX-673318587	DTEP_cat	DTEP categorical	Development	2	16510509	16460509	16560509	1	MLM	TMOL_2.1564.1	missense_variant	p.Tyr440Asn	AT19640p	G-protein coupled receptors family 1 profile domain-containing protein	IPR019427 (Serpentine type 7TM GPCR chemoreceptor Srw); IPR000276 (Rhodopsin-like GPCR superfamily signature); IPR017452 (G-protein coupled receptors family 1 profile.)
DTEP_cat_QTL_chr2_8	AX-674494606	DTEP_cat	DTEP categorical	Development	2	16513953	16463953	16563953	1	MLM	TMOL_2.1564.1	intron_variant	-	AT19640p	G-protein coupled receptors family 1 profile domain-containing protein	IPR019427 (Serpentine type 7TM GPCR chemoreceptor Srw); IPR000276 (Rhodopsin-like GPCR superfamily signature); IPR017452 (G-protein coupled receptors family 1 profile.)
DTEP_cat_QTL_chr2_8	AX-674066179	DTEP_cat	DTEP categorical	Development	2	16528775	16478775	16578775	1	MLM	TMOL_2.1564.1	intron_variant	-	AT19640p	G-protein coupled receptors family 1 profile domain-containing protein	IPR019427 (Serpentine type 7TM GPCR chemoreceptor Srw); IPR000276 (Rhodopsin-like GPCR superfamily signature); IPR017452 (G-protein coupled receptors family 1 profile.)
DTEP_cat_QTL_chr2_9	AX-676115045	DTEP_cat	DTEP categorical	Development	2	20056954	20006954	20106954	1	MLM	TMOL_2.1888.1	intron_variant	-	Sidestep VIII, isoform B	Ig-like domain-containing protein	IPR013162 (CD80-like C2-set immunoglobulin domain); IPR013106 (Immunoglobulin V-set domain); IPR007110 (Ig-like domain profile.); IPR013783; IPR036179
DTEP_cat_QTL_chr2_9	AX-674211389	DTEP_cat	DTEP categorical	Development	2	20059936	20009936	20109936	1	MLM	TMOL_2.1888.1	intron_variant	-	Sidestep VIII, isoform B	Ig-like domain-containing protein	IPR013162 (CD80-like C2-set immunoglobulin domain); IPR013106 (Immunoglobulin V-set domain); IPR007110 (Ig-like domain profile.); IPR013783; IPR036179
DTEP_cat_QTL_chr2_10	AX-677363203	DTEP_cat	DTEP categorical	Development	2	20270626	20220626	20320626	1	MLM	TMOL_2.1894.1	intron_variant	-	Sidestep VI, isoform B	Nephrin-like Protein	IPR013162 (CD80-like C2-set immunoglobulin domain); IPR003961 (FN3); IPR007110 (Ig-like domain profile.); IPR013783; IPR036179
DTEP_cat_QTL_chr2_11	AX-678319364	DTEP_cat	DTEP categorical	Development	2	22417524	22367524	22467524	1	MLM	TMOL_2.2017.1	intron_variant	-	Protein prickle	Protein prickle-like Protein	IPR033723 (PET_Prickle); IPR033727 (LIM3_Prickle); IPR033725 (LIM1_Prickle); IPR010442 (PET Domain); IPR033726 (LIM2_Prickle)
DTEP_cat_QTL_chr2_11	AX-678322501	DTEP_cat	DTEP categorical	Development	2	22425709	22375709	22475709	1	MLM	TMOL_2.2017.1	intron_variant	-	Protein prickle	Protein prickle-like Protein	IPR033723 (PET_Prickle); IPR033727 (LIM3_Prickle); IPR033725 (LIM1_Prickle); IPR010442 (PET Domain); IPR033726 (LIM2_Prickle)
DTEP_cat_QTL_chr2_11	AX-677231128	DTEP_cat	DTEP categorical	Development	2	22426238	22376238	22476238	1	MLM	TMOL_2.2017.1	intron_variant	-	Protein prickle	Protein prickle-like Protein	IPR033723 (PET_Prickle); IPR033727 (LIM3_Prickle); IPR033725 (LIM1_Prickle); IPR010442 (PET Domain); IPR033726 (LIM2_Prickle)
DTEP_cat_QTL_chr2_11	AX-673800245	DTEP_cat	DTEP categorical	Development	2	22428441	22378441	22478441	1	FarmCPU	TMOL_2.2017.1	intron_variant	-	Protein prickle	Protein prickle-like Protein	IPR033723 (PET_Prickle); IPR033727 (LIM3_Prickle); IPR033725 (LIM1_Prickle); IPR010442 (PET Domain); IPR033726 (LIM2_Prickle)
DTEP_cat_QTL_chr2_11	AX-678863214	DTEP_cat	DTEP categorical	Development	2	22431113	22381113	22481113	1	MLM	TMOL_2.2017.1	intron_variant	-	Protein prickle	Protein prickle-like Protein	IPR033723 (PET_Prickle); IPR033727 (LIM3_Prickle); IPR033725 (LIM1_Prickle); IPR010442 (PET Domain); IPR033726 (LIM2_Prickle)
DTEP_cat_QTL_chr2_11	AX-675616501	DTEP_cat	DTEP categorical	Development	2	22431465	22381465	22481465	1	MLM	TMOL_2.2017.1	intron_variant	-	Protein prickle	Protein prickle-like Protein	IPR033723 (PET_Prickle); IPR033727 (LIM3_Prickle); IPR033725 (LIM1_Prickle); IPR010442 (PET Domain); IPR033726 (LIM2_Prickle)
DTEP_cat_QTL_chr2_11	AX-676011366	DTEP_cat	DTEP categorical	Development	2	22431853	22381853	22481853	1	MLM	TMOL_2.2017.1	upstream_gene_variant	-	Protein prickle	Protein prickle-like Protein	IPR033723 (PET_Prickle); IPR033727 (LIM3_Prickle); IPR033725 (LIM1_Prickle); IPR010442 (PET Domain); IPR033726 (LIM2_Prickle)
DTEP_cat_QTL_chr2_12	AX-676925639	DTEP_cat	DTEP categorical	Development	2	22692523	22642523	22742523	1	MLM	TMOL_2.2029.1	intron_variant	-	Pickpocket 26	Pickpocket protein 28-like Protein	IPR001873 (Amiloride-sensitive sodium channel)
DTEP_cat_QTL_chr2_13	AX-676717088	DTEP_cat	DTEP categorical	Development	2	23724854	23674854	23774854	1	FarmCPU	TMOL_2.2110.1	missense_variant	p.Gly37Val	FI07206p	Bifunctional polynucleotide phosphatase/kinase-like Protein	IPR006550 (PNK-3'Pase: polynucleotide kinase 3'-phosphatase); IPR006551 (DNA-3'-Pase: DNA 3'-phosphatase); IPR013954 (Polynucleotide kinase 3 phosphatase); IPR006549 (HAD-SF-IIIA: HAD hydrolase / family IIIA); IPR041388 (FHA domain)
DTEP_cat_QTL_chr2_13	AX-674885204	DTEP_cat	DTEP categorical	Development	2	23725866	23675866	23775866	1	FarmCPU	TMOL_2.2110.1	synonymous_variant	-	FI07206p	Bifunctional polynucleotide phosphatase/kinase-like Protein	IPR006550 (PNK-3'Pase: polynucleotide kinase 3'-phosphatase); IPR006551 (DNA-3'-Pase: DNA 3'-phosphatase); IPR013954 (Polynucleotide kinase 3 phosphatase); IPR006549 (HAD-SF-IIIA: HAD hydrolase / family IIIA); IPR041388 (FHA domain)
DTEP_cat_QTL_chr2_13	AX-677356624	DTEP_cat	DTEP categorical	Development	2	23726333	23676333	23776333	1	FarmCPU	TMOL_2.2110.1	downstream_gene_variant	-	FI07206p	Bifunctional polynucleotide phosphatase/kinase-like Protein	IPR006550 (PNK-3'Pase: polynucleotide kinase 3'-phosphatase); IPR006551 (DNA-3'-Pase: DNA 3'-phosphatase); IPR013954 (Polynucleotide kinase 3 phosphatase); IPR006549 (HAD-SF-IIIA: HAD hydrolase / family IIIA); IPR041388 (FHA domain)
DTEP_cat_QTL_chr2_13	AX-675451028	DTEP_cat	DTEP categorical	Development	2	23734048	23684048	23784048	1	FarmCPU	TMOL_2.2111.1	missense_variant	p.Arg200Gly	LP13185p	Transmembrane protein 68-like Protein	IPR002123 (Acyltransferase)
DTEP_cat_QTL_chr2_13	AX-677703620	DTEP_cat	DTEP categorical	Development	2	23734102	23684102	23784102	1	FarmCPU	TMOL_2.2111.1	missense_variant	p.Pro182Ser	LP13185p	Transmembrane protein 68-like Protein	IPR002123 (Acyltransferase)
DTEP_cat_QTL_chr2_13	AX-674330460	DTEP_cat	DTEP categorical	Development	2	23734599	23684599	23784599	1	FarmCPU	TMOL_2.2111.1	missense_variant	p.Tyr48Asp	LP13185p	Transmembrane protein 68-like Protein	IPR002123 (Acyltransferase)
DTEP_cat_QTL_chr2_13	AX-678844014	DTEP_cat	DTEP categorical	Development	2	23735285	23685285	23785285	1	FarmCPU	TMOL_2.2111.1	upstream_gene_variant	-	LP13185p	Transmembrane protein 68-like Protein	IPR002123 (Acyltransferase)
DTEP_cat_QTL_chr2_13	AX-678331018	DTEP_cat	DTEP categorical	Development	2	23735499	23685499	23785499	1	FarmCPU	TMOL_2.2112.1	downstream_gene_variant	-	Nuclear pore membrane glycoprotein 210	Nuclear pore membrane glycoprotein 210-like Protein	IPR045197; IPR008964
DTEP_cat_QTL_chr2_13	AX-674118376	DTEP_cat	DTEP categorical	Development	2	23739014	23689014	23789014	1	FarmCPU	TMOL_2.2112.1	intron_variant	-	Nuclear pore membrane glycoprotein 210	Nuclear pore membrane glycoprotein 210-like Protein	IPR045197; IPR008964
DTEP_cat_QTL_chr2_13	AX-677460224	DTEP_cat	DTEP categorical	Development	2	23739583	23689583	23789583	1	FarmCPU	TMOL_2.2112.1	intron_variant	-	Nuclear pore membrane glycoprotein 210	Nuclear pore membrane glycoprotein 210-like Protein	IPR045197; IPR008964
DTEP_cat_QTL_chr2_13	AX-678498422	DTEP_cat	DTEP categorical	Development	2	23739640	23689640	23789640	1	FarmCPU	TMOL_2.2112.1	intron_variant	-	Nuclear pore membrane glycoprotein 210	Nuclear pore membrane glycoprotein 210-like Protein	IPR045197; IPR008964
DTEP_cat_QTL_chr2_13	AX-677142613	DTEP_cat	DTEP categorical	Development	2	23740413	23690413	23790413	1	FarmCPU	TMOL_2.2112.1	missense_variant	p.Cys1237Arg	Nuclear pore membrane glycoprotein 210	Nuclear pore membrane glycoprotein 210-like Protein	IPR045197; IPR008964
DTEP_cat_QTL_chr2_13	AX-678420745	DTEP_cat	DTEP categorical	Development	2	23741028	23691028	23791028	1	FarmCPU	TMOL_2.2112.1	missense_variant	p.Glu1071Gln	Nuclear pore membrane glycoprotein 210	Nuclear pore membrane glycoprotein 210-like Protein	IPR045197; IPR008964
DTEP_cat_QTL_chr2_13	AX-674055492	DTEP_cat	DTEP categorical	Development	2	23741504	23691504	23791504	1	FarmCPU	TMOL_2.2112.1	missense_variant	p.Ile912Asn	Nuclear pore membrane glycoprotein 210	Nuclear pore membrane glycoprotein 210-like Protein	IPR045197; IPR008964
DTEP_cat_QTL_chr2_13	AX-677383916	DTEP_cat	DTEP categorical	Development	2	23741786	23691786	23791786	1	FarmCPU	TMOL_2.2112.1	synonymous_variant	-	Nuclear pore membrane glycoprotein 210	Nuclear pore membrane glycoprotein 210-like Protein	IPR045197; IPR008964
DTEP_cat_QTL_chr2_13	AX-674709745	DTEP_cat	DTEP categorical	Development	2	23744416	23694416	23794416	1	FarmCPU	TMOL_2.2112.1	missense_variant	p.Ser283Gly	Nuclear pore membrane glycoprotein 210	Nuclear pore membrane glycoprotein 210-like Protein	IPR045197; IPR008964
DTEP_cat_QTL_chr2_13	AX-676113217	DTEP_cat	DTEP categorical	Development	2	23744461	23694461	23794461	1	FarmCPU	TMOL_2.2112.1	missense_variant	p.Leu268Ile	Nuclear pore membrane glycoprotein 210	Nuclear pore membrane glycoprotein 210-like Protein	IPR045197; IPR008964
DTEP_cat_QTL_chr2_13	AX-677700982	DTEP_cat	DTEP categorical	Development	2	23744607	23694607	23794607	1	FarmCPU	TMOL_2.2112.1	missense_variant	p.Asn237His	Nuclear pore membrane glycoprotein 210	Nuclear pore membrane glycoprotein 210-like Protein	IPR045197; IPR008964
DTEP_cat_QTL_chr2_13	AX-678533618	DTEP_cat	DTEP categorical	Development	2	23744664	23694664	23794664	1	FarmCPU	TMOL_2.2112.1	missense_variant	p.Pro218Ala	Nuclear pore membrane glycoprotein 210	Nuclear pore membrane glycoprotein 210-like Protein	IPR045197; IPR008964
DTEP_cat_QTL_chr2_13	AX-677851857	DTEP_cat	DTEP categorical	Development	2	23744854	23694854	23794854	1	BLINK	TMOL_2.2112.1	missense_variant	p.Val171Leu	Nuclear pore membrane glycoprotein 210	Nuclear pore membrane glycoprotein 210-like Protein	IPR045197; IPR008964
DTEP_cat_QTL_chr2_13	AX-678204746	DTEP_cat	DTEP categorical	Development	2	23745557	23695557	23795557	1	FarmCPU	TMOL_2.2112.1, TMOL_2.2113.1	upstream_gene_variant, upstream_gene_variant	-, -	Nuclear pore membrane glycoprotein 210, Tubulin beta-2 chain	Nuclear pore membrane glycoprotein 210-like Protein, Tubulin beta chain	IPR045197; IPR008964, IPR002453 (Beta-tubulin signature); IPR000217 (Tubulin signature); IPR003008 (Tubulin/FtsZ family / GTPase domain); IPR018316 (Tubulin C-terminal domain); IPR013838 (Tubulin-beta mRNA autoregulation signal.)
DTEP_cat_QTL_chr2_13	AX-674719205	DTEP_cat	DTEP categorical	Development	2	23745598	23695598	23795598	1	FarmCPU	TMOL_2.2112.1, TMOL_2.2113.1	upstream_gene_variant, upstream_gene_variant	-, -	Nuclear pore membrane glycoprotein 210, Tubulin beta-2 chain	Nuclear pore membrane glycoprotein 210-like Protein, Tubulin beta chain	IPR045197; IPR008964, IPR002453 (Beta-tubulin signature); IPR000217 (Tubulin signature); IPR003008 (Tubulin/FtsZ family / GTPase domain); IPR018316 (Tubulin C-terminal domain); IPR013838 (Tubulin-beta mRNA autoregulation signal.)
DTEP_cat_QTL_chr2_13	AX-676856593	DTEP_cat	DTEP categorical	Development	2	23745704	23695704	23795704	1	FarmCPU	TMOL_2.2112.1, TMOL_2.2113.1	upstream_gene_variant, upstream_gene_variant	-, -	Nuclear pore membrane glycoprotein 210, Tubulin beta-2 chain	Nuclear pore membrane glycoprotein 210-like Protein, Tubulin beta chain	IPR045197; IPR008964, IPR002453 (Beta-tubulin signature); IPR000217 (Tubulin signature); IPR003008 (Tubulin/FtsZ family / GTPase domain); IPR018316 (Tubulin C-terminal domain); IPR013838 (Tubulin-beta mRNA autoregulation signal.)
DTEP_cat_QTL_chr2_13	AX-677821702	DTEP_cat	DTEP categorical	Development	2	23747672	23697672	23797672	1	FarmCPU	TMOL_2.2113.1	downstream_gene_variant	-	Tubulin beta-2 chain	Tubulin beta chain	IPR002453 (Beta-tubulin signature); IPR000217 (Tubulin signature); IPR003008 (Tubulin/FtsZ family / GTPase domain); IPR018316 (Tubulin C-terminal domain); IPR013838 (Tubulin-beta mRNA autoregulation signal.)
DTEP_cat_QTL_chr2_13	AX-677027022	DTEP_cat	DTEP categorical	Development	2	23748396	23698396	23798396	1	FarmCPU	TMOL_2.2113.1	downstream_gene_variant	-	Tubulin beta-2 chain	Tubulin beta chain	IPR002453 (Beta-tubulin signature); IPR000217 (Tubulin signature); IPR003008 (Tubulin/FtsZ family / GTPase domain); IPR018316 (Tubulin C-terminal domain); IPR013838 (Tubulin-beta mRNA autoregulation signal.)
DTEP_cat_QTL_chr2_13	AX-675552319	DTEP_cat	DTEP categorical	Development	2	23748505	23698505	23798505	1	BLINK	TMOL_2.2113.1	downstream_gene_variant	-	Tubulin beta-2 chain	Tubulin beta chain	IPR002453 (Beta-tubulin signature); IPR000217 (Tubulin signature); IPR003008 (Tubulin/FtsZ family / GTPase domain); IPR018316 (Tubulin C-terminal domain); IPR013838 (Tubulin-beta mRNA autoregulation signal.)
DTEP_cat_QTL_chr2_13	AX-676851244	DTEP_cat	DTEP categorical	Development	2	23749755	23699755	23799755	1	FarmCPU	TMOL_2.2113.1	downstream_gene_variant	-	Tubulin beta-2 chain	Tubulin beta chain	IPR002453 (Beta-tubulin signature); IPR000217 (Tubulin signature); IPR003008 (Tubulin/FtsZ family / GTPase domain); IPR018316 (Tubulin C-terminal domain); IPR013838 (Tubulin-beta mRNA autoregulation signal.)
DTEP_cat_QTL_chr2_13	AX-677654608	DTEP_cat	DTEP categorical	Development	2	23749798	23699798	23799798	2	BLINK, FarmCPU	TMOL_2.2113.1	downstream_gene_variant	-	Tubulin beta-2 chain	Tubulin beta chain	IPR002453 (Beta-tubulin signature); IPR000217 (Tubulin signature); IPR003008 (Tubulin/FtsZ family / GTPase domain); IPR018316 (Tubulin C-terminal domain); IPR013838 (Tubulin-beta mRNA autoregulation signal.)
DTEP_cat_QTL_chr2_13	AX-676330669	DTEP_cat	DTEP categorical	Development	2	23749971	23699971	23799971	2	BLINK, FarmCPU	TMOL_2.2113.1	downstream_gene_variant	-	Tubulin beta-2 chain	Tubulin beta chain	IPR002453 (Beta-tubulin signature); IPR000217 (Tubulin signature); IPR003008 (Tubulin/FtsZ family / GTPase domain); IPR018316 (Tubulin C-terminal domain); IPR013838 (Tubulin-beta mRNA autoregulation signal.)
DTEP_cat_QTL_chr2_13	AX-675533351	DTEP_cat	DTEP categorical	Development	2	23751241	23701241	23801241	1	BLINK	TMOL_2.2113.1	downstream_gene_variant	-	Tubulin beta-2 chain	Tubulin beta chain	IPR002453 (Beta-tubulin signature); IPR000217 (Tubulin signature); IPR003008 (Tubulin/FtsZ family / GTPase domain); IPR018316 (Tubulin C-terminal domain); IPR013838 (Tubulin-beta mRNA autoregulation signal.)
DTEP_cat_QTL_chr2_13	AX-675427688	DTEP_cat	DTEP categorical	Development	2	23751430	23701430	23801430	1	FarmCPU	TMOL_2.2113.1	downstream_gene_variant	-	Tubulin beta-2 chain	Tubulin beta chain	IPR002453 (Beta-tubulin signature); IPR000217 (Tubulin signature); IPR003008 (Tubulin/FtsZ family / GTPase domain); IPR018316 (Tubulin C-terminal domain); IPR013838 (Tubulin-beta mRNA autoregulation signal.)
DTEP_cat_QTL_chr2_13	AX-673401303	DTEP_cat	DTEP categorical	Development	2	23752159	23702159	23802159	1	FarmCPU	TMOL_2.2113.1	downstream_gene_variant	-	Tubulin beta-2 chain	Tubulin beta chain	IPR002453 (Beta-tubulin signature); IPR000217 (Tubulin signature); IPR003008 (Tubulin/FtsZ family / GTPase domain); IPR018316 (Tubulin C-terminal domain); IPR013838 (Tubulin-beta mRNA autoregulation signal.)
DTEP_cat_QTL_chr2_13	AX-676862250	DTEP_cat	DTEP categorical	Development	2	23752184	23702184	23802184	1	BLINK	TMOL_2.2113.1	downstream_gene_variant	-	Tubulin beta-2 chain	Tubulin beta chain	IPR002453 (Beta-tubulin signature); IPR000217 (Tubulin signature); IPR003008 (Tubulin/FtsZ family / GTPase domain); IPR018316 (Tubulin C-terminal domain); IPR013838 (Tubulin-beta mRNA autoregulation signal.)
DTEP_cat_QTL_chr2_13	AX-677275314	DTEP_cat	DTEP categorical	Development	2	23752228	23702228	23802228	1	FarmCPU	TMOL_2.2113.1	downstream_gene_variant	-	Tubulin beta-2 chain	Tubulin beta chain	IPR002453 (Beta-tubulin signature); IPR000217 (Tubulin signature); IPR003008 (Tubulin/FtsZ family / GTPase domain); IPR018316 (Tubulin C-terminal domain); IPR013838 (Tubulin-beta mRNA autoregulation signal.)
DTEP_cat_QTL_chr2_13	AX-675840720	DTEP_cat	DTEP categorical	Development	2	23753034	23703034	23803034	1	FarmCPU	TMOL_2.2113.1	intergenic_region	-	Tubulin beta-2 chain	Tubulin beta chain	IPR002453 (Beta-tubulin signature); IPR000217 (Tubulin signature); IPR003008 (Tubulin/FtsZ family / GTPase domain); IPR018316 (Tubulin C-terminal domain); IPR013838 (Tubulin-beta mRNA autoregulation signal.)
DTEP_cat_QTL_chr2_13	AX-678636710	DTEP_cat	DTEP categorical	Development	2	23755216	23705216	23805216	1	FarmCPU	TMOL_2.2113.1, TMOL_2.2114.1	intergenic_region, downstream_gene_variant	-, -	Tubulin beta-2 chain, Patj homolog	Tubulin beta chain, PDZ domain-containing protein	IPR002453 (Beta-tubulin signature); IPR000217 (Tubulin signature); IPR003008 (Tubulin/FtsZ family / GTPase domain); IPR018316 (Tubulin C-terminal domain); IPR013838 (Tubulin-beta mRNA autoregulation signal.), IPR001478 (PDZ domain); IPR036034
DTEP_cat_QTL_chr2_13	AX-673542156	DTEP_cat	DTEP categorical	Development	2	23756382	23706382	23806382	1	BLINK	TMOL_2.2113.1, TMOL_2.2114.1	unknown, intron_variant	-, -	Tubulin beta-2 chain, Patj homolog	Tubulin beta chain, PDZ domain-containing protein	IPR002453 (Beta-tubulin signature); IPR000217 (Tubulin signature); IPR003008 (Tubulin/FtsZ family / GTPase domain); IPR018316 (Tubulin C-terminal domain); IPR013838 (Tubulin-beta mRNA autoregulation signal.), IPR001478 (PDZ domain); IPR036034
DTEP_cat_QTL_chr2_13	AX-676494360	DTEP_cat	DTEP categorical	Development	2	23757162	23707162	23807162	1	FarmCPU	TMOL_2.2114.1, TMOL_2.2115.1	intron_variant, upstream_gene_variant	-, -	Patj homolog, -	PDZ domain-containing protein, -	IPR001478 (PDZ domain); IPR036034, -
DTEP_cat_QTL_chr2_13	AX-673451833	DTEP_cat	DTEP categorical	Development	2	23757715	23707715	23807715	1	FarmCPU	TMOL_2.2114.1	intron_variant	-	Patj homolog	PDZ domain-containing protein	IPR001478 (PDZ domain); IPR036034
DTEP_cat_QTL_chr2_13	AX-676394759	DTEP_cat	DTEP categorical	Development	2	23758678	23708678	23808678	1	FarmCPU	TMOL_2.2114.1	intron_variant	-	Patj homolog	PDZ domain-containing protein	IPR001478 (PDZ domain); IPR036034
DTEP_cat_QTL_chr2_13	AX-677143468	DTEP_cat	DTEP categorical	Development	2	23766188	23716188	23816188	1	FarmCPU	TMOL_2.2114.1	intron_variant	-	Patj homolog	PDZ domain-containing protein	IPR001478 (PDZ domain); IPR036034
DTEP_cat_QTL_chr2_13	AX-675585952	DTEP_cat	DTEP categorical	Development	2	23767588	23717588	23817588	1	FarmCPU	TMOL_2.2114.1	intron_variant	-	Patj homolog	PDZ domain-containing protein	IPR001478 (PDZ domain); IPR036034
DTEP_cat_QTL_chr2_13	AX-678732106	DTEP_cat	DTEP categorical	Development	2	23775988	23725988	23825988	1	BLINK	TMOL_2.2114.1	intron_variant	-	Patj homolog	PDZ domain-containing protein	IPR001478 (PDZ domain); IPR036034
DTEP_cat_QTL_chr2_13	AX-678495644	DTEP_cat	DTEP categorical	Development	2	23779688	23729688	23829688	1	FarmCPU	TMOL_2.2114.1	intron_variant	-	Patj homolog	PDZ domain-containing protein	IPR001478 (PDZ domain); IPR036034
DTEP_cat_QTL_chr2_13	AX-674358616	DTEP_cat	DTEP categorical	Development	2	23780648	23730648	23830648	1	FarmCPU	TMOL_2.2114.1	intron_variant	-	Patj homolog	PDZ domain-containing protein	IPR001478 (PDZ domain); IPR036034
DTEP_cat_QTL_chr2_13	AX-675850232	DTEP_cat	DTEP categorical	Development	2	23780866	23730866	23830866	1	FarmCPU	TMOL_2.2114.1	intron_variant	-	Patj homolog	PDZ domain-containing protein	IPR001478 (PDZ domain); IPR036034
DTEP_cat_QTL_chr2_13	AX-676452560	DTEP_cat	DTEP categorical	Development	2	23780980	23730980	23830980	1	BLINK	TMOL_2.2114.1	intron_variant	-	Patj homolog	PDZ domain-containing protein	IPR001478 (PDZ domain); IPR036034
DTEP_cat_QTL_chr2_13	AX-676712426	DTEP_cat	DTEP categorical	Development	2	23780997	23730997	23830997	1	BLINK	TMOL_2.2114.1	intron_variant	-	Patj homolog	PDZ domain-containing protein	IPR001478 (PDZ domain); IPR036034
DTEP_cat_QTL_chr2_13	AX-674935499	DTEP_cat	DTEP categorical	Development	2	23782986	23732986	23832986	1	BLINK	TMOL_2.2114.1	intron_variant	-	Patj homolog	PDZ domain-containing protein	IPR001478 (PDZ domain); IPR036034
DTEP_cat_QTL_chr2_13	AX-675897765	DTEP_cat	DTEP categorical	Development	2	23783339	23733339	23833339	1	BLINK	TMOL_2.2114.1	intron_variant	-	Patj homolog	PDZ domain-containing protein	IPR001478 (PDZ domain); IPR036034
DTEP_cat_QTL_chr2_13	AX-675165129	DTEP_cat	DTEP categorical	Development	2	23787679	23737679	23837679	1	BLINK	TMOL_2.2114.1	intron_variant	-	Patj homolog	PDZ domain-containing protein	IPR001478 (PDZ domain); IPR036034
DTEP_cat_QTL_chr2_13	AX-675628256	DTEP_cat	DTEP categorical	Development	2	23788093	23738093	23838093	1	BLINK	TMOL_2.2114.1	intron_variant	-	Patj homolog	PDZ domain-containing protein	IPR001478 (PDZ domain); IPR036034
DTEP_cat_QTL_chr2_13	AX-676545037	DTEP_cat	DTEP categorical	Development	2	23788831	23738831	23838831	1	BLINK	TMOL_2.2114.1	intron_variant	-	Patj homolog	PDZ domain-containing protein	IPR001478 (PDZ domain); IPR036034
DTEP_cat_QTL_chr2_13	AX-677186696	DTEP_cat	DTEP categorical	Development	2	23795835	23745835	23845835	1	BLINK	TMOL_2.2114.1	unknown	-	Patj homolog	PDZ domain-containing protein	IPR001478 (PDZ domain); IPR036034
DTEP_cat_QTL_chr2_13	AX-677397826	DTEP_cat	DTEP categorical	Development	2	23796110	23746110	23846110	1	BLINK	TMOL_2.2114.1	intron_variant	-	Patj homolog	PDZ domain-containing protein	IPR001478 (PDZ domain); IPR036034
DTEP_cat_QTL_chr2_13	AX-677870262	DTEP_cat	DTEP categorical	Development	2	23796972	23746972	23846972	1	BLINK	TMOL_2.2114.1	intron_variant	-	Patj homolog	PDZ domain-containing protein	IPR001478 (PDZ domain); IPR036034
DTEP_cat_QTL_chr2_13	AX-676194818	DTEP_cat	DTEP categorical	Development	2	23797659	23747659	23847659	1	BLINK	TMOL_2.2114.1	intron_variant	-	Patj homolog	PDZ domain-containing protein	IPR001478 (PDZ domain); IPR036034
DTEP_cat_QTL_chr2_13	AX-678158807	DTEP_cat	DTEP categorical	Development	2	23797880	23747880	23847880	1	BLINK	TMOL_2.2114.1	intron_variant	-	Patj homolog	PDZ domain-containing protein	IPR001478 (PDZ domain); IPR036034
DTEP_cat_QTL_chr2_13	AX-673859130	DTEP_cat	DTEP categorical	Development	2	23802259	23752259	23852259	1	FarmCPU	TMOL_2.2114.1	intron_variant	-	Patj homolog	PDZ domain-containing protein	IPR001478 (PDZ domain); IPR036034
DTEP_cat_QTL_chr2_13	AX-678165899	DTEP_cat	DTEP categorical	Development	2	23802752	23752752	23852752	1	FarmCPU	TMOL_2.2114.1	intron_variant	-	Patj homolog	PDZ domain-containing protein	IPR001478 (PDZ domain); IPR036034
DTEP_cat_QTL_chr2_13	AX-676369973	DTEP_cat	DTEP categorical	Development	2	23802832	23752832	23852832	2	BLINK, FarmCPU	TMOL_2.2114.1	intron_variant	-	Patj homolog	PDZ domain-containing protein	IPR001478 (PDZ domain); IPR036034
DTEP_cat_QTL_chr2_13	AX-674855278	DTEP_cat	DTEP categorical	Development	2	23803107	23753107	23853107	2	BLINK, FarmCPU	TMOL_2.2114.1	intron_variant	-	Patj homolog	PDZ domain-containing protein	IPR001478 (PDZ domain); IPR036034
DTEP_cat_QTL_chr2_13	AX-676471501	DTEP_cat	DTEP categorical	Development	2	23806593	23756593	23856593	1	FarmCPU	TMOL_2.2114.1	intron_variant	-	Patj homolog	PDZ domain-containing protein	IPR001478 (PDZ domain); IPR036034
DTEP_cat_QTL_chr2_13	AX-673617967	DTEP_cat	DTEP categorical	Development	2	23806843	23756843	23856843	1	BLINK	TMOL_2.2114.1	intron_variant	-	Patj homolog	PDZ domain-containing protein	IPR001478 (PDZ domain); IPR036034
DTEP_cat_QTL_chr2_13	AX-673417932	DTEP_cat	DTEP categorical	Development	2	23807042	23757042	23857042	1	BLINK	TMOL_2.2114.1	intron_variant	-	Patj homolog	PDZ domain-containing protein	IPR001478 (PDZ domain); IPR036034
DTEP_cat_QTL_chr2_13	AX-676378464	DTEP_cat	DTEP categorical	Development	2	23810430	23760430	23860430	1	BLINK	TMOL_2.2114.1	intron_variant	-	Patj homolog	PDZ domain-containing protein	IPR001478 (PDZ domain); IPR036034
DTEP_cat_QTL_chr2_13	AX-675772374	DTEP_cat	DTEP categorical	Development	2	23810606	23760606	23860606	1	BLINK	TMOL_2.2114.1	intron_variant	-	Patj homolog	PDZ domain-containing protein	IPR001478 (PDZ domain); IPR036034
DTEP_cat_QTL_chr2_13	AX-676663964	DTEP_cat	DTEP categorical	Development	2	23811434	23761434	23861434	1	BLINK	TMOL_2.2114.1	intron_variant	-	Patj homolog	PDZ domain-containing protein	IPR001478 (PDZ domain); IPR036034
DTEP_cat_QTL_chr2_13	AX-676354764	DTEP_cat	DTEP categorical	Development	2	23811715	23761715	23861715	1	BLINK	TMOL_2.2114.1	intron_variant	-	Patj homolog	PDZ domain-containing protein	IPR001478 (PDZ domain); IPR036034
DTEP_cat_QTL_chr2_13	AX-675738710	DTEP_cat	DTEP categorical	Development	2	23811758	23761758	23861758	1	BLINK	TMOL_2.2114.1	intron_variant	-	Patj homolog	PDZ domain-containing protein	IPR001478 (PDZ domain); IPR036034
DTEP_cat_QTL_chr2_13	AX-678098932	DTEP_cat	DTEP categorical	Development	2	23812349	23762349	23862349	1	BLINK	TMOL_2.2114.1	intron_variant	-	Patj homolog	PDZ domain-containing protein	IPR001478 (PDZ domain); IPR036034
DTEP_cat_QTL_chr2_13	AX-678407452	DTEP_cat	DTEP categorical	Development	2	23814632	23764632	23864632	1	BLINK	TMOL_2.2114.1	intron_variant	-	Patj homolog	PDZ domain-containing protein	IPR001478 (PDZ domain); IPR036034
DTEP_cat_QTL_chr2_13	AX-676316997	DTEP_cat	DTEP categorical	Development	2	23815019	23765019	23865019	1	BLINK	TMOL_2.2114.1	intron_variant	-	Patj homolog	PDZ domain-containing protein	IPR001478 (PDZ domain); IPR036034
DTEP_cat_QTL_chr2_13	AX-677280491	DTEP_cat	DTEP categorical	Development	2	23815383	23765383	23865383	1	BLINK	TMOL_2.2114.1	intron_variant	-	Patj homolog	PDZ domain-containing protein	IPR001478 (PDZ domain); IPR036034
DTEP_cat_QTL_chr2_13	AX-675049496	DTEP_cat	DTEP categorical	Development	2	23815549	23765549	23865549	1	BLINK	TMOL_2.2114.1	intron_variant	-	Patj homolog	PDZ domain-containing protein	IPR001478 (PDZ domain); IPR036034
DTEP_cat_QTL_chr2_13	AX-673831216	DTEP_cat	DTEP categorical	Development	2	23815652	23765652	23865652	1	BLINK	TMOL_2.2114.1	intron_variant	-	Patj homolog	PDZ domain-containing protein	IPR001478 (PDZ domain); IPR036034
DTEP_cat_QTL_chr2_13	AX-677335518	DTEP_cat	DTEP categorical	Development	2	23815788	23765788	23865788	1	BLINK	TMOL_2.2114.1	intron_variant	-	Patj homolog	PDZ domain-containing protein	IPR001478 (PDZ domain); IPR036034
DTEP_cat_QTL_chr2_13	AX-678687557	DTEP_cat	DTEP categorical	Development	2	23815824	23765824	23865824	1	BLINK	TMOL_2.2114.1	intron_variant	-	Patj homolog	PDZ domain-containing protein	IPR001478 (PDZ domain); IPR036034
DTEP_cat_QTL_chr2_13	AX-677832361	DTEP_cat	DTEP categorical	Development	2	23815907	23765907	23865907	1	BLINK	TMOL_2.2114.1	intron_variant	-	Patj homolog	PDZ domain-containing protein	IPR001478 (PDZ domain); IPR036034
DTEP_cat_QTL_chr2_13	AX-674592637	DTEP_cat	DTEP categorical	Development	2	23830163	23780163	23880163	1	BLINK	TMOL_2.2114.1	intron_variant	-	Patj homolog	PDZ domain-containing protein	IPR001478 (PDZ domain); IPR036034
DTEP_cat_QTL_chr2_13	AX-675905820	DTEP_cat	DTEP categorical	Development	2	23830973	23780973	23880973	1	BLINK	TMOL_2.2114.1	intron_variant	-	Patj homolog	PDZ domain-containing protein	IPR001478 (PDZ domain); IPR036034
DTEP_cat_QTL_chr2_13	AX-673242426	DTEP_cat	DTEP categorical	Development	2	23839447	23789447	23889447	1	BLINK	TMOL_2.2114.1	intron_variant	-	Patj homolog	PDZ domain-containing protein	IPR001478 (PDZ domain); IPR036034
DTEP_cat_QTL_chr2_13	AX-675402746	DTEP_cat	DTEP categorical	Development	2	23843907	23793907	23893907	1	BLINK	TMOL_2.2114.1	intron_variant	-	Patj homolog	PDZ domain-containing protein	IPR001478 (PDZ domain); IPR036034
DTEP_cat_QTL_chr2_13	AX-678867555	DTEP_cat	DTEP categorical	Development	2	23844546	23794546	23894546	1	BLINK	TMOL_2.2114.1	intron_variant	-	Patj homolog	PDZ domain-containing protein	IPR001478 (PDZ domain); IPR036034
DTEP_cat_QTL_chr2_13	AX-674697428	DTEP_cat	DTEP categorical	Development	2	23847887	23797887	23897887	1	BLINK	TMOL_2.2114.1	intron_variant	-	Patj homolog	PDZ domain-containing protein	IPR001478 (PDZ domain); IPR036034
DTEP_cat_QTL_chr2_13	AX-676268156	DTEP_cat	DTEP categorical	Development	2	23848306	23798306	23898306	1	BLINK	TMOL_2.2114.1	intron_variant	-	Patj homolog	PDZ domain-containing protein	IPR001478 (PDZ domain); IPR036034
DTEP_cat_QTL_chr2_13	AX-678221621	DTEP_cat	DTEP categorical	Development	2	23852038	23802038	23902038	1	BLINK	TMOL_2.2114.1	intron_variant	-	Patj homolog	PDZ domain-containing protein	IPR001478 (PDZ domain); IPR036034
DTEP_cat_QTL_chr2_13	AX-675205325	DTEP_cat	DTEP categorical	Development	2	23854713	23804713	23904713	1	BLINK	TMOL_2.2114.1	intron_variant	-	Patj homolog	PDZ domain-containing protein	IPR001478 (PDZ domain); IPR036034
DTEP_cat_QTL_chr2_13	AX-678103318	DTEP_cat	DTEP categorical	Development	2	23870667	23820667	23920667	1	BLINK	TMOL_2.2114.1	intron_variant	-	Patj homolog	PDZ domain-containing protein	IPR001478 (PDZ domain); IPR036034
DTEP_cat_QTL_chr2_14	AX-673240640	DTEP_cat	DTEP categorical	Development	2	24599354	24549354	24649354	2	MLM, ssGBLUP	TMOL_2.2180.1	intron_variant	-	G-protein coupled receptors family 1 profile domain-containing protein	G-protein coupled receptors family 1 profile domain-containing protein	IPR000276 (7 transmembrane receptor (rhodopsin family)); IPR017452 (G-protein coupled receptors family 1 profile.)
DTEP_cat_QTL_chr3_1	AX-674647609	DTEP_cat	DTEP categorical	Development	3	8581584	8531584	8631584	1	BLINK	TMOL_6.789.1	intron_variant	-	Center divider, isoform A	LIM domain kinase 1-like Protein	IPR001245 (Protein tyrosine and serine/threonine kinase); IPR000719 (Protein kinase domain profile.); IPR008266 (Tyrosine protein kinases specific active-site signature.); IPR017441 (Protein kinases ATP-binding region signature.); IPR011009
DTEP_cat_QTL_chr3_1	AX-674300956	DTEP_cat	DTEP categorical	Development	3	8582433	8532433	8632433	1	BLINK	TMOL_6.789.1	intron_variant	-	Center divider, isoform A	LIM domain kinase 1-like Protein	IPR001245 (Protein tyrosine and serine/threonine kinase); IPR000719 (Protein kinase domain profile.); IPR008266 (Tyrosine protein kinases specific active-site signature.); IPR017441 (Protein kinases ATP-binding region signature.); IPR011009
DTEP_cat_QTL_chr3_1	AX-678093227	DTEP_cat	DTEP categorical	Development	3	8583794	8533794	8633794	1	BLINK	TMOL_6.789.1	intron_variant	-	Center divider, isoform A	LIM domain kinase 1-like Protein	IPR001245 (Protein tyrosine and serine/threonine kinase); IPR000719 (Protein kinase domain profile.); IPR008266 (Tyrosine protein kinases specific active-site signature.); IPR017441 (Protein kinases ATP-binding region signature.); IPR011009
DTEP_cat_QTL_chr3_1	AX-675016850	DTEP_cat	DTEP categorical	Development	3	8583946	8533946	8633946	1	BLINK	TMOL_6.789.1	intron_variant	-	Center divider, isoform A	LIM domain kinase 1-like Protein	IPR001245 (Protein tyrosine and serine/threonine kinase); IPR000719 (Protein kinase domain profile.); IPR008266 (Tyrosine protein kinases specific active-site signature.); IPR017441 (Protein kinases ATP-binding region signature.); IPR011009
DTEP_cat_QTL_chr3_1	AX-674398718	DTEP_cat	DTEP categorical	Development	3	8584088	8534088	8634088	1	BLINK	TMOL_6.789.1	intron_variant	-	Center divider, isoform A	LIM domain kinase 1-like Protein	IPR001245 (Protein tyrosine and serine/threonine kinase); IPR000719 (Protein kinase domain profile.); IPR008266 (Tyrosine protein kinases specific active-site signature.); IPR017441 (Protein kinases ATP-binding region signature.); IPR011009
DTEP_cat_QTL_chr3_1	AX-674915036	DTEP_cat	DTEP categorical	Development	3	8588838	8538838	8638838	1	BLINK	TMOL_6.789.1	intron_variant	-	Center divider, isoform A	LIM domain kinase 1-like Protein	IPR001245 (Protein tyrosine and serine/threonine kinase); IPR000719 (Protein kinase domain profile.); IPR008266 (Tyrosine protein kinases specific active-site signature.); IPR017441 (Protein kinases ATP-binding region signature.); IPR011009
DTEP_cat_QTL_chr3_1	AX-674469810	DTEP_cat	DTEP categorical	Development	3	8590116	8540116	8640116	1	BLINK	TMOL_6.789.1	intron_variant	-	Center divider, isoform A	LIM domain kinase 1-like Protein	IPR001245 (Protein tyrosine and serine/threonine kinase); IPR000719 (Protein kinase domain profile.); IPR008266 (Tyrosine protein kinases specific active-site signature.); IPR017441 (Protein kinases ATP-binding region signature.); IPR011009
DTEP_cat_QTL_chr3_1	AX-678516211	DTEP_cat	DTEP categorical	Development	3	8612918	8562918	8662918	1	BLINK	TMOL_6.793.1, TMOL_6.795.1	upstream_gene_variant, synonymous_variant	-, -	RuvB-like helicase 1, LD11581p	RuvB-like helicase, Multidrug resistance protein homolog 65-like protein	IPR010339 (TIP49 P-loop domain); IPR041048 (TIP49 AAA-lid domain); IPR027238; IPR027417; IPR042487, IPR011527 (ABC transporter transmembrane region 2); IPR003439 (ABC transporter); IPR017871 (ABC transporters family signature.); IPR027417; IPR036640
DTEP_cat_QTL_chr3_2	AX-675137168	DTEP_cat	DTEP categorical	Development	3	9032791	8982791	9082791	1	BLINK	TMOL_6.826.1	intron_variant	-	Crossveinless 2	Crossveinless 2	IPR001846 (von Willebrand factor type D domain); IPR014853 (C8 domain); IPR001007 (von Willebrand factor type C domain)
DTEP_cat_QTL_chr3_2	AX-678863669	DTEP_cat	DTEP categorical	Development	3	9046626	8996626	9096626	1	BLINK	TMOL_6.826.1	upstream_gene_variant	-	Crossveinless 2	Crossveinless 2	IPR001846 (von Willebrand factor type D domain); IPR014853 (C8 domain); IPR001007 (von Willebrand factor type C domain)
DTEP_cat_QTL_chr3_2	AX-676883839	DTEP_cat	DTEP categorical	Development	3	9104370	9054370	9154370	1	BLINK	TMOL_6.827.1	missense_variant	p.Ser13Pro	Uncharacterized protein, isoform E	Carboxypeptidase A	IPR000834 (Zinc carboxypeptidase); IPR008969
DTEP_cat_QTL_chr3_3	AX-673926244	DTEP_cat	DTEP categorical	Development	3	9576410	9526410	9626410	2	MLM, ssGBLUP	TMOL_6.867.1	intron_variant	-	Dumpy, isoform Q	Fibrillin-2-like Protein	IPR001881 (Calcium-binding EGF domain); IPR024731 (EGF domain); IPR000742 (EGF-like domain profile.); IPR001507 (ZP domain profile.); IPR000152 (Aspartic acid and asparagine hydroxylation site.)
DTEP_cat_QTL_chr3_4	AX-677415424	DTEP_cat	DTEP categorical	Development	3	12567046	12517046	12617046	1	BLINK	TMOL_6.1090.1	missense_variant	p.Glu2482Lys	Down syndrome cell adhesion molecule 1, isoform BQ	Down syndrome cell adhesion molecule	IPR021012 (Down syndrome cell adhesion molecule C terminal); IPR003961 (FN3); IPR013098 (Immunoglobulin I-set domain); IPR007110 (Ig-like domain profile.); IPR043204
DTEP_cat_QTL_chr3_4	AX-676858879	DTEP_cat	DTEP categorical	Development	3	12567379	12517379	12617379	1	BLINK	TMOL_6.1090.1	missense_variant	p.Ser2371Cys	Down syndrome cell adhesion molecule 1, isoform BQ	Down syndrome cell adhesion molecule	IPR021012 (Down syndrome cell adhesion molecule C terminal); IPR003961 (FN3); IPR013098 (Immunoglobulin I-set domain); IPR007110 (Ig-like domain profile.); IPR043204
DTEP_cat_QTL_chr3_4	AX-675028261	DTEP_cat	DTEP categorical	Development	3	12567411	12517411	12617411	1	BLINK	TMOL_6.1090.1	missense_variant	p.Arg2360Gln	Down syndrome cell adhesion molecule 1, isoform BQ	Down syndrome cell adhesion molecule	IPR021012 (Down syndrome cell adhesion molecule C terminal); IPR003961 (FN3); IPR013098 (Immunoglobulin I-set domain); IPR007110 (Ig-like domain profile.); IPR043204
DTEP_cat_QTL_chr3_4	AX-673530975	DTEP_cat	DTEP categorical	Development	3	12574006	12524006	12624006	1	BLINK	TMOL_6.1090.1	intron_variant	-	Down syndrome cell adhesion molecule 1, isoform BQ	Down syndrome cell adhesion molecule	IPR021012 (Down syndrome cell adhesion molecule C terminal); IPR003961 (FN3); IPR013098 (Immunoglobulin I-set domain); IPR007110 (Ig-like domain profile.); IPR043204
DTEP_cat_QTL_chr3_4	AX-674368502	DTEP_cat	DTEP categorical	Development	3	12574103	12524103	12624103	1	BLINK	TMOL_6.1090.1	missense_variant	p.Gln761Lys	Down syndrome cell adhesion molecule 1, isoform BQ	Down syndrome cell adhesion molecule	IPR021012 (Down syndrome cell adhesion molecule C terminal); IPR003961 (FN3); IPR013098 (Immunoglobulin I-set domain); IPR007110 (Ig-like domain profile.); IPR043204
DTEP_cat_QTL_chr3_4	AX-673325137	DTEP_cat	DTEP categorical	Development	3	12648867	12598867	12698867	1	BLINK	TMOL_6.1104.1	synonymous_variant	-	DOMINA protein	Fork-head domain-containing protein	IPR001766 (Forkhead domain); IPR030456 (Fork head domain signature 2.); IPR036388; IPR036390
DTEP_cat_QTL_chr3_4	AX-675974481	DTEP_cat	DTEP categorical	Development	3	12648972	12598972	12698972	1	BLINK	TMOL_6.1104.1	upstream_gene_variant	-	DOMINA protein	Fork-head domain-containing protein	IPR001766 (Forkhead domain); IPR030456 (Fork head domain signature 2.); IPR036388; IPR036390
DTEP_cat_QTL_chr3_4	AX-678100424	DTEP_cat	DTEP categorical	Development	3	12653324	12603324	12703324	1	BLINK	TMOL_6.1104.1, TMOL_6.1105.1	upstream_gene_variant, downstream_gene_variant	-, -	DOMINA protein, N-acyl-aliphatic-L-amino acid amidohydrolase	Fork-head domain-containing protein, N-acyl-aliphatic-L-amino acid amidohydrolase	IPR001766 (Forkhead domain); IPR030456 (Fork head domain signature 2.); IPR036388; IPR036390, IPR010159 (Ac-peptdase-euk: N-acyl-L-amino-acid amidohydrolase); IPR002933 (Peptidase family M20/M25/M40); IPR011650 (Peptidase dimerisation domain); IPR001261 (ArgE / dapE / ACY1 / CPG2 / yscS family signature 1.); IPR036264
DTEP_cat_QTL_chr3_4	AX-675096991	DTEP_cat	DTEP categorical	Development	3	12662063	12612063	12712063	1	BLINK	TMOL_6.1107.1	splice_region_variant&intron_variant	-	Uncharacterized protein, isoform A	N-acyl-aliphatic-L-amino acid amidohydrolase	IPR010159 (Ac-peptdase-euk: N-acyl-L-amino-acid amidohydrolase); IPR002933 (Peptidase family M20/M25/M40); IPR011650 (Peptidase dimerisation domain); IPR001261 (ArgE / dapE / ACY1 / CPG2 / yscS family signature 1.); IPR036264
DTEP_cat_QTL_chr3_4	AX-675646889	DTEP_cat	DTEP categorical	Development	3	12663085	12613085	12713085	1	BLINK	TMOL_6.1107.1	missense_variant	p.Ser48Arg	Uncharacterized protein, isoform A	N-acyl-aliphatic-L-amino acid amidohydrolase	IPR010159 (Ac-peptdase-euk: N-acyl-L-amino-acid amidohydrolase); IPR002933 (Peptidase family M20/M25/M40); IPR011650 (Peptidase dimerisation domain); IPR001261 (ArgE / dapE / ACY1 / CPG2 / yscS family signature 1.); IPR036264
DTEP_cat_QTL_chr3_4	AX-678724689	DTEP_cat	DTEP categorical	Development	3	12722664	12672664	12772664	1	BLINK	TMOL_6.1119.1	synonymous_variant	-	Protocadherin-like wing polarity protein stan	Starry night	IPR000832 (7 transmembrane receptor (Secretin family)); IPR002126 (Cadherin signature); IPR001791 (LamG); IPR032471 (GPCR-Autoproteolysis INducing (GAIN) domain); IPR002049 (EGF_Lam)
DTEP_cat_QTL_chr3_4	AX-677033319	DTEP_cat	DTEP categorical	Development	3	12727857	12677857	12777857	1	BLINK	TMOL_6.1119.1	missense_variant	p.Ser1467Thr	Protocadherin-like wing polarity protein stan	Starry night	IPR000832 (7 transmembrane receptor (Secretin family)); IPR002126 (Cadherin signature); IPR001791 (LamG); IPR032471 (GPCR-Autoproteolysis INducing (GAIN) domain); IPR002049 (EGF_Lam)
DTEP_cat_QTL_chr3_5	AX-674782874	DTEP_cat	DTEP categorical	Development	3	14714454	14664454	14764454	1	ssGBLUP	TMOL_6.1260.1	splice_region_variant&intron_variant	-	Bazooka, isoform B	PDZ domain-containing protein	IPR021922 (N-terminal of Par3 and HAL proteins); IPR001478 (PDZ domain); IPR036034
DTEP_cat_QTL_chr3_6	AX-678466448	DTEP_cat	DTEP categorical	Development	3	23658243	23608243	23708243	1	ssGBLUP	TMOL_9.616.1	intron_variant	-	Echinoid, isoform A	Uncharacterized protein	IPR013098 (Immunoglobulin I-set domain); IPR003961 (FN3); IPR007110 (Immunoglobulin domain); IPR013106 (Immunoglobulin V-set domain); IPR036179
DTEP_cat_QTL_chr4_1	AX-681036609	DTEP_cat	DTEP categorical	Development	4	2981310	2931310	3031310	1	FarmCPU	TMOL_11.350.1	missense_variant&splice_region_variant	p.Val94Met	FI20146p1	Putative multidrug resistance-associated protein lethal(2)03659-like Protein	IPR044726 (ABC_6TM_ABCC_D2); IPR003439 (ABC transporter); IPR011527 (ABC transporter transmembrane region); IPR017871 (ABC transporters family signature.); IPR027417
DTEP_cat_QTL_chr4_2	AX-681129947	DTEP_cat	DTEP categorical	Development	4	4607474	4557474	4657474	1	BLINK	TMOL_11.522.1	downstream_gene_variant	-	RE36204p	Glucose dehydrogenase [FAD, quinone]-like Protein	IPR000172 (GMC oxidoreductase); IPR007867 (GMC oxidoreductase); IPR012132; IPR036188
DTEP_cat_QTL_chr4_3	AX-681155711	DTEP_cat	DTEP categorical	Development	4	19209088	19159088	19259088	1	BLINK	TMOL_13.318.1, TMOL_13.314.1	intron_variant, intron_variant	-, -	-, -	Nucleoredoxin-like Protein, -	IPR012336 (Thioredoxin-like); IPR013766 (Thioredoxin domain profile.); IPR036249, -
DTEP_cat_QTL_chr4_3	AX-681103534	DTEP_cat	DTEP categorical	Development	4	19213502	19163502	19263502	1	BLINK	TMOL_13.318.1, TMOL_13.314.1	intron_variant, intron_variant	-, -	-, -	Nucleoredoxin-like Protein, -	IPR012336 (Thioredoxin-like); IPR013766 (Thioredoxin domain profile.); IPR036249, -
DTEP_cat_QTL_chr4_3	AX-681268241	DTEP_cat	DTEP categorical	Development	4	19213648	19163648	19263648	1	BLINK	TMOL_13.318.1, TMOL_13.314.1	intron_variant, intron_variant	-, -	-, -	Nucleoredoxin-like Protein, -	IPR012336 (Thioredoxin-like); IPR013766 (Thioredoxin domain profile.); IPR036249, -
DTEP_cat_QTL_chr4_3	AX-681093830	DTEP_cat	DTEP categorical	Development	4	19216195	19166195	19266195	1	BLINK	TMOL_13.318.1, TMOL_13.314.1	intron_variant, intron_variant	-, -	-, -	Nucleoredoxin-like Protein, -	IPR012336 (Thioredoxin-like); IPR013766 (Thioredoxin domain profile.); IPR036249, -
DTEP_cat_QTL_chr4_3	AX-681010971	DTEP_cat	DTEP categorical	Development	4	19216282	19166282	19266282	1	BLINK	TMOL_13.318.1, TMOL_13.314.1	intron_variant, intron_variant	-, -	-, -	Nucleoredoxin-like Protein, -	IPR012336 (Thioredoxin-like); IPR013766 (Thioredoxin domain profile.); IPR036249, -
DTEP_cat_QTL_chr4_3	AX-681081880	DTEP_cat	DTEP categorical	Development	4	19216813	19166813	19266813	1	BLINK	TMOL_13.318.1, TMOL_13.314.1	intron_variant, intron_variant	-, -	-, -	Nucleoredoxin-like Protein, -	IPR012336 (Thioredoxin-like); IPR013766 (Thioredoxin domain profile.); IPR036249, -
DTEP_cat_QTL_chr4_3	AX-681254886	DTEP_cat	DTEP categorical	Development	4	19217870	19167870	19267870	1	BLINK	TMOL_13.318.1, TMOL_13.314.1	intron_variant, intron_variant	-, -	-, -	Nucleoredoxin-like Protein, -	IPR012336 (Thioredoxin-like); IPR013766 (Thioredoxin domain profile.); IPR036249, -
DTEP_cat_QTL_chr4_3	AX-681220092	DTEP_cat	DTEP categorical	Development	4	19219276	19169276	19269276	1	BLINK	TMOL_13.318.1, TMOL_13.314.1	intron_variant, intron_variant	-, -	-, -	Nucleoredoxin-like Protein, -	IPR012336 (Thioredoxin-like); IPR013766 (Thioredoxin domain profile.); IPR036249, -
DTEP_cat_QTL_chr4_3	AX-681181096	DTEP_cat	DTEP categorical	Development	4	19229624	19179624	19279624	1	BLINK	TMOL_13.318.1, TMOL_13.314.1	intron_variant, intron_variant	-, -	-, -	Nucleoredoxin-like Protein, -	IPR012336 (Thioredoxin-like); IPR013766 (Thioredoxin domain profile.); IPR036249, -
DTEP_cat_QTL_chr4_3	AX-681079266	DTEP_cat	DTEP categorical	Development	4	19242013	19192013	19292013	1	BLINK	TMOL_13.318.1	intron_variant	-	-	Nucleoredoxin-like Protein	IPR012336 (Thioredoxin-like); IPR013766 (Thioredoxin domain profile.); IPR036249
DTEP_cat_QTL_chr4_3	AX-681179368	DTEP_cat	DTEP categorical	Development	4	19242220	19192220	19292220	2	BLINK, FarmCPU	TMOL_13.318.1	intron_variant	-	-	Nucleoredoxin-like Protein	IPR012336 (Thioredoxin-like); IPR013766 (Thioredoxin domain profile.); IPR036249
DTEP_cat_QTL_chr4_3	AX-681270351	DTEP_cat	DTEP categorical	Development	4	19243120	19193120	19293120	1	BLINK	TMOL_13.318.1	intron_variant	-	-	Nucleoredoxin-like Protein	IPR012336 (Thioredoxin-like); IPR013766 (Thioredoxin domain profile.); IPR036249
DTEP_cat_QTL_chr5_1	AX-677968293	DTEP_cat	DTEP categorical	Development	5	602465	552465	652465	2	MLM, ssGBLUP	TMOL_1.25.1	upstream_gene_variant	-	-	Chitin deacetylase 6	-
DTEP_cat_QTL_chr5_2	AX-674125610	DTEP_cat	DTEP categorical	Development	5	1999599	1949599	2049599	1	ssGBLUP	TMOL_1.98.1	intergenic_region	-	LD11652p	LIM domain transcription factor LMO4-like Protein	IPR001781 (LIM domain)
DTEP_cat_QTL_chr5_3	AX-677385304	DTEP_cat	DTEP categorical	Development	5	5071365	5021365	5121365	1	FarmCPU	TMOL_1.260.1	upstream_gene_variant	-	SD01558p	Alpha-tocopherol transfer protein-like	IPR001251 (CRAL/TRIO domain); IPR036865; IPR036273; IPR011074
DTEP_cat_QTL_chr5_4	AX-676467009	DTEP_cat	DTEP categorical	Development	5	9223256	9173256	9273256	1	BLINK	TMOL_1.673.1	synonymous_variant	-	ATP-dependent RNA helicase WM6	RNA helicase	IPR011545 (DEAD/DEAH box helicase); IPR001650 (Helicase conserved C-terminal domain); IPR014014 (DEAD-box RNA helicase Q motif profile.); IPR014001 (Superfamilies 1 and 2 helicase ATP-binding type-1 domain profile.); IPR027417
DTEP_cat_QTL_chr5_5	AX-678568751	DTEP_cat	DTEP categorical	Development	5	9512097	9462097	9562097	2	MLM, ssGBLUP	TMOL_1.714.1	synonymous_variant	-	-	CUB domain-containing protein	IPR000859 (CUB); IPR035914
DTEP_cat_QTL_chr5_6	AX-673607926	DTEP_cat	DTEP categorical	Development	5	9861791	9811791	9911791	2	MLM, ssGBLUP	TMOL_1.758.1	unknown	-	Dipeptidase	Dipeptidase	IPR008257 (rDP_like); IPR000180 (Renal dipeptidase active site.); IPR032466
DTEP_cat_QTL_chr5_7	AX-676790686	DTEP_cat	DTEP categorical	Development	5	10349800	10299800	10399800	2	MLM, ssGBLUP	TMOL_1.797.1	intergenic_region	-	FI21431p1	Winged helix Storkhead-box1 domain-containing protein	IPR019391 (Winged helix Storkhead-box1 domain); IPR040126
DTEP_cat_QTL_chr5_8	AX-674046465	DTEP_cat	DTEP categorical	Development	5	13541179	13491179	13591179	1	ssGBLUP	TMOL_1.1071.1	intron_variant	-	Adenosylhomocysteinase	Adenosylhomocysteinase	IPR000043 (SAHH); IPR001863 (Glypican); IPR015878 (S-adenosyl-L-homocysteine hydrolase / NAD binding domain); IPR020082 (S-adenosyl-L-homocysteine hydrolase signature 2.); IPR042172
DTEP_cat_QTL_chr5_9	AX-677234639	DTEP_cat	DTEP categorical	Development	5	13735624	13685624	13785624	1	BLINK	TMOL_1.1089.1	unknown	-	-	-	-
DTEP_cat_QTL_chr5_9	AX-675302806	DTEP_cat	DTEP categorical	Development	5	13759023	13709023	13809023	1	BLINK	TMOL_1.1094.1	missense_variant	p.Ala329Ser	SH3 domain-containing protein Dlish	SH3 domain-containing protein	IPR001452 (SH3 domain); IPR043539; IPR036028
DTEP_cat_QTL_chr5_9	AX-676320573	DTEP_cat	DTEP categorical	Development	5	13762789	13712789	13812789	1	BLINK	TMOL_1.1095.1	intron_variant	-	RE12101p	Wiskott-Aldrich syndrome protein-like Protein	IPR033927 (EVH1_WASP-like); IPR000697 (WH1 domain); IPR000095 (P21-Rho-binding domain); IPR003124 (WH2 motif); IPR011993
DTEP_cat_QTL_chr5_9	AX-673934250	DTEP_cat	DTEP categorical	Development	5	13763106	13713106	13813106	1	BLINK	TMOL_1.1095.1	intron_variant	-	RE12101p	Wiskott-Aldrich syndrome protein-like Protein	IPR033927 (EVH1_WASP-like); IPR000697 (WH1 domain); IPR000095 (P21-Rho-binding domain); IPR003124 (WH2 motif); IPR011993
DTEP_cat_QTL_chr5_10	AX-676916478	DTEP_cat	DTEP categorical	Development	5	14496749	14446749	14546749	2	MLM, ssGBLUP	TMOL_1.1196.1, TMOL_1.1195.1	downstream_gene_variant, upstream_gene_variant	-, -	MIP34848p1, Regucalcin, isoform D	SMP-30/Gluconolactonase/LRE-like region domain-containing protein, SMP-30/Gluconolactonase/LRE-like region domain-containing protein	IPR013658 (SMP-30/Gluconolactonase/LRE-like region); IPR005511 (Senescence marker protein-30 (SMP30) family signature); IPR008367 (Regucalcin signature); IPR011042, IPR013658 (SMP-30/Gluconolactonase/LRE-like region); IPR005511 (Senescence marker protein-30 (SMP30) family signature); IPR011042
DTEP_cat_QTL_chr5_11	AX-674556304	DTEP_cat	DTEP categorical	Development	5	20477788	20427788	20527788	1	BLINK	TMOL_1.1761.1	upstream_gene_variant	-	LD01251p	Uncharacterized protein	IPR032016 (Domain of unknown function (DUF4796))
DTEP_cat_QTL_chr5_12	AX-676777028	DTEP_cat	DTEP categorical	Development	5	24747367	24697367	24797367	1	BLINK	TMOL_1.2198.1	intron_variant	-	FI20146p1	Multidrug resistance-associated protein lethal(2)03659-like Protein	IPR044726 (ABC_6TM_ABCC_D2); IPR044746 (ABC_6TM_ABCC_D1); IPR003439 (ABC transporter); IPR011527 (ABC transporter transmembrane region); IPR017871 (ABC transporters family signature.)
DTEP_cat_QTL_chr5_12	AX-677701345	DTEP_cat	DTEP categorical	Development	5	24748795	24698795	24798795	1	BLINK	TMOL_1.2198.1	intron_variant	-	FI20146p1	Multidrug resistance-associated protein lethal(2)03659-like Protein	IPR044726 (ABC_6TM_ABCC_D2); IPR044746 (ABC_6TM_ABCC_D1); IPR003439 (ABC transporter); IPR011527 (ABC transporter transmembrane region); IPR017871 (ABC transporters family signature.)
DTEP_cat_QTL_chr5_12	AX-674447774	DTEP_cat	DTEP categorical	Development	5	24748899	24698899	24798899	1	BLINK	TMOL_1.2198.1	intron_variant	-	FI20146p1	Multidrug resistance-associated protein lethal(2)03659-like Protein	IPR044726 (ABC_6TM_ABCC_D2); IPR044746 (ABC_6TM_ABCC_D1); IPR003439 (ABC transporter); IPR011527 (ABC transporter transmembrane region); IPR017871 (ABC transporters family signature.)
DTEP_cat_QTL_chr5_12	AX-673546673	DTEP_cat	DTEP categorical	Development	5	24749083	24699083	24799083	1	BLINK	TMOL_1.2198.1	intron_variant	-	FI20146p1	Multidrug resistance-associated protein lethal(2)03659-like Protein	IPR044726 (ABC_6TM_ABCC_D2); IPR044746 (ABC_6TM_ABCC_D1); IPR003439 (ABC transporter); IPR011527 (ABC transporter transmembrane region); IPR017871 (ABC transporters family signature.)
DTEP_cat_QTL_chr5_12	AX-675483212	DTEP_cat	DTEP categorical	Development	5	24752465	24702465	24802465	1	BLINK	TMOL_1.2198.1	synonymous_variant	-	FI20146p1	Multidrug resistance-associated protein lethal(2)03659-like Protein	IPR044726 (ABC_6TM_ABCC_D2); IPR044746 (ABC_6TM_ABCC_D1); IPR003439 (ABC transporter); IPR011527 (ABC transporter transmembrane region); IPR017871 (ABC transporters family signature.)
DTEP_cat_QTL_chr5_12	AX-674720987	DTEP_cat	DTEP categorical	Development	5	24752606	24702606	24802606	1	BLINK	TMOL_1.2198.1	synonymous_variant	-	FI20146p1	Multidrug resistance-associated protein lethal(2)03659-like Protein	IPR044726 (ABC_6TM_ABCC_D2); IPR044746 (ABC_6TM_ABCC_D1); IPR003439 (ABC transporter); IPR011527 (ABC transporter transmembrane region); IPR017871 (ABC transporters family signature.)
DTEP_cat_QTL_chr6_1	AX-676538829	DTEP_cat	DTEP categorical	Development	6	1726644	1676644	1776644	1	BLINK	TMOL_4.162.1	splice_region_variant&intron_variant	-	-	Heparanase-like Protein	IPR005199 (Glycosyl hydrolase family 79 / N-terminal domain); IPR017853
DTEP_cat_QTL_chr6_2	AX-675085744	DTEP_cat	DTEP categorical	Development	6	2788124	2738124	2838124	1	BLINK	TMOL_4.319.1	intron_variant	-	Uncharacterized protein, isoform D	PDZ domain-containing protein	IPR001478 (PDZ domain); IPR036034
DTEP_cat_QTL_chr6_2	AX-678379971	DTEP_cat	DTEP categorical	Development	6	2788515	2738515	2838515	1	BLINK	TMOL_4.319.1	intron_variant	-	Uncharacterized protein, isoform D	PDZ domain-containing protein	IPR001478 (PDZ domain); IPR036034
DTEP_cat_QTL_chr6_2	AX-675373784	DTEP_cat	DTEP categorical	Development	6	2789774	2739774	2839774	1	BLINK	TMOL_4.319.1	intron_variant	-	Uncharacterized protein, isoform D	PDZ domain-containing protein	IPR001478 (PDZ domain); IPR036034
DTEP_cat_QTL_chr6_2	AX-678400076	DTEP_cat	DTEP categorical	Development	6	2790093	2740093	2840093	1	BLINK	TMOL_4.319.1	intron_variant	-	Uncharacterized protein, isoform D	PDZ domain-containing protein	IPR001478 (PDZ domain); IPR036034
DTEP_cat_QTL_chr6_3	AX-674970633	DTEP_cat	DTEP categorical	Development	6	3489181	3439181	3539181	2	MLM, ssGBLUP	TMOL_4.402.1	unknown	-	Kekkon 5, isoform A	Ig-like domain-containing protein	IPR013098 (Immunoglobulin I-set domain); IPR001611 (Leucine rich repeat); IPR007110 (Ig-like domain profile.); IPR032675; IPR013783
DTEP_cat_QTL_chr6_4	AX-677159759	DTEP_cat	DTEP categorical	Development	6	5826556	5776556	5876556	1	FarmCPU	TMOL_4.639.1, TMOL_4.640.1	intron_variant, synonymous_variant	-, -	Dynein heavy chain at 36C, isoform C, CNMamide receptor	Dynein heavy chain, cytoplasmic-like Protein, Thyrotropin-releasing hormone receptor-like Protein	IPR035699 (Hydrolytic ATP binding site of dynein motor region); IPR013602 (Dynein heavy chain / N-terminal region 2); IPR041228 (Dynein heavy chain C-terminal domain); IPR024317 (P-loop containing dynein motor region D4); IPR035706 (ATP-binding dynein motor region), IPR000276 (7 transmembrane receptor (rhodopsin family)); IPR017452 (G-protein coupled receptors family 1 profile.)
DTEP_cat_QTL_chr6_5	AX-677814657	DTEP_cat	DTEP categorical	Development	6	9590323	9540323	9640323	2	BLINK, FarmCPU	TMOL_4.1004.1	missense_variant	p.Asp442His	FI05204p	L-2-hydroxyglutarate dehydrogenase, mitochondrial-like Protein	IPR006076 (FAD dependent oxidoreductase); IPR036188
DTEP_cat_QTL_chr6_6	AX-674084630	DTEP_cat	DTEP categorical	Development	6	9996776	9946776	10046776	1	ssGBLUP	TMOL_4.1044.1	intron_variant	-	GH22493p	Eyegone	IPR001523 ('Paired box' domain); IPR001356 (Homeodomain); IPR017970 ('Homeobox' domain signature.); IPR043565; IPR036388
DTEP_cat_QTL_chr6_7	AX-676740805	DTEP_cat	DTEP categorical	Development	6	10724562	10674562	10774562	2	MLM, ssGBLUP	TMOL_4.1119.1, TMOL_4.1120.1	intron_variant, intron_variant	-, -	Carbonic anhydrase-related protein A, isoform B, -	Carbonic anhydrase-related protein 10-like Protein, -	IPR041878 (alpha_CARP_X_XI_like); IPR001148 (Eukaryotic-type carbonic anhydrase); IPR036398; IPR023561, -
DTEP_cat_QTL_chr6_8	AX-676813978	DTEP_cat	DTEP categorical	Development	6	12359065	12309065	12409065	1	BLINK	TMOL_4.1229.1	missense_variant	p.Lys245Arg	Protein tumorous imaginal discs, mitochondrial	Protein tumorous imaginal discs, mitochondrial-like Protein	IPR001623 (DnaJ domain); IPR002939 (DnaJ C terminal domain); IPR001305 (DnaJ_zf); IPR012724 (Chaperone protein DnaJ [dnaJ].); IPR018253 (Nt-dnaJ domain signature.)
DTEP_cat_QTL_chr6_9	AX-677871265	DTEP_cat	DTEP categorical	Development	6	14431304	14381304	14481304	1	ssGBLUP	TMOL_4.1401.1	upstream_gene_variant	-	-	Uncharacterized protein	IPR031720 (Domain of unknown function (DUF4728))
DTEP_cat_QTL_chr6_10	AX-677040591	DTEP_cat	DTEP categorical	Development	6	20257769	20207769	20307769	1	ssGBLUP	TMOL_4.1916.1	intergenic_region	-	-	SAM domain-containing protein	IPR001660 (SAM domain (Sterile alpha motif)); IPR013761
DTEP_cat_QTL_chr7_1	AX-673834743	DTEP_cat	DTEP categorical	Development	7	482546	432546	532546	1	BLINK	TMOL_1.2337.1	downstream_gene_variant	-	-	SAM domain-containing protein	IPR027871 (Domain of unknown function (DUF4603))
DTEP_cat_QTL_chr7_2	AX-674599773	DTEP_cat	DTEP categorical	Development	7	1719390	1669390	1769390	1	BLINK	TMOL_1.2425.1, TMOL_1.2426.1	intron_variant, intron_variant	-, -	Uncharacterized protein, isoform C, Uncharacterized protein, isoform C	Apyrase-like Protein, Apyrase-like Protein	IPR008334 (5'-nucleotidase / C-terminal domain); IPR006179 (Apyrase family signature); IPR004843 (Calcineurin-like phosphoesterase); IPR006146 (5'-nucleotidase signature 2.); IPR029052, IPR008334 (5'-nucleotidase / C-terminal domain); IPR006179 (Apyrase family signature); IPR004843 (Calcineurin-like phosphoesterase); IPR006146 (5'-nucleotidase signature 2.); IPR029052
DTEP_cat_QTL_chr7_2	AX-675299034	DTEP_cat	DTEP categorical	Development	7	1748117	1698117	1798117	1	BLINK	TMOL_1.2428.1, TMOL_1.2431.1	intron_variant, missense_variant	-, p.Thr86Ile	Serpin 4, Protein yellow	Serpin peptidase inhibitor 1, Protein yellow-like Protein	IPR023796 (Serpin (serine protease inhibitor)); IPR023795 (Serpins signature.); IPR042178; IPR042185; IPR036186, IPR017996 (Major royal jelly protein); IPR011042
DTEP_cat_QTL_chr7_2	AX-676794150	DTEP_cat	DTEP categorical	Development	7	1750129	1700129	1800129	1	BLINK	TMOL_1.2428.1	upstream_gene_variant	-	Serpin 4	Serpin peptidase inhibitor 1	IPR023796 (Serpin (serine protease inhibitor)); IPR023795 (Serpins signature.); IPR042178; IPR042185; IPR036186
DTEP_cat_QTL_chr7_2	AX-673863049	DTEP_cat	DTEP categorical	Development	7	1756407	1706407	1806407	1	BLINK	TMOL_1.2432.1	synonymous_variant	-	GPI mannosyltransferase 3	Integrator complex subunit 10	IPR005599 (Alg9-like mannosyltransferase family); IPR026164 (Integrator complex subunit 10 signature)
DTEP_cat_QTL_chr7_2	AX-678171413	DTEP_cat	DTEP categorical	Development	7	1756654	1706654	1806654	1	BLINK	TMOL_1.2432.1	synonymous_variant	-	GPI mannosyltransferase 3	Integrator complex subunit 10	IPR005599 (Alg9-like mannosyltransferase family); IPR026164 (Integrator complex subunit 10 signature)
DTEP_cat_QTL_chr7_2	AX-674346223	DTEP_cat	DTEP categorical	Development	7	1757651	1707651	1807651	1	BLINK	TMOL_1.2432.1	stop_gained	p.Lys206*	GPI mannosyltransferase 3	Integrator complex subunit 10	IPR005599 (Alg9-like mannosyltransferase family); IPR026164 (Integrator complex subunit 10 signature)
DTEP_cat_QTL_chr7_2	AX-674023425	DTEP_cat	DTEP categorical	Development	7	1757774	1707774	1807774	1	BLINK	TMOL_1.2432.1	synonymous_variant	-	GPI mannosyltransferase 3	Integrator complex subunit 10	IPR005599 (Alg9-like mannosyltransferase family); IPR026164 (Integrator complex subunit 10 signature)
DTEP_cat_QTL_chr7_2	AX-677302199	DTEP_cat	DTEP categorical	Development	7	1758480	1708480	1808480	1	BLINK	TMOL_1.2432.1	upstream_gene_variant	-	GPI mannosyltransferase 3	Integrator complex subunit 10	IPR005599 (Alg9-like mannosyltransferase family); IPR026164 (Integrator complex subunit 10 signature)
DTEP_cat_QTL_chr7_2	AX-678641064	DTEP_cat	DTEP categorical	Development	7	1758542	1708542	1808542	1	BLINK	TMOL_1.2432.1	upstream_gene_variant	-	GPI mannosyltransferase 3	Integrator complex subunit 10	IPR005599 (Alg9-like mannosyltransferase family); IPR026164 (Integrator complex subunit 10 signature)
DTEP_cat_QTL_chr7_2	AX-675632006	DTEP_cat	DTEP categorical	Development	7	1760444	1710444	1810444	1	BLINK	TMOL_1.2434.1	synonymous_variant	-	-	Uncharacterized protein	IPR002999 (Tudor domain); IPR025605 (OST-HTH/LOTUS domain); IPR035437; IPR041966
DTEP_cat_QTL_chr7_2	AX-674219844	DTEP_cat	DTEP categorical	Development	7	1760623	1710623	1810623	2	BLINK, FarmCPU	TMOL_1.2434.1	missense_variant	p.Pro917Leu	-	Uncharacterized protein	IPR002999 (Tudor domain); IPR025605 (OST-HTH/LOTUS domain); IPR035437; IPR041966
DTEP_cat_QTL_chr7_2	AX-674418014	DTEP_cat	DTEP categorical	Development	7	1760780	1710780	1810780	2	MLM, BLINK	TMOL_1.2434.1	synonymous_variant	-	-	Uncharacterized protein	IPR002999 (Tudor domain); IPR025605 (OST-HTH/LOTUS domain); IPR035437; IPR041966
DTEP_cat_QTL_chr7_2	AX-675213772	DTEP_cat	DTEP categorical	Development	7	1761344	1711344	1811344	1	BLINK	TMOL_1.2434.1	stop_gained	p.Lys677*	-	Uncharacterized protein	IPR002999 (Tudor domain); IPR025605 (OST-HTH/LOTUS domain); IPR035437; IPR041966
DTEP_cat_QTL_chr7_2	AX-678370951	DTEP_cat	DTEP categorical	Development	7	1761608	1711608	1811608	1	BLINK	TMOL_1.2434.1	missense_variant	p.Tyr589Asn	-	Uncharacterized protein	IPR002999 (Tudor domain); IPR025605 (OST-HTH/LOTUS domain); IPR035437; IPR041966
DTEP_cat_QTL_chr7_2	AX-673734712	DTEP_cat	DTEP categorical	Development	7	1762071	1712071	1812071	1	BLINK	TMOL_1.2434.1	intron_variant	-	-	Uncharacterized protein	IPR002999 (Tudor domain); IPR025605 (OST-HTH/LOTUS domain); IPR035437; IPR041966
DTEP_cat_QTL_chr7_2	AX-676662043	DTEP_cat	DTEP categorical	Development	7	1762201	1712201	1812201	1	BLINK	TMOL_1.2434.1	missense_variant	p.Tyr528Ser	-	Uncharacterized protein	IPR002999 (Tudor domain); IPR025605 (OST-HTH/LOTUS domain); IPR035437; IPR041966
DTEP_cat_QTL_chr7_2	AX-676497430	DTEP_cat	DTEP categorical	Development	7	1762249	1712249	1812249	1	BLINK	TMOL_1.2434.1	synonymous_variant	-	-	Uncharacterized protein	IPR002999 (Tudor domain); IPR025605 (OST-HTH/LOTUS domain); IPR035437; IPR041966
DTEP_cat_QTL_chr7_2	AX-673254268	DTEP_cat	DTEP categorical	Development	7	1762408	1712408	1812408	1	BLINK	TMOL_1.2434.1	missense_variant	p.Cys476Ser	-	Uncharacterized protein	IPR002999 (Tudor domain); IPR025605 (OST-HTH/LOTUS domain); IPR035437; IPR041966
DTEP_cat_QTL_chr7_2	AX-678380469	DTEP_cat	DTEP categorical	Development	7	1762540	1712540	1812540	1	BLINK	TMOL_1.2434.1	synonymous_variant	-	-	Uncharacterized protein	IPR002999 (Tudor domain); IPR025605 (OST-HTH/LOTUS domain); IPR035437; IPR041966
DTEP_cat_QTL_chr7_2	AX-675517834	DTEP_cat	DTEP categorical	Development	7	1762582	1712582	1812582	1	BLINK	TMOL_1.2434.1	intron_variant	-	-	Uncharacterized protein	IPR002999 (Tudor domain); IPR025605 (OST-HTH/LOTUS domain); IPR035437; IPR041966
DTEP_cat_QTL_chr7_2	AX-677856753	DTEP_cat	DTEP categorical	Development	7	1762649	1712649	1812649	1	BLINK	TMOL_1.2434.1	synonymous_variant	-	-	Uncharacterized protein	IPR002999 (Tudor domain); IPR025605 (OST-HTH/LOTUS domain); IPR035437; IPR041966
DTEP_cat_QTL_chr7_2	AX-677653206	DTEP_cat	DTEP categorical	Development	7	1764303	1714303	1814303	1	BLINK	TMOL_1.2434.1	missense_variant	p.Lys90Glu	-	Uncharacterized protein	IPR002999 (Tudor domain); IPR025605 (OST-HTH/LOTUS domain); IPR035437; IPR041966
DTEP_cat_QTL_chr7_2	AX-677603952	DTEP_cat	DTEP categorical	Development	7	1765232	1715232	1815232	1	BLINK	TMOL_1.2434.1	unknown	-	-	Uncharacterized protein	IPR002999 (Tudor domain); IPR025605 (OST-HTH/LOTUS domain); IPR035437; IPR041966
DTEP_cat_QTL_chr7_2	AX-673693164	DTEP_cat	DTEP categorical	Development	7	1779820	1729820	1829820	1	BLINK	TMOL_1.2436.1	intron_variant	-	Uncharacterized protein, isoform D	Carboxylic ester hydrolase	"IPR002018 (Carboxylesterase family); IPR002168 (Lipolytic enzymes ""G-D-X-G"" family / putative histidine active site.); IPR019819 (Carboxylesterases type-B signature 2.); IPR019826 (Carboxylesterases type-B serine active site.); IPR029058"
DTEP_cat_QTL_chr7_2	AX-676126943	DTEP_cat	DTEP categorical	Development	7	1779821	1729821	1829821	1	BLINK	TMOL_1.2436.1	intron_variant	-	Uncharacterized protein, isoform D	Carboxylic ester hydrolase	"IPR002018 (Carboxylesterase family); IPR002168 (Lipolytic enzymes ""G-D-X-G"" family / putative histidine active site.); IPR019819 (Carboxylesterases type-B signature 2.); IPR019826 (Carboxylesterases type-B serine active site.); IPR029058"
DTEP_cat_QTL_chr7_3	AX-677661402	DTEP_cat	DTEP categorical	Development	7	1995706	1945706	2045706	1	ssGBLUP	TMOL_1.2451.1	intron_variant	-	Neurogenic protein mastermind	Neurogenic mastermind-like N-terminal domain-containing protein	IPR019082 (MamL-1 domain); IPR046370
DTEP_cat_QTL_chr7_4	AX-678541684	DTEP_cat	DTEP categorical	Development	7	4342288	4292288	4392288	2	MLM, ssGBLUP	TMOL_1.2692.1	intron_variant	-	Canoe, isoform E	Uncharacterized protein	IPR019748 (FERM_B-lobe); IPR001478 (PDZ domain); IPR018980 (FERM C-terminal PH-like domain); IPR019749 (Band 4.1 protein family signature); IPR011019 (KIND domain profile.)
DTEP_cat_QTL_chr7_5	AX-674951622	DTEP_cat	DTEP categorical	Development	7	5024136	4974136	5074136	1	FarmCPU	TMOL_1.2739.1	intron_variant	-	Kuzbanian-like, isoform A	Disintegrin and metalloproteinase domain-containing protein 10-like Protein	IPR034025 (ZnMc_TACE_like); IPR001762 (Disintegrin); IPR002870 (Reprolysin family propeptide); IPR001590 (ADAM type metalloprotease domain profile.); IPR024079
DTEP_cat_QTL_chr7_6	AX-674186754	DTEP_cat	DTEP categorical	Development	7	5691927	5641927	5741927	2	MLM, ssGBLUP	TMOL_1.2795.1	intron_variant	-	Liprin-alpha, isoform E	Liprin-alpha-1-like Protein	IPR029515
DTEP_cat_QTL_chr7_7	AX-674611770	DTEP_cat	DTEP categorical	Development	7	6328373	6278373	6378373	1	ssGBLUP	TMOL_1.2904.1	upstream_gene_variant	-	Uncharacterized protein, isoform D	Monocarboxylate transporter 12-like Protein	IPR011701 (Major Facilitator Superfamily); IPR036259
DTEP_cat_QTL_chr7_8	AX-675542954	DTEP_cat	DTEP categorical	Development	7	6428643	6378643	6478643	2	MLM, ssGBLUP	TMOL_1.2918.1	intergenic_region	-	Sex determination protein fruitless	Fruitless	IPR000210 (BTB/POZ domain); IPR011333; IPR006580
DTEP_cat_QTL_chr7_9	AX-678373154	DTEP_cat	DTEP categorical	Development	7	7705403	7655403	7755403	2	MLM, ssGBLUP	TMOL_1.3045.1	unknown	-	FI21449p1	Nose resistant to fluoxetine protein 6-like Protein	IPR006621 (Nose resistant-to-fluoxetine protein / N-terminal domain); IPR002656 (Acyltransferase family)
DTEP_cat_QTL_chr7_10	AX-673259670	DTEP_cat	DTEP categorical	Development	7	8573877	8523877	8623877	1	BLINK	TMOL_1.3093.1	intron_variant	-	Possible lysine-specific histone demethylase 1	Putative lysine-specific histone demethylase 1-like Protein	IPR002937 (Flavin containing amine oxidoreductase); IPR007526 (SWIRM domain); IPR017366; IPR036188; IPR036388
DTEP_cat_QTL_chr7_11	AX-678766976	DTEP_cat	DTEP categorical	Development	7	10176097	10126097	10226097	2	MLM, ssGBLUP	TMOL_1.3218.1	unknown	-	LD27988p	Tyrosine-protein phosphatase non-receptor type 9-like Protein	IPR000242 (Protein-tyrosine phosphatase); IPR001251 (SEC14); IPR000387 (Tyrosine specific protein phosphatases domain profile.); IPR016130 (Tyrosine specific protein phosphatases active site.); IPR029021
DTEP_cat_QTL_chr7_12	AX-674288240	DTEP_cat	DTEP categorical	Development	7	10402105	10352105	10452105	1	BLINK	TMOL_1.3233.1	intergenic_region	-	Cadherin-87A	Cadherin 23	IPR002126 (Cadherin signature); IPR020894 (Cadherin domain signature.); IPR015919
DTEP_cat_QTL_chr7_12	AX-674188699	DTEP_cat	DTEP categorical	Development	7	10485283	10435283	10535283	1	FarmCPU	TMOL_1.3246.1	missense_variant	p.Val573Gly	Inscuteable	Protein inscuteable homolog-like Protein	IPR045789 (Protein inscuteable C-terminal); IPR039921; IPR016024; IPR011989; IPR038205
DTEP_cat_QTL_chr7_13	AX-675122953	DTEP_cat	DTEP categorical	Development	7	10758921	10708921	10808921	1	BLINK	TMOL_1.3288.1	missense_variant	p.Ile198Thr	Aminopeptidase	Glutamyl aminopeptidase-like Protein	IPR024571 (ERAP1-like C-terminal domain); IPR045357 (Peptidase M1 N-terminal domain); IPR014782 (Peptidase family M1 domain); IPR001930 (Membrane alanyl dipeptidase (M1) family signature); IPR042097
DTEP_cat_QTL_chr7_13	AX-678857098	DTEP_cat	DTEP categorical	Development	7	10758948	10708948	10808948	1	BLINK	TMOL_1.3288.1	missense_variant	p.Ala207Gly	Aminopeptidase	Glutamyl aminopeptidase-like Protein	IPR024571 (ERAP1-like C-terminal domain); IPR045357 (Peptidase M1 N-terminal domain); IPR014782 (Peptidase family M1 domain); IPR001930 (Membrane alanyl dipeptidase (M1) family signature); IPR042097
DTEP_cat_QTL_chr7_13	AX-677946978	DTEP_cat	DTEP categorical	Development	7	10761203	10711203	10811203	1	BLINK	TMOL_1.3288.1	synonymous_variant	-	Aminopeptidase	Glutamyl aminopeptidase-like Protein	IPR024571 (ERAP1-like C-terminal domain); IPR045357 (Peptidase M1 N-terminal domain); IPR014782 (Peptidase family M1 domain); IPR001930 (Membrane alanyl dipeptidase (M1) family signature); IPR042097
DTEP_cat_QTL_chr7_13	AX-674261342	DTEP_cat	DTEP categorical	Development	7	10763554	10713554	10813554	1	BLINK	TMOL_1.3288.1	downstream_gene_variant	-	Aminopeptidase	Glutamyl aminopeptidase-like Protein	IPR024571 (ERAP1-like C-terminal domain); IPR045357 (Peptidase M1 N-terminal domain); IPR014782 (Peptidase family M1 domain); IPR001930 (Membrane alanyl dipeptidase (M1) family signature); IPR042097
DTEP_cat_QTL_chr7_13	AX-674295023	DTEP_cat	DTEP categorical	Development	7	10769540	10719540	10819540	1	BLINK	TMOL_1.3290.1	intron_variant	-	Aminopeptidase	Aminopeptidase	IPR034016 (M1_APN-Q_like); IPR014782 (Peptidase family M1 domain); IPR024571 (ERAP1-like C-terminal domain); IPR045357 (Peptidase M1 N-terminal domain); IPR001930 (Membrane alanyl dipeptidase (M1) family signature)
DTEP_cat_QTL_chr7_14	AX-675091644	DTEP_cat	DTEP categorical	Development	7	11085682	11035682	11135682	2	MLM, ssGBLUP	TMOL_1.3345.1	intron_variant	-	-	Toll-like protein	-
DTEP_cat_QTL_chr7_15	AX-674826094	DTEP_cat	DTEP categorical	Development	7	12054108	12004108	12104108	1	BLINK	TMOL_1.3455.1	intron_variant	-	Protein groucho	Protein groucho-like Protein	IPR005617 (Groucho/TLE N-terminal Q-rich domain); IPR009146 (Groucho/transducin-like enhancer protein signature); IPR001680 (WD domain / G-beta repeat); IPR019775 (Trp-Asp (WD) repeats signature.); IPR015943
DTEP_cat_QTL_chr7_16	AX-678396793	DTEP_cat	DTEP categorical	Development	7	15465218	15415218	15515218	2	MLM, ssGBLUP	TMOL_1.3757.1	intron_variant	-	-	Cytokine receptor-like factor 3	IPR003961 (FN3); IPR036116; IPR013783
DTEP_cat_QTL_chr7_17	AX-675936630	DTEP_cat	DTEP categorical	Development	7	16899951	16849951	16949951	1	FarmCPU	TMOL_1.3848.1	intron_variant	-	Dpr-interacting protein kappa, isoform A	Lachesin-like Protein	IPR013098 (Immunoglobulin I-set domain); IPR007110 (Ig-like domain profile.); IPR013783; IPR036179; IPR003598
DTEP_cat_QTL_chr7_18	AX-675419311	DTEP_cat	DTEP categorical	Development	7	17043997	16993997	17093997	1	BLINK	TMOL_1.3850.1	intron_variant	-	EGFR adapter protein	SH2 domain-containing protein	IPR000980 (SH2 domain); IPR006020 (Phosphotyrosine interaction domain (PTB/PID)); IPR036860; IPR011993
DTEP_cat_QTL_chr7_19	AX-675792110	DTEP_cat	DTEP categorical	Development	7	18506524	18456524	18556524	2	MLM, ssGBLUP	TMOL_1.3948.1	missense_variant	p.Thr75Lys	Uncharacterized protein, isoform C	Vacuolar protein sorting-associated protein 62-like Protein	IPR009291 (Vacuolar protein sorting-associated protein 62)
DTEP_cat_QTL_chr8_1	AX-681131580	DTEP_cat	DTEP categorical	Development	8	423927	373927	473927	1	BLINK	TMOL_19.27.1	synonymous_variant	-	BcDNA.GH04962	Neutral alpha-glucosidase AB-like Protein	IPR000322 (Glycosyl hydrolases family 31); IPR025887 (Galactose mutarotase-like); IPR030458 (Glycosyl hydrolases family 31 active site.); IPR017853; IPR011013
DTEP_cat_QTL_chr8_2	AX-677874816	DTEP_cat	DTEP categorical	Development	8	2168844	2118844	2218844	1	FarmCPU	TMOL_10.97.1	downstream_gene_variant	-	Innexin inx7	Innexin	IPR000990 (Innexin)
DTEP_cat_QTL_chr8_3	AX-676301960	DTEP_cat	DTEP categorical	Development	8	4244813	4194813	4294813	1	BLINK	TMOL_10.269.1	intron_variant	-	Uncharacterized protein, isoform K	Uncharacterized protein	-
DTEP_cat_QTL_chr8_4	AX-678783826	DTEP_cat	DTEP categorical	Development	8	6089461	6039461	6139461	1	BLINK	TMOL_10.422.1	intron_variant	-	Zinc finger protein 1	Zinc finger protein 1	IPR001356 (homeodomain); IPR013087 (Zinc finger / C2H2 type); IPR009057; IPR036236
DTEP_cat_QTL_chr8_5	AX-675992371	DTEP_cat	DTEP categorical	Development	8	6250874	6200874	6300874	2	MLM, ssGBLUP	TMOL_10.425.1, TMOL_10.426.1	intron_variant, unknown	-, -	-, -	-, -	-, -
DTEP_cat_QTL_chr8_6	AX-681049860	DTEP_cat	DTEP categorical	Development	8	15193724	15143724	15243724	1	BLINK	TMOL_12.318.1	intron_variant	-	Neuropeptide SIFamide receptor	Neuropeptide Y receptor-like Protein	IPR000276 (7 transmembrane receptor (rhodopsin family)); IPR000611 (Neuropeptide Y receptor signature); IPR017452 (G-protein coupled receptors family 1 profile.)
DTEP_cat_QTL_chr8_6	AX-681222513	DTEP_cat	DTEP categorical	Development	8	15196895	15146895	15246895	1	BLINK	TMOL_12.318.1	intron_variant	-	Neuropeptide SIFamide receptor	Neuropeptide Y receptor-like Protein	IPR000276 (7 transmembrane receptor (rhodopsin family)); IPR000611 (Neuropeptide Y receptor signature); IPR017452 (G-protein coupled receptors family 1 profile.)
DTEP_cat_QTL_chr8_6	AX-681137756	DTEP_cat	DTEP categorical	Development	8	15197036	15147036	15247036	1	BLINK	TMOL_12.318.1	intron_variant	-	Neuropeptide SIFamide receptor	Neuropeptide Y receptor-like Protein	IPR000276 (7 transmembrane receptor (rhodopsin family)); IPR000611 (Neuropeptide Y receptor signature); IPR017452 (G-protein coupled receptors family 1 profile.)
DTEP_cat_QTL_chr8_6	AX-681129853	DTEP_cat	DTEP categorical	Development	8	15197265	15147265	15247265	1	BLINK	TMOL_12.318.1	intron_variant	-	Neuropeptide SIFamide receptor	Neuropeptide Y receptor-like Protein	IPR000276 (7 transmembrane receptor (rhodopsin family)); IPR000611 (Neuropeptide Y receptor signature); IPR017452 (G-protein coupled receptors family 1 profile.)
DTEP_cat_QTL_chr8_6	AX-681013037	DTEP_cat	DTEP categorical	Development	8	15231187	15181187	15281187	1	BLINK	TMOL_12.325.1, TMOL_12.326.1	unknown, missense_variant	-, p.Leu910Met	-, Cadherin-89D	Uncharacterized protein, Cadherin-89D-like Protein	-, IPR002126 (Cadherin signature); IPR020894 (Cadherin domain signature.); IPR039808; IPR015919
DTEP_cat_QTL_chr8_6	AX-681149581	DTEP_cat	DTEP categorical	Development	8	15232708	15182708	15282708	1	BLINK	TMOL_12.325.1, TMOL_12.326.1	unknown, missense_variant	-, p.Val451Ile	-, Cadherin-89D	Uncharacterized protein, Cadherin-89D-like Protein	-, IPR002126 (Cadherin signature); IPR020894 (Cadherin domain signature.); IPR039808; IPR015919
DTEP_cat_QTL_chr8_6	AX-681209517	DTEP_cat	DTEP categorical	Development	8	15232969	15182969	15282969	1	BLINK	TMOL_12.325.1, TMOL_12.326.1	unknown, missense_variant	-, p.Glu364Gln	-, Cadherin-89D	Uncharacterized protein, Cadherin-89D-like Protein	-, IPR002126 (Cadherin signature); IPR020894 (Cadherin domain signature.); IPR039808; IPR015919
DTEP_cat_QTL_chr8_6	AX-681176027	DTEP_cat	DTEP categorical	Development	8	15235018	15185018	15285018	1	BLINK	TMOL_12.325.1, TMOL_12.326.1	unknown, intron_variant	-, -	-, Cadherin-89D	Uncharacterized protein, Cadherin-89D-like Protein	-, IPR002126 (Cadherin signature); IPR020894 (Cadherin domain signature.); IPR039808; IPR015919
DTEP_cat_QTL_chr8_6	AX-681192875	DTEP_cat	DTEP categorical	Development	8	15235258	15185258	15285258	1	BLINK	TMOL_12.325.1, TMOL_12.326.1	unknown, intron_variant	-, -	-, Cadherin-89D	Uncharacterized protein, Cadherin-89D-like Protein	-, IPR002126 (Cadherin signature); IPR020894 (Cadherin domain signature.); IPR039808; IPR015919
DTEP_cat_QTL_chr8_6	AX-681024542	DTEP_cat	DTEP categorical	Development	8	15235502	15185502	15285502	1	BLINK	TMOL_12.325.1, TMOL_12.326.1	unknown, intron_variant	-, -	-, Cadherin-89D	Uncharacterized protein, Cadherin-89D-like Protein	-, IPR002126 (Cadherin signature); IPR020894 (Cadherin domain signature.); IPR039808; IPR015919
DTEP_cat_QTL_chr8_6	AX-681176832	DTEP_cat	DTEP categorical	Development	8	15238161	15188161	15288161	1	BLINK	TMOL_12.325.1, TMOL_12.326.1	unknown, intron_variant	-, -	-, Cadherin-89D	Uncharacterized protein, Cadherin-89D-like Protein	-, IPR002126 (Cadherin signature); IPR020894 (Cadherin domain signature.); IPR039808; IPR015919
DTEP_cat_QTL_chr8_6	AX-681031055	DTEP_cat	DTEP categorical	Development	8	15242045	15192045	15292045	1	BLINK	TMOL_12.325.1, TMOL_12.326.1	unknown, intron_variant	-, -	-, Cadherin-89D	Uncharacterized protein, Cadherin-89D-like Protein	-, IPR002126 (Cadherin signature); IPR020894 (Cadherin domain signature.); IPR039808; IPR015919
DTEP_cat_QTL_chr8_6	AX-681008474	DTEP_cat	DTEP categorical	Development	8	15242144	15192144	15292144	1	BLINK	TMOL_12.325.1, TMOL_12.326.1	unknown, intron_variant	-, -	-, Cadherin-89D	Uncharacterized protein, Cadherin-89D-like Protein	-, IPR002126 (Cadherin signature); IPR020894 (Cadherin domain signature.); IPR039808; IPR015919
DTEP_cat_QTL_chr8_6	AX-681220134	DTEP_cat	DTEP categorical	Development	8	15242220	15192220	15292220	1	BLINK	TMOL_12.325.1, TMOL_12.326.1	unknown, intron_variant	-, -	-, Cadherin-89D	Uncharacterized protein, Cadherin-89D-like Protein	-, IPR002126 (Cadherin signature); IPR020894 (Cadherin domain signature.); IPR039808; IPR015919
DTEP_cat_QTL_chr8_6	AX-681226552	DTEP_cat	DTEP categorical	Development	8	15247818	15197818	15297818	1	BLINK	TMOL_12.325.1, TMOL_12.326.1	unknown, intron_variant	-, -	-, Cadherin-89D	Uncharacterized protein, Cadherin-89D-like Protein	-, IPR002126 (Cadherin signature); IPR020894 (Cadherin domain signature.); IPR039808; IPR015919
DTEP_cat_QTL_chr8_6	AX-681208055	DTEP_cat	DTEP categorical	Development	8	15249929	15199929	15299929	2	BLINK, FarmCPU	TMOL_12.325.1, TMOL_12.326.1	unknown, intron_variant	-, -	-, Cadherin-89D	Uncharacterized protein, Cadherin-89D-like Protein	-, IPR002126 (Cadherin signature); IPR020894 (Cadherin domain signature.); IPR039808; IPR015919
DTEP_cat_QTL_chr9_1	AX-673520161	DTEP_cat	DTEP categorical	Development	9	3740823	3690823	3790823	1	BLINK	TMOL_7.1454.1	upstream_gene_variant	-	-	Uncharacterized protein	IPR002110 (Ankyrin repeats (many copies)); IPR036770; IPR027417
DTEP_cat_QTL_chr9_1	AX-677592494	DTEP_cat	DTEP categorical	Development	9	3740893	3690893	3790893	1	BLINK	TMOL_7.1454.1	intron_variant	-	-	Uncharacterized protein	IPR002110 (Ankyrin repeats (many copies)); IPR036770; IPR027417
DTEP_cat_QTL_chr9_1	AX-675302864	DTEP_cat	DTEP categorical	Development	9	3740986	3690986	3790986	2	BLINK, ssGBLUP	TMOL_7.1454.1	missense_variant	p.Thr23Met	-	Uncharacterized protein	IPR002110 (Ankyrin repeats (many copies)); IPR036770; IPR027417
DTEP_cat_QTL_chr9_1	AX-678183501	DTEP_cat	DTEP categorical	Development	9	3745256	3695256	3795256	1	BLINK	TMOL_7.1454.1	synonymous_variant	-	-	Uncharacterized protein	IPR002110 (Ankyrin repeats (many copies)); IPR036770; IPR027417
DTEP_cat_QTL_chr9_2	AX-676367746	DTEP_cat	DTEP categorical	Development	9	6727338	6677338	6777338	1	ssGBLUP	TMOL_7.1182.1	intergenic_region	-	-	-	-
DTEP_cat_QTL_chr9_3	AX-676658458	DTEP_cat	DTEP categorical	Development	9	7170713	7120713	7220713	1	BLINK	TMOL_7.1168.1	intron_variant	-	Early gene at 23, isoform C	Protein white-like Protein	IPR013525 (ABC-2 type transporter); IPR003439 (ABC transporter); IPR017871 (ABC transporters family signature.); IPR027417; IPR003593
DTEP_cat_QTL_chr9_4	AX-674997598	DTEP_cat	DTEP categorical	Development	9	10831297	10781297	10881297	1	ssGBLUP	TMOL_7.764.1	intron_variant	-	Helicase 89B, isoform B	TATA-binding protein-associated factor 172-like Protein	IPR044078 (DEXHc_Mot1); IPR022707 (Domain of unknown function (DUF3535)); IPR000330 (SNF2-related domain); IPR001650 (Helicase conserved C-terminal domain); IPR014001 (Superfamilies 1 and 2 helicase ATP-binding type-1 domain profile.)
DTEP_cat_QTL_chr9_5	AX-681135104	DTEP_cat	DTEP categorical	Development	9	18738615	18688615	18788615	2	BLINK, FarmCPU	TMOL_16.204.1	intron_variant	-	LD29228p	Uncharacterized protein	IPR031983 (Domain of unknown function (DUF4786))
DTEP_cat_QTL_chr9_5	AX-681234538	DTEP_cat	DTEP categorical	Development	9	18738699	18688699	18788699	1	BLINK	TMOL_16.204.1	intron_variant	-	LD29228p	Uncharacterized protein	IPR031983 (Domain of unknown function (DUF4786))
EHR_i_QTL_chr1_1	AX-675186235	EHR_i	EHR	Reproduction	1	1188680	1138680	1238680	1	ssGBLUP	TMOL_3.1920.1	downstream_gene_variant	-	-	WNT1-inducible-signaling pathway protein 1-like Protein	IPR043973 (CCN3 Nov like TSP1 domain); IPR001007 (von Willebrand factor type C domain); IPR000884 (Thrombospondin type-1 (TSP1) repeat profile.); IPR000867 (Insulin-like growth factor-binding protein (IGFBP) N-terminal domain profile.)
EHR_i_QTL_chr1_2	AX-677738504	EHR_i	EHR	Reproduction	1	1423347	1373347	1473347	1	FarmCPU	TMOL_3.1877.1	intron_variant	-	Rho GTPase-activating protein 92B	Rho GTPase-activating protein 92B-like Protein	IPR000198 (RhoGAP domain); IPR004148 (BAR domain); IPR047165; IPR008936; IPR027267
EHR_i_QTL_chr1_3	AX-675593274	EHR_i	EHR	Reproduction	1	44043406	43993406	44093406	1	MLM	TMOL_5.391.1, TMOL_5.385.1	downstream_gene_variant, upstream_gene_variant	-, -	-, -	Proteasome assembly chaperone 2, Zinc finger protein 227-like Protein	IPR019151 (PAC2 family); IPR016562; IPR038389, IPR012934 (Zinc-finger associated domain (zf-AD)); IPR013087 (Zinc finger / C2H2 type); IPR036236
EHR_i_QTL_chr1_3	AX-677001185	EHR_i	EHR	Reproduction	1	44049340	43999340	44099340	1	MLM	TMOL_5.386.1, TMOL_5.390.1	downstream_gene_variant, upstream_gene_variant	-, -	-, -	Zinc finger protein 26-like Protein, Zinc finger protein 227-like Protein	IPR012934 (Zinc-finger associated domain (zf-AD)); IPR013087 (Zinc finger / C2H2 type); IPR036236, IPR012934 (Zinc-finger associated domain (zf-AD)); IPR013087 (Zinc finger / C2H2 type); IPR036236
EHR_i_QTL_chr1_3	AX-676698630	EHR_i	EHR	Reproduction	1	44050785	44000785	44100785	1	MLM	TMOL_5.386.1, TMOL_5.390.1, TMOL_5.387.1	downstream_gene_variant, upstream_gene_variant, missense_variant	-, -, p.Cys212Tyr	-, -, -	Zinc finger protein 26-like Protein, Zinc finger protein 227-like Protein, Zinc finger protein 227-like Protein	IPR012934 (Zinc-finger associated domain (zf-AD)); IPR013087 (Zinc finger / C2H2 type); IPR036236, IPR012934 (Zinc-finger associated domain (zf-AD)); IPR013087 (Zinc finger / C2H2 type); IPR036236, IPR012934 (Zinc-finger associated domain (zf-AD)); IPR013087 (Zinc finger / C2H2 type); IPR036236
EHR_i_QTL_chr1_3	AX-674454590	EHR_i	EHR	Reproduction	1	44053762	44003762	44103762	1	MLM	TMOL_5.390.1	missense_variant	p.Ile119Thr	-	Zinc finger protein 227-like Protein	IPR012934 (Zinc-finger associated domain (zf-AD)); IPR013087 (Zinc finger / C2H2 type); IPR036236
EHR_i_QTL_chr1_4	AX-673449672	EHR_i	EHR	Reproduction	1	45585355	45535355	45635355	1	MLM	TMOL_5.265.1, TMOL_5.271.1	intron_variant, intron_variant	-, -	Puratrophin-1-like, isoform A, Antdh	Uncharacterized protein, Dehydrogenase/reductase SDR family protein 7-like	IPR000219 (RhoGEF domain); IPR001849 (PH domain); IPR035899; IPR011993, IPR002347 (short chain dehydrogenase); IPR020904 (Short-chain dehydrogenases/reductases family signature.); IPR036291
EHR_i_QTL_chr2_1	AX-678620931	EHR_i	EHR	Reproduction	2	4704718	4654718	4754718	1	ssGBLUP	TMOL_2.594.1, TMOL_2.592.1	unknown, missense_variant	-, p.Asp121Asn	FI02021p, -	DUF4802 domain-containing protein, AAA-ATPase-like domain-containing protein	IPR032061 (Domain of unknown function (DUF4802)), IPR018631 (Predicted AAA-ATPase)
EHR_i_QTL_chr2_2	AX-677489171	EHR_i	EHR	Reproduction	2	5699433	5649433	5749433	1	FarmCPU	TMOL_2.706.1	intron_variant	-	Ran-binding proteins 9/10 homolog	Ran-binding proteins 9/10 homolog-like Protein	IPR035782 (SPRY_RanBP9_10); IPR024964 (CTLH/CRA C-terminal to LisH motif domain); IPR003877 (SPRY domain); IPR006594 (LisH); IPR006595 (C-terminal to LisH (CTLH) motif profile.)
EHR_i_QTL_chr2_3	AX-678512866	EHR_i	EHR	Reproduction	2	10062432	10012432	10112432	1	FarmCPU	TMOL_2.1104.1	intron_variant	-	IP21806p	KH domain-containing, RNA-binding, signal transduction-associated protein 3-like Protein	IPR004088 (KH domain); IPR045071; IPR036612; IPR004087
EHR_i_QTL_chr3_1	AX-677404387	EHR_i	EHR	Reproduction	3	933565	883565	983565	1	BLINK	TMOL_6.138.1	intergenic_region	-	Octopamine receptor beta-2R	CG6989-like octopamine receptor	IPR000276 (7 transmembrane receptor (rhodopsin family)); IPR017452 (G-protein coupled receptors family 1 profile.)
EHR_i_QTL_chr3_2	AX-673376520	EHR_i	EHR	Reproduction	3	3753174	3703174	3803174	1	BLINK	TMOL_6.431.1	missense_variant	p.Asp4953Tyr	Muscle-specific protein 300 kDa	Uncharacterized protein	IPR012315 (Nuclear envelope localisation domain); IPR018159 (SPEC); IPR002017 (Spectrin repeat)
EHR_i_QTL_chr3_3	AX-676619849	EHR_i	EHR	Reproduction	3	26964139	26914139	27014139	1	FarmCPU	TMOL_9.336.1	intron_variant	-	Lipase	Lipase	IPR006693 (Partial alpha/beta-hydrolase lipase region); IPR022742 (Serine aminopeptidase / S33); IPR029058; IPR025483
EHR_i_QTL_chr3_4	AX-677449840	EHR_i	EHR	Reproduction	3	28665402	28615402	28715402	1	BLINK	TMOL_9.187.1	intron_variant	-	Protein deadpan	Protein deadpan-like Protein	IPR011598 (Helix-loop-helix DNA-binding domain); IPR003650 (Hairy Orange); IPR036638
EHR_i_QTL_chr3_5	AX-677605730	EHR_i	EHR	Reproduction	3	29854360	29804360	29904360	1	FarmCPU	TMOL_9.94.1, TMOL_9.99.1	intron_variant, missense_variant	-, p.Leu618Gln	Uncharacterized protein, isoform B, Nose resistant-to-fluoxetine protein N-terminal domain-containing protein	Organic cation transporter protein-like Protein, Nose resistant to fluoxetine protein 6-like Protein	IPR010291 (Ion channel regulatory protein UNC-93); IPR036259, IPR002656 (Acyltransferase family); IPR006621 (Nose resistant-to-fluoxetine protein / N-terminal domain)
EHR_i_QTL_chr5_1	AX-677003190	EHR_i	EHR	Reproduction	5	8942119	8892119	8992119	1	FarmCPU	TMOL_1.631.1	upstream_gene_variant	-	Uncharacterized protein, isoform F	WH2 domain-containing protein	IPR039895
EHR_i_QTL_chr5_2	AX-675983215	EHR_i	EHR	Reproduction	5	14444385	14394385	14494385	1	MLM	TMOL_1.1185.1	intron_variant	-	Nuclear migration protein nudC	Nuclear migration protein nudC	IPR007052 (CS domain); IPR025934 (N-terminal conserved domain of Nudc.); IPR032572 (Nuclear distribution C domain); IPR037898; IPR008978
EHR_i_QTL_chr5_2	AX-678790305	EHR_i	EHR	Reproduction	5	14477619	14427619	14527619	1	MLM	TMOL_1.1188.1	intron_variant	-	MIP34848p1	SMP-30/Gluconolactonase/LRE-like region domain-containing protein	IPR013658 (SMP-30/Gluconolactonase/LRE-like region); IPR005511 (Senescence marker protein-30 (SMP30) family signature); IPR008367 (Regucalcin signature); IPR011042
EHR_i_QTL_chr5_2	AX-678054503	EHR_i	EHR	Reproduction	5	14501299	14451299	14551299	1	MLM	TMOL_1.1198.1	missense_variant	p.Leu264Pro	Nucleolar GTP-binding protein 2	Nucleolar GTP-binding protein 2	IPR024929 (NGP_1); IPR012971 (NGP1NT (NUC091) domain); IPR006073 (50S ribosome-binding GTPase); IPR030378 (Circularly permuted (CP)-type guanine nucleotide-binding (G) domain profile.); IPR027417
EHR_i_QTL_chr5_3	AX-676989689	EHR_i	EHR	Reproduction	5	16039560	15989560	16089560	1	MLM	TMOL_1.1324.1	intron_variant	-	Blistery, isoform A	Uncharacterized protein	IPR033929 (PTB_tensin); IPR035012 (SH2_Tensin_like); IPR013625 (Phosphotyrosine-binding domain); IPR014020 (C2 domain of PTEN tumour-suppressor protein); IPR000980 (SH2 domain)
EHR_i_QTL_chr5_3	AX-673633607	EHR_i	EHR	Reproduction	5	16040575	15990575	16090575	1	MLM	TMOL_1.1324.1	intron_variant	-	Blistery, isoform A	Uncharacterized protein	IPR033929 (PTB_tensin); IPR035012 (SH2_Tensin_like); IPR013625 (Phosphotyrosine-binding domain); IPR014020 (C2 domain of PTEN tumour-suppressor protein); IPR000980 (SH2 domain)
EHR_i_QTL_chr5_4	AX-675031228	EHR_i	EHR	Reproduction	5	16436452	16386452	16486452	1	BLINK	TMOL_1.1352.1	intron_variant	-	-	-	-
EHR_i_QTL_chr5_5	AX-675410596	EHR_i	EHR	Reproduction	5	16999508	16949508	17049508	1	FarmCPU	TMOL_1.1415.1	intron_variant	-	Probable nuclear hormone receptor HR38	Putative nuclear hormone receptor HR38-like Protein	IPR003070 (Orphan nuclear receptor (4A nuclear receptor) family signature); IPR001628 (Zinc finger / C4 type (two domains)); IPR000536 (Ligand-binding domain of nuclear hormone receptor); IPR001723 (Steroid hormone receptor signature); IPR035500
EHR_i_QTL_chr5_5	AX-675881798	EHR_i	EHR	Reproduction	5	17008950	16958950	17058950	1	FarmCPU	TMOL_1.1415.1	splice_region_variant&intron_variant	-	Probable nuclear hormone receptor HR38	Putative nuclear hormone receptor HR38-like Protein	IPR003070 (Orphan nuclear receptor (4A nuclear receptor) family signature); IPR001628 (Zinc finger / C4 type (two domains)); IPR000536 (Ligand-binding domain of nuclear hormone receptor); IPR001723 (Steroid hormone receptor signature); IPR035500
EHR_i_QTL_chr5_5	AX-675088576	EHR_i	EHR	Reproduction	5	17014592	16964592	17064592	1	FarmCPU	TMOL_1.1415.1	unknown	-	Probable nuclear hormone receptor HR38	Putative nuclear hormone receptor HR38-like Protein	IPR003070 (Orphan nuclear receptor (4A nuclear receptor) family signature); IPR001628 (Zinc finger / C4 type (two domains)); IPR000536 (Ligand-binding domain of nuclear hormone receptor); IPR001723 (Steroid hormone receptor signature); IPR035500
EHR_i_QTL_chr5_5	AX-678195955	EHR_i	EHR	Reproduction	5	17015283	16965283	17065283	1	FarmCPU	TMOL_1.1415.1	intron_variant	-	Probable nuclear hormone receptor HR38	Putative nuclear hormone receptor HR38-like Protein	IPR003070 (Orphan nuclear receptor (4A nuclear receptor) family signature); IPR001628 (Zinc finger / C4 type (two domains)); IPR000536 (Ligand-binding domain of nuclear hormone receptor); IPR001723 (Steroid hormone receptor signature); IPR035500
EHR_i_QTL_chr5_5	AX-674621613	EHR_i	EHR	Reproduction	5	17026187	16976187	17076187	1	FarmCPU	TMOL_1.1416.1	downstream_gene_variant	-	LD22662p	5'-AMP-activated protein kinase subunit gamma-2-like Protein	IPR000644 (CBS domain); IPR046342
EHR_i_QTL_chr5_5	AX-674140670	EHR_i	EHR	Reproduction	5	17029545	16979545	17079545	1	FarmCPU	TMOL_1.1416.1	intron_variant	-	LD22662p	5'-AMP-activated protein kinase subunit gamma-2-like Protein	IPR000644 (CBS domain); IPR046342
EHR_i_QTL_chr5_5	AX-675052458	EHR_i	EHR	Reproduction	5	17029609	16979609	17079609	1	FarmCPU	TMOL_1.1416.1	intron_variant	-	LD22662p	5'-AMP-activated protein kinase subunit gamma-2-like Protein	IPR000644 (CBS domain); IPR046342
EHR_i_QTL_chr5_5	AX-678730501	EHR_i	EHR	Reproduction	5	17029672	16979672	17079672	1	FarmCPU	TMOL_1.1416.1	intron_variant	-	LD22662p	5'-AMP-activated protein kinase subunit gamma-2-like Protein	IPR000644 (CBS domain); IPR046342
EHR_i_QTL_chr5_5	AX-677229013	EHR_i	EHR	Reproduction	5	17030731	16980731	17080731	1	FarmCPU	TMOL_1.1416.1	intron_variant	-	LD22662p	5'-AMP-activated protein kinase subunit gamma-2-like Protein	IPR000644 (CBS domain); IPR046342
EHR_i_QTL_chr5_5	AX-675956524	EHR_i	EHR	Reproduction	5	17036980	16986980	17086980	1	FarmCPU	TMOL_1.1416.1	intron_variant	-	LD22662p	5'-AMP-activated protein kinase subunit gamma-2-like Protein	IPR000644 (CBS domain); IPR046342
EHR_i_QTL_chr5_5	AX-678353170	EHR_i	EHR	Reproduction	5	17037476	16987476	17087476	1	FarmCPU	TMOL_1.1416.1	intron_variant	-	LD22662p	5'-AMP-activated protein kinase subunit gamma-2-like Protein	IPR000644 (CBS domain); IPR046342
EHR_i_QTL_chr5_5	AX-674268699	EHR_i	EHR	Reproduction	5	17038537	16988537	17088537	1	FarmCPU	TMOL_1.1416.1	intron_variant	-	LD22662p	5'-AMP-activated protein kinase subunit gamma-2-like Protein	IPR000644 (CBS domain); IPR046342
EHR_i_QTL_chr5_5	AX-673989916	EHR_i	EHR	Reproduction	5	17038683	16988683	17088683	1	FarmCPU	TMOL_1.1416.1	intron_variant	-	LD22662p	5'-AMP-activated protein kinase subunit gamma-2-like Protein	IPR000644 (CBS domain); IPR046342
EHR_i_QTL_chr5_5	AX-675310978	EHR_i	EHR	Reproduction	5	17038700	16988700	17088700	1	FarmCPU	TMOL_1.1416.1	intron_variant	-	LD22662p	5'-AMP-activated protein kinase subunit gamma-2-like Protein	IPR000644 (CBS domain); IPR046342
EHR_i_QTL_chr5_5	AX-676043570	EHR_i	EHR	Reproduction	5	17039875	16989875	17089875	1	FarmCPU	TMOL_1.1416.1	intron_variant	-	LD22662p	5'-AMP-activated protein kinase subunit gamma-2-like Protein	IPR000644 (CBS domain); IPR046342
EHR_i_QTL_chr5_5	AX-677701765	EHR_i	EHR	Reproduction	5	17040178	16990178	17090178	1	FarmCPU	TMOL_1.1416.1	intron_variant	-	LD22662p	5'-AMP-activated protein kinase subunit gamma-2-like Protein	IPR000644 (CBS domain); IPR046342
EHR_i_QTL_chr5_5	AX-674399183	EHR_i	EHR	Reproduction	5	17040466	16990466	17090466	1	FarmCPU	TMOL_1.1416.1	intron_variant	-	LD22662p	5'-AMP-activated protein kinase subunit gamma-2-like Protein	IPR000644 (CBS domain); IPR046342
EHR_i_QTL_chr5_5	AX-677079960	EHR_i	EHR	Reproduction	5	17040991	16990991	17090991	1	FarmCPU	TMOL_1.1416.1	intron_variant	-	LD22662p	5'-AMP-activated protein kinase subunit gamma-2-like Protein	IPR000644 (CBS domain); IPR046342
EHR_i_QTL_chr5_5	AX-674032459	EHR_i	EHR	Reproduction	5	17041134	16991134	17091134	1	FarmCPU	TMOL_1.1416.1	intron_variant	-	LD22662p	5'-AMP-activated protein kinase subunit gamma-2-like Protein	IPR000644 (CBS domain); IPR046342
EHR_i_QTL_chr5_5	AX-676479944	EHR_i	EHR	Reproduction	5	17041583	16991583	17091583	1	FarmCPU	TMOL_1.1416.1	intron_variant	-	LD22662p	5'-AMP-activated protein kinase subunit gamma-2-like Protein	IPR000644 (CBS domain); IPR046342
EHR_i_QTL_chr5_5	AX-678760466	EHR_i	EHR	Reproduction	5	17043966	16993966	17093966	1	FarmCPU	TMOL_1.1416.1	intron_variant	-	LD22662p	5'-AMP-activated protein kinase subunit gamma-2-like Protein	IPR000644 (CBS domain); IPR046342
EHR_i_QTL_chr5_5	AX-675820915	EHR_i	EHR	Reproduction	5	17044064	16994064	17094064	1	FarmCPU	TMOL_1.1416.1	intron_variant	-	LD22662p	5'-AMP-activated protein kinase subunit gamma-2-like Protein	IPR000644 (CBS domain); IPR046342
EHR_i_QTL_chr5_5	AX-678458947	EHR_i	EHR	Reproduction	5	17044141	16994141	17094141	1	FarmCPU	TMOL_1.1416.1	intron_variant	-	LD22662p	5'-AMP-activated protein kinase subunit gamma-2-like Protein	IPR000644 (CBS domain); IPR046342
EHR_i_QTL_chr5_5	AX-678604510	EHR_i	EHR	Reproduction	5	17044636	16994636	17094636	1	FarmCPU	TMOL_1.1416.1	intron_variant	-	LD22662p	5'-AMP-activated protein kinase subunit gamma-2-like Protein	IPR000644 (CBS domain); IPR046342
EHR_i_QTL_chr5_5	AX-678844824	EHR_i	EHR	Reproduction	5	17044786	16994786	17094786	1	FarmCPU	TMOL_1.1416.1	intron_variant	-	LD22662p	5'-AMP-activated protein kinase subunit gamma-2-like Protein	IPR000644 (CBS domain); IPR046342
EHR_i_QTL_chr5_5	AX-673655060	EHR_i	EHR	Reproduction	5	17044908	16994908	17094908	1	FarmCPU	TMOL_1.1416.1	intron_variant	-	LD22662p	5'-AMP-activated protein kinase subunit gamma-2-like Protein	IPR000644 (CBS domain); IPR046342
EHR_i_QTL_chr5_5	AX-673739787	EHR_i	EHR	Reproduction	5	17045202	16995202	17095202	1	FarmCPU	TMOL_1.1416.1	intron_variant	-	LD22662p	5'-AMP-activated protein kinase subunit gamma-2-like Protein	IPR000644 (CBS domain); IPR046342
EHR_i_QTL_chr5_5	AX-676554846	EHR_i	EHR	Reproduction	5	17045399	16995399	17095399	1	FarmCPU	TMOL_1.1416.1	intron_variant	-	LD22662p	5'-AMP-activated protein kinase subunit gamma-2-like Protein	IPR000644 (CBS domain); IPR046342
EHR_i_QTL_chr5_5	AX-678775648	EHR_i	EHR	Reproduction	5	17045998	16995998	17095998	1	FarmCPU	TMOL_1.1416.1	intron_variant	-	LD22662p	5'-AMP-activated protein kinase subunit gamma-2-like Protein	IPR000644 (CBS domain); IPR046342
EHR_i_QTL_chr5_5	AX-674985106	EHR_i	EHR	Reproduction	5	17047295	16997295	17097295	1	FarmCPU	TMOL_1.1416.1	unknown	-	LD22662p	5'-AMP-activated protein kinase subunit gamma-2-like Protein	IPR000644 (CBS domain); IPR046342
EHR_i_QTL_chr5_5	AX-675590592	EHR_i	EHR	Reproduction	5	17047844	16997844	17097844	1	FarmCPU	TMOL_1.1416.1	intron_variant	-	LD22662p	5'-AMP-activated protein kinase subunit gamma-2-like Protein	IPR000644 (CBS domain); IPR046342
EHR_i_QTL_chr5_5	AX-674180690	EHR_i	EHR	Reproduction	5	17048111	16998111	17098111	1	FarmCPU	TMOL_1.1416.1	intron_variant	-	LD22662p	5'-AMP-activated protein kinase subunit gamma-2-like Protein	IPR000644 (CBS domain); IPR046342
EHR_i_QTL_chr5_5	AX-676584472	EHR_i	EHR	Reproduction	5	17048778	16998778	17098778	1	FarmCPU	TMOL_1.1416.1	intron_variant	-	LD22662p	5'-AMP-activated protein kinase subunit gamma-2-like Protein	IPR000644 (CBS domain); IPR046342
EHR_i_QTL_chr5_5	AX-678721858	EHR_i	EHR	Reproduction	5	17049669	16999669	17099669	1	FarmCPU	TMOL_1.1416.1	intron_variant	-	LD22662p	5'-AMP-activated protein kinase subunit gamma-2-like Protein	IPR000644 (CBS domain); IPR046342
EHR_i_QTL_chr5_5	AX-677423104	EHR_i	EHR	Reproduction	5	17050452	17000452	17100452	1	FarmCPU	TMOL_1.1416.1	intron_variant	-	LD22662p	5'-AMP-activated protein kinase subunit gamma-2-like Protein	IPR000644 (CBS domain); IPR046342
EHR_i_QTL_chr5_5	AX-678149453	EHR_i	EHR	Reproduction	5	17056205	17006205	17106205	1	FarmCPU	TMOL_1.1416.1	intron_variant	-	LD22662p	5'-AMP-activated protein kinase subunit gamma-2-like Protein	IPR000644 (CBS domain); IPR046342
EHR_i_QTL_chr5_5	AX-677957407	EHR_i	EHR	Reproduction	5	17058877	17008877	17108877	1	FarmCPU	TMOL_1.1416.1	intron_variant	-	LD22662p	5'-AMP-activated protein kinase subunit gamma-2-like Protein	IPR000644 (CBS domain); IPR046342
EHR_i_QTL_chr5_5	AX-674690514	EHR_i	EHR	Reproduction	5	17060736	17010736	17110736	1	FarmCPU	TMOL_1.1416.1	intron_variant	-	LD22662p	5'-AMP-activated protein kinase subunit gamma-2-like Protein	IPR000644 (CBS domain); IPR046342
EHR_i_QTL_chr5_5	AX-674731090	EHR_i	EHR	Reproduction	5	17061174	17011174	17111174	1	FarmCPU	TMOL_1.1416.1	intron_variant	-	LD22662p	5'-AMP-activated protein kinase subunit gamma-2-like Protein	IPR000644 (CBS domain); IPR046342
EHR_i_QTL_chr5_5	AX-678307898	EHR_i	EHR	Reproduction	5	17061658	17011658	17111658	1	FarmCPU	TMOL_1.1416.1	intron_variant	-	LD22662p	5'-AMP-activated protein kinase subunit gamma-2-like Protein	IPR000644 (CBS domain); IPR046342
EHR_i_QTL_chr5_5	AX-676800339	EHR_i	EHR	Reproduction	5	17067640	17017640	17117640	1	FarmCPU	TMOL_1.1416.1	intron_variant	-	LD22662p	5'-AMP-activated protein kinase subunit gamma-2-like Protein	IPR000644 (CBS domain); IPR046342
EHR_i_QTL_chr5_5	AX-678591996	EHR_i	EHR	Reproduction	5	17072911	17022911	17122911	1	FarmCPU	TMOL_1.1416.1	intron_variant	-	LD22662p	5'-AMP-activated protein kinase subunit gamma-2-like Protein	IPR000644 (CBS domain); IPR046342
EHR_i_QTL_chr5_5	AX-675276736	EHR_i	EHR	Reproduction	5	17078653	17028653	17128653	1	FarmCPU	TMOL_1.1416.1	upstream_gene_variant	-	LD22662p	5'-AMP-activated protein kinase subunit gamma-2-like Protein	IPR000644 (CBS domain); IPR046342
EHR_i_QTL_chr5_5	AX-676354752	EHR_i	EHR	Reproduction	5	17088642	17038642	17138642	2	MLM, FarmCPU	TMOL_1.1419.1	missense_variant	p.Gly120Ala	Polypeptide N-acetylgalactosaminyltransferase 35A	Polypeptide N-acetylgalactosaminyltransferase	IPR045885 (pp-GalNAc-T); IPR001173 (Glycosyl transferase family 2); IPR000772 (Ricin-type beta-trefoil lectin domain); IPR029044; IPR035992
EHR_i_QTL_chr5_5	AX-676914258	EHR_i	EHR	Reproduction	5	17089625	17039625	17139625	1	FarmCPU	TMOL_1.1419.1	synonymous_variant	-	Polypeptide N-acetylgalactosaminyltransferase 35A	Polypeptide N-acetylgalactosaminyltransferase	IPR045885 (pp-GalNAc-T); IPR001173 (Glycosyl transferase family 2); IPR000772 (Ricin-type beta-trefoil lectin domain); IPR029044; IPR035992
EHR_i_QTL_chr5_5	AX-676384541	EHR_i	EHR	Reproduction	5	17090384	17040384	17140384	3	MLM, BLINK, FarmCPU	TMOL_1.1419.1	intron_variant	-	Polypeptide N-acetylgalactosaminyltransferase 35A	Polypeptide N-acetylgalactosaminyltransferase	IPR045885 (pp-GalNAc-T); IPR001173 (Glycosyl transferase family 2); IPR000772 (Ricin-type beta-trefoil lectin domain); IPR029044; IPR035992
EHR_i_QTL_chr5_5	AX-678329709	EHR_i	EHR	Reproduction	5	17145690	17095690	17195690	1	FarmCPU	TMOL_1.1430.1	intron_variant	-	EF-hand domain containing 1.2	EF-hand domain-containing protein 1-like Protein	IPR006602 (DM10 domain); IPR040193
EHR_i_QTL_chr5_5	AX-674923069	EHR_i	EHR	Reproduction	5	17157597	17107597	17207597	1	FarmCPU	TMOL_1.1431.1	missense_variant	p.Asn1842Ile	Protein ELYS homolog	Protein ELYS	IPR032040 (beta-propeller of ELYS nucleoporin); IPR025151 (Nuclear pore complex assembly)
EHR_i_QTL_chr5_5	AX-677202774	EHR_i	EHR	Reproduction	5	17157981	17107981	17207981	1	FarmCPU	TMOL_1.1431.1	missense_variant	p.Ser1970Tyr	Protein ELYS homolog	Protein ELYS	IPR032040 (beta-propeller of ELYS nucleoporin); IPR025151 (Nuclear pore complex assembly)
EHR_i_QTL_chr5_5	AX-675069897	EHR_i	EHR	Reproduction	5	17158181	17108181	17208181	1	FarmCPU	TMOL_1.1431.1	missense_variant	p.Asn2037Asp	Protein ELYS homolog	Protein ELYS	IPR032040 (beta-propeller of ELYS nucleoporin); IPR025151 (Nuclear pore complex assembly)
EHR_i_QTL_chr5_5	AX-675040094	EHR_i	EHR	Reproduction	5	17158649	17108649	17208649	1	FarmCPU	TMOL_1.1431.1	synonymous_variant	-	Protein ELYS homolog	Protein ELYS	IPR032040 (beta-propeller of ELYS nucleoporin); IPR025151 (Nuclear pore complex assembly)
EHR_i_QTL_chr5_5	AX-678328340	EHR_i	EHR	Reproduction	5	17160923	17110923	17210923	1	FarmCPU	TMOL_1.1433.1	missense_variant	p.Val181Leu	Gustatory receptor for sugar taste 64f	Gustatory receptor	IPR009318 (Trehalose receptor)
EHR_i_QTL_chr5_5	AX-678782174	EHR_i	EHR	Reproduction	5	17160952	17110952	17210952	1	FarmCPU	TMOL_1.1433.1	missense_variant	p.Phe190Leu	Gustatory receptor for sugar taste 64f	Gustatory receptor	IPR009318 (Trehalose receptor)
EHR_i_QTL_chr5_5	AX-673543447	EHR_i	EHR	Reproduction	5	17161450	17111450	17211450	1	FarmCPU	TMOL_1.1433.1	intron_variant	-	Gustatory receptor for sugar taste 64f	Gustatory receptor	IPR009318 (Trehalose receptor)
EHR_i_QTL_chr5_5	AX-676173901	EHR_i	EHR	Reproduction	5	17164388	17114388	17214388	1	FarmCPU	TMOL_1.1433.1	intron_variant	-	Gustatory receptor for sugar taste 64f	Gustatory receptor	IPR009318 (Trehalose receptor)
EHR_i_QTL_chr5_5	AX-674585735	EHR_i	EHR	Reproduction	5	17164601	17114601	17214601	1	FarmCPU	TMOL_1.1433.1	intron_variant	-	Gustatory receptor for sugar taste 64f	Gustatory receptor	IPR009318 (Trehalose receptor)
EHR_i_QTL_chr5_5	AX-678820909	EHR_i	EHR	Reproduction	5	17165234	17115234	17215234	1	FarmCPU	TMOL_1.1433.1	splice_region_variant&intron_variant	-	Gustatory receptor for sugar taste 64f	Gustatory receptor	IPR009318 (Trehalose receptor)
EHR_i_QTL_chr5_5	AX-674831422	EHR_i	EHR	Reproduction	5	17165607	17115607	17215607	1	FarmCPU	TMOL_1.1433.1	missense_variant	p.Asn421Ile	Gustatory receptor for sugar taste 64f	Gustatory receptor	IPR009318 (Trehalose receptor)
EHR_i_QTL_chr5_5	AX-678825306	EHR_i	EHR	Reproduction	5	17166388	17116388	17216388	1	FarmCPU	TMOL_1.1433.1	intron_variant	-	Gustatory receptor for sugar taste 64f	Gustatory receptor	IPR009318 (Trehalose receptor)
EHR_i_QTL_chr5_5	AX-673882500	EHR_i	EHR	Reproduction	5	17166621	17116621	17216621	1	FarmCPU	TMOL_1.1433.1	intron_variant	-	Gustatory receptor for sugar taste 64f	Gustatory receptor	IPR009318 (Trehalose receptor)
EHR_i_QTL_chr5_5	AX-675626237	EHR_i	EHR	Reproduction	5	17168878	17118878	17218878	1	FarmCPU	TMOL_1.1433.1	splice_region_variant&intron_variant	-	Gustatory receptor for sugar taste 64f	Gustatory receptor	IPR009318 (Trehalose receptor)
EHR_i_QTL_chr5_5	AX-673459238	EHR_i	EHR	Reproduction	5	17169254	17119254	17219254	1	FarmCPU	TMOL_1.1433.1	intron_variant	-	Gustatory receptor for sugar taste 64f	Gustatory receptor	IPR009318 (Trehalose receptor)
EHR_i_QTL_chr5_5	AX-673944407	EHR_i	EHR	Reproduction	5	17169698	17119698	17219698	1	FarmCPU	TMOL_1.1433.1	intron_variant	-	Gustatory receptor for sugar taste 64f	Gustatory receptor	IPR009318 (Trehalose receptor)
EHR_i_QTL_chr5_5	AX-674194656	EHR_i	EHR	Reproduction	5	17170574	17120574	17220574	1	FarmCPU	TMOL_1.1433.1	intron_variant	-	Gustatory receptor for sugar taste 64f	Gustatory receptor	IPR009318 (Trehalose receptor)
EHR_i_QTL_chr5_5	AX-678002375	EHR_i	EHR	Reproduction	5	17170754	17120754	17220754	1	FarmCPU	TMOL_1.1433.1	intron_variant	-	Gustatory receptor for sugar taste 64f	Gustatory receptor	IPR009318 (Trehalose receptor)
EHR_i_QTL_chr5_5	AX-676721199	EHR_i	EHR	Reproduction	5	17179677	17129677	17229677	1	FarmCPU	TMOL_1.1435.1	missense_variant	p.Phe473Ser	Gustatory receptor for sugar taste 64f	Gustatory receptor	IPR009318 (Trehalose receptor)
EHR_i_QTL_chr5_5	AX-676511119	EHR_i	EHR	Reproduction	5	17179910	17129910	17229910	1	FarmCPU	TMOL_1.1435.1	intron_variant	-	Gustatory receptor for sugar taste 64f	Gustatory receptor	IPR009318 (Trehalose receptor)
EHR_i_QTL_chr5_5	AX-676994009	EHR_i	EHR	Reproduction	5	17249638	17199638	17299638	1	MLM	TMOL_1.1441.1	intron_variant	-	RE30129p	Ras-like protein 3	IPR001806 (Ras family); IPR005225 (small_GTP: small GTP-binding protein domain); IPR027417
EHR_i_QTL_chr5_5	AX-675376260	EHR_i	EHR	Reproduction	5	17250826	17200826	17300826	1	MLM	TMOL_1.1441.1	intron_variant	-	RE30129p	Ras-like protein 3	IPR001806 (Ras family); IPR005225 (small_GTP: small GTP-binding protein domain); IPR027417
EHR_i_QTL_chr5_6	AX-675835745	EHR_i	EHR	Reproduction	5	18143401	18093401	18193401	1	MLM	TMOL_1.1522.1	intron_variant	-	MYND-type zinc finger-containing chromatin reader Zmynd8	Zinc finger MYND domain-containing protein 11-like Protein	IPR047268 (PWWP_BS69); IPR000313 (PWWP domain); IPR001487 (Bromodomain); IPR002893 (Zinc finger MYND-type profile.); IPR047269
EHR_i_QTL_chr5_7	AX-676453441	EHR_i	EHR	Reproduction	5	19559693	19509693	19609693	1	MLM	TMOL_1.1680.1	intron_variant	-	Uncharacterized protein, isoform E	PH domain-containing protein	IPR001849 (PH domain); IPR037370; IPR011993
EHR_i_QTL_chr5_7	AX-676578340	EHR_i	EHR	Reproduction	5	19559965	19509965	19609965	1	MLM	TMOL_1.1680.1	intron_variant	-	Uncharacterized protein, isoform E	PH domain-containing protein	IPR001849 (PH domain); IPR037370; IPR011993
EHR_i_QTL_chr5_7	AX-678172354	EHR_i	EHR	Reproduction	5	19562980	19512980	19612980	1	MLM	TMOL_1.1680.1	intron_variant	-	Uncharacterized protein, isoform E	PH domain-containing protein	IPR001849 (PH domain); IPR037370; IPR011993
EHR_i_QTL_chr5_8	AX-674703188	EHR_i	EHR	Reproduction	5	20976908	20926908	21026908	1	MLM	TMOL_1.1817.1	intron_variant	-	Uncharacterized protein, isoform E	Cyclic nucleotide-gated cation channel subunit A-like Protein	IPR000595 (CAP_ED); IPR005821 (Ion transport protein); IPR018488 (Cyclic nucleotide-binding domain signature 1.); IPR018490; IPR014710
EHR_i_QTL_chr5_8	AX-673798616	EHR_i	EHR	Reproduction	5	20977008	20927008	21027008	1	MLM	TMOL_1.1817.1	intron_variant	-	Uncharacterized protein, isoform E	Cyclic nucleotide-gated cation channel subunit A-like Protein	IPR000595 (CAP_ED); IPR005821 (Ion transport protein); IPR018488 (Cyclic nucleotide-binding domain signature 1.); IPR018490; IPR014710
EHR_i_QTL_chr5_8	AX-676831575	EHR_i	EHR	Reproduction	5	20979983	20929983	21029983	1	MLM	TMOL_1.1817.1	intron_variant	-	Uncharacterized protein, isoform E	Cyclic nucleotide-gated cation channel subunit A-like Protein	IPR000595 (CAP_ED); IPR005821 (Ion transport protein); IPR018488 (Cyclic nucleotide-binding domain signature 1.); IPR018490; IPR014710
EHR_i_QTL_chr5_8	AX-675440638	EHR_i	EHR	Reproduction	5	20980587	20930587	21030587	1	MLM	TMOL_1.1817.1	intron_variant	-	Uncharacterized protein, isoform E	Cyclic nucleotide-gated cation channel subunit A-like Protein	IPR000595 (CAP_ED); IPR005821 (Ion transport protein); IPR018488 (Cyclic nucleotide-binding domain signature 1.); IPR018490; IPR014710
EHR_i_QTL_chr5_9	AX-675595576	EHR_i	EHR	Reproduction	5	21613301	21563301	21663301	1	MLM	TMOL_1.1880.1	intron_variant	-	T-box protein H15	T-box protein H15-like Protein	IPR046360 (T-box); IPR018186 (T-box domain signature 1.); IPR001699; IPR036960; IPR008967
EHR_i_QTL_chr5_9	AX-677638326	EHR_i	EHR	Reproduction	5	21622840	21572840	21672840	1	MLM	TMOL_1.1880.1	intron_variant	-	T-box protein H15	T-box protein H15-like Protein	IPR046360 (T-box); IPR018186 (T-box domain signature 1.); IPR001699; IPR036960; IPR008967
EHR_i_QTL_chr5_9	AX-677068592	EHR_i	EHR	Reproduction	5	21639870	21589870	21689870	1	MLM	TMOL_1.1880.1	intron_variant	-	T-box protein H15	T-box protein H15-like Protein	IPR046360 (T-box); IPR018186 (T-box domain signature 1.); IPR001699; IPR036960; IPR008967
EHR_i_QTL_chr5_9	AX-676543111	EHR_i	EHR	Reproduction	5	21639925	21589925	21689925	1	MLM	TMOL_1.1880.1	intron_variant	-	T-box protein H15	T-box protein H15-like Protein	IPR046360 (T-box); IPR018186 (T-box domain signature 1.); IPR001699; IPR036960; IPR008967
EHR_i_QTL_chr5_9	AX-674598343	EHR_i	EHR	Reproduction	5	21675504	21625504	21725504	1	MLM	TMOL_1.1881.1	missense_variant	p.Gly43Arg	RE08173p	Annulin-like Protein	IPR001102 (Transglutaminase family); IPR002931 (Transglutaminase-like superfamily); IPR008958 (Transglutaminase family / C-terminal ig like domain); IPR023608; IPR036985
EHR_i_QTL_chr5_9	AX-674391086	EHR_i	EHR	Reproduction	5	21675833	21625833	21725833	1	MLM	TMOL_1.1881.1	intron_variant	-	RE08173p	Annulin-like Protein	IPR001102 (Transglutaminase family); IPR002931 (Transglutaminase-like superfamily); IPR008958 (Transglutaminase family / C-terminal ig like domain); IPR023608; IPR036985
EHR_i_QTL_chr5_9	AX-678816702	EHR_i	EHR	Reproduction	5	21676233	21626233	21726233	1	MLM	TMOL_1.1881.1	intron_variant	-	RE08173p	Annulin-like Protein	IPR001102 (Transglutaminase family); IPR002931 (Transglutaminase-like superfamily); IPR008958 (Transglutaminase family / C-terminal ig like domain); IPR023608; IPR036985
EHR_i_QTL_chr5_9	AX-675817664	EHR_i	EHR	Reproduction	5	21676270	21626270	21726270	1	MLM	TMOL_1.1881.1	intron_variant	-	RE08173p	Annulin-like Protein	IPR001102 (Transglutaminase family); IPR002931 (Transglutaminase-like superfamily); IPR008958 (Transglutaminase family / C-terminal ig like domain); IPR023608; IPR036985
EHR_i_QTL_chr5_9	AX-676901494	EHR_i	EHR	Reproduction	5	21684902	21634902	21734902	2	MLM, MLMM	TMOL_1.1882.1	missense_variant	p.Thr134Ala	RE08173p	Hemocyte protein-glutamine gamma-glutamyltransferase-like Protein	IPR001102 (Transglutaminase family); IPR002931 (Transglutaminase-like superfamily); IPR008958 (Transglutaminase family / C-terminal ig like domain); IPR013808 (Transglutaminases active site.); IPR023608
EHR_i_QTL_chr5_9	AX-673491315	EHR_i	EHR	Reproduction	5	21686666	21636666	21736666	1	MLM	TMOL_1.1882.1	upstream_gene_variant	-	RE08173p	Hemocyte protein-glutamine gamma-glutamyltransferase-like Protein	IPR001102 (Transglutaminase family); IPR002931 (Transglutaminase-like superfamily); IPR008958 (Transglutaminase family / C-terminal ig like domain); IPR013808 (Transglutaminases active site.); IPR023608
EHR_i_QTL_chr5_9	AX-673457744	EHR_i	EHR	Reproduction	5	21718224	21668224	21768224	1	MLM	TMOL_1.1891.1	intron_variant	-	RE22905p	ZP domain-containing protein	IPR003961 (FN3); IPR013783
EHR_i_QTL_chr5_9	AX-673916124	EHR_i	EHR	Reproduction	5	21736100	21686100	21786100	1	MLM	TMOL_1.1893.1	unknown	-	Smog, isoform D	Putative G-protein coupled receptor CG31760-like Protein	IPR017978 (7 transmembrane sweet-taste receptor of 3 GCPR); IPR043458
EHR_i_QTL_chr5_9	AX-678142272	EHR_i	EHR	Reproduction	5	21788987	21738987	21838987	1	MLM	TMOL_1.1896.1	unknown	-	Homeotic protein spalt-major	Spalt	IPR013087 (Zinc finger / C2H2 type); IPR036236
EHR_i_QTL_chr5_9	AX-677979457	EHR_i	EHR	Reproduction	5	21791031	21741031	21841031	1	MLM	TMOL_1.1896.1	unknown	-	Homeotic protein spalt-major	Spalt	IPR013087 (Zinc finger / C2H2 type); IPR036236
EHR_i_QTL_chr5_9	AX-678353266	EHR_i	EHR	Reproduction	5	21794168	21744168	21844168	1	MLM	TMOL_1.1896.1	unknown	-	Homeotic protein spalt-major	Spalt	IPR013087 (Zinc finger / C2H2 type); IPR036236
EHR_i_QTL_chr5_9	AX-675475481	EHR_i	EHR	Reproduction	5	21796156	21746156	21846156	1	MLM	TMOL_1.1896.1	unknown	-	Homeotic protein spalt-major	Spalt	IPR013087 (Zinc finger / C2H2 type); IPR036236
EHR_i_QTL_chr5_9	AX-676554366	EHR_i	EHR	Reproduction	5	21799945	21749945	21849945	1	MLM	TMOL_1.1896.1	intron_variant	-	Homeotic protein spalt-major	Spalt	IPR013087 (Zinc finger / C2H2 type); IPR036236
EHR_i_QTL_chr5_9	AX-676114818	EHR_i	EHR	Reproduction	5	21802076	21752076	21852076	1	MLM	TMOL_1.1896.1	unknown	-	Homeotic protein spalt-major	Spalt	IPR013087 (Zinc finger / C2H2 type); IPR036236
EHR_i_QTL_chr5_9	AX-676516007	EHR_i	EHR	Reproduction	5	21802370	21752370	21852370	1	MLM	TMOL_1.1896.1	unknown	-	Homeotic protein spalt-major	Spalt	IPR013087 (Zinc finger / C2H2 type); IPR036236
EHR_i_QTL_chr5_9	AX-673375162	EHR_i	EHR	Reproduction	5	21802710	21752710	21852710	1	MLM	TMOL_1.1896.1	unknown	-	Homeotic protein spalt-major	Spalt	IPR013087 (Zinc finger / C2H2 type); IPR036236
EHR_i_QTL_chr5_9	AX-675813220	EHR_i	EHR	Reproduction	5	21808844	21758844	21858844	1	MLM	TMOL_1.1896.1	intron_variant	-	Homeotic protein spalt-major	Spalt	IPR013087 (Zinc finger / C2H2 type); IPR036236
EHR_i_QTL_chr5_9	AX-675099240	EHR_i	EHR	Reproduction	5	21810185	21760185	21860185	1	MLM	TMOL_1.1896.1	unknown	-	Homeotic protein spalt-major	Spalt	IPR013087 (Zinc finger / C2H2 type); IPR036236
EHR_i_QTL_chr5_9	AX-676132119	EHR_i	EHR	Reproduction	5	21811284	21761284	21861284	1	MLM	TMOL_1.1896.1	unknown	-	Homeotic protein spalt-major	Spalt	IPR013087 (Zinc finger / C2H2 type); IPR036236
EHR_i_QTL_chr5_9	AX-678434408	EHR_i	EHR	Reproduction	5	21811426	21761426	21861426	1	MLM	TMOL_1.1896.1	intron_variant	-	Homeotic protein spalt-major	Spalt	IPR013087 (Zinc finger / C2H2 type); IPR036236
EHR_i_QTL_chr5_9	AX-674490840	EHR_i	EHR	Reproduction	5	21817062	21767062	21867062	1	MLM	TMOL_1.1896.1	unknown	-	Homeotic protein spalt-major	Spalt	IPR013087 (Zinc finger / C2H2 type); IPR036236
EHR_i_QTL_chr5_10	AX-673840464	EHR_i	EHR	Reproduction	5	22750206	22700206	22800206	1	MLM	TMOL_1.1974.1	intron_variant	-	MOXD1 homolog 2	MOXD1 homolog 2-like Protein	IPR045266 (DOMON_DOH); IPR024548 (Copper type II ascorbate-dependent monooxygenase / C-terminal domain); IPR000323 (Copper type II ascorbate-dependent monooxygenase / N-terminal domain); IPR028460 (Dopamine-beta-monooxygenase signature); IPR005018 (DOMON domain profile.)
EHR_i_QTL_chr5_10	AX-677250329	EHR_i	EHR	Reproduction	5	22755435	22705435	22805435	1	MLM	TMOL_1.1974.1	intron_variant	-	MOXD1 homolog 2	MOXD1 homolog 2-like Protein	IPR045266 (DOMON_DOH); IPR024548 (Copper type II ascorbate-dependent monooxygenase / C-terminal domain); IPR000323 (Copper type II ascorbate-dependent monooxygenase / N-terminal domain); IPR028460 (Dopamine-beta-monooxygenase signature); IPR005018 (DOMON domain profile.)
EHR_i_QTL_chr5_10	AX-675870413	EHR_i	EHR	Reproduction	5	22756536	22706536	22806536	1	MLM	TMOL_1.1974.1	intron_variant	-	MOXD1 homolog 2	MOXD1 homolog 2-like Protein	IPR045266 (DOMON_DOH); IPR024548 (Copper type II ascorbate-dependent monooxygenase / C-terminal domain); IPR000323 (Copper type II ascorbate-dependent monooxygenase / N-terminal domain); IPR028460 (Dopamine-beta-monooxygenase signature); IPR005018 (DOMON domain profile.)
EHR_i_QTL_chr5_11	AX-677509740	EHR_i	EHR	Reproduction	5	22981638	22931638	23031638	1	MLM	TMOL_1.1992.1, TMOL_1.1991.1	upstream_gene_variant, intergenic_region	-, -	-, Hyperkinetic, isoform M	-, Voltage-gated potassium channel subunit beta-2-like Protein	-, IPR005983 (Kv_beta: voltage-dependent potassium channel beta subunit); IPR023210 (Aldo/keto reductase family); IPR005399 (KCNAB voltage-gated K+ channel beta subunit family signature); IPR036812
EHR_i_QTL_chr5_11	AX-675852748	EHR_i	EHR	Reproduction	5	23053651	23003651	23103651	1	MLM	TMOL_1.2002.1	missense_variant	p.Ser933Cys	Protein partner of snf, isoform B	Death-inducer obliterator 1	IPR003618 (Transcription factor S-II (TFIIS) / central domain); IPR012921 (SPOC domain); IPR006576 (BRK domain); IPR019787 (PHD-finger); IPR019786 (Zinc finger PHD-type signature.)
EHR_i_QTL_chr5_12	AX-673939561	EHR_i	EHR	Reproduction	5	23180582	23130582	23230582	1	MLM	TMOL_1.2011.1	intron_variant	-	GH28601p	C-type lectin domain-containing protein	IPR001304 (Lectin C-type domain); IPR016187; IPR016186
EHR_i_QTL_chr5_12	AX-673509751	EHR_i	EHR	Reproduction	5	23184884	23134884	23234884	1	MLM	TMOL_1.2011.1	intron_variant	-	GH28601p	C-type lectin domain-containing protein	IPR001304 (Lectin C-type domain); IPR016187; IPR016186
EHR_i_QTL_chr5_12	AX-676611319	EHR_i	EHR	Reproduction	5	23184919	23134919	23234919	1	MLM	TMOL_1.2011.1	intron_variant	-	GH28601p	C-type lectin domain-containing protein	IPR001304 (Lectin C-type domain); IPR016187; IPR016186
EHR_i_QTL_chr5_12	AX-677931558	EHR_i	EHR	Reproduction	5	23232683	23182683	23282683	1	MLM	TMOL_1.2014.1	intron_variant	-	MIP26555p1	Alpha-tocopherol transfer protein-like Protein	IPR001251 (SEC14); IPR036865; IPR036273; IPR011074
EHR_i_QTL_chr5_12	AX-677954832	EHR_i	EHR	Reproduction	5	23296829	23246829	23346829	1	MLM	TMOL_1.2021.1	missense_variant	p.Ala968Ser	FI20146p1	Putative multidrug resistance-associated protein lethal(2)03659-like Protein	IPR044726 (ABC_6TM_ABCC_D2); IPR003439 (ABC transporter); IPR011527 (ABC transporter transmembrane region); IPR017871 (ABC transporters family signature.); IPR027417
EHR_i_QTL_chr5_12	AX-676445872	EHR_i	EHR	Reproduction	5	23308291	23258291	23358291	1	MLM	TMOL_1.2022.1	missense_variant	p.Thr474Pro	Putative sodium-dependent multivitamin transporter	Sodium-dependent multivitamin transporter-like Protein	IPR001734 (sss: transporter / solute:sodium symporter (SSS) family); IPR038377
EHR_i_QTL_chr5_12	AX-677264908	EHR_i	EHR	Reproduction	5	23310032	23260032	23360032	1	MLM	TMOL_1.2022.1	intron_variant	-	Putative sodium-dependent multivitamin transporter	Sodium-dependent multivitamin transporter-like Protein	IPR001734 (sss: transporter / solute:sodium symporter (SSS) family); IPR038377
EHR_i_QTL_chr5_12	AX-676169729	EHR_i	EHR	Reproduction	5	23314216	23264216	23364216	1	MLM	TMOL_1.2023.1	missense_variant	p.Phe191Val	-	PEHE domain-containing protein	IPR029332 (PEHE domain); IPR026711
EHR_i_QTL_chr5_12	AX-677057711	EHR_i	EHR	Reproduction	5	23398865	23348865	23448865	1	MLM	TMOL_1.2033.1	downstream_gene_variant	-	Frizzled	Frizzled	IPR000539 (Frizzled/Smoothened family membrane region); IPR020067 (Fz domain); IPR017981 (G-protein coupled receptors family 2 profile 2.); IPR015526; IPR036790
EHR_i_QTL_chr5_12	AX-674766252	EHR_i	EHR	Reproduction	5	23448371	23398371	23498371	1	MLM	TMOL_1.2043.1	intron_variant	-	Adenylate kinase 1, isoform B	Adenylate kinase isoenzyme 1-like Protein	IPR000850 (ADK); IPR033690 (Adenylate kinase signature.); IPR027417
EHR_i_QTL_chr5_12	AX-676664108	EHR_i	EHR	Reproduction	5	23475100	23425100	23525100	1	MLM	TMOL_1.2046.1	missense_variant	p.Trp27Arg	-	Vitellogenin domain-containing protein	IPR001747 (Lipoprotein amino terminal region); IPR011030; IPR015816; IPR015819
EHR_i_QTL_chr5_12	AX-677024287	EHR_i	EHR	Reproduction	5	23536206	23486206	23586206	1	MLM	TMOL_1.2049.1	intergenic_region	-	-	Protein NPC2 homolog-like Protein	IPR003172 (ML domain); IPR014756; IPR039670
EHR_i_QTL_chr5_12	AX-676579375	EHR_i	EHR	Reproduction	5	23614452	23564452	23664452	1	MLM	TMOL_1.2049.1	intergenic_region	-	-	Protein NPC2 homolog-like Protein	IPR003172 (ML domain); IPR014756; IPR039670
EHR_i_QTL_chr5_12	AX-676597392	EHR_i	EHR	Reproduction	5	23617890	23567890	23667890	1	MLM	TMOL_1.2049.1	intergenic_region	-	-	Protein NPC2 homolog-like Protein	IPR003172 (ML domain); IPR014756; IPR039670
EHR_i_QTL_chr5_12	AX-675401997	EHR_i	EHR	Reproduction	5	23620132	23570132	23670132	1	MLM	TMOL_1.2049.1	intergenic_region	-	-	Protein NPC2 homolog-like Protein	IPR003172 (ML domain); IPR014756; IPR039670
EHR_i_QTL_chr5_12	AX-676692681	EHR_i	EHR	Reproduction	5	23620634	23570634	23670634	1	MLM	TMOL_1.2049.1	intergenic_region	-	-	Protein NPC2 homolog-like Protein	IPR003172 (ML domain); IPR014756; IPR039670
EHR_i_QTL_chr5_12	AX-677294113	EHR_i	EHR	Reproduction	5	23622269	23572269	23672269	1	MLM	TMOL_1.2049.1	intergenic_region	-	-	Protein NPC2 homolog-like Protein	IPR003172 (ML domain); IPR014756; IPR039670
EHR_i_QTL_chr5_12	AX-673510178	EHR_i	EHR	Reproduction	5	23622632	23572632	23672632	1	MLM	TMOL_1.2049.1	intergenic_region	-	-	Protein NPC2 homolog-like Protein	IPR003172 (ML domain); IPR014756; IPR039670
EHR_i_QTL_chr5_12	AX-676852459	EHR_i	EHR	Reproduction	5	23624106	23574106	23674106	1	MLM	TMOL_1.2049.1	intergenic_region	-	-	Protein NPC2 homolog-like Protein	IPR003172 (ML domain); IPR014756; IPR039670
EHR_i_QTL_chr5_12	AX-677344305	EHR_i	EHR	Reproduction	5	23631052	23581052	23681052	1	MLM	TMOL_1.2049.1	intergenic_region	-	-	Protein NPC2 homolog-like Protein	IPR003172 (ML domain); IPR014756; IPR039670
EHR_i_QTL_chr5_12	AX-675928125	EHR_i	EHR	Reproduction	5	23632585	23582585	23682585	1	MLM	TMOL_1.2049.1	intergenic_region	-	-	Protein NPC2 homolog-like Protein	IPR003172 (ML domain); IPR014756; IPR039670
EHR_i_QTL_chr5_12	AX-676216738	EHR_i	EHR	Reproduction	5	23639080	23589080	23689080	1	MLM	TMOL_1.2049.1	intergenic_region	-	-	Protein NPC2 homolog-like Protein	IPR003172 (ML domain); IPR014756; IPR039670
EHR_i_QTL_chr5_12	AX-677344973	EHR_i	EHR	Reproduction	5	23647601	23597601	23697601	1	MLM	TMOL_1.2049.1	intergenic_region	-	-	Protein NPC2 homolog-like Protein	IPR003172 (ML domain); IPR014756; IPR039670
EHR_i_QTL_chr5_12	AX-677277830	EHR_i	EHR	Reproduction	5	23647783	23597783	23697783	1	MLM	TMOL_1.2049.1	intergenic_region	-	-	Protein NPC2 homolog-like Protein	IPR003172 (ML domain); IPR014756; IPR039670
EHR_i_QTL_chr5_12	AX-674885102	EHR_i	EHR	Reproduction	5	23647792	23597792	23697792	1	MLM	TMOL_1.2049.1	intergenic_region	-	-	Protein NPC2 homolog-like Protein	IPR003172 (ML domain); IPR014756; IPR039670
EHR_i_QTL_chr5_12	AX-674424305	EHR_i	EHR	Reproduction	5	23647840	23597840	23697840	1	MLM	TMOL_1.2049.1	intergenic_region	-	-	Protein NPC2 homolog-like Protein	IPR003172 (ML domain); IPR014756; IPR039670
EHR_i_QTL_chr6_1	AX-673664015	EHR_i	EHR	Reproduction	6	2695284	2645284	2745284	2	MLM, ssGBLUP	TMOL_4.307.1	intergenic_region	-	LD44813p	RWD domain-containing protein	IPR006575 (RWD domain); IPR016135
EHR_i_QTL_chr7_1	AX-676343201	EHR_i	EHR	Reproduction	7	9161374	9111374	9211374	1	FarmCPU	TMOL_1.3145.1	intron_variant	-	Protein couch potato	Protein couch potato-like Protein	IPR034788 (RRM_cpo); IPR000504 (RNA recognition motif. (a.k.a. RRM / RBD / or RNP domain)); IPR012677; IPR035979
EHR_i_QTL_chr7_1	AX-675217567	EHR_i	EHR	Reproduction	7	9161406	9111406	9211406	1	FarmCPU	TMOL_1.3145.1	intron_variant	-	Protein couch potato	Protein couch potato-like Protein	IPR034788 (RRM_cpo); IPR000504 (RNA recognition motif. (a.k.a. RRM / RBD / or RNP domain)); IPR012677; IPR035979
EHR_i_QTL_chr8_1	AX-681099452	EHR_i	EHR	Reproduction	8	15501993	15451993	15551993	2	MLM, ssGBLUP	TMOL_12.334.1	missense_variant	p.Arg9His	Collagen alpha chain CG42342	Uncharacterized protein	IPR008160 (Collagen triple helix repeat (20 copies))
EHR_i_QTL_chr8_1	AX-681201124	EHR_i	EHR	Reproduction	8	15502807	15452807	15552807	2	MLM, ssGBLUP	TMOL_12.334.1	intron_variant	-	Collagen alpha chain CG42342	Uncharacterized protein	IPR008160 (Collagen triple helix repeat (20 copies))
EHR_i_QTL_chr8_2	AX-681072683	EHR_i	EHR	Reproduction	8	15922897	15872897	15972897	1	ssGBLUP	TMOL_12.388.1	intron_variant	-	PH and SEC7 domain-containing protein	PH and SEC7 domain-containing protein 3-like Protein	IPR000904 (Sec7); IPR041681 (Pleckstrin homology domain); IPR001478 (PDZ domain); IPR001605 (Spectrin pleckstrin homology domain signature); IPR001849 (PH domain profile.)
EHR_i_QTL_chr8_3	AX-681115408	EHR_i	EHR	Reproduction	8	16048055	15998055	16098055	2	MLM, ssGBLUP	TMOL_12.399.1, TMOL_12.400.1	intron_variant, intron_variant	-, -	-, Mannosyl-oligosaccharide alpha-1,2-mannosidase IA	-, alpha-1,2-Mannosidase	-, IPR001382 (Glycosyl hydrolase family 47); IPR012341; IPR036026
EHR_i_QTL_chr8_3	AX-681153753	EHR_i	EHR	Reproduction	8	16049591	15999591	16099591	2	MLM, ssGBLUP	TMOL_12.399.1, TMOL_12.400.1	intron_variant, intron_variant	-, -	-, Mannosyl-oligosaccharide alpha-1,2-mannosidase IA	-, alpha-1,2-Mannosidase	-, IPR001382 (Glycosyl hydrolase family 47); IPR012341; IPR036026
EHR_i_QTL_chr8_3	AX-681193042	EHR_i	EHR	Reproduction	8	16052095	16002095	16102095	1	MLM	TMOL_12.399.1, TMOL_12.400.1	intron_variant, intron_variant	-, -	-, Mannosyl-oligosaccharide alpha-1,2-mannosidase IA	-, alpha-1,2-Mannosidase	-, IPR001382 (Glycosyl hydrolase family 47); IPR012341; IPR036026
EHR_i_QTL_chr8_4	AX-681198899	EHR_i	EHR	Reproduction	8	16674548	16624548	16724548	1	ssGBLUP	TMOL_12.465.1	intron_variant	-	Sphingomyelin phosphodiesterase	Sphingomyelin phosphodiesterase	IPR041805 (MPP_ASMase); IPR004843 (Calcineurin-like phosphoesterase); IPR045473 (Acid sphingomyelin phosphodiesterase C-terminal region); IPR008139 (Saposin B type domain profile.); IPR011160
EHR_i_QTL_chr8_4	AX-681035628	EHR_i	EHR	Reproduction	8	16675534	16625534	16725534	1	ssGBLUP	TMOL_12.465.1	intron_variant	-	Sphingomyelin phosphodiesterase	Sphingomyelin phosphodiesterase	IPR041805 (MPP_ASMase); IPR004843 (Calcineurin-like phosphoesterase); IPR045473 (Acid sphingomyelin phosphodiesterase C-terminal region); IPR008139 (Saposin B type domain profile.); IPR011160
EHR_i_QTL_chr8_4	AX-681035348	EHR_i	EHR	Reproduction	8	16700160	16650160	16750160	1	ssGBLUP	TMOL_12.469.1	unknown	-	Mediator of RNA polymerase II transcription subunit 14	Mediator of RNA polymerase II transcription subunit 14	IPR013947 (Mediator complex subunit MED14)
EHR_i_QTL_chr8_5	AX-681166815	EHR_i	EHR	Reproduction	8	16885331	16835331	16935331	5	MLM, MLMM, BLINK, FarmCPU, ssGBLUP	TMOL_12.478.1	intron_variant	-	Tusp, isoform F	Tubby C-terminal domain-containing protein	IPR000007 (Tub family); IPR001680 (Trp-Asp (WD) repeats profile.); IPR001496 (SOCS box domain profile.); IPR025659; IPR036322
EHR_i_QTL_chr8_5	AX-681144307	EHR_i	EHR	Reproduction	8	16886237	16836237	16936237	4	MLM, BLINK, FarmCPU, ssGBLUP	TMOL_12.478.1	intron_variant	-	Tusp, isoform F	Tubby C-terminal domain-containing protein	IPR000007 (Tub family); IPR001680 (Trp-Asp (WD) repeats profile.); IPR001496 (SOCS box domain profile.); IPR025659; IPR036322
EHR_i_QTL_chr8_6	AX-681252370	EHR_i	EHR	Reproduction	8	17845101	17795101	17895101	1	ssGBLUP	TMOL_12.579.1	intron_variant	-	Cdc42-interacting protein 4, isoform B	Formin-binding protein 1-like protein	IPR001060 (Fes/CIP4 / and EFC/F-BAR homology domain); IPR001452 (SH3 domain); IPR011072 (REM-1 domain profile.); IPR031160 (F-BAR domain profile.); IPR027267
EHR_i_QTL_chr8_6	AX-681197703	EHR_i	EHR	Reproduction	8	17879757	17829757	17929757	1	ssGBLUP	TMOL_12.579.1	intron_variant	-	Cdc42-interacting protein 4, isoform B	Formin-binding protein 1-like protein	IPR001060 (Fes/CIP4 / and EFC/F-BAR homology domain); IPR001452 (SH3 domain); IPR011072 (REM-1 domain profile.); IPR031160 (F-BAR domain profile.); IPR027267
EHR_i_QTL_chr8_6	AX-681160256	EHR_i	EHR	Reproduction	8	17947197	17897197	17997197	1	ssGBLUP	TMOL_12.583.1	missense_variant	p.Gly705Val	Nuclear hormone receptor FTZ-F1 beta	Hormone receptor in 39-like protein	IPR000536 (Ligand-binding domain of nuclear hormone receptor); IPR001628 (Zinc finger / C4 type (two domains)); IPR001723 (Steroid hormone receptor signature); IPR016355; IPR035500
EHR_i_QTL_chr8_7	AX-681186005	EHR_i	EHR	Reproduction	8	18582823	18532823	18632823	2	MLM, ssGBLUP	TMOL_12.647.1	stop_gained	p.Leu291*	UDP-glucuronosyltransferase	Uncharacterized protein (Fragment)	IPR002213 (UDP-glucoronosyl and UDP-glucosyl transferase); IPR035595 (UDP-glycosyltransferases signature.)
EHR_i_QTL_chr8_8	AX-681035330	EHR_i	EHR	Reproduction	8	18721483	18671483	18771483	1	ssGBLUP	TMOL_12.657.1	intron_variant	-	Uncharacterized protein, isoform A	Iporin	IPR004012 (RUN domain); IPR001452 (Src homology 3 (SH3) domain profile.); IPR047343; IPR037213; IPR036028
EHR_i_QTL_chr9_1	AX-678747200	EHR_i	EHR	Reproduction	9	16411453	16361453	16461453	1	ssGBLUP	TMOL_7.64.1	intron_variant	-	Dual 3',5'-cyclic-AMP and -GMP phosphodiesterase 11	Phosphodiesterase	IPR002073 (3'5'-cyclic nucleotide phosphodiesterase); IPR023088 (3'5'-cyclic nucleotide phosphodiesterase signature); IPR003018 (GAF domain); IPR003607 (HDc); IPR023174 (3'5'-cyclic nucleotide phosphodiesterase domain signature.)
IMM21_QTL_chr1_1	AX-674013430	IMM21	IMM21	Growth	1	31572674	31522674	31622674	1	BLINK	TMOL_5.1082.1	synonymous_variant	-	FI02004p	Tetratricopeptide repeat protein 27-like Protein	IPR019734 (Tetratricopeptide repeat); IPR044244; IPR011990
IMM21_QTL_chr1_1	AX-674487900	IMM21	IMM21	Growth	1	31573827	31523827	31623827	1	BLINK	TMOL_5.1080.1	missense_variant	p.Cys63Tyr	COP9 signalosome complex subunit 3	COP9 signalosome complex subunit 3-like Protein	IPR000717 (PCI domain); IPR036390
IMM21_QTL_chr1_2	AX-673593378	IMM21	IMM21	Growth	1	38434363	38384363	38484363	1	MLM	TMOL_5.751.1	unknown	-	Krueppel-like factor luna	C2H2-type domain-containing protein	IPR013087 (Zinc finger / C2H2 type); IPR036236
IMM21_QTL_chr1_3	AX-675211072	IMM21	IMM21	Growth	1	41547786	41497786	41597786	1	MLM	TMOL_5.545.1	synonymous_variant	-	-	Cohesin subunit SA-1-like Protein	IPR013721 (STAG domain); IPR039662; IPR016024
IMM21_QTL_chr10_1	AX-674328360	IMM21	IMM21	Growth	10	7695409	7645409	7745409	1	MLM	Intergenic	upstream_gene_variant	-	-	-	-
IMM21_QTL_chr10_2	AX-675544533	IMM21	IMM21	Growth	10	10564953	10514953	10614953	1	MLM	Intergenic	intron_variant	-	-	-	-
IMM21_QTL_chr2_1	AX-673459139	IMM21	IMM21	Growth	2	9447056	9397056	9497056	1	MLM	TMOL_2.1083.1	unknown	-	Rad, Gem/Kir family member 1, isoform B	Uncharacterized protein	IPR001806 (Ras family); IPR021349 (Protein of unknown function (DUF2967)); IPR027417
IMM21_QTL_chr2_2	AX-678594415	IMM21	IMM21	Growth	2	10942218	10892218	10992218	1	MLM	TMOL_2.1189.1	intron_variant	-	Uncharacterized protein, isoform B	E3 ubiquitin-protein ligase APD1-4 middle domain-containing protein	IPR032010 (Domain of unknown function (DUF4793)); IPR032008 (Domain of unknown function (DUF4792))
IMM21_QTL_chr5_1	AX-678568751	IMM21	IMM21	Growth	5	9512097	9462097	9562097	1	MLM	TMOL_1.714.1	synonymous_variant	-	-	CUB domain-containing protein	IPR000859 (CUB); IPR035914
IMM21_QTL_chr7_1	AX-678373154	IMM21	IMM21	Growth	7	7705403	7655403	7755403	1	MLM	TMOL_1.3045.1	unknown	-	FI21449p1	Nose resistant to fluoxetine protein 6-like Protein	IPR006621 (Nose resistant-to-fluoxetine protein / N-terminal domain); IPR002656 (Acyltransferase family)
IMM21_QTL_chr7_2	AX-678766976	IMM21	IMM21	Growth	7	10176097	10126097	10226097	1	MLM	TMOL_1.3218.1	unknown	-	LD27988p	Tyrosine-protein phosphatase non-receptor type 9-like Protein	IPR000242 (Protein-tyrosine phosphatase); IPR001251 (SEC14); IPR000387 (Tyrosine specific protein phosphatases domain profile.); IPR016130 (Tyrosine specific protein phosphatases active site.); IPR029021
IMM21_QTL_chr7_3	AX-675792110	IMM21	IMM21	Growth	7	18506524	18456524	18556524	1	MLM	TMOL_1.3948.1	missense_variant	p.Thr75Lys	Uncharacterized protein, isoform C	Vacuolar protein sorting-associated protein 62-like Protein	IPR009291 (Vacuolar protein sorting-associated protein 62)
IMM21_QTL_chr9_1	AX-674997598	IMM21	IMM21	Growth	9	10831297	10781297	10881297	1	MLM	TMOL_7.764.1	intron_variant	-	Helicase 89B, isoform B	TATA-binding protein-associated factor 172-like Protein	IPR044078 (DEXHc_Mot1); IPR022707 (Domain of unknown function (DUF3535)); IPR000330 (SNF2-related domain); IPR001650 (Helicase conserved C-terminal domain); IPR014001 (Superfamilies 1 and 2 helicase ATP-binding type-1 domain profile.)
IMM21_QTL_chr9_2	AX-675090422	IMM21	IMM21	Growth	9	11828551	11778551	11878551	1	BLINK	TMOL_7.618.1	missense_variant	p.Ser245Cys	-	-	IPR013087 (Zinc finger C2H2 type domain profile.); IPR036236
IMM21_QTL_chr9_3	AX-674000174	IMM21	IMM21	Growth	9	14069217	14019217	14119217	1	BLINK	TMOL_7.338.1	missense_variant	p.Ala1489Val	Uncharacterized protein, isoform O	Uncharacterized protein	-
IMM21_QTL_chr9_4	AX-681134352	IMM21	IMM21	Growth	9	18220242	18170242	18270242	1	BLINK	TMOL_16.142.1	intron_variant	-	Long-chain-fatty-acid--CoA ligase	Long-chain-fatty-acid--CoA ligase	IPR045311 (LC-FACS_euk); IPR000873 (AMP-binding enzyme); IPR020845 (Putative AMP-binding domain signature.); IPR042099
IMM35_QTL_chr1_1	AX-678710986	IMM35	IMM35	Growth	1	4529132	4479132	4579132	1	MLM	TMOL_3.1555.1	intron_variant	-	Tyrosine-protein phosphatase Lar	protein-tyrosine-phosphatase	IPR000242 (Protein-tyrosine phosphatase); IPR003961 (FN3); IPR013098 (Immunoglobulin I-set domain); IPR007110 (Ig-like domain profile.); IPR000387 (Tyrosine specific protein phosphatases domain profile.)
IMM35_QTL_chr1_2	AX-676920677	IMM35	IMM35	Growth	1	31743682	31693682	31793682	1	MLM	TMOL_5.1070.1	missense_variant	p.Thr1604Met	Fatty acid synthase 1, isoform C	Fatty acid synthase-like Protein	IPR020841 (Beta-ketoacyl synthase); IPR014043 (Acyl transferase domain); IPR014030 (Beta-ketoacyl synthase / N-terminal domain); IPR013968 (KR domain); IPR014031 (Beta-ketoacyl synthase / C-terminal domain)
IMM35_QTL_chr1_3	AX-673593378	IMM35	IMM35	Growth	1	38434363	38384363	38484363	1	MLM	TMOL_5.751.1	unknown	-	Krueppel-like factor luna	C2H2-type domain-containing protein	IPR013087 (Zinc finger / C2H2 type); IPR036236
IMM35_QTL_chr1_4	AX-675211072	IMM35	IMM35	Growth	1	41547786	41497786	41597786	1	MLM	TMOL_5.545.1	synonymous_variant	-	-	Cohesin subunit SA-1-like Protein	IPR013721 (STAG domain); IPR039662; IPR016024
IMM35_QTL_chr10_1	AX-674328360	IMM35	IMM35	Growth	10	7695409	7645409	7745409	1	MLM	Intergenic	upstream_gene_variant	-	-	-	-
IMM35_QTL_chr10_2	AX-675544533	IMM35	IMM35	Growth	10	10564953	10514953	10614953	1	MLM	Intergenic	intron_variant	-	-	-	-
IMM35_QTL_chr2_1	AX-673459139	IMM35	IMM35	Growth	2	9447056	9397056	9497056	1	MLM	TMOL_2.1083.1	unknown	-	Rad, Gem/Kir family member 1, isoform B	Uncharacterized protein	IPR001806 (Ras family); IPR021349 (Protein of unknown function (DUF2967)); IPR027417
IMM35_QTL_chr2_2	AX-678594415	IMM35	IMM35	Growth	2	10942218	10892218	10992218	1	MLM	TMOL_2.1189.1	intron_variant	-	Uncharacterized protein, isoform B	E3 ubiquitin-protein ligase APD1-4 middle domain-containing protein	IPR032010 (Domain of unknown function (DUF4793)); IPR032008 (Domain of unknown function (DUF4792))
IMM35_QTL_chr2_3	AX-673240640	IMM35	IMM35	Growth	2	24599354	24549354	24649354	1	MLM	TMOL_2.2180.1	intron_variant	-	G-protein coupled receptors family 1 profile domain-containing protein	G-protein coupled receptors family 1 profile domain-containing protein	IPR000276 (7 transmembrane receptor (rhodopsin family)); IPR017452 (G-protein coupled receptors family 1 profile.)
IMM35_QTL_chr3_1	AX-673926244	IMM35	IMM35	Growth	3	9576410	9526410	9626410	1	MLM	TMOL_6.867.1	intron_variant	-	Dumpy, isoform Q	Fibrillin-2-like Protein	IPR001881 (Calcium-binding EGF domain); IPR024731 (EGF domain); IPR000742 (EGF-like domain profile.); IPR001507 (ZP domain profile.); IPR000152 (Aspartic acid and asparagine hydroxylation site.)
IMM35_QTL_chr3_2	AX-678466448	IMM35	IMM35	Growth	3	23658243	23608243	23708243	1	MLM	TMOL_9.616.1	intron_variant	-	Echinoid, isoform A	Uncharacterized protein	IPR013098 (Immunoglobulin I-set domain); IPR003961 (FN3); IPR007110 (Immunoglobulin domain); IPR013106 (Immunoglobulin V-set domain); IPR036179
IMM35_QTL_chr5_1	AX-677968293	IMM35	IMM35	Growth	5	602465	552465	652465	1	MLM	TMOL_1.25.1	upstream_gene_variant	-	-	Chitin deacetylase 6	-
IMM35_QTL_chr5_2	AX-678568751	IMM35	IMM35	Growth	5	9512097	9462097	9562097	1	MLM	TMOL_1.714.1	synonymous_variant	-	-	CUB domain-containing protein	IPR000859 (CUB); IPR035914
IMM35_QTL_chr5_3	AX-673607926	IMM35	IMM35	Growth	5	9861791	9811791	9911791	1	MLM	TMOL_1.758.1	unknown	-	Dipeptidase	Dipeptidase	IPR008257 (rDP_like); IPR000180 (Renal dipeptidase active site.); IPR032466
IMM35_QTL_chr5_4	AX-674046465	IMM35	IMM35	Growth	5	13541179	13491179	13591179	1	MLM	TMOL_1.1071.1	intron_variant	-	Adenosylhomocysteinase	Adenosylhomocysteinase	IPR000043 (SAHH); IPR001863 (Glypican); IPR015878 (S-adenosyl-L-homocysteine hydrolase / NAD binding domain); IPR020082 (S-adenosyl-L-homocysteine hydrolase signature 2.); IPR042172
IMM35_QTL_chr5_5	AX-676916478	IMM35	IMM35	Growth	5	14496749	14446749	14546749	1	MLM	TMOL_1.1196.1, TMOL_1.1195.1	downstream_gene_variant, upstream_gene_variant	-, -	MIP34848p1, Regucalcin, isoform D	SMP-30/Gluconolactonase/LRE-like region domain-containing protein, SMP-30/Gluconolactonase/LRE-like region domain-containing protein	IPR013658 (SMP-30/Gluconolactonase/LRE-like region); IPR005511 (Senescence marker protein-30 (SMP30) family signature); IPR008367 (Regucalcin signature); IPR011042, IPR013658 (SMP-30/Gluconolactonase/LRE-like region); IPR005511 (Senescence marker protein-30 (SMP30) family signature); IPR011042
IMM35_QTL_chr5_6	AX-677974054	IMM35	IMM35	Growth	5	19408324	19358324	19458324	1	BLINK	TMOL_1.1662.1	missense_variant	p.Ser339Arg	-	Serine protease P146	IPR001254 (Tryp_SPc); IPR002172 (Low density lipoprotein (LDL) receptor signature); IPR017448 (Scavenger receptor cysteine-rich domain); IPR000082 (SEA domain); IPR001190 (SRCR domain profile.)
IMM35_QTL_chr5_6	AX-674961783	IMM35	IMM35	Growth	5	19422447	19372447	19472447	1	BLINK	TMOL_1.1662.1	intergenic_region	-	-	Serine protease P146	IPR001254 (Tryp_SPc); IPR002172 (Low density lipoprotein (LDL) receptor signature); IPR017448 (Scavenger receptor cysteine-rich domain); IPR000082 (SEA domain); IPR001190 (SRCR domain profile.)
IMM35_QTL_chr6_1	AX-674970633	IMM35	IMM35	Growth	6	3489181	3439181	3539181	1	MLM	TMOL_4.402.1	unknown	-	Kekkon 5, isoform A	Ig-like domain-containing protein	IPR013098 (Immunoglobulin I-set domain); IPR001611 (Leucine rich repeat); IPR007110 (Ig-like domain profile.); IPR032675; IPR013783
IMM35_QTL_chr6_2	AX-674084630	IMM35	IMM35	Growth	6	9996776	9946776	10046776	1	MLM	TMOL_4.1044.1	intron_variant	-	GH22493p	Eyegone	IPR001523 ('Paired box' domain); IPR001356 (Homeodomain); IPR017970 ('Homeobox' domain signature.); IPR043565; IPR036388
IMM35_QTL_chr7_1	AX-677661402	IMM35	IMM35	Growth	7	1995706	1945706	2045706	1	MLM	TMOL_1.2451.1	intron_variant	-	Neurogenic protein mastermind	Neurogenic mastermind-like N-terminal domain-containing protein	IPR019082 (MamL-1 domain); IPR046370
IMM35_QTL_chr7_2	AX-678541684	IMM35	IMM35	Growth	7	4342288	4292288	4392288	1	MLM	TMOL_1.2692.1	intron_variant	-	Canoe, isoform E	Uncharacterized protein	IPR019748 (FERM_B-lobe); IPR001478 (PDZ domain); IPR018980 (FERM C-terminal PH-like domain); IPR019749 (Band 4.1 protein family signature); IPR011019 (KIND domain profile.)
IMM35_QTL_chr7_3	AX-674186754	IMM35	IMM35	Growth	7	5691927	5641927	5741927	1	MLM	TMOL_1.2795.1	intron_variant	-	Liprin-alpha, isoform E	Liprin-alpha-1-like Protein	IPR029515
IMM35_QTL_chr7_4	AX-678373154	IMM35	IMM35	Growth	7	7705403	7655403	7755403	1	MLM	TMOL_1.3045.1	unknown	-	FI21449p1	Nose resistant to fluoxetine protein 6-like Protein	IPR006621 (Nose resistant-to-fluoxetine protein / N-terminal domain); IPR002656 (Acyltransferase family)
IMM35_QTL_chr7_5	AX-678766976	IMM35	IMM35	Growth	7	10176097	10126097	10226097	1	MLM	TMOL_1.3218.1	unknown	-	LD27988p	Tyrosine-protein phosphatase non-receptor type 9-like Protein	IPR000242 (Protein-tyrosine phosphatase); IPR001251 (SEC14); IPR000387 (Tyrosine specific protein phosphatases domain profile.); IPR016130 (Tyrosine specific protein phosphatases active site.); IPR029021
IMM35_QTL_chr7_6	AX-678396793	IMM35	IMM35	Growth	7	15465218	15415218	15515218	1	MLM	TMOL_1.3757.1	intron_variant	-	-	Cytokine receptor-like factor 3	IPR003961 (FN3); IPR036116; IPR013783
IMM35_QTL_chr7_7	AX-675792110	IMM35	IMM35	Growth	7	18506524	18456524	18556524	1	MLM	TMOL_1.3948.1	missense_variant	p.Thr75Lys	Uncharacterized protein, isoform C	Vacuolar protein sorting-associated protein 62-like Protein	IPR009291 (Vacuolar protein sorting-associated protein 62)
IMM35_QTL_chr8_1	AX-675992371	IMM35	IMM35	Growth	8	6250874	6200874	6300874	1	MLM	TMOL_10.425.1, TMOL_10.426.1	intron_variant, unknown	-, -	-, -	-, -	-, -
IMM35_QTL_chr9_1	AX-675302864	IMM35	IMM35	Growth	9	3740986	3690986	3790986	1	MLM	TMOL_7.1454.1	missense_variant	p.Thr23Met	-	Uncharacterized protein	IPR002110 (Ankyrin repeats (many copies)); IPR036770; IPR027417
IMM35_QTL_chr9_2	AX-674997598	IMM35	IMM35	Growth	9	10831297	10781297	10881297	1	MLM	TMOL_7.764.1	intron_variant	-	Helicase 89B, isoform B	TATA-binding protein-associated factor 172-like Protein	IPR044078 (DEXHc_Mot1); IPR022707 (Domain of unknown function (DUF3535)); IPR000330 (SNF2-related domain); IPR001650 (Helicase conserved C-terminal domain); IPR014001 (Superfamilies 1 and 2 helicase ATP-binding type-1 domain profile.)
IMM49_QTL_chr1_1	AX-676920677	IMM49	IMM49	Growth	1	31743682	31693682	31793682	1	MLM	TMOL_5.1070.1	missense_variant	p.Thr1604Met	Fatty acid synthase 1, isoform C	Fatty acid synthase-like Protein	IPR020841 (Beta-ketoacyl synthase); IPR014043 (Acyl transferase domain); IPR014030 (Beta-ketoacyl synthase / N-terminal domain); IPR013968 (KR domain); IPR014031 (Beta-ketoacyl synthase / C-terminal domain)
IMM49_QTL_chr1_2	AX-673593378	IMM49	IMM49	Growth	1	38434363	38384363	38484363	1	MLM	TMOL_5.751.1	unknown	-	Krueppel-like factor luna	C2H2-type domain-containing protein	IPR013087 (Zinc finger / C2H2 type); IPR036236
IMM49_QTL_chr1_3	AX-675211072	IMM49	IMM49	Growth	1	41547786	41497786	41597786	1	MLM	TMOL_5.545.1	synonymous_variant	-	-	Cohesin subunit SA-1-like Protein	IPR013721 (STAG domain); IPR039662; IPR016024
IMM49_QTL_chr10_1	AX-674328360	IMM49	IMM49	Growth	10	7695409	7645409	7745409	1	MLM	Intergenic	upstream_gene_variant	-	-	-	-
IMM49_QTL_chr10_2	AX-675544533	IMM49	IMM49	Growth	10	10564953	10514953	10614953	1	MLM	Intergenic	intron_variant	-	-	-	-
IMM49_QTL_chr2_1	AX-673459139	IMM49	IMM49	Growth	2	9447056	9397056	9497056	1	MLM	TMOL_2.1083.1	unknown	-	Rad, Gem/Kir family member 1, isoform B	Uncharacterized protein	IPR001806 (Ras family); IPR021349 (Protein of unknown function (DUF2967)); IPR027417
IMM49_QTL_chr2_2	AX-678594415	IMM49	IMM49	Growth	2	10942218	10892218	10992218	1	MLM	TMOL_2.1189.1	intron_variant	-	Uncharacterized protein, isoform B	E3 ubiquitin-protein ligase APD1-4 middle domain-containing protein	IPR032010 (Domain of unknown function (DUF4793)); IPR032008 (Domain of unknown function (DUF4792))
IMM49_QTL_chr2_3	AX-673240640	IMM49	IMM49	Growth	2	24599354	24549354	24649354	1	MLM	TMOL_2.2180.1	intron_variant	-	G-protein coupled receptors family 1 profile domain-containing protein	G-protein coupled receptors family 1 profile domain-containing protein	IPR000276 (7 transmembrane receptor (rhodopsin family)); IPR017452 (G-protein coupled receptors family 1 profile.)
IMM49_QTL_chr3_1	AX-678466448	IMM49	IMM49	Growth	3	23658243	23608243	23708243	1	MLM	TMOL_9.616.1	intron_variant	-	Echinoid, isoform A	Uncharacterized protein	IPR013098 (Immunoglobulin I-set domain); IPR003961 (FN3); IPR007110 (Immunoglobulin domain); IPR013106 (Immunoglobulin V-set domain); IPR036179
IMM49_QTL_chr5_1	AX-677968293	IMM49	IMM49	Growth	5	602465	552465	652465	1	MLM	TMOL_1.25.1	upstream_gene_variant	-	-	Chitin deacetylase 6	-
IMM49_QTL_chr5_2	AX-678568751	IMM49	IMM49	Growth	5	9512097	9462097	9562097	1	MLM	TMOL_1.714.1	synonymous_variant	-	-	CUB domain-containing protein	IPR000859 (CUB); IPR035914
IMM49_QTL_chr5_3	AX-673607926	IMM49	IMM49	Growth	5	9861791	9811791	9911791	1	MLM	TMOL_1.758.1	unknown	-	Dipeptidase	Dipeptidase	IPR008257 (rDP_like); IPR000180 (Renal dipeptidase active site.); IPR032466
IMM49_QTL_chr5_4	AX-674046465	IMM49	IMM49	Growth	5	13541179	13491179	13591179	1	MLM	TMOL_1.1071.1	intron_variant	-	Adenosylhomocysteinase	Adenosylhomocysteinase	IPR000043 (SAHH); IPR001863 (Glypican); IPR015878 (S-adenosyl-L-homocysteine hydrolase / NAD binding domain); IPR020082 (S-adenosyl-L-homocysteine hydrolase signature 2.); IPR042172
IMM49_QTL_chr5_5	AX-676916478	IMM49	IMM49	Growth	5	14496749	14446749	14546749	1	MLM	TMOL_1.1196.1, TMOL_1.1195.1	downstream_gene_variant, upstream_gene_variant	-, -	MIP34848p1, Regucalcin, isoform D	SMP-30/Gluconolactonase/LRE-like region domain-containing protein, SMP-30/Gluconolactonase/LRE-like region domain-containing protein	IPR013658 (SMP-30/Gluconolactonase/LRE-like region); IPR005511 (Senescence marker protein-30 (SMP30) family signature); IPR008367 (Regucalcin signature); IPR011042, IPR013658 (SMP-30/Gluconolactonase/LRE-like region); IPR005511 (Senescence marker protein-30 (SMP30) family signature); IPR011042
IMM49_QTL_chr5_6	AX-677930705	IMM49	IMM49	Growth	5	19404685	19354685	19454685	1	BLINK	TMOL_1.1662.1	synonymous_variant	-	-	Serine protease P146	IPR001254 (Tryp_SPc); IPR002172 (Low density lipoprotein (LDL) receptor signature); IPR017448 (Scavenger receptor cysteine-rich domain); IPR000082 (SEA domain); IPR001190 (SRCR domain profile.)
IMM49_QTL_chr5_6	AX-674961783	IMM49	IMM49	Growth	5	19422447	19372447	19472447	1	BLINK	TMOL_1.1662.1	intergenic_region	-	-	Serine protease P146	IPR001254 (Tryp_SPc); IPR002172 (Low density lipoprotein (LDL) receptor signature); IPR017448 (Scavenger receptor cysteine-rich domain); IPR000082 (SEA domain); IPR001190 (SRCR domain profile.)
IMM49_QTL_chr6_1	AX-674084630	IMM49	IMM49	Growth	6	9996776	9946776	10046776	1	MLM	TMOL_4.1044.1	intron_variant	-	GH22493p	Eyegone	IPR001523 ('Paired box' domain); IPR001356 (Homeodomain); IPR017970 ('Homeobox' domain signature.); IPR043565; IPR036388
IMM49_QTL_chr7_1	AX-677661402	IMM49	IMM49	Growth	7	1995706	1945706	2045706	1	MLM	TMOL_1.2451.1	intron_variant	-	Neurogenic protein mastermind	Neurogenic mastermind-like N-terminal domain-containing protein	IPR019082 (MamL-1 domain); IPR046370
IMM49_QTL_chr7_2	AX-678541684	IMM49	IMM49	Growth	7	4342288	4292288	4392288	1	MLM	TMOL_1.2692.1	intron_variant	-	Canoe, isoform E	Uncharacterized protein	IPR019748 (FERM_B-lobe); IPR001478 (PDZ domain); IPR018980 (FERM C-terminal PH-like domain); IPR019749 (Band 4.1 protein family signature); IPR011019 (KIND domain profile.)
IMM49_QTL_chr7_3	AX-674186754	IMM49	IMM49	Growth	7	5691927	5641927	5741927	1	MLM	TMOL_1.2795.1	intron_variant	-	Liprin-alpha, isoform E	Liprin-alpha-1-like Protein	IPR029515
IMM49_QTL_chr7_4	AX-678373154	IMM49	IMM49	Growth	7	7705403	7655403	7755403	1	MLM	TMOL_1.3045.1	unknown	-	FI21449p1	Nose resistant to fluoxetine protein 6-like Protein	IPR006621 (Nose resistant-to-fluoxetine protein / N-terminal domain); IPR002656 (Acyltransferase family)
IMM49_QTL_chr7_5	AX-677750477	IMM49	IMM49	Growth	7	8446349	8396349	8496349	1	BLINK	TMOL_1.3090.1	upstream_gene_variant	-	Toll-like receptor Tollo	Toll-7-like protein	IPR001611 (Leucine rich repeat); IPR000157 (TIR domain); IPR032675; IPR035897; IPR000483
IMM49_QTL_chr7_6	AX-678766976	IMM49	IMM49	Growth	7	10176097	10126097	10226097	1	MLM	TMOL_1.3218.1	unknown	-	LD27988p	Tyrosine-protein phosphatase non-receptor type 9-like Protein	IPR000242 (Protein-tyrosine phosphatase); IPR001251 (SEC14); IPR000387 (Tyrosine specific protein phosphatases domain profile.); IPR016130 (Tyrosine specific protein phosphatases active site.); IPR029021
IMM49_QTL_chr7_7	AX-675792110	IMM49	IMM49	Growth	7	18506524	18456524	18556524	1	MLM	TMOL_1.3948.1	missense_variant	p.Thr75Lys	Uncharacterized protein, isoform C	Vacuolar protein sorting-associated protein 62-like Protein	IPR009291 (Vacuolar protein sorting-associated protein 62)
IMM49_QTL_chr9_1	AX-675302864	IMM49	IMM49	Growth	9	3740986	3690986	3790986	1	MLM	TMOL_7.1454.1	missense_variant	p.Thr23Met	-	Uncharacterized protein	IPR002110 (Ankyrin repeats (many copies)); IPR036770; IPR027417
IMM56_QTL_chr1_1	AX-678710986	IMM56	IMM56	Growth	1	4529132	4479132	4579132	1	MLM	TMOL_3.1555.1	intron_variant	-	Tyrosine-protein phosphatase Lar	protein-tyrosine-phosphatase	IPR000242 (Protein-tyrosine phosphatase); IPR003961 (FN3); IPR013098 (Immunoglobulin I-set domain); IPR007110 (Ig-like domain profile.); IPR000387 (Tyrosine specific protein phosphatases domain profile.)
IMM56_QTL_chr1_2	AX-673593378	IMM56	IMM56	Growth	1	38434363	38384363	38484363	1	MLM	TMOL_5.751.1	unknown	-	Krueppel-like factor luna	C2H2-type domain-containing protein	IPR013087 (Zinc finger / C2H2 type); IPR036236
IMM56_QTL_chr10_1	AX-674328360	IMM56	IMM56	Growth	10	7695409	7645409	7745409	1	MLM	Intergenic	upstream_gene_variant	-	-	-	-
IMM56_QTL_chr10_2	AX-675544533	IMM56	IMM56	Growth	10	10564953	10514953	10614953	1	MLM	Intergenic	intron_variant	-	-	-	-
IMM56_QTL_chr2_1	AX-673459139	IMM56	IMM56	Growth	2	9447056	9397056	9497056	1	MLM	TMOL_2.1083.1	unknown	-	Rad, Gem/Kir family member 1, isoform B	Uncharacterized protein	IPR001806 (Ras family); IPR021349 (Protein of unknown function (DUF2967)); IPR027417
IMM56_QTL_chr2_2	AX-678594415	IMM56	IMM56	Growth	2	10942218	10892218	10992218	1	MLM	TMOL_2.1189.1	intron_variant	-	Uncharacterized protein, isoform B	E3 ubiquitin-protein ligase APD1-4 middle domain-containing protein	IPR032010 (Domain of unknown function (DUF4793)); IPR032008 (Domain of unknown function (DUF4792))
IMM56_QTL_chr2_3	AX-673240640	IMM56	IMM56	Growth	2	24599354	24549354	24649354	1	MLM	TMOL_2.2180.1	intron_variant	-	G-protein coupled receptors family 1 profile domain-containing protein	G-protein coupled receptors family 1 profile domain-containing protein	IPR000276 (7 transmembrane receptor (rhodopsin family)); IPR017452 (G-protein coupled receptors family 1 profile.)
IMM56_QTL_chr3_1	AX-678466448	IMM56	IMM56	Growth	3	23658243	23608243	23708243	1	MLM	TMOL_9.616.1	intron_variant	-	Echinoid, isoform A	Uncharacterized protein	IPR013098 (Immunoglobulin I-set domain); IPR003961 (FN3); IPR007110 (Immunoglobulin domain); IPR013106 (Immunoglobulin V-set domain); IPR036179
IMM56_QTL_chr5_1	AX-677968293	IMM56	IMM56	Growth	5	602465	552465	652465	1	MLM	TMOL_1.25.1	upstream_gene_variant	-	-	Chitin deacetylase 6	-
IMM56_QTL_chr5_2	AX-678568751	IMM56	IMM56	Growth	5	9512097	9462097	9562097	1	MLM	TMOL_1.714.1	synonymous_variant	-	-	CUB domain-containing protein	IPR000859 (CUB); IPR035914
IMM56_QTL_chr5_3	AX-673607926	IMM56	IMM56	Growth	5	9861791	9811791	9911791	1	MLM	TMOL_1.758.1	unknown	-	Dipeptidase	Dipeptidase	IPR008257 (rDP_like); IPR000180 (Renal dipeptidase active site.); IPR032466
IMM56_QTL_chr5_4	AX-676916478	IMM56	IMM56	Growth	5	14496749	14446749	14546749	1	MLM	TMOL_1.1196.1, TMOL_1.1195.1	downstream_gene_variant, upstream_gene_variant	-, -	MIP34848p1, Regucalcin, isoform D	SMP-30/Gluconolactonase/LRE-like region domain-containing protein, SMP-30/Gluconolactonase/LRE-like region domain-containing protein	IPR013658 (SMP-30/Gluconolactonase/LRE-like region); IPR005511 (Senescence marker protein-30 (SMP30) family signature); IPR008367 (Regucalcin signature); IPR011042, IPR013658 (SMP-30/Gluconolactonase/LRE-like region); IPR005511 (Senescence marker protein-30 (SMP30) family signature); IPR011042
IMM56_QTL_chr5_5	AX-674812318	IMM56	IMM56	Growth	5	15482625	15432625	15532625	1	MLM	TMOL_1.1309.1	synonymous_variant	-	Probable G-protein coupled receptor Mth-like 10	Putative G-protein coupled receptor Mth-like 3	IPR017981 (G-protein coupled receptors family 2 profile 2.); IPR036272
IMM56_QTL_chr7_1	AX-678541684	IMM56	IMM56	Growth	7	4342288	4292288	4392288	1	MLM	TMOL_1.2692.1	intron_variant	-	Canoe, isoform E	Uncharacterized protein	IPR019748 (FERM_B-lobe); IPR001478 (PDZ domain); IPR018980 (FERM C-terminal PH-like domain); IPR019749 (Band 4.1 protein family signature); IPR011019 (KIND domain profile.)
IMM56_QTL_chr7_2	AX-674186754	IMM56	IMM56	Growth	7	5691927	5641927	5741927	1	MLM	TMOL_1.2795.1	intron_variant	-	Liprin-alpha, isoform E	Liprin-alpha-1-like Protein	IPR029515
IMM56_QTL_chr7_3	AX-678373154	IMM56	IMM56	Growth	7	7705403	7655403	7755403	1	MLM	TMOL_1.3045.1	unknown	-	FI21449p1	Nose resistant to fluoxetine protein 6-like Protein	IPR006621 (Nose resistant-to-fluoxetine protein / N-terminal domain); IPR002656 (Acyltransferase family)
IMM56_QTL_chr7_4	AX-678766976	IMM56	IMM56	Growth	7	10176097	10126097	10226097	1	MLM	TMOL_1.3218.1	unknown	-	LD27988p	Tyrosine-protein phosphatase non-receptor type 9-like Protein	IPR000242 (Protein-tyrosine phosphatase); IPR001251 (SEC14); IPR000387 (Tyrosine specific protein phosphatases domain profile.); IPR016130 (Tyrosine specific protein phosphatases active site.); IPR029021
IMM56_QTL_chr7_5	AX-675792110	IMM56	IMM56	Growth	7	18506524	18456524	18556524	1	MLM	TMOL_1.3948.1	missense_variant	p.Thr75Lys	Uncharacterized protein, isoform C	Vacuolar protein sorting-associated protein 62-like Protein	IPR009291 (Vacuolar protein sorting-associated protein 62)
IMM63_QTL_chr10_1	AX-674328360	IMM63	IMM63	Growth	10	7695409	7645409	7745409	1	MLM	Intergenic	upstream_gene_variant	-	-	-	-
IMM63_QTL_chr10_2	AX-675544533	IMM63	IMM63	Growth	10	10564953	10514953	10614953	1	MLM	Intergenic	intron_variant	-	-	-	-
IMM63_QTL_chr7_1	AX-678766976	IMM63	IMM63	Growth	7	10176097	10126097	10226097	1	MLM	TMOL_1.3218.1	unknown	-	LD27988p	Tyrosine-protein phosphatase non-receptor type 9-like Protein	IPR000242 (Protein-tyrosine phosphatase); IPR001251 (SEC14); IPR000387 (Tyrosine specific protein phosphatases domain profile.); IPR016130 (Tyrosine specific protein phosphatases active site.); IPR029021
IMM63_QTL_chr7_2	AX-676017970	IMM63	IMM63	Growth	7	11240755	11190755	11290755	1	BLINK	TMOL_1.3369.1	splice_region_variant&intron_variant	-	Cytochrome P450 4c3	Cytochrome P450-like protein	IPR001128 (Cytochrome P450); IPR002401 (E-class P450 group I signature); IPR017972 (Cytochrome P450 cysteine heme-iron ligand signature.); IPR036396
IMM63_QTL_chr7_2	AX-675650783	IMM63	IMM63	Growth	7	11240766	11190766	11290766	1	BLINK	TMOL_1.3369.1	intron_variant	-	Cytochrome P450 4c3	Cytochrome P450-like protein	IPR001128 (Cytochrome P450); IPR002401 (E-class P450 group I signature); IPR017972 (Cytochrome P450 cysteine heme-iron ligand signature.); IPR036396
IMM63_QTL_chr8_1	AX-678812947	IMM63	IMM63	Growth	8	7417262	7367262	7467262	1	BLINK	TMOL_10.517.1, TMOL_10.518.1	upstream_gene_variant, intron_variant	-, -	D12, asparagine--tRNA ligase	Uncharacterized protein, asparagine--tRNA ligase	IPR005033 (YEATS family); IPR038704, IPR004522 (asnS: asparagine--tRNA ligase); IPR004364 (tRNA synthetases class II (D / K and N)); IPR002312 (Aspartyl-tRNA synthetase signature); IPR004365 (OB-fold nucleic acid binding domain); IPR006195 (Aminoacyl-transfer RNA synthetases class-II family profile.)
IMM63_QTL_chr8_1	AX-678142014	IMM63	IMM63	Growth	8	7435778	7385778	7485778	2	MLM, BLINK	TMOL_10.519.1	intron_variant	-	-	F-box domain-containing protein	IPR032675
PW_QTL_chr1_1	AX-676433889	PW_M2_4quantiles	PW	Growth	1	5535083	5485083	5585083	1	ssGBLUP	TMOL_3.1412.1	intron_variant	-	Cubilin homolog	Cubilin-like Protein	IPR000859 (CUB); IPR001304 (Lectin C-type domain); IPR000742 (EGF-like domain profile.); IPR016186; IPR016187
PW_QTL_chr1_2	AX-674083274	PW_M2_4quantiles	PW	Growth	1	32339888	32289888	32389888	1	FarmCPU	TMOL_5.1023.1	upstream_gene_variant	-	Transducer of ERBB2, isoform A	Protein BTG3-like Protein	IPR002087 (BTG family); IPR033332; IPR036054
PW_QTL_chr1_2	AX-675900205	PW_M2_4quantiles	PW	Growth	1	32341003	32291003	32391003	1	FarmCPU	TMOL_5.1023.1	upstream_gene_variant	-	Transducer of ERBB2, isoform A	Protein BTG3-like Protein	IPR002087 (BTG family); IPR033332; IPR036054
PW_QTL_chr1_3	AX-677452062	PW_M2_4quantiles	PW	Growth	1	43452100	43402100	43502100	1	FarmCPU	TMOL_5.423.1	intron_variant	-	Smooth, isoform T	Heterogeneous nuclear ribonucleoprotein L-like Protein	IPR021790 (RRM-like domain); IPR000504 (Eukaryotic RNA Recognition Motif (RRM) profile.); IPR012677; IPR035979
PW_QTL_chr2_1	AX-677217729	PW_M2_4quantiles	PW	Growth	2	2173520	2123520	2223520	1	FarmCPU	TMOL_2.303.1	intron_variant	-	Uncharacterized protein, isoform F	Uncharacterized protein	IPR000949 (ELM2 domain); IPR013087 (Zinc finger / C2H2 type); IPR001005 (Myb-like DNA-binding domain); IPR017884 (SANT domain profile.); IPR036236
PW_QTL_chr2_1	AX-673693612	PW_M2_4quantiles	PW	Growth	2	2174410	2124410	2224410	1	FarmCPU	TMOL_2.303.1	intron_variant	-	Uncharacterized protein, isoform F	Uncharacterized protein	IPR000949 (ELM2 domain); IPR013087 (Zinc finger / C2H2 type); IPR001005 (Myb-like DNA-binding domain); IPR017884 (SANT domain profile.); IPR036236
PW_QTL_chr2_1	AX-674276336	PW_M2_4quantiles	PW	Growth	2	2191791	2141791	2241791	1	FarmCPU	TMOL_2.303.1	intron_variant	-	Uncharacterized protein, isoform F	Uncharacterized protein	IPR000949 (ELM2 domain); IPR013087 (Zinc finger / C2H2 type); IPR001005 (Myb-like DNA-binding domain); IPR017884 (SANT domain profile.); IPR036236
PW_QTL_chr3_1	AX-675664994	PW_M2_4quantiles	PW	Growth	3	559800	509800	609800	1	FarmCPU	TMOL_6.89.1	intergenic_region	-	Uncharacterized protein, isoform C	Rho guanine nucleotide exchange factor 10-like Protein	IPR000219 (RhoGEF); IPR039919; IPR035899; IPR011993; IPR011047
PW_QTL_chr3_2	AX-676074851	PW_M2_4quantiles	PW	Growth	3	4493460	4443460	4543460	1	FarmCPU	TMOL_6.512.1	intron_variant	-	HL01062p	Facilitated trehalose transporter Tret1-2 homolog-like Protein	IPR044775 (MFS_GLUT6_8_Class3_like); IPR005828 (Sugar (and other) transporter); IPR003663 (Sugar transporter signature); IPR020846 (Major facilitator superfamily (MFS) profile.); IPR005829 (Sugar transport proteins signature 2.)
PW_QTL_chr3_3	AX-673647911	PW_M2_4quantiles	PW	Growth	3	15929019	15879019	15979019	1	FarmCPU	TMOL_6.1334.1	intergenic_region	-	Ecdysone receptor	Ecdysone receptor	IPR041889 (NR_LBD_EcR); IPR003069 (Ecdysteroid receptor (1H nuclear receptor) signature); IPR001628 (Zinc finger / C4 type (two domains)); IPR000536 (Ligand-binding domain of nuclear hormone receptor); IPR001723 (Steroid hormone receptor signature)
PW_QTL_chr3_3	AX-674262748	PW_M2_4quantiles	PW	Growth	3	15978680	15928680	16028680	1	FarmCPU	TMOL_6.1334.1	intron_variant	-	Ecdysone receptor	Ecdysone receptor	IPR041889 (NR_LBD_EcR); IPR003069 (Ecdysteroid receptor (1H nuclear receptor) signature); IPR001628 (Zinc finger / C4 type (two domains)); IPR000536 (Ligand-binding domain of nuclear hormone receptor); IPR001723 (Steroid hormone receptor signature)
PW_QTL_chr4_1	AX-681270784	PW_M2_4quantiles	PW	Growth	4	24011812	23961812	24061812	1	FarmCPU	TMOL_14.72.1	upstream_gene_variant	-	-	Zinc finger protein 142-like Protein	IPR012934 (Zinc-finger associated domain (zf-AD)); IPR013087 (Zinc finger / C2H2 type); IPR036236
PW_QTL_chr5_1	AX-675307400	PW_M2_4quantiles	PW	Growth	5	11158296	11108296	11208296	1	FarmCPU	TMOL_1.889.1	intron_variant	-	-	Uncharacterized protein	-
PW_QTL_chr5_2	AX-674553658	PW_M2_4quantiles	PW	Growth	5	13628868	13578868	13678868	1	ssGBLUP	TMOL_1.1080.1	intron_variant	-	Pair-rule protein odd-paired	Odd-paired protein	IPR041643 (Zic proteins zinc finger domain); IPR013087 (Zinc finger / C2H2 type); IPR036236
PW_QTL_chr6_1	AX-677171713	PW_M2_4quantiles	PW	Growth	6	1752192	1702192	1802192	1	FarmCPU	TMOL_4.171.1, TMOL_4.172.1	upstream_gene_variant, intron_variant	-, -	-, Uncharacterized protein	Uncharacterized protein, Uncharacterized protein	-, -
PW_QTL_chr6_2	AX-678742732	PW_M2_4quantiles	PW	Growth	6	5643419	5593419	5693419	1	FarmCPU	TMOL_4.627.1	missense_variant	p.Val249Phe	RE24765p	Partial AB-hydrolase lipase domain-containing protein	IPR000073 (alpha/beta hydrolase fold); IPR029058; IPR025483
PW_QTL_chr6_2	AX-676108080	PW_M2_4quantiles	PW	Growth	6	5643452	5593452	5693452	1	FarmCPU	TMOL_4.627.1	synonymous_variant	-	RE24765p	Partial AB-hydrolase lipase domain-containing protein	IPR000073 (alpha/beta hydrolase fold); IPR029058; IPR025483
PW_QTL_chr6_2	AX-678011030	PW_M2_4quantiles	PW	Growth	6	5643479	5593479	5693479	1	FarmCPU	TMOL_4.627.1	missense_variant	p.Leu229Ile	RE24765p	Partial AB-hydrolase lipase domain-containing protein	IPR000073 (alpha/beta hydrolase fold); IPR029058; IPR025483
PW_QTL_chr6_2	AX-676812903	PW_M2_4quantiles	PW	Growth	6	5718717	5668717	5768717	1	FarmCPU	TMOL_4.630.1	missense_variant	p.His124Tyr	Beadex, isoform D	Rhombotin-1-like Protein	IPR001781 (LIM domain)
PW_QTL_chr6_2	AX-678048964	PW_M2_4quantiles	PW	Growth	6	5743423	5693423	5793423	1	FarmCPU	TMOL_4.630.1	upstream_gene_variant	-	Beadex, isoform D	Rhombotin-1-like Protein	IPR001781 (LIM domain)
PW_QTL_chr6_3	AX-677427528	PW_M2_4quantiles	PW	Growth	6	12712049	12662049	12762049	1	FarmCPU	TMOL_4.1253.1	intron_variant	-	Radish, isoform I	Rap-GAP domain-containing protein	IPR000331 (Rap/ran-GAP); IPR000210 (BTB/POZ domain); IPR035974; IPR011333
PW_QTL_chr6_4	AX-673731667	PW_M2_4quantiles	PW	Growth	6	14503980	14453980	14553980	1	FarmCPU	TMOL_4.1414.1	intron_variant	-	Delta-like protein	EGF-like domain-containing protein	IPR001774 (Delta serrate ligand); IPR002049 (Laminin EGF domain); IPR000742 (EGF-like domain profile.); IPR001881
PW_QTL_chr7_1	AX-675086483	PW_M2_4quantiles	PW	Growth	7	401021	351021	451021	1	ssGBLUP	TMOL_1.2332.1	intron_variant	-	-	JmjC domain-containing protein	-
PW_QTL_chr7_1	AX-674158356	PW_M2_4quantiles	PW	Growth	7	405468	355468	455468	1	ssGBLUP	TMOL_1.2332.1	intron_variant	-	-	JmjC domain-containing protein	-
PW_QTL_chr7_2	AX-678738422	PW_M2_4quantiles	PW	Growth	7	3824918	3774918	3874918	1	FarmCPU	TMOL_1.2642.1	intron_variant	-	Tomosyn, isoform C	Lethal(2) giant larvae protein-like Protein	IPR013577 (LLGL2); IPR000664 (Lethal(2) giant larvae protein signature); IPR042855 (v-SNARE coiled-coil homology domain profile.); IPR036322; IPR015943
PW_QTL_chr7_3	AX-678038090	PW_M2_4quantiles	PW	Growth	7	6393009	6343009	6443009	1	ssGBLUP	TMOL_1.2910.1	upstream_gene_variant	-	LP11750p	Transmembrane protease serine 9-like Protein	IPR001254 (Tryp_SPc); IPR001314 (Chymotrypsin serine protease family (S1) signature); IPR018114 (Serine proteases / trypsin family / histidine active site.); IPR033116 (Serine proteases / trypsin family / serine active site.); IPR009003
PW_QTL_chr7_4	AX-678297519	PW_M2_4quantiles	PW	Growth	7	7298968	7248968	7348968	1	ssGBLUP	TMOL_1.2981.1	intron_variant	-	-	Lipoma HMGIC fusion partner homolog-like Protein	IPR019372 (Lipoma HMGIC fusion partner-like protein)
PW_QTL_chr7_5	AX-678124394	PW_M2_4quantiles	PW	Growth	7	7594287	7544287	7644287	1	FarmCPU	TMOL_1.3022.1	splice_region_variant&intron_variant	-	Splicing factor 3A subunit 3	Splicing factor 3A subunit 3-like Protein	IPR024598 (SF3a60/Prp9 C-terminal); IPR025086 (Replication stress response SDE2 C-terminal); IPR031774 (Pre-mRNA-splicing factor SF3A3 / of SF3a complex / Prp9); IPR021966 (Splicing factor SF3a60 binding domain); IPR000690 (Zinc finger matrin-type profile.)
PW_QTL_chr8_1	AX-675718256	PW_M2_4quantiles	PW	Growth	8	2218732	2168732	2268732	1	FarmCPU	TMOL_10.101.1	intron_variant	-	Lipase	Lipase	IPR006693 (Partial alpha/beta-hydrolase lipase region); IPR000073 (alpha/beta hydrolase fold); IPR029058
PW_QTL_chr8_1	AX-675780576	PW_M2_4quantiles	PW	Growth	8	2219684	2169684	2269684	1	FarmCPU	TMOL_10.101.1, TMOL_10.104.1	intron_variant, downstream_gene_variant	-, -	Lipase, Lipase	Lipase, Lipase	IPR006693 (Partial alpha/beta-hydrolase lipase region); IPR000073 (alpha/beta hydrolase fold); IPR029058, IPR006693 (Partial alpha/beta-hydrolase lipase region); IPR029058; IPR025483
PW_QTL_chr8_1	AX-673832757	PW_M2_4quantiles	PW	Growth	8	2221835	2171835	2271835	1	FarmCPU	TMOL_10.101.1, TMOL_10.104.1	intron_variant, upstream_gene_variant	-, -	Lipase, Lipase	Lipase, Lipase	IPR006693 (Partial alpha/beta-hydrolase lipase region); IPR000073 (alpha/beta hydrolase fold); IPR029058, IPR006693 (Partial alpha/beta-hydrolase lipase region); IPR029058; IPR025483
PW_QTL_chr8_1	AX-675617567	PW_M2_4quantiles	PW	Growth	8	2234440	2184440	2284440	1	FarmCPU	TMOL_10.105.1	upstream_gene_variant	-	Lipase	Lipase	IPR006693 (Partial alpha/beta-hydrolase lipase region); IPR029058; IPR025483
PW_QTL_chr8_1	AX-676803665	PW_M2_4quantiles	PW	Growth	8	2302346	2252346	2352346	1	FarmCPU	TMOL_10.109.1	upstream_gene_variant	-	GH09980p	ZP domain-containing protein	IPR001507 (Zona pellucida-like domain)
PW_QTL_chr8_2	AX-677561151	PW_M2_4quantiles	PW	Growth	8	3130247	3080247	3180247	1	ssGBLUP	TMOL_10.210.1	intron_variant	-	Bruno 1, isoform B	CUGBP Elav-like family member 4	IPR000504 (RNA recognition motif. (a.k.a. RRM / RBD / or RNP domain)); IPR035979; IPR012677
PW_QTL_chr8_3	AX-678508909	PW_M2_4quantiles	PW	Growth	8	8348374	8298374	8398374	1	FarmCPU	TMOL_10.577.1	missense_variant	p.Val123Phe	Odorant receptor 2a	Uncharacterized protein	IPR004117 (7tm Odorant receptor)
PW_QTL_chr8_4	AX-681259870	PW_M2_4quantiles	PW	Growth	8	16474968	16424968	16524968	1	ssGBLUP	TMOL_12.431.1	missense_variant	p.Asn1262Tyr	Voltage-dependent calcium channel type A subunit alpha-1	Voltage-dependent calcium channel type A subunit alpha-1-like Protein	IPR005821 (Ion transport protein); IPR002077 (Calcium channel signature); IPR014873 (Voltage gated calcium channel IQ domain); IPR031649 (Voltage-dependent L-type calcium channel / IQ-associated); IPR002048 (EF-hand calcium-binding domain profile.)
PW_QTL_chr9_1	AX-678526720	PW_M2_4quantiles	PW	Growth	9	9161511	9111511	9211511	1	FarmCPU	TMOL_7.1000.1	intron_variant	-	Allatostatin double C, isoform C	Allatostatin CC	-
PW_QTL_chr9_2	AX-678417113	PW_M2_4quantiles	PW	Growth	9	9939572	9889572	9989572	1	ssGBLUP	TMOL_7.902.1	intergenic_region	-	Beta1,4-N-acetylgalactosaminyltransferase A	Beta-1,4-N-acetylgalactosaminyltransferase	IPR027995 (N-terminal region of glycosyl transferase group 7); IPR003859 (Beta-1 / 4-galactosyltransferase family signature); IPR027791 (N-terminal domain of galactosyltransferase); IPR029044
PW_QTL_chr9_2	AX-677299410	PW_M2_4quantiles	PW	Growth	9	9940011	9890011	9990011	1	ssGBLUP	TMOL_7.902.1	intergenic_region	-	Beta1,4-N-acetylgalactosaminyltransferase A	Beta-1,4-N-acetylgalactosaminyltransferase	IPR027995 (N-terminal region of glycosyl transferase group 7); IPR003859 (Beta-1 / 4-galactosyltransferase family signature); IPR027791 (N-terminal domain of galactosyltransferase); IPR029044
TELC_i_QTL_chr2_1	AX-675001160	TELC_i	TELC	Reproduction	2	3825091	3775091	3875091	1	FarmCPU	TMOL_2.496.1, TMOL_2.498.1	unknown, missense_variant	-, p.Ile1259Val	Cytochrome P450 4c3, Putative gustatory receptor 28b	Cytochrome P450-like protein, Gustatory receptor	IPR001128 (Cytochrome P450); IPR002401 (E-class P450 group I signature); IPR017972 (Cytochrome P450 cysteine heme-iron ligand signature.); IPR036396, IPR013604 (7tm Chemosensory receptor)
TELC_i_QTL_chr2_1	AX-674718144	TELC_i	TELC	Reproduction	2	3831964	3781964	3881964	1	FarmCPU	TMOL_2.496.1, TMOL_2.498.1	unknown, splice_donor_variant&intron_variant	-, -	Cytochrome P450 4c3, Putative gustatory receptor 28b	Cytochrome P450-like protein, Gustatory receptor	IPR001128 (Cytochrome P450); IPR002401 (E-class P450 group I signature); IPR017972 (Cytochrome P450 cysteine heme-iron ligand signature.); IPR036396, IPR013604 (7tm Chemosensory receptor)
TELC_i_QTL_chr2_2	AX-674144565	TELC_i	TELC	Reproduction	2	23829832	23779832	23879832	1	FarmCPU	TMOL_2.2114.1	unknown	-	Patj homolog	PDZ domain-containing protein	IPR001478 (PDZ domain); IPR036034
TELC_i_QTL_chr2_2	AX-677790294	TELC_i	TELC	Reproduction	2	23868844	23818844	23918844	1	FarmCPU	TMOL_2.2114.1	intron_variant	-	Patj homolog	PDZ domain-containing protein	IPR001478 (PDZ domain); IPR036034
TELC_i_QTL_chr4_1	AX-681052611	TELC_i	TELC	Reproduction	4	4609455	4559455	4659455	1	FarmCPU	TMOL_11.522.1	missense_variant	p.Pro17Ser	RE36204p	Glucose dehydrogenase [FAD, quinone]-like Protein	IPR000172 (GMC oxidoreductase); IPR007867 (GMC oxidoreductase); IPR012132; IPR036188
TELC_i_QTL_chr4_1	AX-681248106	TELC_i	TELC	Reproduction	4	4631677	4581677	4681677	1	FarmCPU	TMOL_11.526.1	missense_variant	p.Leu314Ser	Glucose-methanol-choline oxidoreductase N-terminal domain-containing protein	Glucose dehydrogenase [FAD, quinone]-like Protein	IPR000172 (GMC oxidoreductase); IPR007867 (GMC oxidoreductase); IPR012132; IPR036188
