selection_region_id	selection_tail	selection_tail_label	selection_class	selection_class_label	chromosome	start	end	n_10kb_windows	min_D	n_farmed_populations	farmed_populations	wild_support
D5pct_farmed_only_1_R00001	0.05	5%	farmed_only	Farmed only	1	1257536	1267535	1	-2.681920512	2	Dole7;Starfood Holland	False
D5pct_farmed_only_1_R00002	0.05	5%	farmed_only	Farmed only	1	1277536	1287535	1	-2.625519233	2	Dole7;Starfood Holland	False
D5pct_farmed_only_1_R00003	0.05	5%	farmed_only	Farmed only	1	3327536	3337535	1	-1.801501724	1	Dole7	False
D5pct_farmed_only_1_R00004	0.05	5%	farmed_only	Farmed only	1	4087536	4097535	1	-1.775587947	1	Mystik Canada	False
D5pct_farmed_only_1_R00005	0.05	5%	farmed_only	Farmed only	1	5247536	5257535	1	-1.26339605	1	Mystik Canada	False
D5pct_farmed_only_1_R00006	0.05	5%	farmed_only	Farmed only	1	9207536	9217535	1	-1.864982848	1	Dole7	False
D5pct_farmed_only_1_R00007	0.05	5%	farmed_only	Farmed only	1	9387536	9397535	1	-1.921619697	1	Dole7	False
D5pct_farmed_only_1_R00008	0.05	5%	farmed_only	Farmed only	1	10057536	10067535	1	-1.755852464	2	Mystik Canada;Papek Czechia	False
D5pct_farmed_only_1_R00009	0.05	5%	farmed_only	Farmed only	1	10767536	10777535	1	-1.991944757	2	Dole7;Pronutrix+ Belgium	False
D5pct_farmed_only_1_R00010	0.05	5%	farmed_only	Farmed only	1	10807536	10817535	1	-2.343156556	4	Dole7;Papek Czechia;Pronutrix+ Belgium;Starfood Holland	False
D5pct_farmed_only_1_R00011	0.05	5%	farmed_only	Farmed only	1	11157536	11182535	4	-1.999625398	2	Dole7;Kingsect Belgium	False
D5pct_farmed_only_1_R00012	0.05	5%	farmed_only	Farmed only	1	13127536	13137535	1	-2.062791958	4	Dole7;Papek Czechia;Pronutrix+ Belgium;Starfood Holland	False
D5pct_farmed_only_1_R00013	0.05	5%	farmed_only	Farmed only	1	13617536	13627535	1	-1.892118164	1	Dole7	False
D5pct_farmed_only_1_R00014	0.05	5%	farmed_only	Farmed only	1	13987536	13997535	1	-1.764413475	1	Papek Czechia	False
D5pct_farmed_only_1_R00015	0.05	5%	farmed_only	Farmed only	1	14007536	14017535	1	-1.471975376	1	Pronutrix+ Belgium	False
D5pct_farmed_only_1_R00016	0.05	5%	farmed_only	Farmed only	1	14427536	14437535	1	-1.733532283	1	Papek Czechia	False
D5pct_farmed_only_1_R00017	0.05	5%	farmed_only	Farmed only	1	14467536	14477535	1	-1.521217463	1	Pronutrix+ Belgium	False
D5pct_farmed_only_1_R00018	0.05	5%	farmed_only	Farmed only	1	14507536	14517535	1	-1.878921027	2	Papek Czechia;Pronutrix+ Belgium	False
D5pct_farmed_only_1_R00019	0.05	5%	farmed_only	Farmed only	1	14587536	14597535	1	-2.170636929	5	Dole7;Mystik Canada;Papek Czechia;Pronutrix+ Belgium;Starfood Holland	False
D5pct_farmed_only_1_R00020	0.05	5%	farmed_only	Farmed only	1	14617536	14647535	3	-2.349200544	5	Dole7;Mystik Canada;Papek Czechia;Pronutrix+ Belgium;Starfood Holland	False
D5pct_farmed_only_1_R00021	0.05	5%	farmed_only	Farmed only	1	14817536	14827535	1	-1.973183174	3	Dole7;Papek Czechia;Pronutrix+ Belgium	False
D5pct_farmed_only_1_R00022	0.05	5%	farmed_only	Farmed only	1	14947536	14957535	1	-1.756604187	1	Papek Czechia	False
D5pct_farmed_only_1_R00023	0.05	5%	farmed_only	Farmed only	1	15187536	15197535	1	-1.19472497	1	Mystik Canada	False
D5pct_farmed_only_1_R00024	0.05	5%	farmed_and_wild	Farmed + wild	1	15287536	15372535	9	-2.058659262	3	Dole7;Kingsect Belgium;Papek Czechia	True
D5pct_farmed_only_1_R00025	0.05	5%	farmed_only	Farmed only	1	15747536	15757535	1	-2.065162945	4	Dole7;Papek Czechia;Pronutrix+ Belgium;Starfood Holland	False
D5pct_farmed_only_1_R00026	0.05	5%	farmed_only	Farmed only	1	16127536	16137535	1	-1.929525174	1	Dole7	False
D5pct_farmed_only_1_R00027	0.05	5%	farmed_only	Farmed only	1	16187536	16197535	1	-1.842271708	1	Dole7	False
D5pct_farmed_only_1_R00028	0.05	5%	farmed_and_wild	Farmed + wild	1	16417536	16682535	47	-2.516075632	6	Dole7;Kingsect Belgium;Mystik Canada;Papek Czechia;Pronutrix+ Belgium;Starfood Holland	True
D5pct_farmed_only_1_R00029	0.05	5%	farmed_only	Farmed only	1	16707536	16717535	1	-1.813002317	2	Dole7;Mystik Canada	False
D5pct_farmed_only_1_R00030	0.05	5%	farmed_only	Farmed only	1	16997536	17007535	1	-1.941072715	1	Dole7	False
D5pct_farmed_only_1_R00031	0.05	5%	farmed_only	Farmed only	1	17297536	17307535	1	-1.85802576	3	Dole7;Mystik Canada;Pronutrix+ Belgium	False
D5pct_farmed_only_1_R00032	0.05	5%	farmed_only	Farmed only	1	17947536	17957535	1	-2.238259424	4	Dole7;Papek Czechia;Pronutrix+ Belgium;Starfood Holland	False
D5pct_farmed_only_1_R00033	0.05	5%	farmed_only	Farmed only	1	18517536	18527535	1	-1.599874439	1	Pronutrix+ Belgium	False
D5pct_farmed_only_1_R00034	0.05	5%	farmed_only	Farmed only	1	18557536	18567535	1	-1.889592557	2	Dole7;Pronutrix+ Belgium	False
D5pct_farmed_only_1_R00035	0.05	5%	farmed_only	Farmed only	1	18577536	18587535	1	-1.815092065	2	Dole7;Pronutrix+ Belgium	False
D5pct_farmed_only_1_R00036	0.05	5%	farmed_and_wild	Farmed + wild	1	18722536	18872535	17	-1.801267528	2	Kingsect Belgium;Pronutrix+ Belgium	True
D5pct_farmed_only_1_R00037	0.05	5%	farmed_and_wild	Farmed + wild	1	19012536	19352535	47	-2.468106106	6	Dole7;Kingsect Belgium;Mystik Canada;Papek Czechia;Pronutrix+ Belgium;Starfood Holland	True
D5pct_farmed_only_1_R00038	0.05	5%	farmed_only	Farmed only	1	19387536	19417535	3	-1.896516401	3	Dole7;Mystik Canada;Papek Czechia	False
D5pct_farmed_only_1_R00039	0.05	5%	farmed_only	Farmed only	1	19597536	19607535	1	-2.241137675	5	Dole7;Mystik Canada;Papek Czechia;Pronutrix+ Belgium;Starfood Holland	False
D5pct_farmed_only_1_R00040	0.05	5%	farmed_only	Farmed only	1	19717536	19727535	1	-1.222965022	1	Mystik Canada	False
D5pct_farmed_only_1_R00041	0.05	5%	farmed_and_wild	Farmed + wild	1	20917536	20932535	2	-1.73282041	2	Kingsect Belgium;Mystik Canada	True
D5pct_farmed_only_1_R00042	0.05	5%	farmed_and_wild	Farmed + wild	1	20942536	20952535	1	-1.682984399	1	Kingsect Belgium	True
D5pct_farmed_only_1_R00043	0.05	5%	farmed_only	Farmed only	1	22067536	22077535	1	-2.435115794	4	Dole7;Papek Czechia;Pronutrix+ Belgium;Starfood Holland	False
D5pct_farmed_only_1_R00044	0.05	5%	farmed_only	Farmed only	1	22777536	22787535	1	-1.471665852	1	Pronutrix+ Belgium	False
D5pct_farmed_only_1_R00045	0.05	5%	farmed_only	Farmed only	1	22897536	22907535	1	-2.070124055	3	Dole7;Pronutrix+ Belgium;Starfood Holland	False
D5pct_farmed_only_1_R00046	0.05	5%	farmed_only	Farmed only	1	23317536	23327535	1	-1.887106826	1	Dole7	False
D5pct_farmed_only_1_R00047	0.05	5%	farmed_only	Farmed only	1	23727536	23737535	1	-1.512191563	1	Pronutrix+ Belgium	False
D5pct_farmed_only_1_R00048	0.05	5%	farmed_only	Farmed only	1	23857536	23877535	2	-2.059589598	5	Dole7;Mystik Canada;Papek Czechia;Pronutrix+ Belgium;Starfood Holland	False
D5pct_farmed_only_1_R00049	0.05	5%	farmed_only	Farmed only	1	23897536	23907535	1	-2.067326939	3	Dole7;Papek Czechia;Starfood Holland	False
D5pct_farmed_only_1_R00050	0.05	5%	farmed_only	Farmed only	1	24027536	24037535	1	-1.854217728	1	Dole7	False
D5pct_farmed_only_1_R00051	0.05	5%	farmed_only	Farmed only	1	24142536	24162535	2	-1.700508038	1	Kingsect Belgium	False
D5pct_farmed_only_1_R00052	0.05	5%	farmed_only	Farmed only	1	24167536	24182535	2	-1.999472277	4	Dole7;Kingsect Belgium;Papek Czechia;Pronutrix+ Belgium	False
D5pct_farmed_only_1_R00053	0.05	5%	farmed_only	Farmed only	1	24217536	24227535	1	-1.890544366	2	Dole7;Pronutrix+ Belgium	False
D5pct_farmed_only_1_R00054	0.05	5%	farmed_only	Farmed only	1	24267536	24277535	1	-1.54879794	1	Pronutrix+ Belgium	False
D5pct_farmed_only_1_R00055	0.05	5%	farmed_only	Farmed only	1	24297536	24307535	1	-1.839969237	1	Dole7	False
D5pct_farmed_only_1_R00056	0.05	5%	farmed_only	Farmed only	1	24497536	24507535	1	-1.862692622	1	Dole7	False
D5pct_farmed_only_1_R00057	0.05	5%	farmed_only	Farmed only	1	24537536	24547535	1	-1.920862266	1	Dole7	False
D5pct_farmed_only_1_R00058	0.05	5%	farmed_only	Farmed only	1	24757536	24787535	3	-2.123582298	5	Dole7;Mystik Canada;Papek Czechia;Pronutrix+ Belgium;Starfood Holland	False
D5pct_farmed_only_1_R00059	0.05	5%	farmed_only	Farmed only	1	24947536	24957535	1	-2.260210909	5	Dole7;Mystik Canada;Papek Czechia;Pronutrix+ Belgium;Starfood Holland	False
D5pct_farmed_only_1_R00060	0.05	5%	farmed_only	Farmed only	1	24977536	24987535	1	-2.355164681	5	Dole7;Mystik Canada;Papek Czechia;Pronutrix+ Belgium;Starfood Holland	False
D5pct_farmed_only_1_R00061	0.05	5%	farmed_only	Farmed only	1	25037536	25047535	1	-1.865661954	4	Dole7;Mystik Canada;Papek Czechia;Pronutrix+ Belgium	False
D5pct_farmed_only_1_R00062	0.05	5%	farmed_only	Farmed only	1	25107536	25117535	1	-1.831587741	1	Dole7	False
D5pct_farmed_only_1_R00063	0.05	5%	farmed_only	Farmed only	1	25157536	25167535	1	-1.861075765	2	Dole7;Pronutrix+ Belgium	False
D5pct_farmed_only_1_R00064	0.05	5%	farmed_only	Farmed only	1	25307536	25317535	1	-1.802167955	1	Dole7	False
D5pct_farmed_only_1_R00065	0.05	5%	farmed_only	Farmed only	1	25397536	25407535	1	-1.802048984	1	Dole7	False
D5pct_farmed_only_1_R00066	0.05	5%	farmed_only	Farmed only	1	25437536	25447535	1	-1.847623904	1	Dole7	False
D5pct_farmed_only_1_R00067	0.05	5%	farmed_only	Farmed only	1	25597536	25607535	1	-1.846325137	1	Dole7	False
D5pct_farmed_only_1_R00068	0.05	5%	farmed_only	Farmed only	1	25857536	25867535	1	-1.900820377	1	Dole7	False
D5pct_farmed_only_1_R00069	0.05	5%	farmed_only	Farmed only	1	26058102	26068101	1	-1.834602906	1	Dole7	False
D5pct_farmed_only_1_R00070	0.05	5%	farmed_only	Farmed only	1	26098102	26108101	1	-1.830553622	1	Dole7	False
D5pct_farmed_only_1_R00071	0.05	5%	farmed_only	Farmed only	1	26158102	26168101	1	-1.899160476	1	Dole7	False
D5pct_farmed_only_1_R00072	0.05	5%	farmed_only	Farmed only	1	26278102	26293101	2	-1.81053892	2	Dole7;Kingsect Belgium	False
D5pct_farmed_only_1_R00073	0.05	5%	farmed_only	Farmed only	1	26328102	26338101	1	-2.028660224	4	Dole7;Mystik Canada;Papek Czechia;Pronutrix+ Belgium	False
D5pct_farmed_only_1_R00074	0.05	5%	farmed_only	Farmed only	1	26498102	26508101	1	-1.875712731	1	Dole7	False
D5pct_farmed_only_1_R00075	0.05	5%	farmed_only	Farmed only	1	26668102	26678101	1	-2.343138974	3	Dole7;Papek Czechia;Starfood Holland	False
D5pct_farmed_only_1_R00076	0.05	5%	farmed_only	Farmed only	1	26698102	26708101	1	-2.047139701	1	Dole7	False
D5pct_farmed_only_1_R00077	0.05	5%	farmed_only	Farmed only	1	26718102	26728101	1	-1.819787165	1	Dole7	False
D5pct_farmed_only_1_R00078	0.05	5%	farmed_only	Farmed only	1	26738102	26748101	1	-2.08589571	2	Dole7;Starfood Holland	False
D5pct_farmed_only_1_R00079	0.05	5%	farmed_only	Farmed only	1	26848102	26858101	1	-1.863068636	1	Dole7	False
D5pct_farmed_only_1_R00080	0.05	5%	farmed_only	Farmed only	1	26888102	26898101	1	-1.803534321	1	Dole7	False
D5pct_farmed_only_1_R00081	0.05	5%	farmed_only	Farmed only	1	27343102	27383101	4	-1.773281674	1	Kingsect Belgium	False
D5pct_farmed_only_1_R00082	0.05	5%	farmed_only	Farmed only	1	27388102	27398101	1	-2.078718109	4	Dole7;Mystik Canada;Pronutrix+ Belgium;Starfood Holland	False
D5pct_farmed_only_1_R00083	0.05	5%	farmed_only	Farmed only	1	27498102	27508101	1	-1.863883031	2	Dole7;Mystik Canada	False
D5pct_farmed_only_1_R00084	0.05	5%	farmed_only	Farmed only	1	27608102	27618101	1	-1.945129196	2	Dole7;Pronutrix+ Belgium	False
D5pct_farmed_only_1_R00085	0.05	5%	farmed_only	Farmed only	1	28118102	28128101	1	-2.026148851	1	Dole7	False
D5pct_farmed_only_1_R00086	0.05	5%	farmed_only	Farmed only	1	29263102	29273101	1	-1.677983964	1	Kingsect Belgium	False
D5pct_farmed_only_1_R00087	0.05	5%	farmed_only	Farmed only	1	29283102	29323101	5	-1.893177555	2	Dole7;Kingsect Belgium	False
D5pct_farmed_only_1_R00088	0.05	5%	farmed_only	Farmed only	1	29338102	29348101	1	-2.176259081	5	Dole7;Mystik Canada;Papek Czechia;Pronutrix+ Belgium;Starfood Holland	False
D5pct_farmed_only_1_R00089	0.05	5%	farmed_only	Farmed only	1	29398102	29418101	2	-1.959309009	2	Dole7;Pronutrix+ Belgium	False
D5pct_farmed_only_1_R00090	0.05	5%	farmed_only	Farmed only	1	29428102	29458101	3	-2.144072537	5	Dole7;Mystik Canada;Papek Czechia;Pronutrix+ Belgium;Starfood Holland	False
D5pct_farmed_only_1_R00091	0.05	5%	farmed_only	Farmed only	1	29468102	29488101	2	-1.929140292	2	Dole7;Pronutrix+ Belgium	False
D5pct_farmed_only_1_R00092	0.05	5%	farmed_only	Farmed only	1	29578102	29588101	1	-1.970501901	3	Dole7;Papek Czechia;Pronutrix+ Belgium	False
D5pct_farmed_only_1_R00093	0.05	5%	farmed_only	Farmed only	1	29688102	29698101	1	-1.976690102	4	Dole7;Mystik Canada;Papek Czechia;Pronutrix+ Belgium	False
D5pct_farmed_only_1_R00094	0.05	5%	farmed_only	Farmed only	1	29708102	29718101	1	-1.788940868	1	Papek Czechia	False
D5pct_farmed_only_1_R00095	0.05	5%	farmed_and_wild	Farmed + wild	1	29728102	29893101	25	-2.352671059	6	Dole7;Kingsect Belgium;Mystik Canada;Papek Czechia;Pronutrix+ Belgium;Starfood Holland	True
D5pct_farmed_only_1_R00096	0.05	5%	farmed_and_wild	Farmed + wild	1	29923102	30393101	71	-2.335295388	6	Dole7;Kingsect Belgium;Mystik Canada;Papek Czechia;Pronutrix+ Belgium;Starfood Holland	True
D5pct_farmed_only_1_R00097	0.05	5%	farmed_only	Farmed only	1	30478102	30498101	2	-2.140068179	5	Dole7;Mystik Canada;Papek Czechia;Pronutrix+ Belgium;Starfood Holland	False
D5pct_farmed_only_1_R00098	0.05	5%	farmed_only	Farmed only	1	30518102	30538101	2	-2.258645094	5	Dole7;Mystik Canada;Papek Czechia;Pronutrix+ Belgium;Starfood Holland	False
D5pct_farmed_only_1_R00099	0.05	5%	farmed_only	Farmed only	1	30558102	30578101	2	-2.105401759	5	Dole7;Mystik Canada;Papek Czechia;Pronutrix+ Belgium;Starfood Holland	False
D5pct_farmed_only_1_R00100	0.05	5%	farmed_only	Farmed only	1	30588102	30618101	3	-2.220397024	5	Dole7;Mystik Canada;Papek Czechia;Pronutrix+ Belgium;Starfood Holland	False
D5pct_farmed_only_1_R00101	0.05	5%	farmed_only	Farmed only	1	30648102	30658101	1	-1.882731981	3	Dole7;Papek Czechia;Pronutrix+ Belgium	False
D5pct_farmed_only_1_R00102	0.05	5%	farmed_only	Farmed only	1	30678102	30688101	1	-2.043250485	2	Dole7;Starfood Holland	False
D5pct_farmed_only_1_R00103	0.05	5%	farmed_only	Farmed only	1	30708102	30738101	3	-2.04782579	4	Dole7;Papek Czechia;Pronutrix+ Belgium;Starfood Holland	False
D5pct_farmed_only_1_R00104	0.05	5%	farmed_only	Farmed only	1	30748102	30758101	1	-1.799618172	1	Dole7	False
D5pct_farmed_only_1_R00105	0.05	5%	farmed_only	Farmed only	1	30848102	30878101	3	-2.224830024	4	Dole7;Papek Czechia;Pronutrix+ Belgium;Starfood Holland	False
D5pct_farmed_only_1_R00106	0.05	5%	farmed_only	Farmed only	1	30928102	30948101	2	-2.181369588	5	Dole7;Mystik Canada;Papek Czechia;Pronutrix+ Belgium;Starfood Holland	False
D5pct_farmed_only_1_R00107	0.05	5%	farmed_only	Farmed only	1	31438102	31448101	1	-2.101534046	4	Dole7;Papek Czechia;Pronutrix+ Belgium;Starfood Holland	False
D5pct_farmed_only_1_R00108	0.05	5%	farmed_only	Farmed only	1	31483102	31493101	1	-1.676863256	1	Kingsect Belgium	False
D5pct_farmed_only_1_R00109	0.05	5%	farmed_only	Farmed only	1	31593102	31643101	6	-1.752512371	2	Kingsect Belgium;Mystik Canada	False
D5pct_farmed_only_1_R00110	0.05	5%	farmed_only	Farmed only	1	31868102	31878101	1	-1.835579006	3	Dole7;Mystik Canada;Pronutrix+ Belgium	False
D5pct_farmed_only_1_R00111	0.05	5%	farmed_only	Farmed only	1	31913102	31923101	1	-1.690514369	1	Kingsect Belgium	False
D5pct_farmed_only_1_R00112	0.05	5%	farmed_and_wild	Farmed + wild	1	31948102	31963101	2	-1.67797534	2	Kingsect Belgium;Mystik Canada	True
D5pct_farmed_only_1_R00113	0.05	5%	farmed_only	Farmed only	1	31978102	31988101	1	-1.171200969	1	Mystik Canada	False
D5pct_farmed_only_1_R00114	0.05	5%	farmed_only	Farmed only	1	32023102	32048101	4	-2.044674759	6	Dole7;Kingsect Belgium;Mystik Canada;Papek Czechia;Pronutrix+ Belgium;Starfood Holland	False
D5pct_farmed_only_1_R00115	0.05	5%	farmed_and_wild	Farmed + wild	1	32063102	32093101	3	-1.7202402	1	Kingsect Belgium	True
D5pct_farmed_only_1_R00116	0.05	5%	farmed_and_wild	Farmed + wild	1	32103102	32113101	1	-1.676686439	1	Kingsect Belgium	True
D5pct_farmed_only_1_R00117	0.05	5%	farmed_only	Farmed only	1	32128102	32138101	1	-1.861367888	2	Dole7;Papek Czechia	False
D5pct_farmed_only_1_R00118	0.05	5%	farmed_only	Farmed only	1	32168102	32178101	1	-2.171779873	3	Dole7;Pronutrix+ Belgium;Starfood Holland	False
D5pct_farmed_only_1_R00119	0.05	5%	farmed_only	Farmed only	1	32198102	32208101	1	-1.523417917	2	Mystik Canada;Pronutrix+ Belgium	False
D5pct_farmed_only_1_R00120	0.05	5%	farmed_only	Farmed only	1	32368102	32378101	1	-1.17906675	1	Mystik Canada	False
D5pct_farmed_only_1_R00121	0.05	5%	farmed_only	Farmed only	1	32458102	32468101	1	-1.886460213	1	Dole7	False
D5pct_farmed_only_1_R00122	0.05	5%	farmed_only	Farmed only	1	32478102	32488101	1	-1.939982929	1	Dole7	False
D5pct_farmed_only_1_R00123	0.05	5%	farmed_only	Farmed only	1	32528102	32548101	2	-2.327019107	2	Dole7;Starfood Holland	False
D5pct_farmed_only_1_R00124	0.05	5%	farmed_only	Farmed only	1	32678102	32688101	1	-2.115724683	1	Starfood Holland	False
D5pct_farmed_only_1_R00125	0.05	5%	farmed_only	Farmed only	1	32708102	32718101	1	-2.036963786	1	Dole7	False
D5pct_farmed_only_1_R00126	0.05	5%	farmed_only	Farmed only	1	32828102	32838101	1	-1.859063673	4	Dole7;Mystik Canada;Papek Czechia;Pronutrix+ Belgium	False
D5pct_farmed_only_1_R00127	0.05	5%	farmed_only	Farmed only	1	33018102	33028101	1	-1.178440539	1	Mystik Canada	False
D5pct_farmed_only_1_R00128	0.05	5%	farmed_only	Farmed only	1	35018102	35028101	1	-1.923494543	1	Dole7	False
D5pct_farmed_only_1_R00129	0.05	5%	farmed_only	Farmed only	1	35408102	35418101	1	-1.956011062	4	Dole7;Mystik Canada;Papek Czechia;Pronutrix+ Belgium	False
D5pct_farmed_only_1_R00130	0.05	5%	farmed_only	Farmed only	1	36448102	36458101	1	-2.551778003	5	Dole7;Mystik Canada;Papek Czechia;Pronutrix+ Belgium;Starfood Holland	False
D5pct_farmed_only_1_R00131	0.05	5%	farmed_only	Farmed only	1	36548102	36558101	1	-1.901643812	4	Dole7;Mystik Canada;Papek Czechia;Pronutrix+ Belgium	False
D5pct_farmed_only_1_R00132	0.05	5%	farmed_only	Farmed only	1	37378102	37388101	1	-1.481183969	1	Pronutrix+ Belgium	False
D5pct_farmed_only_1_R00133	0.05	5%	farmed_only	Farmed only	1	39968102	39978101	1	-2.040280922	2	Dole7;Mystik Canada	False
D5pct_farmed_only_1_R00134	0.05	5%	farmed_only	Farmed only	1	43998102	44008101	1	-1.480403613	1	Pronutrix+ Belgium	False
D5pct_farmed_only_1_R00135	0.05	5%	farmed_only	Farmed only	1	44368102	44378101	1	-1.799329414	2	Dole7;Pronutrix+ Belgium	False
D5pct_farmed_only_1_R00136	0.05	5%	farmed_only	Farmed only	1	45058102	45068101	1	-1.814607048	1	Dole7	False
D5pct_farmed_only_1_R00137	0.05	5%	farmed_only	Farmed only	1	45098102	45108101	1	-1.542959827	1	Pronutrix+ Belgium	False
D5pct_farmed_only_1_R00138	0.05	5%	farmed_only	Farmed only	1	45668102	45678101	1	-2.238656323	4	Mystik Canada;Papek Czechia;Pronutrix+ Belgium;Starfood Holland	False
D5pct_farmed_only_1_R00139	0.05	5%	farmed_only	Farmed only	1	47488102	47498101	1	-1.563001954	2	Mystik Canada;Pronutrix+ Belgium	False
D5pct_farmed_only_1_R00140	0.05	5%	farmed_and_wild	Farmed + wild	1	47503102	47518101	2	-2.330369734	3	Dole7;Kingsect Belgium;Starfood Holland	True
D5pct_farmed_and_wild_1_R00141	0.05	5%	farmed_and_wild	Farmed + wild	1	4047536	4057535	1	-2.741735496	5	Dole7;Mystik Canada;Papek Czechia;Pronutrix+ Belgium;Starfood Holland	True
D5pct_farmed_and_wild_1_R00142	0.05	5%	farmed_and_wild	Farmed + wild	1	11017536	11027535	1	-1.883705332	1	Dole7	True
D5pct_farmed_and_wild_1_R00143	0.05	5%	farmed_and_wild	Farmed + wild	1	11147536	11157535	1	-2.241493465	4	Dole7;Papek Czechia;Pronutrix+ Belgium;Starfood Holland	True
D5pct_farmed_and_wild_1_R00144	0.05	5%	farmed_and_wild	Farmed + wild	1	12087536	12097535	1	-2.395859726	5	Dole7;Mystik Canada;Papek Czechia;Pronutrix+ Belgium;Starfood Holland	True
D5pct_farmed_and_wild_1_R00145	0.05	5%	farmed_and_wild	Farmed + wild	1	14057536	14067535	1	-1.884503077	1	Dole7	True
D5pct_farmed_and_wild_1_R00146	0.05	5%	farmed_and_wild	Farmed + wild	1	14417536	14427535	1	-2.259962296	5	Dole7;Mystik Canada;Papek Czechia;Pronutrix+ Belgium;Starfood Holland	True
D5pct_farmed_and_wild_1_R00147	0.05	5%	farmed_and_wild	Farmed + wild	1	14527536	14537535	1	-1.719004597	1	Papek Czechia	True
D5pct_farmed_and_wild_1_R00148	0.05	5%	farmed_and_wild	Farmed + wild	1	14547536	14557535	1	-1.841925464	1	Papek Czechia	True
D5pct_farmed_and_wild_1_R00149	0.05	5%	farmed_and_wild	Farmed + wild	1	15027536	15037535	1	-1.870086904	2	Dole7;Papek Czechia	True
D5pct_farmed_and_wild_1_R00150	0.05	5%	farmed_and_wild	Farmed + wild	1	15257536	15267535	1	-2.103190714	4	Dole7;Mystik Canada;Papek Czechia;Starfood Holland	True
D5pct_farmed_and_wild_1_R00151	0.05	5%	farmed_and_wild	Farmed + wild	1	15277536	15287535	1	-2.065838436	2	Dole7;Starfood Holland	True
D5pct_farmed_and_wild_1_R00152	0.05	5%	farmed_and_wild	Farmed + wild	1	15307536	15377535	7	-2.519741638	5	Dole7;Mystik Canada;Papek Czechia;Pronutrix+ Belgium;Starfood Holland	True
D5pct_farmed_and_wild_1_R00153	0.05	5%	farmed_and_wild	Farmed + wild	1	16087536	16097535	1	-2.086146856	4	Dole7;Papek Czechia;Pronutrix+ Belgium;Starfood Holland	True
D5pct_farmed_and_wild_1_R00154	0.05	5%	farmed_and_wild	Farmed + wild	1	16637536	16647535	1	-2.565139863	5	Dole7;Mystik Canada;Papek Czechia;Pronutrix+ Belgium;Starfood Holland	True
D5pct_farmed_and_wild_1_R00155	0.05	5%	farmed_and_wild	Farmed + wild	1	19157536	19167535	1	-2.121797871	5	Dole7;Mystik Canada;Papek Czechia;Pronutrix+ Belgium;Starfood Holland	True
D5pct_farmed_and_wild_1_R00156	0.05	5%	farmed_and_wild	Farmed + wild	1	19177536	19187535	1	-2.393893636	5	Dole7;Mystik Canada;Papek Czechia;Pronutrix+ Belgium;Starfood Holland	True
D5pct_farmed_and_wild_1_R00157	0.05	5%	farmed_and_wild	Farmed + wild	1	19207536	19227535	2	-2.348397807	5	Dole7;Mystik Canada;Papek Czechia;Pronutrix+ Belgium;Starfood Holland	True
D5pct_farmed_and_wild_1_R00158	0.05	5%	farmed_and_wild	Farmed + wild	1	19247536	19257535	1	-2.418631239	5	Dole7;Mystik Canada;Papek Czechia;Pronutrix+ Belgium;Starfood Holland	True
D5pct_farmed_and_wild_1_R00159	0.05	5%	farmed_and_wild	Farmed + wild	1	19697536	19707535	1	-2.080065304	5	Dole7;Mystik Canada;Papek Czechia;Pronutrix+ Belgium;Starfood Holland	True
D5pct_farmed_and_wild_1_R00160	0.05	5%	farmed_and_wild	Farmed + wild	1	20007536	20017535	1	-2.159042005	2	Dole7;Starfood Holland	True
D5pct_farmed_and_wild_1_R00161	0.05	5%	farmed_and_wild	Farmed + wild	1	20717536	20727535	1	-2.714680776	5	Dole7;Mystik Canada;Papek Czechia;Pronutrix+ Belgium;Starfood Holland	True
D5pct_farmed_and_wild_1_R00162	0.05	5%	farmed_and_wild	Farmed + wild	1	20927536	20977535	5	-3.106049747	5	Dole7;Mystik Canada;Papek Czechia;Pronutrix+ Belgium;Starfood Holland	True
D5pct_farmed_and_wild_1_R00163	0.05	5%	farmed_and_wild	Farmed + wild	1	21447536	21457535	1	-2.209731733	5	Dole7;Mystik Canada;Papek Czechia;Pronutrix+ Belgium;Starfood Holland	True
D5pct_farmed_and_wild_1_R00164	0.05	5%	farmed_and_wild	Farmed + wild	1	21957536	21977535	2	-2.419109826	5	Dole7;Mystik Canada;Papek Czechia;Pronutrix+ Belgium;Starfood Holland	True
D5pct_farmed_and_wild_1_R00165	0.05	5%	farmed_and_wild	Farmed + wild	1	22787536	22797535	1	-2.038074975	4	Dole7;Mystik Canada;Papek Czechia;Pronutrix+ Belgium	True
D5pct_farmed_and_wild_1_R00166	0.05	5%	farmed_and_wild	Farmed + wild	1	25487536	25497535	1	-1.931793967	4	Dole7;Mystik Canada;Papek Czechia;Pronutrix+ Belgium	True
D5pct_farmed_and_wild_1_R00167	0.05	5%	farmed_and_wild	Farmed + wild	1	25567536	25577535	1	-1.984480865	2	Dole7;Mystik Canada	True
D5pct_farmed_and_wild_1_R00168	0.05	5%	farmed_and_wild	Farmed + wild	1	25627536	25637535	1	-2.023148249	2	Dole7;Pronutrix+ Belgium	True
D5pct_farmed_and_wild_1_R00169	0.05	5%	farmed_and_wild	Farmed + wild	1	26018102	26028101	1	-2.131977263	3	Dole7;Pronutrix+ Belgium;Starfood Holland	True
D5pct_farmed_and_wild_1_R00170	0.05	5%	farmed_and_wild	Farmed + wild	1	26178102	26188101	1	-2.365748839	5	Dole7;Mystik Canada;Papek Czechia;Pronutrix+ Belgium;Starfood Holland	True
D5pct_farmed_and_wild_1_R00171	0.05	5%	farmed_and_wild	Farmed + wild	1	26508102	26518101	1	-2.406304009	5	Dole7;Mystik Canada;Papek Czechia;Pronutrix+ Belgium;Starfood Holland	True
D5pct_farmed_and_wild_1_R00172	0.05	5%	farmed_and_wild	Farmed + wild	1	26878102	26888101	1	-2.093117341	5	Dole7;Mystik Canada;Papek Czechia;Pronutrix+ Belgium;Starfood Holland	True
D5pct_farmed_and_wild_1_R00173	0.05	5%	farmed_and_wild	Farmed + wild	1	26958102	26968101	1	-1.802521549	1	Dole7	True
D5pct_farmed_and_wild_1_R00174	0.05	5%	farmed_and_wild	Farmed + wild	1	27308102	27318101	1	-2.457938469	5	Dole7;Mystik Canada;Papek Czechia;Pronutrix+ Belgium;Starfood Holland	True
D5pct_farmed_and_wild_1_R00175	0.05	5%	farmed_and_wild	Farmed + wild	1	27328102	27338101	1	-2.448298555	5	Dole7;Mystik Canada;Papek Czechia;Pronutrix+ Belgium;Starfood Holland	True
D5pct_farmed_and_wild_1_R00176	0.05	5%	farmed_and_wild	Farmed + wild	1	28108102	28118101	1	-1.94416514	2	Dole7;Mystik Canada	True
D5pct_farmed_and_wild_1_R00177	0.05	5%	farmed_and_wild	Farmed + wild	1	28178102	28188101	1	-1.953742275	1	Dole7	True
D5pct_farmed_and_wild_1_R00178	0.05	5%	farmed_and_wild	Farmed + wild	1	28248102	28258101	1	-2.231608775	3	Dole7;Pronutrix+ Belgium;Starfood Holland	True
D5pct_farmed_and_wild_1_R00179	0.05	5%	farmed_and_wild	Farmed + wild	1	29828102	29848101	2	-2.281407361	5	Dole7;Mystik Canada;Papek Czechia;Pronutrix+ Belgium;Starfood Holland	True
D5pct_farmed_and_wild_1_R00180	0.05	5%	farmed_and_wild	Farmed + wild	1	29888102	29898101	1	-2.491476973	5	Dole7;Mystik Canada;Papek Czechia;Pronutrix+ Belgium;Starfood Holland	True
D5pct_farmed_and_wild_1_R00181	0.05	5%	farmed_and_wild	Farmed + wild	1	30188102	30208101	2	-2.394272735	5	Dole7;Mystik Canada;Papek Czechia;Pronutrix+ Belgium;Starfood Holland	True
D5pct_farmed_and_wild_1_R00182	0.05	5%	farmed_and_wild	Farmed + wild	1	30328102	30338101	1	-2.472250833	5	Dole7;Mystik Canada;Papek Czechia;Pronutrix+ Belgium;Starfood Holland	True
D5pct_farmed_and_wild_1_R00183	0.05	5%	farmed_and_wild	Farmed + wild	1	30908102	30918101	1	-2.271899948	5	Dole7;Mystik Canada;Papek Czechia;Pronutrix+ Belgium;Starfood Holland	True
D5pct_farmed_and_wild_1_R00184	0.05	5%	farmed_and_wild	Farmed + wild	1	31198102	31208101	1	-1.639247979	1	Mystik Canada	True
D5pct_farmed_and_wild_1_R00185	0.05	5%	farmed_and_wild	Farmed + wild	1	31518102	31528101	1	-2.036754971	4	Dole7;Mystik Canada;Pronutrix+ Belgium;Starfood Holland	True
D5pct_farmed_and_wild_1_R00186	0.05	5%	farmed_and_wild	Farmed + wild	1	31788102	31798101	1	-1.699792125	1	Mystik Canada	True
D5pct_farmed_and_wild_1_R00187	0.05	5%	farmed_and_wild	Farmed + wild	1	31958102	31968101	1	-1.907679832	3	Dole7;Mystik Canada;Pronutrix+ Belgium	True
D5pct_farmed_and_wild_1_R00188	0.05	5%	farmed_and_wild	Farmed + wild	1	32058102	32068101	1	-2.331746026	5	Dole7;Mystik Canada;Papek Czechia;Pronutrix+ Belgium;Starfood Holland	True
D5pct_farmed_and_wild_1_R00189	0.05	5%	farmed_and_wild	Farmed + wild	1	32108102	32118101	1	-2.010015717	3	Dole7;Papek Czechia;Pronutrix+ Belgium	True
D5pct_farmed_and_wild_1_R00190	0.05	5%	farmed_and_wild	Farmed + wild	1	33988102	34008101	2	-2.897671235	5	Dole7;Mystik Canada;Papek Czechia;Pronutrix+ Belgium;Starfood Holland	True
D5pct_farmed_and_wild_1_R00191	0.05	5%	farmed_and_wild	Farmed + wild	1	38908102	38928101	2	-2.996495961	5	Dole7;Mystik Canada;Papek Czechia;Pronutrix+ Belgium;Starfood Holland	True
D5pct_farmed_and_wild_1_R00192	0.05	5%	farmed_and_wild	Farmed + wild	1	41128102	41148101	2	-3.257207079	5	Dole7;Mystik Canada;Papek Czechia;Pronutrix+ Belgium;Starfood Holland	True
D5pct_farmed_and_wild_1_R00193	0.05	5%	farmed_and_wild	Farmed + wild	1	47498102	47508101	1	-2.444690521	4	Dole7;Papek Czechia;Pronutrix+ Belgium;Starfood Holland	True
D5pct_farmed_and_wild_1_R00194	0.05	5%	farmed_and_wild	Farmed + wild	1	47518102	47548101	3	-2.663163776	5	Dole7;Mystik Canada;Papek Czechia;Pronutrix+ Belgium;Starfood Holland	True
D5pct_wild_only_1_R00195	0.05	5%	wild_only	Wild only	1	6847536	6857535	1	-1.859367865	0		True
D5pct_wild_only_1_R00196	0.05	5%	wild_only	Wild only	1	8707536	8717535	1	-1.871592177	0		True
D5pct_wild_only_1_R00197	0.05	5%	wild_only	Wild only	1	9957536	9967535	1	-1.61240152	0		True
D5pct_wild_only_1_R00198	0.05	5%	wild_only	Wild only	1	10397536	10407535	1	-1.627604748	0		True
D5pct_wild_only_1_R00199	0.05	5%	wild_only	Wild only	1	11697536	11707535	1	-1.822765114	0		True
D5pct_wild_only_1_R00200	0.05	5%	wild_only	Wild only	1	11767536	11787535	2	-1.589134581	0		True
D5pct_wild_only_1_R00201	0.05	5%	wild_only	Wild only	1	12157536	12177535	2	-1.91384683	0		True
D5pct_wild_only_1_R00202	0.05	5%	wild_only	Wild only	1	12867536	12877535	1	-1.612458196	0		True
D5pct_wild_only_1_R00203	0.05	5%	wild_only	Wild only	1	12897536	12927535	3	-1.835668139	0		True
D5pct_wild_only_1_R00204	0.05	5%	wild_only	Wild only	1	12977536	12987535	1	-1.69622001	0		True
D5pct_wild_only_1_R00205	0.05	5%	wild_only	Wild only	1	13607536	13617535	1	-1.592214159	0		True
D5pct_wild_only_1_R00206	0.05	5%	wild_only	Wild only	1	14237536	14247535	1	-1.659936113	0		True
D5pct_wild_only_1_R00207	0.05	5%	wild_only	Wild only	1	14287536	14297535	1	-1.593071304	0		True
D5pct_wild_only_1_R00208	0.05	5%	wild_only	Wild only	1	14567536	14587535	2	-1.761673712	0		True
D5pct_wild_only_1_R00209	0.05	5%	wild_only	Wild only	1	17377536	17387535	1	-1.600653109	0		True
D5pct_wild_only_1_R00210	0.05	5%	wild_only	Wild only	1	18727536	18737535	1	-1.695635669	0		True
D5pct_wild_only_1_R00211	0.05	5%	wild_only	Wild only	1	20497536	20507535	1	-1.580263581	0		True
D5pct_wild_only_1_R00212	0.05	5%	wild_only	Wild only	1	22117536	22127535	1	-1.619808161	0		True
D5pct_wild_only_1_R00213	0.05	5%	wild_only	Wild only	1	25807536	25817535	1	-1.724184661	0		True
D5pct_wild_only_1_R00214	0.05	5%	wild_only	Wild only	1	31398102	31408101	1	-1.577692927	0		True
D5pct_wild_only_1_R00215	0.05	5%	wild_only	Wild only	1	33818102	33828101	1	-1.56212026	0		True
D5pct_wild_only_1_R00216	0.05	5%	wild_only	Wild only	1	34478102	34488101	1	-1.648058719	0		True
D5pct_wild_only_1_R00217	0.05	5%	wild_only	Wild only	1	36378102	36388101	1	-1.804351769	0		True
D5pct_wild_only_1_R00218	0.05	5%	wild_only	Wild only	1	38008102	38018101	1	-1.876322069	0		True
D5pct_wild_only_1_R00219	0.05	5%	wild_only	Wild only	1	38528102	38538101	1	-1.721301002	0		True
D5pct_wild_only_1_R00220	0.05	5%	wild_only	Wild only	1	41778102	41788101	1	-1.611423388	0		True
D5pct_farmed_only_10_R00221	0.05	5%	farmed_only	Farmed only	10	5000	14999	1	-1.860344496	1	Dole7	False
D5pct_farmed_only_10_R00222	0.05	5%	farmed_only	Farmed only	10	685000	694999	1	-1.824014875	2	Dole7;Mystik Canada	False
D5pct_farmed_only_10_R00223	0.05	5%	farmed_only	Farmed only	10	705000	714999	1	-1.934463343	1	Dole7	False
D5pct_farmed_only_10_R00224	0.05	5%	farmed_only	Farmed only	10	1325000	1334999	1	-2.107539205	3	Dole7;Papek Czechia;Pronutrix+ Belgium	False
D5pct_farmed_only_10_R00225	0.05	5%	farmed_only	Farmed only	10	5915000	5924999	1	-1.881180758	1	Dole7	False
D5pct_farmed_only_10_R00226	0.05	5%	farmed_only	Farmed only	10	6545000	6614999	7	-2.485674367	5	Dole7;Mystik Canada;Papek Czechia;Pronutrix+ Belgium;Starfood Holland	False
D5pct_farmed_only_10_R00227	0.05	5%	farmed_only	Farmed only	10	6735000	6744999	1	-1.566000709	1	Pronutrix+ Belgium	False
D5pct_farmed_only_10_R00228	0.05	5%	farmed_only	Farmed only	10	9655000	9684999	3	-1.853912952	4	Dole7;Mystik Canada;Papek Czechia;Pronutrix+ Belgium	False
D5pct_farmed_only_10_R00229	0.05	5%	farmed_only	Farmed only	10	10775000	10784999	1	-2.405878715	3	Dole7;Mystik Canada;Starfood Holland	False
D5pct_farmed_only_10_R00230	0.05	5%	farmed_only	Farmed only	10	11955000	11964999	1	-1.811263522	1	Dole7	False
D5pct_farmed_only_10_R00231	0.05	5%	farmed_only	Farmed only	10	12135000	12154999	2	-2.252617515	5	Dole7;Mystik Canada;Papek Czechia;Pronutrix+ Belgium;Starfood Holland	False
D5pct_farmed_only_10_R00232	0.05	5%	farmed_only	Farmed only	10	12165000	12194999	3	-2.276555925	5	Dole7;Mystik Canada;Papek Czechia;Pronutrix+ Belgium;Starfood Holland	False
D5pct_farmed_only_10_R00233	0.05	5%	farmed_only	Farmed only	10	12215000	12224999	1	-1.908219113	2	Dole7;Papek Czechia	False
D5pct_farmed_only_10_R00234	0.05	5%	farmed_only	Farmed only	10	12355000	12364999	1	-1.872655743	1	Dole7	False
D5pct_farmed_only_10_R00235	0.05	5%	farmed_only	Farmed only	10	12415000	12424999	1	-1.824282331	2	Dole7;Pronutrix+ Belgium	False
D5pct_farmed_only_10_R00236	0.05	5%	farmed_only	Farmed only	10	12475000	12484999	1	-2.092551701	4	Dole7;Papek Czechia;Pronutrix+ Belgium;Starfood Holland	False
D5pct_farmed_only_10_R00237	0.05	5%	farmed_only	Farmed only	10	12555000	12564999	1	-1.999707784	2	Dole7;Papek Czechia	False
D5pct_farmed_only_10_R00238	0.05	5%	farmed_only	Farmed only	10	12575000	12584999	1	-1.786995143	1	Papek Czechia	False
D5pct_farmed_only_10_R00239	0.05	5%	farmed_only	Farmed only	10	12645000	12654999	1	-1.975657694	1	Dole7	False
D5pct_farmed_only_10_R00240	0.05	5%	farmed_and_wild	Farmed + wild	10	12660000	13169999	66	-2.343407422	6	Dole7;Kingsect Belgium;Mystik Canada;Papek Czechia;Pronutrix+ Belgium;Starfood Holland	True
D5pct_farmed_only_10_R00241	0.05	5%	farmed_only	Farmed only	10	13185000	13194999	1	-1.755186725	1	Papek Czechia	False
D5pct_farmed_only_10_R00242	0.05	5%	farmed_and_wild	Farmed + wild	10	13280000	13549999	31	-2.087644334	3	Dole7;Kingsect Belgium;Papek Czechia	True
D5pct_farmed_only_10_R00243	0.05	5%	farmed_only	Farmed only	10	13555000	13564999	1	-1.865729055	1	Dole7	False
D5pct_farmed_only_10_R00244	0.05	5%	farmed_only	Farmed only	10	13605000	13614999	1	-1.889744657	1	Dole7	False
D5pct_farmed_only_10_R00245	0.05	5%	farmed_and_wild	Farmed + wild	10	13665000	13769999	13	-1.99874201	2	Dole7;Kingsect Belgium	True
D5pct_farmed_only_10_R00246	0.05	5%	farmed_and_wild	Farmed + wild	10	13820000	13939999	16	-2.400595754	4	Dole7;Kingsect Belgium;Mystik Canada;Papek Czechia	True
D5pct_farmed_only_10_R00247	0.05	5%	farmed_and_wild	Farmed + wild	10	13955000	14129999	22	-2.274789845	6	Dole7;Kingsect Belgium;Mystik Canada;Papek Czechia;Pronutrix+ Belgium;Starfood Holland	True
D5pct_farmed_only_10_R00248	0.05	5%	farmed_only	Farmed only	10	14225000	14234999	1	-1.826753176	1	Dole7	False
D5pct_farmed_only_10_R00249	0.05	5%	farmed_only	Farmed only	10	14315000	14334999	2	-1.937613701	3	Dole7;Mystik Canada;Pronutrix+ Belgium	False
D5pct_farmed_only_10_R00250	0.05	5%	farmed_only	Farmed only	10	14345000	14354999	1	-2.003499988	3	Dole7;Mystik Canada;Pronutrix+ Belgium	False
D5pct_farmed_only_10_R00251	0.05	5%	farmed_only	Farmed only	10	14365000	14374999	1	-1.950629818	1	Dole7	False
D5pct_farmed_only_10_R00252	0.05	5%	farmed_and_wild	Farmed + wild	10	14380000	14439999	8	-1.900580782	2	Dole7;Kingsect Belgium	True
D5pct_farmed_only_10_R00253	0.05	5%	farmed_only	Farmed only	10	14475000	14484999	1	-1.819681276	2	Dole7;Mystik Canada	False
D5pct_farmed_only_10_R00254	0.05	5%	farmed_only	Farmed only	10	14505000	14514999	1	-1.850405432	1	Dole7	False
D5pct_farmed_only_10_R00255	0.05	5%	farmed_only	Farmed only	10	14525000	14534999	1	-1.809196464	1	Dole7	False
D5pct_farmed_only_10_R00256	0.05	5%	farmed_only	Farmed only	10	14615000	14624999	1	-2.128935963	3	Dole7;Mystik Canada;Starfood Holland	False
D5pct_farmed_only_10_R00257	0.05	5%	farmed_only	Farmed only	10	14655000	14664999	1	-1.809398271	1	Dole7	False
D5pct_farmed_only_10_R00258	0.05	5%	farmed_and_wild	Farmed + wild	10	14840000	14939999	14	-2.31401231	6	Dole7;Kingsect Belgium;Mystik Canada;Papek Czechia;Pronutrix+ Belgium;Starfood Holland	True
D5pct_farmed_only_10_R00259	0.05	5%	farmed_only	Farmed only	10	14965000	14984999	2	-1.921411693	1	Dole7	False
D5pct_farmed_only_10_R00260	0.05	5%	farmed_and_wild	Farmed + wild	10	14990000	15094999	14	-2.382591003	6	Dole7;Kingsect Belgium;Mystik Canada;Papek Czechia;Pronutrix+ Belgium;Starfood Holland	True
D5pct_farmed_only_10_R00261	0.05	5%	farmed_only	Farmed only	10	15215000	15224999	1	-1.971756374	1	Dole7	False
D5pct_farmed_only_10_R00262	0.05	5%	farmed_and_wild	Farmed + wild	10	15250000	15269999	2	-1.736026169	1	Kingsect Belgium	True
D5pct_farmed_only_10_R00263	0.05	5%	farmed_only	Farmed only	10	15355000	15364999	1	-1.826161874	2	Dole7;Pronutrix+ Belgium	False
D5pct_farmed_only_10_R00264	0.05	5%	farmed_only	Farmed only	10	15415000	15424999	1	-2.198070662	5	Dole7;Mystik Canada;Papek Czechia;Pronutrix+ Belgium;Starfood Holland	False
D5pct_farmed_only_10_R00265	0.05	5%	farmed_only	Farmed only	10	15435000	15444999	1	-1.47054519	2	Mystik Canada;Pronutrix+ Belgium	False
D5pct_farmed_only_10_R00266	0.05	5%	farmed_only	Farmed only	10	15450000	15459999	1	-1.715994492	1	Kingsect Belgium	False
D5pct_farmed_only_10_R00267	0.05	5%	farmed_only	Farmed only	10	15535000	15544999	1	-2.120473507	2	Dole7;Starfood Holland	False
D5pct_farmed_only_10_R00268	0.05	5%	farmed_only	Farmed only	10	15645000	15654999	1	-1.830589784	1	Dole7	False
D5pct_farmed_only_10_R00269	0.05	5%	farmed_only	Farmed only	10	15665000	15674999	1	-1.885716703	3	Dole7;Papek Czechia;Pronutrix+ Belgium	False
D5pct_farmed_only_10_R00270	0.05	5%	farmed_only	Farmed only	10	15695000	15714999	2	-2.074454564	2	Dole7;Starfood Holland	False
D5pct_farmed_only_10_R00271	0.05	5%	farmed_and_wild	Farmed + wild	10	15720000	15749999	3	-1.711068133	1	Kingsect Belgium	True
D5pct_wild_only_10_R00272	0.05	5%	wild_only	Wild only	10	15000	24999	1	-1.646747468	0		True
D5pct_wild_only_10_R00273	0.05	5%	wild_only	Wild only	10	945000	954999	1	-2.035543134	0		True
D5pct_wild_only_10_R00274	0.05	5%	wild_only	Wild only	10	1785000	1794999	1	-1.81723811	0		True
D5pct_wild_only_10_R00275	0.05	5%	wild_only	Wild only	10	3585000	3594999	1	-1.762004198	0		True
D5pct_wild_only_10_R00276	0.05	5%	wild_only	Wild only	10	13075000	13084999	1	-1.627012171	0		True
D5pct_wild_only_10_R00277	0.05	5%	wild_only	Wild only	10	13455000	13464999	1	-1.617022154	0		True
D5pct_wild_only_10_R00278	0.05	5%	wild_only	Wild only	10	13985000	13994999	1	-1.650480297	0		True
D5pct_wild_only_10_R00279	0.05	5%	wild_only	Wild only	10	14635000	14644999	1	-1.583963358	0		True
D5pct_wild_only_10_R00280	0.05	5%	wild_only	Wild only	10	14675000	14684999	1	-1.850389312	0		True
D5pct_wild_only_10_R00281	0.05	5%	wild_only	Wild only	10	14775000	14794999	2	-1.752426749	0		True
D5pct_farmed_and_wild_10_R00282	0.05	5%	farmed_and_wild	Farmed + wild	10	695000	704999	1	-2.444550868	5	Dole7;Mystik Canada;Papek Czechia;Pronutrix+ Belgium;Starfood Holland	True
D5pct_farmed_and_wild_10_R00283	0.05	5%	farmed_and_wild	Farmed + wild	10	1795000	1834999	4	-2.589822205	4	Dole7;Papek Czechia;Pronutrix+ Belgium;Starfood Holland	True
D5pct_farmed_and_wild_10_R00284	0.05	5%	farmed_and_wild	Farmed + wild	10	1985000	2004999	2	-1.908029122	2	Dole7;Pronutrix+ Belgium	True
D5pct_farmed_and_wild_10_R00285	0.05	5%	farmed_and_wild	Farmed + wild	10	3825000	3834999	1	-2.417858616	1	Dole7	True
D5pct_farmed_and_wild_10_R00286	0.05	5%	farmed_and_wild	Farmed + wild	10	11905000	11914999	1	-2.092389319	4	Dole7;Mystik Canada;Papek Czechia;Pronutrix+ Belgium	True
D5pct_farmed_and_wild_10_R00287	0.05	5%	farmed_and_wild	Farmed + wild	10	12155000	12164999	1	-2.451006915	5	Dole7;Mystik Canada;Papek Czechia;Pronutrix+ Belgium;Starfood Holland	True
D5pct_farmed_and_wild_10_R00288	0.05	5%	farmed_and_wild	Farmed + wild	10	12205000	12214999	1	-2.37920372	5	Dole7;Mystik Canada;Papek Czechia;Pronutrix+ Belgium;Starfood Holland	True
D5pct_farmed_and_wild_10_R00289	0.05	5%	farmed_and_wild	Farmed + wild	10	12235000	12244999	1	-2.036026131	5	Dole7;Mystik Canada;Papek Czechia;Pronutrix+ Belgium;Starfood Holland	True
D5pct_farmed_and_wild_10_R00290	0.05	5%	farmed_and_wild	Farmed + wild	10	12275000	12284999	1	-2.435090935	5	Dole7;Mystik Canada;Papek Czechia;Pronutrix+ Belgium;Starfood Holland	True
D5pct_farmed_and_wild_10_R00291	0.05	5%	farmed_and_wild	Farmed + wild	10	12495000	12504999	1	-2.115327674	2	Dole7;Papek Czechia	True
D5pct_farmed_and_wild_10_R00292	0.05	5%	farmed_and_wild	Farmed + wild	10	12655000	12674999	2	-2.642908003	5	Dole7;Mystik Canada;Papek Czechia;Pronutrix+ Belgium;Starfood Holland	True
D5pct_farmed_and_wild_10_R00293	0.05	5%	farmed_and_wild	Farmed + wild	10	12775000	12784999	1	-2.443956912	5	Dole7;Mystik Canada;Papek Czechia;Pronutrix+ Belgium;Starfood Holland	True
D5pct_farmed_and_wild_10_R00294	0.05	5%	farmed_and_wild	Farmed + wild	10	12795000	12814999	2	-2.628759467	5	Dole7;Mystik Canada;Papek Czechia;Pronutrix+ Belgium;Starfood Holland	True
D5pct_farmed_and_wild_10_R00295	0.05	5%	farmed_and_wild	Farmed + wild	10	12855000	12874999	2	-3.054680361	5	Dole7;Mystik Canada;Papek Czechia;Pronutrix+ Belgium;Starfood Holland	True
D5pct_farmed_and_wild_10_R00296	0.05	5%	farmed_and_wild	Farmed + wild	10	12895000	12904999	1	-2.406156888	5	Dole7;Mystik Canada;Papek Czechia;Pronutrix+ Belgium;Starfood Holland	True
D5pct_farmed_and_wild_10_R00297	0.05	5%	farmed_and_wild	Farmed + wild	10	13085000	13104999	2	-2.165439038	5	Dole7;Mystik Canada;Papek Czechia;Pronutrix+ Belgium;Starfood Holland	True
D5pct_farmed_and_wild_10_R00298	0.05	5%	farmed_and_wild	Farmed + wild	10	13195000	13204999	1	-1.930435658	2	Dole7;Papek Czechia	True
D5pct_farmed_and_wild_10_R00299	0.05	5%	farmed_and_wild	Farmed + wild	10	13345000	13354999	1	-2.239381867	5	Dole7;Mystik Canada;Papek Czechia;Pronutrix+ Belgium;Starfood Holland	True
D5pct_farmed_and_wild_10_R00300	0.05	5%	farmed_and_wild	Farmed + wild	10	13425000	13454999	3	-2.726332456	5	Dole7;Mystik Canada;Papek Czechia;Pronutrix+ Belgium;Starfood Holland	True
D5pct_farmed_and_wild_10_R00301	0.05	5%	farmed_and_wild	Farmed + wild	10	13465000	13474999	1	-2.205852376	3	Dole7;Pronutrix+ Belgium;Starfood Holland	True
D5pct_farmed_and_wild_10_R00302	0.05	5%	farmed_and_wild	Farmed + wild	10	13505000	13514999	1	-2.1284607	4	Dole7;Papek Czechia;Pronutrix+ Belgium;Starfood Holland	True
D5pct_farmed_and_wild_10_R00303	0.05	5%	farmed_and_wild	Farmed + wild	10	13535000	13544999	1	-2.079612077	2	Dole7;Starfood Holland	True
D5pct_farmed_and_wild_10_R00304	0.05	5%	farmed_and_wild	Farmed + wild	10	13735000	13744999	1	-2.417242767	5	Dole7;Mystik Canada;Papek Czechia;Pronutrix+ Belgium;Starfood Holland	True
D5pct_farmed_and_wild_10_R00305	0.05	5%	farmed_and_wild	Farmed + wild	10	13785000	13794999	1	-1.996831694	2	Dole7;Papek Czechia	True
D5pct_farmed_and_wild_10_R00306	0.05	5%	farmed_and_wild	Farmed + wild	10	13805000	13814999	1	-2.159787829	5	Dole7;Mystik Canada;Papek Czechia;Pronutrix+ Belgium;Starfood Holland	True
D5pct_farmed_and_wild_10_R00307	0.05	5%	farmed_and_wild	Farmed + wild	10	13875000	13894999	2	-2.573165862	5	Dole7;Mystik Canada;Papek Czechia;Pronutrix+ Belgium;Starfood Holland	True
D5pct_farmed_and_wild_10_R00308	0.05	5%	farmed_and_wild	Farmed + wild	10	14005000	14014999	1	-2.299749363	4	Dole7;Papek Czechia;Pronutrix+ Belgium;Starfood Holland	True
D5pct_farmed_and_wild_10_R00309	0.05	5%	farmed_and_wild	Farmed + wild	10	14025000	14034999	1	-2.049799463	4	Dole7;Mystik Canada;Papek Czechia;Pronutrix+ Belgium	True
D5pct_farmed_and_wild_10_R00310	0.05	5%	farmed_and_wild	Farmed + wild	10	14075000	14094999	2	-2.511845049	5	Dole7;Mystik Canada;Papek Czechia;Pronutrix+ Belgium;Starfood Holland	True
D5pct_farmed_and_wild_10_R00311	0.05	5%	farmed_and_wild	Farmed + wild	10	14125000	14134999	1	-2.00150245	2	Dole7;Mystik Canada	True
D5pct_farmed_and_wild_10_R00312	0.05	5%	farmed_and_wild	Farmed + wild	10	14175000	14184999	1	-2.309212932	4	Dole7;Papek Czechia;Pronutrix+ Belgium;Starfood Holland	True
D5pct_farmed_and_wild_10_R00313	0.05	5%	farmed_and_wild	Farmed + wild	10	14215000	14224999	1	-1.831899283	1	Dole7	True
D5pct_farmed_and_wild_10_R00314	0.05	5%	farmed_and_wild	Farmed + wild	10	14305000	14314999	1	-2.507073496	5	Dole7;Mystik Canada;Papek Czechia;Pronutrix+ Belgium;Starfood Holland	True
D5pct_farmed_and_wild_10_R00315	0.05	5%	farmed_and_wild	Farmed + wild	10	14355000	14364999	1	-2.051791718	4	Dole7;Mystik Canada;Papek Czechia;Pronutrix+ Belgium	True
D5pct_farmed_and_wild_10_R00316	0.05	5%	farmed_and_wild	Farmed + wild	10	14385000	14394999	1	-2.15332119	3	Dole7;Pronutrix+ Belgium;Starfood Holland	True
D5pct_farmed_and_wild_10_R00317	0.05	5%	farmed_and_wild	Farmed + wild	10	14535000	14544999	1	-2.25462804	5	Dole7;Mystik Canada;Papek Czechia;Pronutrix+ Belgium;Starfood Holland	True
D5pct_farmed_and_wild_10_R00318	0.05	5%	farmed_and_wild	Farmed + wild	10	14575000	14584999	1	-2.172223152	5	Dole7;Mystik Canada;Papek Czechia;Pronutrix+ Belgium;Starfood Holland	True
D5pct_farmed_and_wild_10_R00319	0.05	5%	farmed_and_wild	Farmed + wild	10	14695000	14704999	1	-2.283083202	5	Dole7;Mystik Canada;Papek Czechia;Pronutrix+ Belgium;Starfood Holland	True
D5pct_farmed_and_wild_10_R00320	0.05	5%	farmed_and_wild	Farmed + wild	10	14765000	14774999	1	-1.930540157	1	Dole7	True
D5pct_farmed_and_wild_10_R00321	0.05	5%	farmed_and_wild	Farmed + wild	10	14855000	14864999	1	-2.391584703	5	Dole7;Mystik Canada;Papek Czechia;Pronutrix+ Belgium;Starfood Holland	True
D5pct_farmed_and_wild_10_R00322	0.05	5%	farmed_and_wild	Farmed + wild	10	14905000	14914999	1	-2.024539682	2	Dole7;Pronutrix+ Belgium	True
D5pct_farmed_and_wild_10_R00323	0.05	5%	farmed_and_wild	Farmed + wild	10	14935000	14944999	1	-1.916995775	1	Dole7	True
D5pct_farmed_and_wild_10_R00324	0.05	5%	farmed_and_wild	Farmed + wild	10	14995000	15004999	1	-2.091658826	3	Dole7;Pronutrix+ Belgium;Starfood Holland	True
D5pct_farmed_and_wild_10_R00325	0.05	5%	farmed_and_wild	Farmed + wild	10	15015000	15024999	1	-2.080910479	2	Dole7;Starfood Holland	True
D5pct_farmed_and_wild_10_R00326	0.05	5%	farmed_and_wild	Farmed + wild	10	15035000	15044999	1	-2.541513767	5	Dole7;Mystik Canada;Papek Czechia;Pronutrix+ Belgium;Starfood Holland	True
D5pct_farmed_and_wild_10_R00327	0.05	5%	farmed_and_wild	Farmed + wild	10	15225000	15274999	5	-2.63636712	5	Dole7;Mystik Canada;Papek Czechia;Pronutrix+ Belgium;Starfood Holland	True
D5pct_farmed_and_wild_10_R00328	0.05	5%	farmed_and_wild	Farmed + wild	10	15405000	15414999	1	-2.205785184	4	Dole7;Papek Czechia;Pronutrix+ Belgium;Starfood Holland	True
D5pct_farmed_and_wild_10_R00329	0.05	5%	farmed_and_wild	Farmed + wild	10	15425000	15434999	1	-2.47388316	5	Dole7;Mystik Canada;Papek Czechia;Pronutrix+ Belgium;Starfood Holland	True
D5pct_farmed_and_wild_10_R00330	0.05	5%	farmed_and_wild	Farmed + wild	10	15495000	15504999	1	-2.402068354	5	Dole7;Mystik Canada;Papek Czechia;Pronutrix+ Belgium;Starfood Holland	True
D5pct_farmed_and_wild_10_R00331	0.05	5%	farmed_and_wild	Farmed + wild	10	15725000	15734999	1	-2.487043149	5	Dole7;Mystik Canada;Papek Czechia;Pronutrix+ Belgium;Starfood Holland	True
D5pct_farmed_and_wild_10_R00332	0.05	5%	farmed_and_wild	Farmed + wild	10	15765000	15774999	1	-1.84574743	4	Dole7;Mystik Canada;Papek Czechia;Pronutrix+ Belgium	True
D5pct_farmed_and_wild_2_R00333	0.05	5%	farmed_and_wild	Farmed + wild	2	35000	54999	2	-2.593537427	5	Dole7;Mystik Canada;Papek Czechia;Pronutrix+ Belgium;Starfood Holland	True
D5pct_farmed_and_wild_2_R00334	0.05	5%	farmed_and_wild	Farmed + wild	2	85000	94999	1	-2.176644254	5	Dole7;Mystik Canada;Papek Czechia;Pronutrix+ Belgium;Starfood Holland	True
D5pct_farmed_and_wild_2_R00335	0.05	5%	farmed_and_wild	Farmed + wild	2	3275000	3294999	2	-2.749068982	5	Dole7;Mystik Canada;Papek Czechia;Pronutrix+ Belgium;Starfood Holland	True
D5pct_farmed_and_wild_2_R00336	0.05	5%	farmed_and_wild	Farmed + wild	2	5825000	5834999	1	-2.889178183	2	Papek Czechia;Pronutrix+ Belgium	True
D5pct_farmed_and_wild_2_R00337	0.05	5%	farmed_and_wild	Farmed + wild	2	7135000	7144999	1	-2.398188172	5	Dole7;Mystik Canada;Papek Czechia;Pronutrix+ Belgium;Starfood Holland	True
D5pct_farmed_and_wild_2_R00338	0.05	5%	farmed_and_wild	Farmed + wild	2	7845000	7854999	1	-3.392647321	5	Dole7;Mystik Canada;Papek Czechia;Pronutrix+ Belgium;Starfood Holland	True
D5pct_farmed_and_wild_2_R00339	0.05	5%	farmed_and_wild	Farmed + wild	2	10895000	10914999	2	-2.478234652	5	Dole7;Mystik Canada;Papek Czechia;Pronutrix+ Belgium;Starfood Holland	True
D5pct_farmed_and_wild_2_R00340	0.05	5%	farmed_and_wild	Farmed + wild	2	11615000	11624999	1	-2.135058039	2	Dole7;Starfood Holland	True
D5pct_farmed_and_wild_2_R00341	0.05	5%	farmed_and_wild	Farmed + wild	2	11665000	11674999	1	-1.974975171	2	Dole7;Mystik Canada	True
D5pct_farmed_and_wild_2_R00342	0.05	5%	farmed_and_wild	Farmed + wild	2	12055000	12064999	1	-2.262007805	4	Dole7;Papek Czechia;Pronutrix+ Belgium;Starfood Holland	True
D5pct_farmed_and_wild_2_R00343	0.05	5%	farmed_and_wild	Farmed + wild	2	15345000	15364999	2	-3.418542725	5	Dole7;Mystik Canada;Papek Czechia;Pronutrix+ Belgium;Starfood Holland	True
D5pct_farmed_and_wild_2_R00344	0.05	5%	farmed_and_wild	Farmed + wild	2	15695000	15704999	1	-2.30030146	5	Dole7;Mystik Canada;Papek Czechia;Pronutrix+ Belgium;Starfood Holland	True
D5pct_farmed_and_wild_2_R00345	0.05	5%	farmed_and_wild	Farmed + wild	2	16705000	16714999	1	-1.934940786	1	Dole7	True
D5pct_farmed_and_wild_2_R00346	0.05	5%	farmed_and_wild	Farmed + wild	2	17385000	17394999	1	-1.933374038	1	Dole7	True
D5pct_farmed_and_wild_2_R00347	0.05	5%	farmed_and_wild	Farmed + wild	2	18235000	18244999	1	-2.123551529	3	Dole7;Pronutrix+ Belgium;Starfood Holland	True
D5pct_farmed_and_wild_2_R00348	0.05	5%	farmed_and_wild	Farmed + wild	2	20275000	20284999	1	-2.537856827	5	Dole7;Mystik Canada;Papek Czechia;Pronutrix+ Belgium;Starfood Holland	True
D5pct_farmed_and_wild_2_R00349	0.05	5%	farmed_and_wild	Farmed + wild	2	22285000	22294999	1	-2.523323195	5	Dole7;Mystik Canada;Papek Czechia;Pronutrix+ Belgium;Starfood Holland	True
D5pct_farmed_and_wild_2_R00350	0.05	5%	farmed_and_wild	Farmed + wild	2	30415000	30424999	1	-2.147901724	5	Dole7;Mystik Canada;Papek Czechia;Pronutrix+ Belgium;Starfood Holland	True
D5pct_farmed_and_wild_2_R00351	0.05	5%	farmed_and_wild	Farmed + wild	2	32085000	32094999	1	-1.838486358	1	Dole7	True
D5pct_farmed_and_wild_2_R00352	0.05	5%	farmed_and_wild	Farmed + wild	2	32105000	32114999	1	-2.582226869	5	Dole7;Mystik Canada;Papek Czechia;Pronutrix+ Belgium;Starfood Holland	True
D5pct_farmed_and_wild_2_R00353	0.05	5%	farmed_and_wild	Farmed + wild	2	32135000	32144999	1	-2.139064905	2	Dole7;Pronutrix+ Belgium	True
D5pct_farmed_and_wild_2_R00354	0.05	5%	farmed_and_wild	Farmed + wild	2	32345000	32354999	1	-2.205803569	5	Dole7;Mystik Canada;Papek Czechia;Pronutrix+ Belgium;Starfood Holland	True
D5pct_farmed_and_wild_2_R00355	0.05	5%	farmed_and_wild	Farmed + wild	2	32375000	32384999	1	-2.215124469	5	Dole7;Mystik Canada;Papek Czechia;Pronutrix+ Belgium;Starfood Holland	True
D5pct_farmed_and_wild_2_R00356	0.05	5%	farmed_and_wild	Farmed + wild	2	32465000	32474999	1	-2.177727965	5	Dole7;Mystik Canada;Papek Czechia;Pronutrix+ Belgium;Starfood Holland	True
D5pct_farmed_and_wild_2_R00357	0.05	5%	farmed_and_wild	Farmed + wild	2	32595000	32604999	1	-2.05699383	4	Dole7;Mystik Canada;Pronutrix+ Belgium;Starfood Holland	True
D5pct_farmed_and_wild_2_R00358	0.05	5%	farmed_and_wild	Farmed + wild	2	32625000	32634999	1	-2.139811562	4	Dole7;Mystik Canada;Pronutrix+ Belgium;Starfood Holland	True
D5pct_farmed_and_wild_2_R00359	0.05	5%	farmed_and_wild	Farmed + wild	2	32955000	32964999	1	-2.324512068	5	Dole7;Mystik Canada;Papek Czechia;Pronutrix+ Belgium;Starfood Holland	True
D5pct_farmed_and_wild_2_R00360	0.05	5%	farmed_and_wild	Farmed + wild	2	33015000	33024999	1	-2.198761029	4	Dole7;Papek Czechia;Pronutrix+ Belgium;Starfood Holland	True
D5pct_farmed_only_2_R00361	0.05	5%	farmed_and_wild	Farmed + wild	2	50000	109999	8	-2.113094175	4	Dole7;Kingsect Belgium;Mystik Canada;Pronutrix+ Belgium	True
D5pct_farmed_only_2_R00362	0.05	5%	farmed_only	Farmed only	2	2665000	2674999	1	-2.081369212	1	Starfood Holland	False
D5pct_farmed_only_2_R00363	0.05	5%	farmed_only	Farmed only	2	4685000	4694999	1	-1.723556619	1	Papek Czechia	False
D5pct_farmed_only_2_R00364	0.05	5%	farmed_only	Farmed only	2	5785000	5794999	1	-2.775199465	1	Starfood Holland	False
D5pct_farmed_only_2_R00365	0.05	5%	farmed_only	Farmed only	2	5835000	5844999	1	-3.088544971	2	Dole7;Starfood Holland	False
D5pct_farmed_only_2_R00366	0.05	5%	farmed_only	Farmed only	2	7005000	7014999	1	-1.892063347	2	Papek Czechia;Pronutrix+ Belgium	False
D5pct_farmed_only_2_R00367	0.05	5%	farmed_only	Farmed only	2	7035000	7074999	4	-2.246342482	4	Dole7;Papek Czechia;Pronutrix+ Belgium;Starfood Holland	False
D5pct_farmed_only_2_R00368	0.05	5%	farmed_only	Farmed only	2	7095000	7114999	2	-2.363631925	5	Dole7;Mystik Canada;Papek Czechia;Pronutrix+ Belgium;Starfood Holland	False
D5pct_farmed_only_2_R00369	0.05	5%	farmed_only	Farmed only	2	7125000	7134999	1	-1.729791071	1	Papek Czechia	False
D5pct_farmed_only_2_R00370	0.05	5%	farmed_only	Farmed only	2	7145000	7174999	3	-2.232273332	5	Dole7;Mystik Canada;Papek Czechia;Pronutrix+ Belgium;Starfood Holland	False
D5pct_farmed_only_2_R00371	0.05	5%	farmed_only	Farmed only	2	7185000	7194999	1	-1.887142076	4	Dole7;Mystik Canada;Papek Czechia;Pronutrix+ Belgium	False
D5pct_farmed_only_2_R00372	0.05	5%	farmed_only	Farmed only	2	7205000	7214999	1	-2.131864918	4	Dole7;Papek Czechia;Pronutrix+ Belgium;Starfood Holland	False
D5pct_farmed_only_2_R00373	0.05	5%	farmed_only	Farmed only	2	7235000	7244999	1	-1.81731965	3	Mystik Canada;Papek Czechia;Pronutrix+ Belgium	False
D5pct_farmed_only_2_R00374	0.05	5%	farmed_only	Farmed only	2	14055000	14074999	2	-2.145505479	4	Dole7;Mystik Canada;Pronutrix+ Belgium;Starfood Holland	False
D5pct_farmed_only_2_R00375	0.05	5%	farmed_only	Farmed only	2	15635000	15644999	1	-1.815271358	1	Dole7	False
D5pct_farmed_only_2_R00376	0.05	5%	farmed_only	Farmed only	2	15670000	15679999	1	-1.718780604	1	Kingsect Belgium	False
D5pct_farmed_only_2_R00377	0.05	5%	farmed_only	Farmed only	2	15805000	15814999	1	-1.877626814	2	Dole7;Mystik Canada	False
D5pct_farmed_only_2_R00378	0.05	5%	farmed_only	Farmed only	2	16045000	16054999	1	-2.063009571	3	Dole7;Papek Czechia;Pronutrix+ Belgium	False
D5pct_farmed_only_2_R00379	0.05	5%	farmed_only	Farmed only	2	16725000	16734999	1	-1.81555054	1	Dole7	False
D5pct_farmed_only_2_R00380	0.05	5%	farmed_only	Farmed only	2	16965000	16974999	1	-2.040101441	3	Dole7;Papek Czechia;Starfood Holland	False
D5pct_farmed_only_2_R00381	0.05	5%	farmed_only	Farmed only	2	16990000	17009999	3	-2.098248376	3	Dole7;Kingsect Belgium;Pronutrix+ Belgium	False
D5pct_farmed_only_2_R00382	0.05	5%	farmed_only	Farmed only	2	17085000	17094999	1	-1.910937042	1	Dole7	False
D5pct_farmed_only_2_R00383	0.05	5%	farmed_only	Farmed only	2	17185000	17194999	1	-1.80148994	1	Dole7	False
D5pct_farmed_only_2_R00384	0.05	5%	farmed_only	Farmed only	2	19585000	19594999	1	-1.79651517	1	Dole7	False
D5pct_farmed_only_2_R00385	0.05	5%	farmed_only	Farmed only	2	19975000	19984999	1	-2.234924249	3	Dole7;Pronutrix+ Belgium;Starfood Holland	False
D5pct_farmed_only_2_R00386	0.05	5%	farmed_only	Farmed only	2	21035000	21044999	1	-2.370435449	3	Dole7;Pronutrix+ Belgium;Starfood Holland	False
D5pct_farmed_only_2_R00387	0.05	5%	farmed_only	Farmed only	2	21425000	21434999	1	-1.907346885	1	Dole7	False
D5pct_farmed_only_2_R00388	0.05	5%	farmed_only	Farmed only	2	21795000	21844999	5	-2.160949075	4	Dole7;Papek Czechia;Pronutrix+ Belgium;Starfood Holland	False
D5pct_farmed_only_2_R00389	0.05	5%	farmed_only	Farmed only	2	21925000	21934999	1	-1.844356664	1	Dole7	False
D5pct_farmed_only_2_R00390	0.05	5%	farmed_only	Farmed only	2	25795000	25804999	1	-1.802871222	1	Dole7	False
D5pct_farmed_only_2_R00391	0.05	5%	farmed_only	Farmed only	2	28045000	28054999	1	-1.805456794	1	Dole7	False
D5pct_farmed_only_2_R00392	0.05	5%	farmed_only	Farmed only	2	28135000	28144999	1	-2.084199479	4	Dole7;Mystik Canada;Papek Czechia;Pronutrix+ Belgium	False
D5pct_farmed_only_2_R00393	0.05	5%	farmed_only	Farmed only	2	29525000	29544999	2	-2.036709998	4	Dole7;Papek Czechia;Pronutrix+ Belgium;Starfood Holland	False
D5pct_farmed_only_2_R00394	0.05	5%	farmed_only	Farmed only	2	30195000	30204999	1	-1.865117946	2	Dole7;Mystik Canada	False
D5pct_farmed_only_2_R00395	0.05	5%	farmed_only	Farmed only	2	30235000	30244999	1	-1.925291965	3	Dole7;Mystik Canada;Pronutrix+ Belgium	False
D5pct_farmed_only_2_R00396	0.05	5%	farmed_only	Farmed only	2	30255000	30264999	1	-1.852093054	1	Dole7	False
D5pct_farmed_only_2_R00397	0.05	5%	farmed_only	Farmed only	2	31465000	31474999	1	-2.166153615	5	Dole7;Mystik Canada;Papek Czechia;Pronutrix+ Belgium;Starfood Holland	False
D5pct_farmed_only_2_R00398	0.05	5%	farmed_only	Farmed only	2	31515000	31524999	1	-1.841594451	1	Dole7	False
D5pct_farmed_only_2_R00399	0.05	5%	farmed_only	Farmed only	2	31535000	31544999	1	-1.804401055	1	Dole7	False
D5pct_farmed_only_2_R00400	0.05	5%	farmed_and_wild	Farmed + wild	2	32060000	32159999	12	-2.022147491	3	Dole7;Kingsect Belgium;Pronutrix+ Belgium	True
D5pct_farmed_only_2_R00401	0.05	5%	farmed_only	Farmed only	2	32165000	32174999	1	-1.854911847	2	Dole7;Pronutrix+ Belgium	False
D5pct_farmed_only_2_R00402	0.05	5%	farmed_only	Farmed only	2	32185000	32194999	1	-1.796623708	1	Dole7	False
D5pct_farmed_only_2_R00403	0.05	5%	farmed_only	Farmed only	2	32245000	32254999	1	-2.115336765	4	Dole7;Papek Czechia;Pronutrix+ Belgium;Starfood Holland	False
D5pct_farmed_only_2_R00404	0.05	5%	farmed_only	Farmed only	2	32315000	32324999	1	-1.971875529	2	Dole7;Pronutrix+ Belgium	False
D5pct_farmed_only_2_R00405	0.05	5%	farmed_and_wild	Farmed + wild	2	32350000	32639999	36	-2.19277919	6	Dole7;Kingsect Belgium;Mystik Canada;Papek Czechia;Pronutrix+ Belgium;Starfood Holland	True
D5pct_farmed_only_2_R00406	0.05	5%	farmed_and_wild	Farmed + wild	2	32850000	33009999	26	-2.278597095	6	Dole7;Kingsect Belgium;Mystik Canada;Papek Czechia;Pronutrix+ Belgium;Starfood Holland	True
D5pct_wild_only_2_R00407	0.05	5%	wild_only	Wild only	2	1395000	1404999	1	-1.637764952	0		True
D5pct_wild_only_2_R00408	0.05	5%	wild_only	Wild only	2	5795000	5804999	1	-2.947869119	0		True
D5pct_wild_only_2_R00409	0.05	5%	wild_only	Wild only	2	9255000	9264999	1	-1.74313225	0		True
D5pct_wild_only_2_R00410	0.05	5%	wild_only	Wild only	2	11645000	11664999	2	-1.766454896	0		True
D5pct_wild_only_2_R00411	0.05	5%	wild_only	Wild only	2	11675000	11694999	2	-1.809091532	0		True
D5pct_wild_only_2_R00412	0.05	5%	wild_only	Wild only	2	15465000	15474999	1	-1.657079283	0		True
D5pct_wild_only_2_R00413	0.05	5%	wild_only	Wild only	2	15595000	15604999	1	-1.795234021	0		True
D5pct_wild_only_2_R00414	0.05	5%	wild_only	Wild only	2	16595000	16604999	1	-1.611392315	0		True
D5pct_wild_only_2_R00415	0.05	5%	wild_only	Wild only	2	16635000	16644999	1	-1.70090331	0		True
D5pct_wild_only_2_R00416	0.05	5%	wild_only	Wild only	2	16845000	16854999	1	-1.813408335	0		True
D5pct_wild_only_2_R00417	0.05	5%	wild_only	Wild only	2	16915000	16934999	2	-1.743751327	0		True
D5pct_wild_only_2_R00418	0.05	5%	wild_only	Wild only	2	18585000	18594999	1	-1.823246568	0		True
D5pct_wild_only_2_R00419	0.05	5%	wild_only	Wild only	2	19435000	19444999	1	-1.819339552	0		True
D5pct_wild_only_2_R00420	0.05	5%	wild_only	Wild only	2	19645000	19654999	1	-1.604177508	0		True
D5pct_wild_only_2_R00421	0.05	5%	wild_only	Wild only	2	21465000	21474999	1	-1.667580144	0		True
D5pct_wild_only_2_R00422	0.05	5%	wild_only	Wild only	2	23715000	23724999	1	-1.656714449	0		True
D5pct_wild_only_2_R00423	0.05	5%	wild_only	Wild only	2	25725000	25734999	1	-1.593150022	0		True
D5pct_wild_only_2_R00424	0.05	5%	wild_only	Wild only	2	26105000	26114999	1	-1.931527074	0		True
D5pct_wild_only_2_R00425	0.05	5%	wild_only	Wild only	2	29665000	29684999	2	-2.020572448	0		True
D5pct_wild_only_2_R00426	0.05	5%	wild_only	Wild only	2	31045000	31054999	1	-1.593992386	0		True
D5pct_wild_only_2_R00427	0.05	5%	wild_only	Wild only	2	32145000	32154999	1	-1.572455058	0		True
D5pct_farmed_only_3_R00428	0.05	5%	farmed_only	Farmed only	3	5000	24999	2	-2.565417407	4	Dole7;Mystik Canada;Pronutrix+ Belgium;Starfood Holland	False
D5pct_farmed_only_3_R00429	0.05	5%	farmed_only	Farmed only	3	45000	54999	1	-1.820470052	3	Dole7;Mystik Canada;Papek Czechia	False
D5pct_farmed_only_3_R00430	0.05	5%	farmed_only	Farmed only	3	2995000	3004999	1	-1.796813022	2	Dole7;Mystik Canada	False
D5pct_farmed_only_3_R00431	0.05	5%	farmed_only	Farmed only	3	5505000	5514999	1	-1.488222989	1	Pronutrix+ Belgium	False
D5pct_farmed_only_3_R00432	0.05	5%	farmed_only	Farmed only	3	6165000	6174999	1	-1.814781817	1	Dole7	False
D5pct_farmed_only_3_R00433	0.05	5%	farmed_only	Farmed only	3	6525000	6534999	1	-1.938191755	1	Dole7	False
D5pct_farmed_only_3_R00434	0.05	5%	farmed_only	Farmed only	3	7145000	7154999	1	-1.870898468	1	Dole7	False
D5pct_farmed_only_3_R00435	0.05	5%	farmed_only	Farmed only	3	7165000	7174999	1	-2.096323124	4	Dole7;Mystik Canada;Pronutrix+ Belgium;Starfood Holland	False
D5pct_farmed_only_3_R00436	0.05	5%	farmed_only	Farmed only	3	8275000	8294999	2	-2.093244906	2	Dole7;Starfood Holland	False
D5pct_farmed_only_3_R00437	0.05	5%	farmed_only	Farmed only	3	10575000	10584999	1	-1.168921326	1	Mystik Canada	False
D5pct_farmed_only_3_R00438	0.05	5%	farmed_only	Farmed only	3	10665000	10684999	2	-1.809349391	1	Dole7	False
D5pct_farmed_only_3_R00439	0.05	5%	farmed_only	Farmed only	3	10695000	10704999	1	-1.824686075	1	Dole7	False
D5pct_farmed_only_3_R00440	0.05	5%	farmed_only	Farmed only	3	10710000	10729999	3	-1.73205144	2	Kingsect Belgium;Mystik Canada	False
D5pct_farmed_only_3_R00441	0.05	5%	farmed_only	Farmed only	3	10740000	10754999	2	-2.07740295	5	Dole7;Kingsect Belgium;Mystik Canada;Papek Czechia;Starfood Holland	False
D5pct_farmed_only_3_R00442	0.05	5%	farmed_and_wild	Farmed + wild	3	10760000	10779999	2	-1.699371777	1	Kingsect Belgium	True
D5pct_farmed_only_3_R00443	0.05	5%	farmed_only	Farmed only	3	10795000	10804999	1	-1.941833151	2	Dole7;Mystik Canada	False
D5pct_farmed_only_3_R00444	0.05	5%	farmed_only	Farmed only	3	10885000	10894999	1	-1.891235882	3	Dole7;Mystik Canada;Pronutrix+ Belgium	False
D5pct_farmed_only_3_R00445	0.05	5%	farmed_only	Farmed only	3	10920000	10929999	1	-1.678261573	1	Kingsect Belgium	False
D5pct_farmed_only_3_R00446	0.05	5%	farmed_only	Farmed only	3	11025000	11034999	1	-1.808441502	1	Dole7	False
D5pct_farmed_only_3_R00447	0.05	5%	farmed_and_wild	Farmed + wild	3	11040000	11049999	1	-1.72044324	1	Kingsect Belgium	True
D5pct_farmed_only_3_R00448	0.05	5%	farmed_only	Farmed only	3	11595000	11604999	1	-2.066056571	2	Dole7;Pronutrix+ Belgium	False
D5pct_farmed_only_3_R00449	0.05	5%	farmed_only	Farmed only	3	11615000	11624999	1	-1.290860898	1	Mystik Canada	False
D5pct_farmed_only_3_R00450	0.05	5%	farmed_only	Farmed only	3	11635000	11644999	1	-1.715243858	2	Papek Czechia;Pronutrix+ Belgium	False
D5pct_farmed_only_3_R00451	0.05	5%	farmed_only	Farmed only	3	11765000	11774999	1	-1.470329217	1	Pronutrix+ Belgium	False
D5pct_farmed_only_3_R00452	0.05	5%	farmed_only	Farmed only	3	11970000	11999999	4	-1.867975431	2	Dole7;Kingsect Belgium	False
D5pct_farmed_only_3_R00453	0.05	5%	farmed_only	Farmed only	3	12005000	12024999	2	-2.307991988	5	Dole7;Mystik Canada;Papek Czechia;Pronutrix+ Belgium;Starfood Holland	False
D5pct_farmed_only_3_R00454	0.05	5%	farmed_only	Farmed only	3	12935000	12944999	1	-1.932072832	2	Dole7;Pronutrix+ Belgium	False
D5pct_farmed_only_3_R00455	0.05	5%	farmed_only	Farmed only	3	13115000	13124999	1	-1.917204784	2	Dole7;Pronutrix+ Belgium	False
D5pct_farmed_only_3_R00456	0.05	5%	farmed_only	Farmed only	3	13315000	13324999	1	-2.250464341	5	Dole7;Mystik Canada;Papek Czechia;Pronutrix+ Belgium;Starfood Holland	False
D5pct_farmed_only_3_R00457	0.05	5%	farmed_only	Farmed only	3	13335000	13344999	1	-2.457495595	5	Dole7;Mystik Canada;Papek Czechia;Pronutrix+ Belgium;Starfood Holland	False
D5pct_farmed_only_3_R00458	0.05	5%	farmed_only	Farmed only	3	13355000	13394999	4	-2.198966235	5	Dole7;Mystik Canada;Papek Czechia;Pronutrix+ Belgium;Starfood Holland	False
D5pct_farmed_only_3_R00459	0.05	5%	farmed_only	Farmed only	3	13415000	13424999	1	-1.82680662	1	Dole7	False
D5pct_farmed_only_3_R00460	0.05	5%	farmed_only	Farmed only	3	13495000	13504999	1	-1.836914579	1	Dole7	False
D5pct_farmed_only_3_R00461	0.05	5%	farmed_only	Farmed only	3	13715000	13724999	1	-2.074781245	5	Dole7;Mystik Canada;Papek Czechia;Pronutrix+ Belgium;Starfood Holland	False
D5pct_farmed_only_3_R00462	0.05	5%	farmed_only	Farmed only	3	13735000	13764999	3	-2.194111657	5	Dole7;Mystik Canada;Papek Czechia;Pronutrix+ Belgium;Starfood Holland	False
D5pct_farmed_only_3_R00463	0.05	5%	farmed_only	Farmed only	3	13775000	13794999	2	-2.194692911	5	Dole7;Mystik Canada;Papek Czechia;Pronutrix+ Belgium;Starfood Holland	False
D5pct_farmed_only_3_R00464	0.05	5%	farmed_and_wild	Farmed + wild	3	13910000	13949999	4	-1.850245689	1	Kingsect Belgium	True
D5pct_farmed_only_3_R00465	0.05	5%	farmed_only	Farmed only	3	13975000	13984999	1	-1.796198706	3	Dole7;Mystik Canada;Papek Czechia	False
D5pct_farmed_only_3_R00466	0.05	5%	farmed_only	Farmed only	3	14245000	14254999	1	-2.300860364	4	Dole7;Papek Czechia;Pronutrix+ Belgium;Starfood Holland	False
D5pct_farmed_only_3_R00467	0.05	5%	farmed_only	Farmed only	3	14345000	14489999	25	-2.726040785	6	Dole7;Kingsect Belgium;Mystik Canada;Papek Czechia;Pronutrix+ Belgium;Starfood Holland	False
D5pct_farmed_only_3_R00468	0.05	5%	farmed_only	Farmed only	3	14495000	14514999	2	-1.990567873	1	Dole7	False
D5pct_farmed_only_3_R00469	0.05	5%	farmed_only	Farmed only	3	14635000	14644999	1	-1.767971983	2	Mystik Canada;Papek Czechia	False
D5pct_farmed_only_3_R00470	0.05	5%	farmed_only	Farmed only	3	14835000	14844999	1	-1.197136568	1	Mystik Canada	False
D5pct_farmed_only_3_R00471	0.05	5%	farmed_only	Farmed only	3	14865000	14874999	1	-2.154970743	4	Mystik Canada;Papek Czechia;Pronutrix+ Belgium;Starfood Holland	False
D5pct_farmed_only_3_R00472	0.05	5%	farmed_only	Farmed only	3	15195000	15204999	1	-1.831159292	1	Papek Czechia	False
D5pct_farmed_only_3_R00473	0.05	5%	farmed_only	Farmed only	3	15725000	15734999	1	-1.492693804	1	Pronutrix+ Belgium	False
D5pct_farmed_only_3_R00474	0.05	5%	farmed_only	Farmed only	3	15775000	15784999	1	-2.273858149	3	Dole7;Papek Czechia;Starfood Holland	False
D5pct_farmed_only_3_R00475	0.05	5%	farmed_only	Farmed only	3	15845000	15854999	1	-2.165648843	1	Starfood Holland	False
D5pct_farmed_only_3_R00476	0.05	5%	farmed_only	Farmed only	3	15865000	15874999	1	-2.29001865	3	Dole7;Pronutrix+ Belgium;Starfood Holland	False
D5pct_farmed_only_3_R00477	0.05	5%	farmed_only	Farmed only	3	15935000	15944999	1	-2.080300388	1	Starfood Holland	False
D5pct_farmed_only_3_R00478	0.05	5%	farmed_only	Farmed only	3	16395000	16404999	1	-1.354920514	1	Mystik Canada	False
D5pct_farmed_only_3_R00479	0.05	5%	farmed_only	Farmed only	3	16435000	16444999	1	-1.809113033	1	Dole7	False
D5pct_farmed_only_3_R00480	0.05	5%	farmed_only	Farmed only	3	16565000	16574999	1	-1.830058187	1	Dole7	False
D5pct_farmed_only_3_R00481	0.05	5%	farmed_only	Farmed only	3	16655000	16664999	1	-2.065880761	3	Dole7;Mystik Canada;Starfood Holland	False
D5pct_farmed_only_3_R00482	0.05	5%	farmed_only	Farmed only	3	16695000	16744999	5	-2.30629572	4	Dole7;Mystik Canada;Papek Czechia;Starfood Holland	False
D5pct_farmed_only_3_R00483	0.05	5%	farmed_only	Farmed only	3	16875000	16884999	1	-1.832435588	1	Dole7	False
D5pct_farmed_only_3_R00484	0.05	5%	farmed_only	Farmed only	3	17055000	17064999	1	-1.81578946	1	Dole7	False
D5pct_farmed_only_3_R00485	0.05	5%	farmed_only	Farmed only	3	17135000	17154999	2	-1.915801109	1	Dole7	False
D5pct_farmed_only_3_R00486	0.05	5%	farmed_only	Farmed only	3	17165000	17174999	1	-1.817301469	1	Dole7	False
D5pct_farmed_only_3_R00487	0.05	5%	farmed_only	Farmed only	3	17185000	17194999	1	-1.965264377	3	Dole7;Papek Czechia;Pronutrix+ Belgium	False
D5pct_farmed_only_3_R00488	0.05	5%	farmed_only	Farmed only	3	17215000	17224999	1	-1.882671688	1	Dole7	False
D5pct_farmed_only_3_R00489	0.05	5%	farmed_only	Farmed only	3	17285000	17294999	1	-2.160262934	2	Dole7;Pronutrix+ Belgium	False
D5pct_farmed_only_3_R00490	0.05	5%	farmed_only	Farmed only	3	17445000	17454999	1	-2.095398896	3	Dole7;Mystik Canada;Pronutrix+ Belgium	False
D5pct_farmed_only_3_R00491	0.05	5%	farmed_only	Farmed only	3	17485000	17494999	1	-1.834670378	2	Dole7;Pronutrix+ Belgium	False
D5pct_farmed_only_3_R00492	0.05	5%	farmed_only	Farmed only	3	17505000	17534999	3	-2.102362264	3	Dole7;Mystik Canada;Pronutrix+ Belgium	False
D5pct_farmed_only_3_R00493	0.05	5%	farmed_and_wild	Farmed + wild	3	17690000	17709999	2	-1.734968204	1	Kingsect Belgium	True
D5pct_farmed_only_3_R00494	0.05	5%	farmed_only	Farmed only	3	17915000	17924999	1	-1.906662651	1	Dole7	False
D5pct_farmed_only_3_R00495	0.05	5%	farmed_only	Farmed only	3	17955000	17984999	3	-1.934694161	3	Dole7;Mystik Canada;Pronutrix+ Belgium	False
D5pct_farmed_only_3_R00496	0.05	5%	farmed_only	Farmed only	3	18015000	18044999	3	-2.452298429	5	Dole7;Mystik Canada;Papek Czechia;Pronutrix+ Belgium;Starfood Holland	False
D5pct_farmed_only_3_R00497	0.05	5%	farmed_only	Farmed only	3	18055000	18064999	1	-2.138391321	2	Dole7;Starfood Holland	False
D5pct_farmed_only_3_R00498	0.05	5%	farmed_only	Farmed only	3	18108622	18138621	3	-2.168061005	4	Dole7;Mystik Canada;Pronutrix+ Belgium;Starfood Holland	False
D5pct_farmed_only_3_R00499	0.05	5%	farmed_only	Farmed only	3	18368622	18378621	1	-1.806376341	2	Dole7;Pronutrix+ Belgium	False
D5pct_farmed_only_3_R00500	0.05	5%	farmed_only	Farmed only	3	18948622	18958621	1	-1.970613704	1	Dole7	False
D5pct_farmed_only_3_R00501	0.05	5%	farmed_only	Farmed only	3	19098622	19108621	1	-1.915707264	1	Dole7	False
D5pct_farmed_only_3_R00502	0.05	5%	farmed_only	Farmed only	3	19118622	19138621	2	-1.963306184	1	Dole7	False
D5pct_farmed_only_3_R00503	0.05	5%	farmed_only	Farmed only	3	19158622	19168621	1	-1.798623427	1	Dole7	False
D5pct_farmed_only_3_R00504	0.05	5%	farmed_only	Farmed only	3	19198622	19208621	1	-1.90285701	1	Dole7	False
D5pct_farmed_only_3_R00505	0.05	5%	farmed_only	Farmed only	3	20218622	20238621	2	-2.131858549	5	Dole7;Mystik Canada;Papek Czechia;Pronutrix+ Belgium;Starfood Holland	False
D5pct_farmed_only_3_R00506	0.05	5%	farmed_only	Farmed only	3	20268622	20278621	1	-2.068880584	4	Dole7;Mystik Canada;Pronutrix+ Belgium;Starfood Holland	False
D5pct_farmed_only_3_R00507	0.05	5%	farmed_only	Farmed only	3	20288622	20298621	1	-2.312460956	4	Dole7;Mystik Canada;Papek Czechia;Starfood Holland	False
D5pct_farmed_only_3_R00508	0.05	5%	farmed_only	Farmed only	3	20668622	20678621	1	-1.862617198	1	Dole7	False
D5pct_farmed_only_3_R00509	0.05	5%	farmed_only	Farmed only	3	21168622	21178621	1	-1.847870471	1	Dole7	False
D5pct_farmed_only_3_R00510	0.05	5%	farmed_only	Farmed only	3	21738622	21758621	2	-1.743256418	2	Mystik Canada;Pronutrix+ Belgium	False
D5pct_farmed_only_3_R00511	0.05	5%	farmed_only	Farmed only	3	21968622	21978621	1	-1.862531824	3	Dole7;Mystik Canada;Pronutrix+ Belgium	False
D5pct_farmed_only_3_R00512	0.05	5%	farmed_only	Farmed only	3	22028622	22038621	1	-1.803697882	2	Dole7;Pronutrix+ Belgium	False
D5pct_farmed_only_3_R00513	0.05	5%	farmed_only	Farmed only	3	22088622	22108621	2	-1.969626043	1	Dole7	False
D5pct_farmed_only_3_R00514	0.05	5%	farmed_only	Farmed only	3	22338622	22348621	1	-1.221053187	1	Mystik Canada	False
D5pct_farmed_only_3_R00515	0.05	5%	farmed_only	Farmed only	3	22418622	22428621	1	-1.444317455	1	Mystik Canada	False
D5pct_farmed_only_3_R00516	0.05	5%	farmed_only	Farmed only	3	23208622	23218621	1	-1.833887795	1	Dole7	False
D5pct_farmed_only_3_R00517	0.05	5%	farmed_only	Farmed only	3	24058622	24068621	1	-1.945778073	1	Dole7	False
D5pct_farmed_only_3_R00518	0.05	5%	farmed_only	Farmed only	3	24178622	24188621	1	-2.110442911	3	Dole7;Pronutrix+ Belgium;Starfood Holland	False
D5pct_farmed_only_3_R00519	0.05	5%	farmed_and_wild	Farmed + wild	3	24203622	24243621	6	-2.027866422	3	Dole7;Kingsect Belgium;Starfood Holland	True
D5pct_farmed_only_3_R00520	0.05	5%	farmed_only	Farmed only	3	24408622	24418621	1	-1.933903179	4	Dole7;Mystik Canada;Papek Czechia;Pronutrix+ Belgium	False
D5pct_farmed_only_3_R00521	0.05	5%	farmed_only	Farmed only	3	24478622	24498621	2	-2.208699973	3	Dole7;Pronutrix+ Belgium;Starfood Holland	False
D5pct_farmed_only_3_R00522	0.05	5%	farmed_only	Farmed only	3	24508622	24518621	1	-1.900535471	2	Dole7;Papek Czechia	False
D5pct_farmed_only_3_R00523	0.05	5%	farmed_only	Farmed only	3	25188622	25218621	3	-1.926372157	2	Dole7;Papek Czechia	False
D5pct_farmed_only_3_R00524	0.05	5%	farmed_only	Farmed only	3	25238622	25248621	1	-1.470293559	1	Pronutrix+ Belgium	False
D5pct_farmed_only_3_R00525	0.05	5%	farmed_only	Farmed only	3	27758622	27768621	1	-1.28534308	1	Mystik Canada	False
D5pct_farmed_only_3_R00526	0.05	5%	farmed_only	Farmed only	3	27888622	27898621	1	-1.938576303	1	Dole7	False
D5pct_farmed_only_3_R00527	0.05	5%	farmed_only	Farmed only	3	28328622	28338621	1	-1.996952614	4	Dole7;Mystik Canada;Papek Czechia;Pronutrix+ Belgium	False
D5pct_farmed_only_3_R00528	0.05	5%	farmed_only	Farmed only	3	29198622	29208621	1	-2.115043236	2	Pronutrix+ Belgium;Starfood Holland	False
D5pct_farmed_only_3_R00529	0.05	5%	farmed_only	Farmed only	3	29228622	29238621	1	-2.667809272	5	Dole7;Mystik Canada;Papek Czechia;Pronutrix+ Belgium;Starfood Holland	False
D5pct_farmed_only_3_R00530	0.05	5%	farmed_only	Farmed only	3	29318622	29328621	1	-1.607932361	1	Pronutrix+ Belgium	False
D5pct_farmed_only_3_R00531	0.05	5%	farmed_only	Farmed only	3	31013622	31023621	1	-1.728643922	1	Kingsect Belgium	False
D5pct_farmed_only_3_R00532	0.05	5%	farmed_only	Farmed only	3	31068622	31078621	1	-2.673211037	1	Mystik Canada	False
D5pct_farmed_and_wild_3_R00533	0.05	5%	farmed_and_wild	Farmed + wild	3	945000	954999	1	-2.586610209	4	Dole7;Papek Czechia;Pronutrix+ Belgium;Starfood Holland	True
D5pct_farmed_and_wild_3_R00534	0.05	5%	farmed_and_wild	Farmed + wild	3	1045000	1074999	3	-2.705931205	5	Dole7;Mystik Canada;Papek Czechia;Pronutrix+ Belgium;Starfood Holland	True
D5pct_farmed_and_wild_3_R00535	0.05	5%	farmed_and_wild	Farmed + wild	3	8315000	8324999	1	-2.301917036	1	Pronutrix+ Belgium	True
D5pct_farmed_and_wild_3_R00536	0.05	5%	farmed_and_wild	Farmed + wild	3	10325000	10334999	1	-1.946907106	1	Dole7	True
D5pct_farmed_and_wild_3_R00537	0.05	5%	farmed_and_wild	Farmed + wild	3	10755000	10764999	1	-2.112002877	5	Dole7;Mystik Canada;Papek Czechia;Pronutrix+ Belgium;Starfood Holland	True
D5pct_farmed_and_wild_3_R00538	0.05	5%	farmed_and_wild	Farmed + wild	3	10945000	10954999	1	-2.131945999	4	Dole7;Papek Czechia;Pronutrix+ Belgium;Starfood Holland	True
D5pct_farmed_and_wild_3_R00539	0.05	5%	farmed_and_wild	Farmed + wild	3	11035000	11054999	2	-3.110313188	5	Dole7;Mystik Canada;Papek Czechia;Pronutrix+ Belgium;Starfood Holland	True
D5pct_farmed_and_wild_3_R00540	0.05	5%	farmed_and_wild	Farmed + wild	3	11225000	11234999	1	-2.599719423	4	Dole7;Mystik Canada;Pronutrix+ Belgium;Starfood Holland	True
D5pct_farmed_and_wild_3_R00541	0.05	5%	farmed_and_wild	Farmed + wild	3	11555000	11564999	1	-1.871058592	3	Dole7;Mystik Canada;Pronutrix+ Belgium	True
D5pct_farmed_and_wild_3_R00542	0.05	5%	farmed_and_wild	Farmed + wild	3	11625000	11634999	1	-2.732852351	5	Dole7;Mystik Canada;Papek Czechia;Pronutrix+ Belgium;Starfood Holland	True
D5pct_farmed_and_wild_3_R00543	0.05	5%	farmed_and_wild	Farmed + wild	3	13405000	13414999	1	-1.949910489	2	Dole7;Papek Czechia	True
D5pct_farmed_and_wild_3_R00544	0.05	5%	farmed_and_wild	Farmed + wild	3	13555000	13564999	1	-2.340473367	5	Dole7;Mystik Canada;Papek Czechia;Pronutrix+ Belgium;Starfood Holland	True
D5pct_farmed_and_wild_3_R00545	0.05	5%	farmed_and_wild	Farmed + wild	3	13725000	13734999	1	-2.520770187	5	Dole7;Mystik Canada;Papek Czechia;Pronutrix+ Belgium;Starfood Holland	True
D5pct_farmed_and_wild_3_R00546	0.05	5%	farmed_and_wild	Farmed + wild	3	13935000	13974999	4	-2.571409997	5	Dole7;Mystik Canada;Papek Czechia;Pronutrix+ Belgium;Starfood Holland	True
D5pct_farmed_and_wild_3_R00547	0.05	5%	farmed_and_wild	Farmed + wild	3	14845000	14854999	1	-2.329756272	5	Dole7;Mystik Canada;Papek Czechia;Pronutrix+ Belgium;Starfood Holland	True
D5pct_farmed_and_wild_3_R00548	0.05	5%	farmed_and_wild	Farmed + wild	3	15795000	15804999	1	-2.362220484	3	Dole7;Pronutrix+ Belgium;Starfood Holland	True
D5pct_farmed_and_wild_3_R00549	0.05	5%	farmed_and_wild	Farmed + wild	3	16275000	16284999	1	-2.175058399	5	Dole7;Mystik Canada;Papek Czechia;Pronutrix+ Belgium;Starfood Holland	True
D5pct_farmed_and_wild_3_R00550	0.05	5%	farmed_and_wild	Farmed + wild	3	16415000	16424999	1	-1.923285646	1	Dole7	True
D5pct_farmed_and_wild_3_R00551	0.05	5%	farmed_and_wild	Farmed + wild	3	16485000	16494999	1	-1.663813585	1	Mystik Canada	True
D5pct_farmed_and_wild_3_R00552	0.05	5%	farmed_and_wild	Farmed + wild	3	16595000	16604999	1	-2.267889381	5	Dole7;Mystik Canada;Papek Czechia;Pronutrix+ Belgium;Starfood Holland	True
D5pct_farmed_and_wild_3_R00553	0.05	5%	farmed_and_wild	Farmed + wild	3	16765000	16784999	2	-2.204285082	2	Dole7;Papek Czechia	True
D5pct_farmed_and_wild_3_R00554	0.05	5%	farmed_and_wild	Farmed + wild	3	16805000	16814999	1	-2.430634822	1	Dole7	True
D5pct_farmed_and_wild_3_R00555	0.05	5%	farmed_and_wild	Farmed + wild	3	16825000	16844999	2	-2.0040185	2	Dole7;Mystik Canada	True
D5pct_farmed_and_wild_3_R00556	0.05	5%	farmed_and_wild	Farmed + wild	3	16865000	16874999	1	-1.926506473	1	Dole7	True
D5pct_farmed_and_wild_3_R00557	0.05	5%	farmed_and_wild	Farmed + wild	3	16885000	16894999	1	-1.932567186	1	Dole7	True
D5pct_farmed_and_wild_3_R00558	0.05	5%	farmed_and_wild	Farmed + wild	3	16905000	16944999	4	-2.17388946	5	Dole7;Mystik Canada;Papek Czechia;Pronutrix+ Belgium;Starfood Holland	True
D5pct_farmed_and_wild_3_R00559	0.05	5%	farmed_and_wild	Farmed + wild	3	16985000	16994999	1	-2.461919044	5	Dole7;Mystik Canada;Papek Czechia;Pronutrix+ Belgium;Starfood Holland	True
D5pct_farmed_and_wild_3_R00560	0.05	5%	farmed_and_wild	Farmed + wild	3	17015000	17034999	2	-2.149394867	3	Dole7;Mystik Canada;Papek Czechia	True
D5pct_farmed_and_wild_3_R00561	0.05	5%	farmed_and_wild	Farmed + wild	3	17095000	17124999	3	-2.143056188	1	Dole7	True
D5pct_farmed_and_wild_3_R00562	0.05	5%	farmed_and_wild	Farmed + wild	3	17175000	17184999	1	-2.088483864	2	Dole7;Mystik Canada	True
D5pct_farmed_and_wild_3_R00563	0.05	5%	farmed_and_wild	Farmed + wild	3	17245000	17254999	1	-2.420480415	5	Dole7;Mystik Canada;Papek Czechia;Pronutrix+ Belgium;Starfood Holland	True
D5pct_farmed_and_wild_3_R00564	0.05	5%	farmed_and_wild	Farmed + wild	3	17275000	17284999	1	-2.062074874	3	Dole7;Mystik Canada;Pronutrix+ Belgium	True
D5pct_farmed_and_wild_3_R00565	0.05	5%	farmed_and_wild	Farmed + wild	3	17295000	17314999	2	-2.254852822	5	Dole7;Mystik Canada;Papek Czechia;Pronutrix+ Belgium;Starfood Holland	True
D5pct_farmed_and_wild_3_R00566	0.05	5%	farmed_and_wild	Farmed + wild	3	17365000	17374999	1	-1.915747324	2	Dole7;Pronutrix+ Belgium	True
D5pct_farmed_and_wild_3_R00567	0.05	5%	farmed_and_wild	Farmed + wild	3	17405000	17414999	1	-1.976151719	2	Dole7;Mystik Canada	True
D5pct_farmed_and_wild_3_R00568	0.05	5%	farmed_and_wild	Farmed + wild	3	17455000	17474999	2	-2.251853288	2	Dole7;Pronutrix+ Belgium	True
D5pct_farmed_and_wild_3_R00569	0.05	5%	farmed_and_wild	Farmed + wild	3	17495000	17504999	1	-1.929739339	2	Dole7;Pronutrix+ Belgium	True
D5pct_farmed_and_wild_3_R00570	0.05	5%	farmed_and_wild	Farmed + wild	3	17535000	17594999	6	-2.259351285	5	Dole7;Mystik Canada;Papek Czechia;Pronutrix+ Belgium;Starfood Holland	True
D5pct_farmed_and_wild_3_R00571	0.05	5%	farmed_and_wild	Farmed + wild	3	17605000	17624999	2	-2.137856973	4	Dole7;Mystik Canada;Papek Czechia;Pronutrix+ Belgium	True
D5pct_farmed_and_wild_3_R00572	0.05	5%	farmed_and_wild	Farmed + wild	3	17645000	17654999	1	-2.371046988	2	Dole7;Mystik Canada	True
D5pct_farmed_and_wild_3_R00573	0.05	5%	farmed_and_wild	Farmed + wild	3	17695000	17724999	3	-2.833334535	5	Dole7;Mystik Canada;Papek Czechia;Pronutrix+ Belgium;Starfood Holland	True
D5pct_farmed_and_wild_3_R00574	0.05	5%	farmed_and_wild	Farmed + wild	3	17735000	17744999	1	-2.23899736	5	Dole7;Mystik Canada;Papek Czechia;Pronutrix+ Belgium;Starfood Holland	True
D5pct_farmed_and_wild_3_R00575	0.05	5%	farmed_and_wild	Farmed + wild	3	17775000	17814999	4	-2.255903839	5	Dole7;Mystik Canada;Papek Czechia;Pronutrix+ Belgium;Starfood Holland	True
D5pct_farmed_and_wild_3_R00576	0.05	5%	farmed_and_wild	Farmed + wild	3	17825000	17834999	1	-2.515412663	5	Dole7;Mystik Canada;Papek Czechia;Pronutrix+ Belgium;Starfood Holland	True
D5pct_farmed_and_wild_3_R00577	0.05	5%	farmed_and_wild	Farmed + wild	3	17925000	17934999	1	-1.847377932	1	Dole7	True
D5pct_farmed_and_wild_3_R00578	0.05	5%	farmed_and_wild	Farmed + wild	3	18528622	18538621	1	-2.166976132	3	Dole7;Pronutrix+ Belgium;Starfood Holland	True
D5pct_farmed_and_wild_3_R00579	0.05	5%	farmed_and_wild	Farmed + wild	3	19108622	19118621	1	-2.422735501	5	Dole7;Mystik Canada;Papek Czechia;Pronutrix+ Belgium;Starfood Holland	True
D5pct_farmed_and_wild_3_R00580	0.05	5%	farmed_and_wild	Farmed + wild	3	19408622	19438621	3	-2.361504876	5	Dole7;Mystik Canada;Papek Czechia;Pronutrix+ Belgium;Starfood Holland	True
D5pct_farmed_and_wild_3_R00581	0.05	5%	farmed_and_wild	Farmed + wild	3	19528622	19538621	1	-1.673645254	2	Mystik Canada;Pronutrix+ Belgium	True
D5pct_farmed_and_wild_3_R00582	0.05	5%	farmed_and_wild	Farmed + wild	3	19698622	19718621	2	-1.885852397	3	Dole7;Mystik Canada;Pronutrix+ Belgium	True
D5pct_farmed_and_wild_3_R00583	0.05	5%	farmed_and_wild	Farmed + wild	3	20328622	20338621	1	-2.494699582	5	Dole7;Mystik Canada;Papek Czechia;Pronutrix+ Belgium;Starfood Holland	True
D5pct_farmed_and_wild_3_R00584	0.05	5%	farmed_and_wild	Farmed + wild	3	20358622	20368621	1	-1.912762415	1	Dole7	True
D5pct_farmed_and_wild_3_R00585	0.05	5%	farmed_and_wild	Farmed + wild	3	20438622	20448621	1	-2.124939927	4	Dole7;Mystik Canada;Papek Czechia;Starfood Holland	True
D5pct_farmed_and_wild_3_R00586	0.05	5%	farmed_and_wild	Farmed + wild	3	20988622	21008621	2	-2.955826292	5	Dole7;Mystik Canada;Papek Czechia;Pronutrix+ Belgium;Starfood Holland	True
D5pct_farmed_and_wild_3_R00587	0.05	5%	farmed_and_wild	Farmed + wild	3	21178622	21188621	1	-1.979590998	2	Dole7;Pronutrix+ Belgium	True
D5pct_farmed_and_wild_3_R00588	0.05	5%	farmed_and_wild	Farmed + wild	3	21688622	21698621	1	-1.812385668	1	Dole7	True
D5pct_farmed_and_wild_3_R00589	0.05	5%	farmed_and_wild	Farmed + wild	3	22108622	22118621	1	-2.207027262	3	Dole7;Mystik Canada;Starfood Holland	True
D5pct_farmed_and_wild_3_R00590	0.05	5%	farmed_and_wild	Farmed + wild	3	22948622	22968621	2	-2.111245715	5	Dole7;Mystik Canada;Papek Czechia;Pronutrix+ Belgium;Starfood Holland	True
D5pct_farmed_and_wild_3_R00591	0.05	5%	farmed_and_wild	Farmed + wild	3	23428622	23438621	1	-2.048900293	2	Dole7;Starfood Holland	True
D5pct_farmed_and_wild_3_R00592	0.05	5%	farmed_and_wild	Farmed + wild	3	24228622	24238621	1	-2.065950034	4	Dole7;Papek Czechia;Pronutrix+ Belgium;Starfood Holland	True
D5pct_farmed_and_wild_3_R00593	0.05	5%	farmed_and_wild	Farmed + wild	3	24248622	24258621	1	-1.984274047	2	Dole7;Papek Czechia	True
D5pct_farmed_and_wild_3_R00594	0.05	5%	farmed_and_wild	Farmed + wild	3	25218622	25228621	1	-2.196749566	5	Dole7;Mystik Canada;Papek Czechia;Pronutrix+ Belgium;Starfood Holland	True
D5pct_farmed_and_wild_3_R00595	0.05	5%	farmed_and_wild	Farmed + wild	3	25778622	25788621	1	-2.015186138	1	Dole7	True
D5pct_farmed_and_wild_3_R00596	0.05	5%	farmed_and_wild	Farmed + wild	3	26568622	26598621	3	-2.50420601	4	Dole7;Papek Czechia;Pronutrix+ Belgium;Starfood Holland	True
D5pct_farmed_and_wild_3_R00597	0.05	5%	farmed_and_wild	Farmed + wild	3	31038622	31068621	3	-3.137225103	5	Dole7;Mystik Canada;Papek Czechia;Pronutrix+ Belgium;Starfood Holland	True
D5pct_wild_only_3_R00598	0.05	5%	wild_only	Wild only	3	1455000	1464999	1	-1.565619782	0		True
D5pct_wild_only_3_R00599	0.05	5%	wild_only	Wild only	3	5095000	5104999	1	-1.680226374	0		True
D5pct_wild_only_3_R00600	0.05	5%	wild_only	Wild only	3	8295000	8314999	2	-2.223227631	0		True
D5pct_wild_only_3_R00601	0.05	5%	wild_only	Wild only	3	8325000	8334999	1	-1.639915699	0		True
D5pct_wild_only_3_R00602	0.05	5%	wild_only	Wild only	3	11925000	11944999	2	-2.280275363	0		True
D5pct_wild_only_3_R00603	0.05	5%	wild_only	Wild only	3	13015000	13034999	2	-1.738173826	0		True
D5pct_wild_only_3_R00604	0.05	5%	wild_only	Wild only	3	16055000	16074999	2	-1.679962655	0		True
D5pct_wild_only_3_R00605	0.05	5%	wild_only	Wild only	3	16195000	16204999	1	-1.84980941	0		True
D5pct_wild_only_3_R00606	0.05	5%	wild_only	Wild only	3	16445000	16454999	1	-1.601318598	0		True
D5pct_wild_only_3_R00607	0.05	5%	wild_only	Wild only	3	16785000	16794999	1	-1.558166496	0		True
D5pct_wild_only_3_R00608	0.05	5%	wild_only	Wild only	3	16855000	16864999	1	-1.574081787	0		True
D5pct_wild_only_3_R00609	0.05	5%	wild_only	Wild only	3	17265000	17274999	1	-1.957913421	0		True
D5pct_wild_only_3_R00610	0.05	5%	wild_only	Wild only	3	17325000	17334999	1	-1.562722741	0		True
D5pct_wild_only_3_R00611	0.05	5%	wild_only	Wild only	3	17635000	17644999	1	-2.109606068	0		True
D5pct_wild_only_3_R00612	0.05	5%	wild_only	Wild only	3	17655000	17664999	1	-1.607314451	0		True
D5pct_wild_only_3_R00613	0.05	5%	wild_only	Wild only	3	17685000	17694999	1	-1.863652835	0		True
D5pct_wild_only_3_R00614	0.05	5%	wild_only	Wild only	3	17815000	17824999	1	-1.559511329	0		True
D5pct_wild_only_3_R00615	0.05	5%	wild_only	Wild only	3	17835000	17844999	1	-2.000530883	0		True
D5pct_wild_only_3_R00616	0.05	5%	wild_only	Wild only	3	17865000	17874999	1	-1.605619026	0		True
D5pct_wild_only_3_R00617	0.05	5%	wild_only	Wild only	3	17885000	17904999	2	-1.786706809	0		True
D5pct_wild_only_3_R00618	0.05	5%	wild_only	Wild only	3	18328622	18348621	2	-1.92042616	0		True
D5pct_wild_only_3_R00619	0.05	5%	wild_only	Wild only	3	18358622	18368621	1	-1.99927678	0		True
D5pct_wild_only_3_R00620	0.05	5%	wild_only	Wild only	3	18388622	18428621	4	-1.95646987	0		True
D5pct_wild_only_3_R00621	0.05	5%	wild_only	Wild only	3	18438622	18448621	1	-1.671351603	0		True
D5pct_wild_only_3_R00622	0.05	5%	wild_only	Wild only	3	18458622	18468621	1	-1.588559191	0		True
D5pct_wild_only_3_R00623	0.05	5%	wild_only	Wild only	3	18478622	18508621	3	-1.75346229	0		True
D5pct_wild_only_3_R00624	0.05	5%	wild_only	Wild only	3	18538622	18568621	3	-1.828660609	0		True
D5pct_wild_only_3_R00625	0.05	5%	wild_only	Wild only	3	18658622	18668621	1	-1.697186772	0		True
D5pct_wild_only_3_R00626	0.05	5%	wild_only	Wild only	3	18678622	18688621	1	-2.013690515	0		True
D5pct_wild_only_3_R00627	0.05	5%	wild_only	Wild only	3	18708622	18718621	1	-1.837874617	0		True
D5pct_wild_only_3_R00628	0.05	5%	wild_only	Wild only	3	18728622	18738621	1	-1.956508523	0		True
D5pct_wild_only_3_R00629	0.05	5%	wild_only	Wild only	3	18778622	18788621	1	-1.902041104	0		True
D5pct_wild_only_3_R00630	0.05	5%	wild_only	Wild only	3	18848622	18858621	1	-1.605973312	0		True
D5pct_wild_only_3_R00631	0.05	5%	wild_only	Wild only	3	19298622	19308621	1	-1.56024268	0		True
D5pct_wild_only_3_R00632	0.05	5%	wild_only	Wild only	3	19398622	19408621	1	-1.627071373	0		True
D5pct_wild_only_3_R00633	0.05	5%	wild_only	Wild only	3	19448622	19458621	1	-1.568771855	0		True
D5pct_wild_only_3_R00634	0.05	5%	wild_only	Wild only	3	19788622	19798621	1	-1.587120887	0		True
D5pct_wild_only_3_R00635	0.05	5%	wild_only	Wild only	3	19908622	19918621	1	-1.595962345	0		True
D5pct_wild_only_3_R00636	0.05	5%	wild_only	Wild only	3	20148622	20158621	1	-2.122774786	0		True
D5pct_wild_only_3_R00637	0.05	5%	wild_only	Wild only	3	20388622	20398621	1	-1.681176054	0		True
D5pct_wild_only_3_R00638	0.05	5%	wild_only	Wild only	3	23418622	23428621	1	-1.598734968	0		True
D5pct_wild_only_3_R00639	0.05	5%	wild_only	Wild only	3	23708622	23718621	1	-1.62418478	0		True
D5pct_wild_only_3_R00640	0.05	5%	wild_only	Wild only	3	24278622	24288621	1	-1.697801719	0		True
D5pct_wild_only_3_R00641	0.05	5%	wild_only	Wild only	3	26208622	26218621	1	-1.672380995	0		True
D5pct_farmed_only_4_R00642	0.05	5%	farmed_only	Farmed only	4	205000	214999	1	-1.170351757	1	Mystik Canada	False
D5pct_farmed_only_4_R00643	0.05	5%	farmed_only	Farmed only	4	2235000	2244999	1	-2.166010489	2	Dole7;Starfood Holland	False
D5pct_farmed_only_4_R00644	0.05	5%	farmed_only	Farmed only	4	2255000	2264999	1	-2.344579058	2	Dole7;Starfood Holland	False
D5pct_farmed_only_4_R00645	0.05	5%	farmed_only	Farmed only	4	3525000	3534999	1	-1.536515179	1	Pronutrix+ Belgium	False
D5pct_farmed_only_4_R00646	0.05	5%	farmed_only	Farmed only	4	3575000	3584999	1	-2.044706023	1	Starfood Holland	False
D5pct_farmed_only_4_R00647	0.05	5%	farmed_only	Farmed only	4	4085000	4094999	1	-1.472740025	1	Mystik Canada	False
D5pct_farmed_only_4_R00648	0.05	5%	farmed_only	Farmed only	4	5885000	5894999	1	-1.506468095	2	Mystik Canada;Pronutrix+ Belgium	False
D5pct_farmed_only_4_R00649	0.05	5%	farmed_only	Farmed only	4	6035000	6044999	1	-1.542416892	1	Pronutrix+ Belgium	False
D5pct_farmed_only_4_R00650	0.05	5%	farmed_only	Farmed only	4	7225000	7234999	1	-1.550096523	1	Pronutrix+ Belgium	False
D5pct_farmed_only_4_R00651	0.05	5%	farmed_and_wild	Farmed + wild	4	7565000	7659999	10	-2.506561322	5	Kingsect Belgium;Mystik Canada;Papek Czechia;Pronutrix+ Belgium;Starfood Holland	True
D5pct_farmed_only_4_R00652	0.05	5%	farmed_only	Farmed only	4	7665000	7674999	1	-2.218650321	4	Mystik Canada;Papek Czechia;Pronutrix+ Belgium;Starfood Holland	False
D5pct_farmed_only_4_R00653	0.05	5%	farmed_only	Farmed only	4	7855000	7864999	1	-2.174251525	4	Mystik Canada;Papek Czechia;Pronutrix+ Belgium;Starfood Holland	False
D5pct_farmed_only_4_R00654	0.05	5%	farmed_only	Farmed only	4	7915000	7924999	1	-1.571388844	1	Pronutrix+ Belgium	False
D5pct_farmed_only_4_R00655	0.05	5%	farmed_only	Farmed only	4	10528144	10538143	1	-1.485767963	1	Pronutrix+ Belgium	False
D5pct_farmed_only_4_R00656	0.05	5%	farmed_only	Farmed only	4	10668144	10678143	1	-1.868233102	2	Papek Czechia;Pronutrix+ Belgium	False
D5pct_farmed_only_4_R00657	0.05	5%	farmed_only	Farmed only	4	11008144	11018143	1	-2.027156542	1	Starfood Holland	False
D5pct_farmed_only_4_R00658	0.05	5%	farmed_only	Farmed only	4	11138144	11158143	2	-2.071835156	3	Mystik Canada;Pronutrix+ Belgium;Starfood Holland	False
D5pct_farmed_only_4_R00659	0.05	5%	farmed_and_wild	Farmed + wild	4	11173144	11253143	8	-1.920762163	1	Kingsect Belgium	True
D5pct_farmed_only_4_R00660	0.05	5%	farmed_only	Farmed only	4	12378144	12388143	1	-1.478209142	1	Pronutrix+ Belgium	False
D5pct_farmed_only_4_R00661	0.05	5%	farmed_and_wild	Farmed + wild	4	12393144	12453143	6	-1.773573728	1	Kingsect Belgium	True
D5pct_farmed_only_4_R00662	0.05	5%	farmed_and_wild	Farmed + wild	4	12463144	12563143	13	-2.133487905	4	Kingsect Belgium;Mystik Canada;Pronutrix+ Belgium;Starfood Holland	True
D5pct_farmed_only_4_R00663	0.05	5%	farmed_only	Farmed only	4	13138144	13148143	1	-2.042975503	2	Pronutrix+ Belgium;Starfood Holland	False
D5pct_farmed_only_4_R00664	0.05	5%	farmed_only	Farmed only	4	13308144	13318143	1	-2.134237662	4	Mystik Canada;Papek Czechia;Pronutrix+ Belgium;Starfood Holland	False
D5pct_farmed_only_4_R00665	0.05	5%	farmed_only	Farmed only	4	13718144	13728143	1	-2.0955456	4	Mystik Canada;Papek Czechia;Pronutrix+ Belgium;Starfood Holland	False
D5pct_farmed_only_4_R00666	0.05	5%	farmed_only	Farmed only	4	13988144	14008143	2	-2.194597821	3	Mystik Canada;Pronutrix+ Belgium;Starfood Holland	False
D5pct_farmed_only_4_R00667	0.05	5%	farmed_only	Farmed only	4	14398144	14408143	1	-2.077472436	1	Starfood Holland	False
D5pct_farmed_only_4_R00668	0.05	5%	farmed_only	Farmed only	4	14658144	14668143	1	-1.715121657	2	Papek Czechia;Pronutrix+ Belgium	False
D5pct_farmed_only_4_R00669	0.05	5%	farmed_only	Farmed only	4	15578243	15588242	1	-2.705100826	1	Mystik Canada	False
D5pct_farmed_only_4_R00670	0.05	5%	farmed_only	Farmed only	4	15643243	15653242	1	-1.703393148	1	Kingsect Belgium	False
D5pct_farmed_only_4_R00671	0.05	5%	farmed_only	Farmed only	4	15934214	15944213	1	-1.192783352	1	Mystik Canada	False
D5pct_farmed_only_4_R00672	0.05	5%	farmed_only	Farmed only	4	16014214	16024213	1	-1.481847262	2	Mystik Canada;Pronutrix+ Belgium	False
D5pct_farmed_only_4_R00673	0.05	5%	farmed_only	Farmed only	4	16074214	16084213	1	-1.76747187	1	Papek Czechia	False
D5pct_farmed_only_4_R00674	0.05	5%	farmed_only	Farmed only	4	16184214	16194213	1	-1.738695642	1	Papek Czechia	False
D5pct_farmed_only_4_R00675	0.05	5%	farmed_and_wild	Farmed + wild	4	16879214	16969213	11	-2.124271749	3	Kingsect Belgium;Pronutrix+ Belgium;Starfood Holland	True
D5pct_farmed_only_4_R00676	0.05	5%	farmed_only	Farmed only	4	16974214	16994213	2	-2.135345534	4	Mystik Canada;Papek Czechia;Pronutrix+ Belgium;Starfood Holland	False
D5pct_farmed_only_4_R00677	0.05	5%	farmed_only	Farmed only	4	19334214	19344213	1	-1.247110612	1	Mystik Canada	False
D5pct_farmed_only_4_R00678	0.05	5%	farmed_only	Farmed only	4	20264214	20274213	1	-2.09949982	1	Starfood Holland	False
D5pct_farmed_only_4_R00679	0.05	5%	farmed_only	Farmed only	4	20354214	20364213	1	-1.746817197	2	Mystik Canada;Papek Czechia	False
D5pct_farmed_only_4_R00680	0.05	5%	farmed_only	Farmed only	4	20379214	20389213	1	-1.674057723	1	Kingsect Belgium	False
D5pct_farmed_only_4_R00681	0.05	5%	farmed_only	Farmed only	4	20404214	20414213	1	-1.259493093	1	Mystik Canada	False
D5pct_farmed_only_4_R00682	0.05	5%	farmed_only	Farmed only	4	20474214	20484213	1	-1.205179183	1	Mystik Canada	False
D5pct_farmed_only_4_R00683	0.05	5%	farmed_only	Farmed only	4	20564214	20574213	1	-1.169222621	1	Mystik Canada	False
D5pct_farmed_only_4_R00684	0.05	5%	farmed_only	Farmed only	4	20684214	20694213	1	-1.558948172	1	Pronutrix+ Belgium	False
D5pct_farmed_only_4_R00685	0.05	5%	farmed_and_wild	Farmed + wild	4	20699214	20749213	5	-1.87326327	1	Kingsect Belgium	True
D5pct_farmed_only_4_R00686	0.05	5%	farmed_and_wild	Farmed + wild	4	20784214	20799213	2	-2.075818555	2	Kingsect Belgium;Starfood Holland	True
D5pct_farmed_only_4_R00687	0.05	5%	farmed_and_wild	Farmed + wild	4	20819214	21069213	29	-2.302383243	5	Kingsect Belgium;Mystik Canada;Papek Czechia;Pronutrix+ Belgium;Starfood Holland	True
D5pct_farmed_only_4_R00688	0.05	5%	farmed_and_wild	Farmed + wild	4	21569214	21709213	15	-2.199784162	4	Kingsect Belgium;Mystik Canada;Pronutrix+ Belgium;Starfood Holland	True
D5pct_farmed_only_4_R00689	0.05	5%	farmed_only	Farmed only	4	21724214	21734213	1	-2.052969106	1	Starfood Holland	False
D5pct_farmed_only_4_R00690	0.05	5%	farmed_and_wild	Farmed + wild	4	21819214	21969213	19	-2.196848872	5	Kingsect Belgium;Mystik Canada;Papek Czechia;Pronutrix+ Belgium;Starfood Holland	True
D5pct_farmed_only_4_R00691	0.05	5%	farmed_only	Farmed only	4	21984214	21994213	1	-1.742350772	2	Papek Czechia;Pronutrix+ Belgium	False
D5pct_farmed_only_4_R00692	0.05	5%	farmed_only	Farmed only	4	22054214	22084213	3	-1.774154777	3	Mystik Canada;Papek Czechia;Pronutrix+ Belgium	False
D5pct_farmed_only_4_R00693	0.05	5%	farmed_only	Farmed only	4	22428801	22438800	1	-1.863795165	3	Mystik Canada;Papek Czechia;Pronutrix+ Belgium	False
D5pct_farmed_only_4_R00694	0.05	5%	farmed_only	Farmed only	4	22848801	22858800	1	-1.198015852	1	Mystik Canada	False
D5pct_farmed_only_4_R00695	0.05	5%	farmed_and_wild	Farmed + wild	4	22883801	23413800	67	-2.37685555	5	Kingsect Belgium;Mystik Canada;Papek Czechia;Pronutrix+ Belgium;Starfood Holland	True
D5pct_farmed_only_4_R00696	0.05	5%	farmed_and_wild	Farmed + wild	4	23693900	23823899	17	-2.240239599	4	Kingsect Belgium;Papek Czechia;Pronutrix+ Belgium;Starfood Holland	True
D5pct_farmed_only_4_R00697	0.05	5%	farmed_and_wild	Farmed + wild	4	24813900	25013899	31	-2.347827184	5	Kingsect Belgium;Mystik Canada;Papek Czechia;Pronutrix+ Belgium;Starfood Holland	True
D5pct_farmed_only_4_R00698	0.05	5%	farmed_only	Farmed only	4	25538900	25548899	1	-1.659872153	1	Pronutrix+ Belgium	False
D5pct_farmed_only_4_R00699	0.05	5%	farmed_and_wild	Farmed + wild	4	26708900	26773899	7	-2.150559256	4	Kingsect Belgium;Mystik Canada;Pronutrix+ Belgium;Starfood Holland	True
D5pct_farmed_only_4_R00700	0.05	5%	farmed_only	Farmed only	4	26938900	26948899	1	-2.133936933	4	Mystik Canada;Papek Czechia;Pronutrix+ Belgium;Starfood Holland	False
D5pct_farmed_only_4_R00701	0.05	5%	farmed_only	Farmed only	4	27058900	27068899	1	-1.239826184	1	Mystik Canada	False
D5pct_farmed_only_4_R00702	0.05	5%	farmed_only	Farmed only	4	28318900	28328899	1	-2.511779478	2	Papek Czechia;Pronutrix+ Belgium	False
D5pct_farmed_only_4_R00703	0.05	5%	farmed_only	Farmed only	4	29728900	29738899	1	-1.464988822	1	Mystik Canada	False
D5pct_farmed_and_wild_4_R00704	0.05	5%	farmed_and_wild	Farmed + wild	4	845000	854999	1	-2.383268385	5	Dole7;Mystik Canada;Papek Czechia;Pronutrix+ Belgium;Starfood Holland	True
D5pct_farmed_and_wild_4_R00705	0.05	5%	farmed_and_wild	Farmed + wild	4	1405000	1414999	1	-1.920903978	3	Dole7;Mystik Canada;Pronutrix+ Belgium	True
D5pct_farmed_and_wild_4_R00706	0.05	5%	farmed_and_wild	Farmed + wild	4	3275000	3284999	1	-2.623257808	4	Mystik Canada;Papek Czechia;Pronutrix+ Belgium;Starfood Holland	True
D5pct_farmed_and_wild_4_R00707	0.05	5%	farmed_and_wild	Farmed + wild	4	4045000	4054999	1	-2.259250111	4	Mystik Canada;Papek Czechia;Pronutrix+ Belgium;Starfood Holland	True
D5pct_farmed_and_wild_4_R00708	0.05	5%	farmed_and_wild	Farmed + wild	4	5155000	5164999	1	-1.768778576	1	Papek Czechia	True
D5pct_farmed_and_wild_4_R00709	0.05	5%	farmed_and_wild	Farmed + wild	4	5675000	5684999	1	-1.557939237	1	Pronutrix+ Belgium	True
D5pct_farmed_and_wild_4_R00710	0.05	5%	farmed_and_wild	Farmed + wild	4	5705000	5724999	2	-3.246901538	4	Mystik Canada;Papek Czechia;Pronutrix+ Belgium;Starfood Holland	True
D5pct_farmed_and_wild_4_R00711	0.05	5%	farmed_and_wild	Farmed + wild	4	7575000	7634999	6	-2.869874889	4	Mystik Canada;Papek Czechia;Pronutrix+ Belgium;Starfood Holland	True
D5pct_farmed_and_wild_4_R00712	0.05	5%	farmed_and_wild	Farmed + wild	4	7645000	7664999	2	-2.371669451	4	Mystik Canada;Papek Czechia;Pronutrix+ Belgium;Starfood Holland	True
D5pct_farmed_and_wild_4_R00713	0.05	5%	farmed_and_wild	Farmed + wild	4	10358144	10368143	1	-2.055305443	3	Mystik Canada;Papek Czechia;Pronutrix+ Belgium	True
D5pct_farmed_and_wild_4_R00714	0.05	5%	farmed_and_wild	Farmed + wild	4	10428144	10438143	1	-2.104250199	3	Mystik Canada;Pronutrix+ Belgium;Starfood Holland	True
D5pct_farmed_and_wild_4_R00715	0.05	5%	farmed_and_wild	Farmed + wild	4	10538144	10548143	1	-2.043447598	1	Starfood Holland	True
D5pct_farmed_and_wild_4_R00716	0.05	5%	farmed_and_wild	Farmed + wild	4	10698144	10708143	1	-2.090559998	1	Starfood Holland	True
D5pct_farmed_and_wild_4_R00717	0.05	5%	farmed_and_wild	Farmed + wild	4	11188144	11238143	5	-2.672930987	4	Mystik Canada;Papek Czechia;Pronutrix+ Belgium;Starfood Holland	True
D5pct_farmed_and_wild_4_R00718	0.05	5%	farmed_and_wild	Farmed + wild	4	12098144	12108143	1	-2.620555603	4	Mystik Canada;Papek Czechia;Pronutrix+ Belgium;Starfood Holland	True
D5pct_farmed_and_wild_4_R00719	0.05	5%	farmed_and_wild	Farmed + wild	4	12508144	12518143	1	-2.27417414	4	Mystik Canada;Papek Czechia;Pronutrix+ Belgium;Starfood Holland	True
D5pct_farmed_and_wild_4_R00720	0.05	5%	farmed_and_wild	Farmed + wild	4	12558144	12568143	1	-2.471863895	4	Mystik Canada;Papek Czechia;Pronutrix+ Belgium;Starfood Holland	True
D5pct_farmed_and_wild_4_R00721	0.05	5%	farmed_and_wild	Farmed + wild	4	12988144	12998143	1	-2.125142501	3	Mystik Canada;Pronutrix+ Belgium;Starfood Holland	True
D5pct_farmed_and_wild_4_R00722	0.05	5%	farmed_and_wild	Farmed + wild	4	13048144	13078143	3	-2.067523314	1	Pronutrix+ Belgium	True
D5pct_farmed_and_wild_4_R00723	0.05	5%	farmed_and_wild	Farmed + wild	4	13168144	13178143	1	-2.476801314	1	Pronutrix+ Belgium	True
D5pct_farmed_and_wild_4_R00724	0.05	5%	farmed_and_wild	Farmed + wild	4	13668144	13678143	1	-2.399645632	4	Mystik Canada;Papek Czechia;Pronutrix+ Belgium;Starfood Holland	True
D5pct_farmed_and_wild_4_R00725	0.05	5%	farmed_and_wild	Farmed + wild	4	13978144	13988143	1	-2.382456461	4	Mystik Canada;Papek Czechia;Pronutrix+ Belgium;Starfood Holland	True
D5pct_farmed_and_wild_4_R00726	0.05	5%	farmed_and_wild	Farmed + wild	4	15178144	15188143	1	-2.516683173	3	Papek Czechia;Pronutrix+ Belgium;Starfood Holland	True
D5pct_farmed_and_wild_4_R00727	0.05	5%	farmed_and_wild	Farmed + wild	4	15568243	15578242	1	-2.90724173	3	Mystik Canada;Papek Czechia;Starfood Holland	True
D5pct_farmed_and_wild_4_R00728	0.05	5%	farmed_and_wild	Farmed + wild	4	15598243	15638242	4	-2.647478647	3	Mystik Canada;Papek Czechia;Starfood Holland	True
D5pct_farmed_and_wild_4_R00729	0.05	5%	farmed_and_wild	Farmed + wild	4	16934214	16954213	2	-2.223175484	3	Mystik Canada;Pronutrix+ Belgium;Starfood Holland	True
D5pct_farmed_and_wild_4_R00730	0.05	5%	farmed_and_wild	Farmed + wild	4	17974214	17984213	1	-1.812445865	3	Mystik Canada;Papek Czechia;Pronutrix+ Belgium	True
D5pct_farmed_and_wild_4_R00731	0.05	5%	farmed_and_wild	Farmed + wild	4	18634214	18654213	2	-2.709341891	4	Mystik Canada;Papek Czechia;Pronutrix+ Belgium;Starfood Holland	True
D5pct_farmed_and_wild_4_R00732	0.05	5%	farmed_and_wild	Farmed + wild	4	19874214	19884213	1	-1.72813674	2	Papek Czechia;Pronutrix+ Belgium	True
D5pct_farmed_and_wild_4_R00733	0.05	5%	farmed_and_wild	Farmed + wild	4	20104214	20114213	1	-2.116601031	1	Starfood Holland	True
D5pct_farmed_and_wild_4_R00734	0.05	5%	farmed_and_wild	Farmed + wild	4	20394214	20404213	1	-2.145568674	3	Papek Czechia;Pronutrix+ Belgium;Starfood Holland	True
D5pct_farmed_and_wild_4_R00735	0.05	5%	farmed_and_wild	Farmed + wild	4	20634214	20644213	1	-2.02598623	4	Mystik Canada;Papek Czechia;Pronutrix+ Belgium;Starfood Holland	True
D5pct_farmed_and_wild_4_R00736	0.05	5%	farmed_and_wild	Farmed + wild	4	20694214	20714213	2	-2.272594504	4	Mystik Canada;Papek Czechia;Pronutrix+ Belgium;Starfood Holland	True
D5pct_farmed_and_wild_4_R00737	0.05	5%	farmed_and_wild	Farmed + wild	4	20744214	20754213	1	-2.671792918	4	Mystik Canada;Papek Czechia;Pronutrix+ Belgium;Starfood Holland	True
D5pct_farmed_and_wild_4_R00738	0.05	5%	farmed_and_wild	Farmed + wild	4	20794214	20804213	1	-2.170852358	3	Papek Czechia;Pronutrix+ Belgium;Starfood Holland	True
D5pct_farmed_and_wild_4_R00739	0.05	5%	farmed_and_wild	Farmed + wild	4	20864214	20874213	1	-2.324860883	3	Papek Czechia;Pronutrix+ Belgium;Starfood Holland	True
D5pct_farmed_and_wild_4_R00740	0.05	5%	farmed_and_wild	Farmed + wild	4	20884214	20904213	2	-2.558739102	4	Mystik Canada;Papek Czechia;Pronutrix+ Belgium;Starfood Holland	True
D5pct_farmed_and_wild_4_R00741	0.05	5%	farmed_and_wild	Farmed + wild	4	20924214	20984213	6	-2.529336152	4	Mystik Canada;Papek Czechia;Pronutrix+ Belgium;Starfood Holland	True
D5pct_farmed_and_wild_4_R00742	0.05	5%	farmed_and_wild	Farmed + wild	4	21014214	21054213	4	-2.59338415	4	Mystik Canada;Papek Czechia;Pronutrix+ Belgium;Starfood Holland	True
D5pct_farmed_and_wild_4_R00743	0.05	5%	farmed_and_wild	Farmed + wild	4	21374214	21394213	2	-2.348113035	4	Mystik Canada;Papek Czechia;Pronutrix+ Belgium;Starfood Holland	True
D5pct_farmed_and_wild_4_R00744	0.05	5%	farmed_and_wild	Farmed + wild	4	21544214	21564213	2	-2.50149878	4	Mystik Canada;Papek Czechia;Pronutrix+ Belgium;Starfood Holland	True
D5pct_farmed_and_wild_4_R00745	0.05	5%	farmed_and_wild	Farmed + wild	4	21584214	21604213	2	-2.362179029	4	Mystik Canada;Papek Czechia;Pronutrix+ Belgium;Starfood Holland	True
D5pct_farmed_and_wild_4_R00746	0.05	5%	farmed_and_wild	Farmed + wild	4	21614214	21624213	1	-2.107047677	3	Mystik Canada;Pronutrix+ Belgium;Starfood Holland	True
D5pct_farmed_and_wild_4_R00747	0.05	5%	farmed_and_wild	Farmed + wild	4	21634214	21694213	6	-2.562317725	4	Mystik Canada;Papek Czechia;Pronutrix+ Belgium;Starfood Holland	True
D5pct_farmed_and_wild_4_R00748	0.05	5%	farmed_and_wild	Farmed + wild	4	21814214	21824213	1	-2.137699265	4	Mystik Canada;Papek Czechia;Pronutrix+ Belgium;Starfood Holland	True
D5pct_farmed_and_wild_4_R00749	0.05	5%	farmed_and_wild	Farmed + wild	4	21834214	21844213	1	-2.21986023	4	Mystik Canada;Papek Czechia;Pronutrix+ Belgium;Starfood Holland	True
D5pct_farmed_and_wild_4_R00750	0.05	5%	farmed_and_wild	Farmed + wild	4	21854214	21864213	1	-2.129575889	2	Pronutrix+ Belgium;Starfood Holland	True
D5pct_farmed_and_wild_4_R00751	0.05	5%	farmed_and_wild	Farmed + wild	4	21924214	21964213	4	-2.614845651	4	Mystik Canada;Papek Czechia;Pronutrix+ Belgium;Starfood Holland	True
D5pct_farmed_and_wild_4_R00752	0.05	5%	farmed_and_wild	Farmed + wild	4	22044214	22054213	1	-1.851223517	3	Mystik Canada;Papek Czechia;Pronutrix+ Belgium	True
D5pct_farmed_and_wild_4_R00753	0.05	5%	farmed_and_wild	Farmed + wild	4	22258801	22268800	1	-1.866145922	3	Mystik Canada;Papek Czechia;Pronutrix+ Belgium	True
D5pct_farmed_and_wild_4_R00754	0.05	5%	farmed_and_wild	Farmed + wild	4	22418801	22428800	1	-3.416126666	4	Mystik Canada;Papek Czechia;Pronutrix+ Belgium;Starfood Holland	True
D5pct_farmed_and_wild_4_R00755	0.05	5%	farmed_and_wild	Farmed + wild	4	22538801	22548800	1	-1.98285857	2	Mystik Canada;Papek Czechia	True
D5pct_farmed_and_wild_4_R00756	0.05	5%	farmed_and_wild	Farmed + wild	4	22878801	22888800	1	-2.263349326	4	Mystik Canada;Papek Czechia;Pronutrix+ Belgium;Starfood Holland	True
D5pct_farmed_and_wild_4_R00757	0.05	5%	farmed_and_wild	Farmed + wild	4	22898801	22928800	3	-2.37525331	4	Mystik Canada;Papek Czechia;Pronutrix+ Belgium;Starfood Holland	True
D5pct_farmed_and_wild_4_R00758	0.05	5%	farmed_and_wild	Farmed + wild	4	22968801	22978800	1	-2.245831307	3	Papek Czechia;Pronutrix+ Belgium;Starfood Holland	True
D5pct_farmed_and_wild_4_R00759	0.05	5%	farmed_and_wild	Farmed + wild	4	22988801	23018800	3	-2.304264093	4	Mystik Canada;Papek Czechia;Pronutrix+ Belgium;Starfood Holland	True
D5pct_farmed_and_wild_4_R00760	0.05	5%	farmed_and_wild	Farmed + wild	4	23038801	23098800	6	-2.592970881	4	Mystik Canada;Papek Czechia;Pronutrix+ Belgium;Starfood Holland	True
D5pct_farmed_and_wild_4_R00761	0.05	5%	farmed_and_wild	Farmed + wild	4	23148801	23158800	1	-2.271058302	4	Mystik Canada;Papek Czechia;Pronutrix+ Belgium;Starfood Holland	True
D5pct_farmed_and_wild_4_R00762	0.05	5%	farmed_and_wild	Farmed + wild	4	23178801	23208800	3	-2.389363603	4	Mystik Canada;Papek Czechia;Pronutrix+ Belgium;Starfood Holland	True
D5pct_farmed_and_wild_4_R00763	0.05	5%	farmed_and_wild	Farmed + wild	4	23248801	23288800	4	-2.466183929	4	Mystik Canada;Papek Czechia;Pronutrix+ Belgium;Starfood Holland	True
D5pct_farmed_and_wild_4_R00764	0.05	5%	farmed_and_wild	Farmed + wild	4	23298801	23308800	1	-2.360977632	4	Mystik Canada;Papek Czechia;Pronutrix+ Belgium;Starfood Holland	True
D5pct_farmed_and_wild_4_R00765	0.05	5%	farmed_and_wild	Farmed + wild	4	23338801	23348800	1	-2.293066282	4	Mystik Canada;Papek Czechia;Pronutrix+ Belgium;Starfood Holland	True
D5pct_farmed_and_wild_4_R00766	0.05	5%	farmed_and_wild	Farmed + wild	4	23388801	23398800	1	-2.350627312	4	Mystik Canada;Papek Czechia;Pronutrix+ Belgium;Starfood Holland	True
D5pct_farmed_and_wild_4_R00767	0.05	5%	farmed_and_wild	Farmed + wild	4	23408801	23458800	5	-2.341803685	4	Mystik Canada;Papek Czechia;Pronutrix+ Belgium;Starfood Holland	True
D5pct_farmed_and_wild_4_R00768	0.05	5%	farmed_and_wild	Farmed + wild	4	23688900	23698899	1	-1.913315614	2	Papek Czechia;Pronutrix+ Belgium	True
D5pct_farmed_and_wild_4_R00769	0.05	5%	farmed_and_wild	Farmed + wild	4	23708900	23718899	1	-2.220519761	4	Mystik Canada;Papek Czechia;Pronutrix+ Belgium;Starfood Holland	True
D5pct_farmed_and_wild_4_R00770	0.05	5%	farmed_and_wild	Farmed + wild	4	23728900	23738899	1	-2.050541638	3	Papek Czechia;Pronutrix+ Belgium;Starfood Holland	True
D5pct_farmed_and_wild_4_R00771	0.05	5%	farmed_and_wild	Farmed + wild	4	23778900	23818899	4	-2.550983654	4	Mystik Canada;Papek Czechia;Pronutrix+ Belgium;Starfood Holland	True
D5pct_farmed_and_wild_4_R00772	0.05	5%	farmed_and_wild	Farmed + wild	4	23828900	23838899	1	-2.232672384	3	Papek Czechia;Pronutrix+ Belgium;Starfood Holland	True
D5pct_farmed_and_wild_4_R00773	0.05	5%	farmed_and_wild	Farmed + wild	4	24378900	24388899	1	-2.224734993	2	Pronutrix+ Belgium;Starfood Holland	True
D5pct_farmed_and_wild_4_R00774	0.05	5%	farmed_and_wild	Farmed + wild	4	24868900	24878899	1	-2.389164515	4	Mystik Canada;Papek Czechia;Pronutrix+ Belgium;Starfood Holland	True
D5pct_farmed_and_wild_4_R00775	0.05	5%	farmed_and_wild	Farmed + wild	4	24898900	24908899	1	-2.754877753	4	Mystik Canada;Papek Czechia;Pronutrix+ Belgium;Starfood Holland	True
D5pct_farmed_and_wild_4_R00776	0.05	5%	farmed_and_wild	Farmed + wild	4	24938900	24958899	2	-2.557672728	4	Mystik Canada;Papek Czechia;Pronutrix+ Belgium;Starfood Holland	True
D5pct_farmed_and_wild_4_R00777	0.05	5%	farmed_and_wild	Farmed + wild	4	26688900	26708899	2	-2.160672226	3	Mystik Canada;Pronutrix+ Belgium;Starfood Holland	True
D5pct_farmed_and_wild_4_R00778	0.05	5%	farmed_and_wild	Farmed + wild	4	26738900	26748899	1	-2.150256522	4	Mystik Canada;Papek Czechia;Pronutrix+ Belgium;Starfood Holland	True
D5pct_farmed_and_wild_4_R00779	0.05	5%	farmed_and_wild	Farmed + wild	4	26768900	26778899	1	-1.866753135	1	Mystik Canada	True
D5pct_farmed_and_wild_4_R00780	0.05	5%	farmed_and_wild	Farmed + wild	4	26788900	26798899	1	-1.800597667	1	Mystik Canada	True
D5pct_farmed_and_wild_4_R00781	0.05	5%	farmed_and_wild	Farmed + wild	4	26808900	26818899	1	-2.084867372	4	Mystik Canada;Papek Czechia;Pronutrix+ Belgium;Starfood Holland	True
D5pct_farmed_and_wild_4_R00782	0.05	5%	farmed_and_wild	Farmed + wild	4	27028900	27048899	2	-2.509430802	4	Mystik Canada;Papek Czechia;Pronutrix+ Belgium;Starfood Holland	True
D5pct_farmed_and_wild_4_R00783	0.05	5%	farmed_and_wild	Farmed + wild	4	27378900	27388899	1	-2.485857419	4	Mystik Canada;Papek Czechia;Pronutrix+ Belgium;Starfood Holland	True
D5pct_farmed_and_wild_4_R00784	0.05	5%	farmed_and_wild	Farmed + wild	4	28308900	28318899	1	-2.281036695	3	Mystik Canada;Papek Czechia;Pronutrix+ Belgium	True
D5pct_farmed_and_wild_4_R00785	0.05	5%	farmed_and_wild	Farmed + wild	4	28328900	28338899	1	-2.153370381	2	Papek Czechia;Starfood Holland	True
D5pct_farmed_and_wild_4_R00786	0.05	5%	farmed_and_wild	Farmed + wild	4	28358900	28368899	1	-2.203966422	1	Pronutrix+ Belgium	True
D5pct_farmed_and_wild_4_R00787	0.05	5%	farmed_and_wild	Farmed + wild	4	29748900	29758899	1	-2.751743493	4	Mystik Canada;Papek Czechia;Pronutrix+ Belgium;Starfood Holland	True
D5pct_farmed_and_wild_4_R00788	0.05	5%	farmed_and_wild	Farmed + wild	4	29768900	29788899	2	-2.711491946	4	Mystik Canada;Papek Czechia;Pronutrix+ Belgium;Starfood Holland	True
D5pct_wild_only_4_R00789	0.05	5%	wild_only	Wild only	4	5945000	5954999	1	-1.829206315	0		True
D5pct_wild_only_4_R00790	0.05	5%	wild_only	Wild only	4	10948144	10958143	1	-1.582372672	0		True
D5pct_wild_only_4_R00791	0.05	5%	wild_only	Wild only	4	11268144	11278143	1	-1.667416991	0		True
D5pct_wild_only_4_R00792	0.05	5%	wild_only	Wild only	4	11588144	11598143	1	-1.692501725	0		True
D5pct_wild_only_4_R00793	0.05	5%	wild_only	Wild only	4	12418144	12428143	1	-1.627243379	0		True
D5pct_wild_only_4_R00794	0.05	5%	wild_only	Wild only	4	12968144	12978143	1	-1.570604227	0		True
D5pct_wild_only_4_R00795	0.05	5%	wild_only	Wild only	4	13008144	13028143	2	-1.858527004	0		True
D5pct_wild_only_4_R00796	0.05	5%	wild_only	Wild only	4	13148144	13158143	1	-1.610328758	0		True
D5pct_wild_only_4_R00797	0.05	5%	wild_only	Wild only	4	14358144	14368143	1	-1.583870307	0		True
D5pct_wild_only_4_R00798	0.05	5%	wild_only	Wild only	4	16034214	16044213	1	-1.654961002	0		True
D5pct_wild_only_4_R00799	0.05	5%	wild_only	Wild only	4	16114214	16124213	1	-1.558997783	0		True
D5pct_wild_only_4_R00800	0.05	5%	wild_only	Wild only	4	18324214	18334213	1	-1.773495006	0		True
D5pct_wild_only_4_R00801	0.05	5%	wild_only	Wild only	4	18484214	18494213	1	-1.622420664	0		True
D5pct_wild_only_4_R00802	0.05	5%	wild_only	Wild only	4	18824214	18834213	1	-1.604946088	0		True
D5pct_wild_only_4_R00803	0.05	5%	wild_only	Wild only	4	19594214	19604213	1	-1.605386282	0		True
D5pct_wild_only_4_R00804	0.05	5%	wild_only	Wild only	4	21064214	21074213	1	-1.81175488	0		True
D5pct_wild_only_4_R00805	0.05	5%	wild_only	Wild only	4	21564214	21584213	2	-1.739175703	0		True
D5pct_wild_only_4_R00806	0.05	5%	wild_only	Wild only	4	21844214	21854213	1	-1.703031888	0		True
D5pct_wild_only_4_R00807	0.05	5%	wild_only	Wild only	4	23698900	23708899	1	-1.605056449	0		True
D5pct_wild_only_4_R00808	0.05	5%	wild_only	Wild only	4	24808900	24818899	1	-1.585658815	0		True
D5pct_wild_only_4_R00809	0.05	5%	wild_only	Wild only	4	25038900	25048899	1	-1.603656801	0		True
D5pct_wild_only_4_R00810	0.05	5%	wild_only	Wild only	4	26598900	26608899	1	-1.747411939	0		True
D5pct_wild_only_4_R00811	0.05	5%	wild_only	Wild only	4	26648900	26658899	1	-1.784875266	0		True
D5pct_wild_only_4_R00812	0.05	5%	wild_only	Wild only	4	27068900	27078899	1	-1.763466749	0		True
D5pct_farmed_only_5_R00813	0.05	5%	farmed_only	Farmed only	5	25000	34999	1	-1.890274393	1	Dole7	False
D5pct_farmed_only_5_R00814	0.05	5%	farmed_only	Farmed only	5	255000	274999	2	-1.9571984	1	Pronutrix+ Belgium	False
D5pct_farmed_only_5_R00815	0.05	5%	farmed_only	Farmed only	5	415000	424999	1	-1.262461	1	Mystik Canada	False
D5pct_farmed_only_5_R00816	0.05	5%	farmed_only	Farmed only	5	555000	564999	1	-1.658964797	1	Pronutrix+ Belgium	False
D5pct_farmed_only_5_R00817	0.05	5%	farmed_only	Farmed only	5	575000	584999	1	-2.069772331	4	Dole7;Mystik Canada;Pronutrix+ Belgium;Starfood Holland	False
D5pct_farmed_only_5_R00818	0.05	5%	farmed_only	Farmed only	5	595000	614999	2	-1.606556713	1	Pronutrix+ Belgium	False
D5pct_farmed_only_5_R00819	0.05	5%	farmed_only	Farmed only	5	1190000	1329999	15	-1.885127254	2	Kingsect Belgium;Mystik Canada	False
D5pct_farmed_only_5_R00820	0.05	5%	farmed_only	Farmed only	5	1995000	2004999	1	-2.339581482	5	Dole7;Mystik Canada;Papek Czechia;Pronutrix+ Belgium;Starfood Holland	False
D5pct_farmed_only_5_R00821	0.05	5%	farmed_only	Farmed only	5	2025000	2034999	1	-1.944149665	1	Dole7	False
D5pct_farmed_only_5_R00822	0.05	5%	farmed_only	Farmed only	5	2045000	2054999	1	-1.509599475	2	Mystik Canada;Pronutrix+ Belgium	False
D5pct_farmed_only_5_R00823	0.05	5%	farmed_only	Farmed only	5	2085000	2194999	18	-2.329147944	6	Dole7;Kingsect Belgium;Mystik Canada;Papek Czechia;Pronutrix+ Belgium;Starfood Holland	False
D5pct_farmed_only_5_R00824	0.05	5%	farmed_only	Farmed only	5	2205000	2214999	1	-1.890060339	1	Dole7	False
D5pct_farmed_only_5_R00825	0.05	5%	farmed_only	Farmed only	5	2255000	2274999	2	-1.925564717	2	Dole7;Pronutrix+ Belgium	False
D5pct_farmed_only_5_R00826	0.05	5%	farmed_only	Farmed only	5	2875000	2884999	1	-1.485423328	2	Mystik Canada;Pronutrix+ Belgium	False
D5pct_farmed_only_5_R00827	0.05	5%	farmed_only	Farmed only	5	4345000	4354999	1	-1.809153817	3	Dole7;Mystik Canada;Pronutrix+ Belgium	False
D5pct_farmed_only_5_R00828	0.05	5%	farmed_only	Farmed only	5	5205000	5214999	1	-1.901261465	1	Dole7	False
D5pct_farmed_only_5_R00829	0.05	5%	farmed_and_wild	Farmed + wild	5	5245000	5489999	28	-2.264322923	3	Dole7;Kingsect Belgium;Papek Czechia	True
D5pct_farmed_only_5_R00830	0.05	5%	farmed_only	Farmed only	5	5495000	5504999	1	-2.245967403	5	Dole7;Mystik Canada;Papek Czechia;Pronutrix+ Belgium;Starfood Holland	False
D5pct_farmed_only_5_R00831	0.05	5%	farmed_only	Farmed only	5	5745000	5764999	2	-1.907909441	1	Dole7	False
D5pct_farmed_only_5_R00832	0.05	5%	farmed_only	Farmed only	5	6015000	6024999	1	-1.840514772	1	Dole7	False
D5pct_farmed_only_5_R00833	0.05	5%	farmed_only	Farmed only	5	6125000	6134999	1	-1.858457804	2	Dole7;Pronutrix+ Belgium	False
D5pct_farmed_only_5_R00834	0.05	5%	farmed_only	Farmed only	5	6145000	6154999	1	-1.328162003	1	Mystik Canada	False
D5pct_farmed_only_5_R00835	0.05	5%	farmed_only	Farmed only	5	6245000	6254999	1	-1.528688398	2	Mystik Canada;Pronutrix+ Belgium	False
D5pct_farmed_only_5_R00836	0.05	5%	farmed_only	Farmed only	5	7855000	7864999	1	-1.851242769	1	Dole7	False
D5pct_farmed_only_5_R00837	0.05	5%	farmed_only	Farmed only	5	8185000	8194999	1	-2.124704164	3	Dole7;Mystik Canada;Starfood Holland	False
D5pct_farmed_only_5_R00838	0.05	5%	farmed_only	Farmed only	5	8495000	8504999	1	-1.854404383	3	Dole7;Papek Czechia;Pronutrix+ Belgium	False
D5pct_farmed_only_5_R00839	0.05	5%	farmed_only	Farmed only	5	8535000	8544999	1	-2.336732958	4	Dole7;Papek Czechia;Pronutrix+ Belgium;Starfood Holland	False
D5pct_farmed_only_5_R00840	0.05	5%	farmed_only	Farmed only	5	8595000	8604999	1	-1.845186064	1	Dole7	False
D5pct_farmed_only_5_R00841	0.05	5%	farmed_only	Farmed only	5	9275000	9284999	1	-1.920857775	3	Dole7;Mystik Canada;Pronutrix+ Belgium	False
D5pct_farmed_only_5_R00842	0.05	5%	farmed_only	Farmed only	5	16020000	16139999	12	-2.143004673	1	Kingsect Belgium	False
D5pct_farmed_only_5_R00843	0.05	5%	farmed_only	Farmed only	5	17315000	17334999	2	-2.107724785	2	Dole7;Starfood Holland	False
D5pct_farmed_only_5_R00844	0.05	5%	farmed_only	Farmed only	5	17755000	17764999	1	-1.500955013	1	Pronutrix+ Belgium	False
D5pct_farmed_only_5_R00845	0.05	5%	farmed_only	Farmed only	5	18535000	18544999	1	-1.86813296	1	Mystik Canada	False
D5pct_farmed_only_5_R00846	0.05	5%	farmed_only	Farmed only	5	18675000	18684999	1	-2.10645336	5	Dole7;Mystik Canada;Papek Czechia;Pronutrix+ Belgium;Starfood Holland	False
D5pct_farmed_only_5_R00847	0.05	5%	farmed_only	Farmed only	5	18775000	18784999	1	-1.924880814	4	Dole7;Mystik Canada;Papek Czechia;Pronutrix+ Belgium	False
D5pct_farmed_only_5_R00848	0.05	5%	farmed_only	Farmed only	5	18995000	19004999	1	-1.515891392	1	Pronutrix+ Belgium	False
D5pct_farmed_only_5_R00849	0.05	5%	farmed_only	Farmed only	5	19875000	19884999	1	-1.825389084	1	Dole7	False
D5pct_farmed_only_5_R00850	0.05	5%	farmed_only	Farmed only	5	20095000	20104999	1	-1.650814984	1	Pronutrix+ Belgium	False
D5pct_farmed_only_5_R00851	0.05	5%	farmed_only	Farmed only	5	20345000	20354999	1	-1.822623593	3	Mystik Canada;Papek Czechia;Pronutrix+ Belgium	False
D5pct_farmed_only_5_R00852	0.05	5%	farmed_and_wild	Farmed + wild	5	21230000	21304999	8	-2.572033389	3	Dole7;Kingsect Belgium;Starfood Holland	True
D5pct_farmed_only_5_R00853	0.05	5%	farmed_only	Farmed only	5	22145000	22154999	1	-1.338927822	1	Mystik Canada	False
D5pct_farmed_only_5_R00854	0.05	5%	farmed_only	Farmed only	5	22655000	22664999	1	-1.84486589	1	Dole7	False
D5pct_farmed_only_5_R00855	0.05	5%	farmed_only	Farmed only	5	23135000	23144999	1	-2.282787198	2	Dole7;Starfood Holland	False
D5pct_farmed_only_5_R00856	0.05	5%	farmed_only	Farmed only	5	23755000	23764999	1	-2.133852826	3	Dole7;Mystik Canada;Papek Czechia	False
D5pct_farmed_and_wild_5_R00857	0.05	5%	farmed_and_wild	Farmed + wild	5	855000	864999	1	-2.041432505	5	Dole7;Mystik Canada;Papek Czechia;Pronutrix+ Belgium;Starfood Holland	True
D5pct_farmed_and_wild_5_R00858	0.05	5%	farmed_and_wild	Farmed + wild	5	2885000	2894999	1	-2.722224571	5	Dole7;Mystik Canada;Papek Czechia;Pronutrix+ Belgium;Starfood Holland	True
D5pct_farmed_and_wild_5_R00859	0.05	5%	farmed_and_wild	Farmed + wild	5	3055000	3064999	1	-2.029300391	3	Dole7;Pronutrix+ Belgium;Starfood Holland	True
D5pct_farmed_and_wild_5_R00860	0.05	5%	farmed_and_wild	Farmed + wild	5	4045000	4054999	1	-3.333201165	5	Dole7;Mystik Canada;Papek Czechia;Pronutrix+ Belgium;Starfood Holland	True
D5pct_farmed_and_wild_5_R00861	0.05	5%	farmed_and_wild	Farmed + wild	5	4475000	4484999	1	-2.351327862	5	Dole7;Mystik Canada;Papek Czechia;Pronutrix+ Belgium;Starfood Holland	True
D5pct_farmed_and_wild_5_R00862	0.05	5%	farmed_and_wild	Farmed + wild	5	5235000	5244999	1	-2.269916564	5	Dole7;Mystik Canada;Papek Czechia;Pronutrix+ Belgium;Starfood Holland	True
D5pct_farmed_and_wild_5_R00863	0.05	5%	farmed_and_wild	Farmed + wild	5	5285000	5294999	1	-1.82196089	1	Dole7	True
D5pct_farmed_and_wild_5_R00864	0.05	5%	farmed_and_wild	Farmed + wild	5	5305000	5334999	3	-2.429281054	5	Dole7;Mystik Canada;Papek Czechia;Pronutrix+ Belgium;Starfood Holland	True
D5pct_farmed_and_wild_5_R00865	0.05	5%	farmed_and_wild	Farmed + wild	5	5345000	5354999	1	-2.355757936	5	Dole7;Mystik Canada;Papek Czechia;Pronutrix+ Belgium;Starfood Holland	True
D5pct_farmed_and_wild_5_R00866	0.05	5%	farmed_and_wild	Farmed + wild	5	5365000	5414999	5	-2.672581525	5	Dole7;Mystik Canada;Papek Czechia;Pronutrix+ Belgium;Starfood Holland	True
D5pct_farmed_and_wild_5_R00867	0.05	5%	farmed_and_wild	Farmed + wild	5	5425000	5444999	2	-2.511141472	5	Dole7;Mystik Canada;Papek Czechia;Pronutrix+ Belgium;Starfood Holland	True
D5pct_farmed_and_wild_5_R00868	0.05	5%	farmed_and_wild	Farmed + wild	5	5455000	5464999	1	-2.655570096	4	Dole7;Papek Czechia;Pronutrix+ Belgium;Starfood Holland	True
D5pct_farmed_and_wild_5_R00869	0.05	5%	farmed_and_wild	Farmed + wild	5	5485000	5494999	1	-2.509028344	5	Dole7;Mystik Canada;Papek Czechia;Pronutrix+ Belgium;Starfood Holland	True
D5pct_farmed_and_wild_5_R00870	0.05	5%	farmed_and_wild	Farmed + wild	5	5735000	5744999	1	-2.327662163	4	Dole7;Papek Czechia;Pronutrix+ Belgium;Starfood Holland	True
D5pct_farmed_and_wild_5_R00871	0.05	5%	farmed_and_wild	Farmed + wild	5	6105000	6114999	1	-1.821974146	3	Dole7;Mystik Canada;Papek Czechia	True
D5pct_farmed_and_wild_5_R00872	0.05	5%	farmed_and_wild	Farmed + wild	5	8515000	8524999	1	-2.303325317	5	Dole7;Mystik Canada;Papek Czechia;Pronutrix+ Belgium;Starfood Holland	True
D5pct_farmed_and_wild_5_R00873	0.05	5%	farmed_and_wild	Farmed + wild	5	16635000	16654999	2	-2.263573589	5	Dole7;Mystik Canada;Papek Czechia;Pronutrix+ Belgium;Starfood Holland	True
D5pct_farmed_and_wild_5_R00874	0.05	5%	farmed_and_wild	Farmed + wild	5	17765000	17774999	1	-2.133770392	1	Pronutrix+ Belgium	True
D5pct_farmed_and_wild_5_R00875	0.05	5%	farmed_and_wild	Farmed + wild	5	18545000	18564999	2	-2.411626122	5	Dole7;Mystik Canada;Papek Czechia;Pronutrix+ Belgium;Starfood Holland	True
D5pct_farmed_and_wild_5_R00876	0.05	5%	farmed_and_wild	Farmed + wild	5	19825000	19834999	1	-2.137838436	1	Dole7	True
D5pct_farmed_and_wild_5_R00877	0.05	5%	farmed_and_wild	Farmed + wild	5	20135000	20144999	1	-2.275755585	5	Dole7;Mystik Canada;Papek Czechia;Pronutrix+ Belgium;Starfood Holland	True
D5pct_farmed_and_wild_5_R00878	0.05	5%	farmed_and_wild	Farmed + wild	5	21235000	21244999	1	-2.71669719	5	Dole7;Mystik Canada;Papek Czechia;Pronutrix+ Belgium;Starfood Holland	True
D5pct_farmed_and_wild_5_R00879	0.05	5%	farmed_and_wild	Farmed + wild	5	21265000	21294999	3	-2.751434635	5	Dole7;Mystik Canada;Papek Czechia;Pronutrix+ Belgium;Starfood Holland	True
D5pct_farmed_and_wild_5_R00880	0.05	5%	farmed_and_wild	Farmed + wild	5	22135000	22144999	1	-1.572304839	1	Mystik Canada	True
D5pct_farmed_and_wild_5_R00881	0.05	5%	farmed_and_wild	Farmed + wild	5	22525000	22554999	3	-2.355659563	5	Dole7;Mystik Canada;Papek Czechia;Pronutrix+ Belgium;Starfood Holland	True
D5pct_farmed_and_wild_5_R00882	0.05	5%	farmed_and_wild	Farmed + wild	5	22635000	22654999	2	-2.242535469	5	Dole7;Mystik Canada;Papek Czechia;Pronutrix+ Belgium;Starfood Holland	True
D5pct_farmed_and_wild_5_R00883	0.05	5%	farmed_and_wild	Farmed + wild	5	23145000	23154999	1	-1.997178863	3	Dole7;Papek Czechia;Pronutrix+ Belgium	True
D5pct_farmed_and_wild_5_R00884	0.05	5%	farmed_and_wild	Farmed + wild	5	23875000	23884999	1	-2.273435158	3	Dole7;Pronutrix+ Belgium;Starfood Holland	True
D5pct_farmed_and_wild_5_R00885	0.05	5%	farmed_and_wild	Farmed + wild	5	23915000	23934999	2	-2.586202711	5	Dole7;Mystik Canada;Papek Czechia;Pronutrix+ Belgium;Starfood Holland	True
D5pct_farmed_and_wild_5_R00886	0.05	5%	farmed_and_wild	Farmed + wild	5	25785000	25794999	1	-2.681276118	4	Mystik Canada;Papek Czechia;Pronutrix+ Belgium;Starfood Holland	True
D5pct_wild_only_5_R00887	0.05	5%	wild_only	Wild only	5	4265000	4274999	1	-1.687420332	0		True
D5pct_wild_only_5_R00888	0.05	5%	wild_only	Wild only	5	5135000	5144999	1	-1.851841117	0		True
D5pct_wild_only_5_R00889	0.05	5%	wild_only	Wild only	5	7385000	7394999	1	-1.610074606	0		True
D5pct_wild_only_5_R00890	0.05	5%	wild_only	Wild only	5	8685000	8694999	1	-1.62012606	0		True
D5pct_wild_only_5_R00891	0.05	5%	wild_only	Wild only	5	10785000	10794999	1	-1.673366753	0		True
D5pct_wild_only_5_R00892	0.05	5%	wild_only	Wild only	5	18125000	18144999	2	-1.659101007	0		True
D5pct_wild_only_5_R00893	0.05	5%	wild_only	Wild only	5	18955000	18964999	1	-1.615006972	0		True
D5pct_wild_only_5_R00894	0.05	5%	wild_only	Wild only	5	19855000	19864999	1	-1.812915051	0		True
D5pct_wild_only_5_R00895	0.05	5%	wild_only	Wild only	5	24875000	24884999	1	-1.613826544	0		True
D5pct_farmed_and_wild_6_R00896	0.05	5%	farmed_and_wild	Farmed + wild	6	5000	34999	3	-3.05674097	5	Dole7;Mystik Canada;Papek Czechia;Pronutrix+ Belgium;Starfood Holland	True
D5pct_farmed_and_wild_6_R00897	0.05	5%	farmed_and_wild	Farmed + wild	6	45000	94999	5	-2.483917422	5	Dole7;Mystik Canada;Papek Czechia;Pronutrix+ Belgium;Starfood Holland	True
D5pct_farmed_and_wild_6_R00898	0.05	5%	farmed_and_wild	Farmed + wild	6	125000	154999	3	-2.902286809	5	Dole7;Mystik Canada;Papek Czechia;Pronutrix+ Belgium;Starfood Holland	True
D5pct_farmed_and_wild_6_R00899	0.05	5%	farmed_and_wild	Farmed + wild	6	175000	204999	3	-3.222035893	5	Dole7;Mystik Canada;Papek Czechia;Pronutrix+ Belgium;Starfood Holland	True
D5pct_farmed_and_wild_6_R00900	0.05	5%	farmed_and_wild	Farmed + wild	6	915000	934999	2	-3.007925349	5	Dole7;Mystik Canada;Papek Czechia;Pronutrix+ Belgium;Starfood Holland	True
D5pct_farmed_and_wild_6_R00901	0.05	5%	farmed_and_wild	Farmed + wild	6	1685000	1694999	1	-2.64203349	4	Dole7;Mystik Canada;Papek Czechia;Pronutrix+ Belgium	True
D5pct_farmed_and_wild_6_R00902	0.05	5%	farmed_and_wild	Farmed + wild	6	1705000	1714999	1	-2.337519286	4	Dole7;Papek Czechia;Pronutrix+ Belgium;Starfood Holland	True
D5pct_farmed_and_wild_6_R00903	0.05	5%	farmed_and_wild	Farmed + wild	6	1865000	1874999	1	-1.838992877	2	Dole7;Pronutrix+ Belgium	True
D5pct_farmed_and_wild_6_R00904	0.05	5%	farmed_and_wild	Farmed + wild	6	3835000	3854999	2	-2.362159343	5	Dole7;Mystik Canada;Papek Czechia;Pronutrix+ Belgium;Starfood Holland	True
D5pct_farmed_and_wild_6_R00905	0.05	5%	farmed_and_wild	Farmed + wild	6	5105000	5114999	1	-3.167359616	5	Dole7;Mystik Canada;Papek Czechia;Pronutrix+ Belgium;Starfood Holland	True
D5pct_farmed_and_wild_6_R00906	0.05	5%	farmed_and_wild	Farmed + wild	6	7245000	7254999	1	-2.611582564	5	Dole7;Mystik Canada;Papek Czechia;Pronutrix+ Belgium;Starfood Holland	True
D5pct_farmed_and_wild_6_R00907	0.05	5%	farmed_and_wild	Farmed + wild	6	7375000	7384999	1	-2.305135155	5	Dole7;Mystik Canada;Papek Czechia;Pronutrix+ Belgium;Starfood Holland	True
D5pct_farmed_and_wild_6_R00908	0.05	5%	farmed_and_wild	Farmed + wild	6	9625000	9644999	2	-2.917385028	5	Dole7;Mystik Canada;Papek Czechia;Pronutrix+ Belgium;Starfood Holland	True
D5pct_farmed_and_wild_6_R00909	0.05	5%	farmed_and_wild	Farmed + wild	6	13935000	13944999	1	-2.474362646	5	Dole7;Mystik Canada;Papek Czechia;Pronutrix+ Belgium;Starfood Holland	True
D5pct_farmed_and_wild_6_R00910	0.05	5%	farmed_and_wild	Farmed + wild	6	14465000	14474999	1	-1.958844759	1	Dole7	True
D5pct_farmed_and_wild_6_R00911	0.05	5%	farmed_and_wild	Farmed + wild	6	17715000	17724999	1	-1.818606976	1	Dole7	True
D5pct_farmed_and_wild_6_R00912	0.05	5%	farmed_and_wild	Farmed + wild	6	17745000	17764999	2	-2.341799939	5	Dole7;Mystik Canada;Papek Czechia;Pronutrix+ Belgium;Starfood Holland	True
D5pct_farmed_and_wild_6_R00913	0.05	5%	farmed_and_wild	Farmed + wild	6	17895000	17904999	1	-1.880878662	3	Dole7;Mystik Canada;Pronutrix+ Belgium	True
D5pct_farmed_and_wild_6_R00914	0.05	5%	farmed_and_wild	Farmed + wild	6	18865000	18874999	1	-2.199873751	5	Dole7;Mystik Canada;Papek Czechia;Pronutrix+ Belgium;Starfood Holland	True
D5pct_farmed_and_wild_6_R00915	0.05	5%	farmed_and_wild	Farmed + wild	6	19255000	19264999	1	-1.587354568	1	Pronutrix+ Belgium	True
D5pct_farmed_and_wild_6_R00916	0.05	5%	farmed_and_wild	Farmed + wild	6	19985000	20004999	2	-2.304060403	5	Dole7;Mystik Canada;Papek Czechia;Pronutrix+ Belgium;Starfood Holland	True
D5pct_farmed_and_wild_6_R00917	0.05	5%	farmed_and_wild	Farmed + wild	6	20185000	20194999	1	-2.185731445	4	Dole7;Papek Czechia;Pronutrix+ Belgium;Starfood Holland	True
D5pct_farmed_and_wild_6_R00918	0.05	5%	farmed_and_wild	Farmed + wild	6	20615000	20624999	1	-2.07732077	5	Dole7;Mystik Canada;Papek Czechia;Pronutrix+ Belgium;Starfood Holland	True
D5pct_farmed_and_wild_6_R00919	0.05	5%	farmed_and_wild	Farmed + wild	6	21965000	21974999	1	-1.826477957	3	Dole7;Mystik Canada;Pronutrix+ Belgium	True
D5pct_farmed_and_wild_6_R00920	0.05	5%	farmed_and_wild	Farmed + wild	6	22145000	22154999	1	-1.874920738	1	Dole7	True
D5pct_farmed_and_wild_6_R00921	0.05	5%	farmed_and_wild	Farmed + wild	6	22185000	22194999	1	-2.09761659	3	Dole7;Mystik Canada;Pronutrix+ Belgium	True
D5pct_farmed_and_wild_6_R00922	0.05	5%	farmed_and_wild	Farmed + wild	6	22225000	22234999	1	-2.304481194	5	Dole7;Mystik Canada;Papek Czechia;Pronutrix+ Belgium;Starfood Holland	True
D5pct_farmed_and_wild_6_R00923	0.05	5%	farmed_and_wild	Farmed + wild	6	22255000	22264999	1	-2.228617222	5	Dole7;Mystik Canada;Papek Czechia;Pronutrix+ Belgium;Starfood Holland	True
D5pct_farmed_and_wild_6_R00924	0.05	5%	farmed_and_wild	Farmed + wild	6	22605000	22614999	1	-2.054734598	3	Dole7;Mystik Canada;Pronutrix+ Belgium	True
D5pct_farmed_and_wild_6_R00925	0.05	5%	farmed_and_wild	Farmed + wild	6	22625000	22634999	1	-2.221202075	5	Dole7;Mystik Canada;Papek Czechia;Pronutrix+ Belgium;Starfood Holland	True
D5pct_wild_only_6_R00926	0.05	5%	wild_only	Wild only	6	35000	44999	1	-1.66950262	0		True
D5pct_wild_only_6_R00927	0.05	5%	wild_only	Wild only	6	165000	174999	1	-2.156197493	0		True
D5pct_wild_only_6_R00928	0.05	5%	wild_only	Wild only	6	6645000	6654999	1	-1.960349832	0		True
D5pct_wild_only_6_R00929	0.05	5%	wild_only	Wild only	6	8635000	8654999	2	-2.003263166	0		True
D5pct_wild_only_6_R00930	0.05	5%	wild_only	Wild only	6	9485000	9494999	1	-1.681883801	0		True
D5pct_wild_only_6_R00931	0.05	5%	wild_only	Wild only	6	14455000	14464999	1	-1.986198712	0		True
D5pct_wild_only_6_R00932	0.05	5%	wild_only	Wild only	6	14625000	14634999	1	-2.36413019	0		True
D5pct_wild_only_6_R00933	0.05	5%	wild_only	Wild only	6	14675000	14684999	1	-1.920948208	0		True
D5pct_wild_only_6_R00934	0.05	5%	wild_only	Wild only	6	15585000	15594999	1	-1.653872879	0		True
D5pct_wild_only_6_R00935	0.05	5%	wild_only	Wild only	6	17505000	17514999	1	-1.577681659	0		True
D5pct_wild_only_6_R00936	0.05	5%	wild_only	Wild only	6	18415000	18424999	1	-1.579350847	0		True
D5pct_wild_only_6_R00937	0.05	5%	wild_only	Wild only	6	18585000	18594999	1	-1.582808126	0		True
D5pct_wild_only_6_R00938	0.05	5%	wild_only	Wild only	6	18765000	18774999	1	-1.596290006	0		True
D5pct_wild_only_6_R00939	0.05	5%	wild_only	Wild only	6	18895000	18904999	1	-1.590952737	0		True
D5pct_wild_only_6_R00940	0.05	5%	wild_only	Wild only	6	21735000	21744999	1	-1.752247495	0		True
D5pct_wild_only_6_R00941	0.05	5%	wild_only	Wild only	6	22235000	22244999	1	-1.662837154	0		True
D5pct_farmed_only_6_R00942	0.05	5%	farmed_only	Farmed only	6	95000	124999	3	-2.375346507	5	Dole7;Mystik Canada;Papek Czechia;Pronutrix+ Belgium;Starfood Holland	False
D5pct_farmed_only_6_R00943	0.05	5%	farmed_only	Farmed only	6	155000	164999	1	-2.321817405	5	Dole7;Mystik Canada;Papek Czechia;Pronutrix+ Belgium;Starfood Holland	False
D5pct_farmed_only_6_R00944	0.05	5%	farmed_and_wild	Farmed + wild	6	910000	979999	9	-2.607448186	3	Dole7;Kingsect Belgium;Starfood Holland	True
D5pct_farmed_only_6_R00945	0.05	5%	farmed_only	Farmed only	6	1695000	1704999	1	-1.940805985	1	Dole7	False
D5pct_farmed_only_6_R00946	0.05	5%	farmed_only	Farmed only	6	1875000	1884999	1	-1.814640624	1	Dole7	False
D5pct_farmed_only_6_R00947	0.05	5%	farmed_only	Farmed only	6	3805000	3814999	1	-2.348623916	2	Dole7;Starfood Holland	False
D5pct_farmed_only_6_R00948	0.05	5%	farmed_only	Farmed only	6	3825000	3834999	1	-2.110050012	1	Dole7	False
D5pct_farmed_only_6_R00949	0.05	5%	farmed_only	Farmed only	6	5705000	5714999	1	-2.039980347	3	Dole7;Mystik Canada;Pronutrix+ Belgium	False
D5pct_farmed_only_6_R00950	0.05	5%	farmed_only	Farmed only	6	7225000	7244999	2	-2.588461223	5	Dole7;Mystik Canada;Papek Czechia;Pronutrix+ Belgium;Starfood Holland	False
D5pct_farmed_only_6_R00951	0.05	5%	farmed_only	Farmed only	6	7275000	7304999	3	-2.247698966	4	Dole7;Mystik Canada;Papek Czechia;Starfood Holland	False
D5pct_farmed_only_6_R00952	0.05	5%	farmed_only	Farmed only	6	7315000	7334999	2	-2.109367084	4	Dole7;Papek Czechia;Pronutrix+ Belgium;Starfood Holland	False
D5pct_farmed_only_6_R00953	0.05	5%	farmed_only	Farmed only	6	7345000	7354999	1	-1.848258714	1	Dole7	False
D5pct_farmed_only_6_R00954	0.05	5%	farmed_only	Farmed only	6	7365000	7374999	1	-2.597798636	5	Dole7;Mystik Canada;Papek Czechia;Pronutrix+ Belgium;Starfood Holland	False
D5pct_farmed_only_6_R00955	0.05	5%	farmed_only	Farmed only	6	7385000	7414999	3	-2.2869042	5	Dole7;Mystik Canada;Papek Czechia;Pronutrix+ Belgium;Starfood Holland	False
D5pct_farmed_only_6_R00956	0.05	5%	farmed_only	Farmed only	6	7905000	7914999	1	-1.910617085	2	Dole7;Pronutrix+ Belgium	False
D5pct_farmed_only_6_R00957	0.05	5%	farmed_only	Farmed only	6	9615000	9624999	1	-2.554310455	1	Mystik Canada	False
D5pct_farmed_only_6_R00958	0.05	5%	farmed_only	Farmed only	6	9645000	9654999	1	-2.079550315	1	Mystik Canada	False
D5pct_farmed_only_6_R00959	0.05	5%	farmed_only	Farmed only	6	9685000	9694999	1	-1.912772107	1	Dole7	False
D5pct_farmed_only_6_R00960	0.05	5%	farmed_only	Farmed only	6	11315000	11324999	1	-1.597035079	1	Pronutrix+ Belgium	False
D5pct_farmed_only_6_R00961	0.05	5%	farmed_only	Farmed only	6	13675000	13684999	1	-1.514822845	1	Pronutrix+ Belgium	False
D5pct_farmed_only_6_R00962	0.05	5%	farmed_only	Farmed only	6	13845000	13864999	2	-2.298082439	5	Dole7;Mystik Canada;Papek Czechia;Pronutrix+ Belgium;Starfood Holland	False
D5pct_farmed_only_6_R00963	0.05	5%	farmed_only	Farmed only	6	13895000	13914999	2	-1.973898901	2	Dole7;Mystik Canada	False
D5pct_farmed_only_6_R00964	0.05	5%	farmed_only	Farmed only	6	13925000	13934999	1	-1.825209122	1	Dole7	False
D5pct_farmed_only_6_R00965	0.05	5%	farmed_only	Farmed only	6	13945000	13954999	1	-1.932323283	1	Dole7	False
D5pct_farmed_only_6_R00966	0.05	5%	farmed_only	Farmed only	6	14575000	14584999	1	-1.167102632	1	Mystik Canada	False
D5pct_farmed_only_6_R00967	0.05	5%	farmed_only	Farmed only	6	17725000	17744999	2	-2.045079364	2	Dole7;Mystik Canada	False
D5pct_farmed_only_6_R00968	0.05	5%	farmed_only	Farmed only	6	17855000	17894999	4	-2.00376084	4	Dole7;Mystik Canada;Papek Czechia;Pronutrix+ Belgium	False
D5pct_farmed_only_6_R00969	0.05	5%	farmed_only	Farmed only	6	17905000	17914999	1	-1.934419921	4	Dole7;Mystik Canada;Papek Czechia;Pronutrix+ Belgium	False
D5pct_farmed_only_6_R00970	0.05	5%	farmed_only	Farmed only	6	18065000	18074999	1	-1.834601952	1	Dole7	False
D5pct_farmed_only_6_R00971	0.05	5%	farmed_only	Farmed only	6	18095000	18104999	1	-1.884252093	1	Dole7	False
D5pct_farmed_only_6_R00972	0.05	5%	farmed_only	Farmed only	6	19575000	19584999	1	-2.148501306	5	Dole7;Mystik Canada;Papek Czechia;Pronutrix+ Belgium;Starfood Holland	False
D5pct_farmed_only_6_R00973	0.05	5%	farmed_only	Farmed only	6	19775000	19784999	1	-1.762742457	2	Papek Czechia;Pronutrix+ Belgium	False
D5pct_farmed_only_6_R00974	0.05	5%	farmed_only	Farmed only	6	20005000	20014999	1	-1.798859004	2	Dole7;Pronutrix+ Belgium	False
D5pct_farmed_only_6_R00975	0.05	5%	farmed_only	Farmed only	6	20025000	20034999	1	-2.03054332	3	Dole7;Pronutrix+ Belgium;Starfood Holland	False
D5pct_farmed_only_6_R00976	0.05	5%	farmed_only	Farmed only	6	20085000	20104999	2	-2.2065953	5	Dole7;Mystik Canada;Papek Czechia;Pronutrix+ Belgium;Starfood Holland	False
D5pct_farmed_only_6_R00977	0.05	5%	farmed_only	Farmed only	6	20125000	20134999	1	-1.830244037	1	Dole7	False
D5pct_farmed_only_6_R00978	0.05	5%	farmed_only	Farmed only	6	20165000	20174999	1	-1.92603319	1	Dole7	False
D5pct_farmed_only_6_R00979	0.05	5%	farmed_and_wild	Farmed + wild	6	20180000	20229999	5	-1.775617842	1	Kingsect Belgium	True
D5pct_farmed_only_6_R00980	0.05	5%	farmed_only	Farmed only	6	20395000	20414999	2	-2.068227025	4	Dole7;Papek Czechia;Pronutrix+ Belgium;Starfood Holland	False
D5pct_farmed_only_6_R00981	0.05	5%	farmed_only	Farmed only	6	21285000	21294999	1	-1.802405096	1	Dole7	False
D5pct_farmed_only_6_R00982	0.05	5%	farmed_only	Farmed only	6	21515000	21524999	1	-1.837885676	1	Dole7	False
D5pct_farmed_only_6_R00983	0.05	5%	farmed_only	Farmed only	6	21665000	21674999	1	-1.867774797	4	Dole7;Mystik Canada;Papek Czechia;Pronutrix+ Belgium	False
D5pct_farmed_only_6_R00984	0.05	5%	farmed_only	Farmed only	6	21895000	21904999	1	-1.813330577	3	Dole7;Mystik Canada;Pronutrix+ Belgium	False
D5pct_farmed_only_6_R00985	0.05	5%	farmed_and_wild	Farmed + wild	6	22190000	22199999	1	-1.68517547	1	Kingsect Belgium	True
D5pct_farmed_only_6_R00986	0.05	5%	farmed_and_wild	Farmed + wild	6	22210000	22239999	3	-1.769247688	1	Kingsect Belgium	True
D5pct_farmed_only_6_R00987	0.05	5%	farmed_only	Farmed only	6	22335000	22344999	1	-1.166180861	1	Mystik Canada	False
D5pct_farmed_only_6_R00988	0.05	5%	farmed_only	Farmed only	6	22495000	22504999	1	-1.887661819	3	Dole7;Mystik Canada;Pronutrix+ Belgium	False
D5pct_farmed_only_6_R00989	0.05	5%	farmed_only	Farmed only	6	22515000	22544999	4	-1.847122131	3	Dole7;Kingsect Belgium;Pronutrix+ Belgium	False
D5pct_farmed_only_6_R00990	0.05	5%	farmed_only	Farmed only	6	22570000	22589999	2	-1.693841783	1	Kingsect Belgium	False
D5pct_farmed_only_6_R00991	0.05	5%	farmed_only	Farmed only	6	22615000	22624999	1	-1.795133188	2	Dole7;Pronutrix+ Belgium	False
D5pct_farmed_only_7_R00992	0.05	5%	farmed_only	Farmed only	7	5000	14999	1	-1.890724471	1	Dole7	False
D5pct_farmed_only_7_R00993	0.05	5%	farmed_only	Farmed only	7	1235000	1254999	2	-2.341938679	2	Dole7;Starfood Holland	False
D5pct_farmed_only_7_R00994	0.05	5%	farmed_only	Farmed only	7	1855000	1864999	1	-2.787818644	4	Dole7;Papek Czechia;Pronutrix+ Belgium;Starfood Holland	False
D5pct_farmed_only_7_R00995	0.05	5%	farmed_only	Farmed only	7	2725000	2734999	1	-1.942023505	1	Dole7	False
D5pct_farmed_only_7_R00996	0.05	5%	farmed_and_wild	Farmed + wild	7	2745000	2759999	2	-1.981603907	2	Dole7;Kingsect Belgium	True
D5pct_farmed_only_7_R00997	0.05	5%	farmed_only	Farmed only	7	2845000	2854999	1	-2.0620406	2	Mystik Canada;Starfood Holland	False
D5pct_farmed_only_7_R00998	0.05	5%	farmed_only	Farmed only	7	2865000	2874999	1	-2.135297163	2	Pronutrix+ Belgium;Starfood Holland	False
D5pct_farmed_only_7_R00999	0.05	5%	farmed_only	Farmed only	7	3485000	3494999	1	-2.190046883	3	Dole7;Pronutrix+ Belgium;Starfood Holland	False
D5pct_farmed_only_7_R01000	0.05	5%	farmed_only	Farmed only	7	3765000	3784999	2	-2.58655602	4	Dole7;Mystik Canada;Pronutrix+ Belgium;Starfood Holland	False
D5pct_farmed_only_7_R01001	0.05	5%	farmed_only	Farmed only	7	4745000	4754999	1	-2.261225417	1	Starfood Holland	False
D5pct_farmed_only_7_R01002	0.05	5%	farmed_only	Farmed only	7	5615000	5624999	1	-2.03576526	1	Mystik Canada	False
D5pct_farmed_only_7_R01003	0.05	5%	farmed_only	Farmed only	7	6615000	6634999	2	-2.372241525	3	Mystik Canada;Papek Czechia;Pronutrix+ Belgium	False
D5pct_farmed_only_7_R01004	0.05	5%	farmed_only	Farmed only	7	7805000	7814999	1	-2.282720436	2	Papek Czechia;Starfood Holland	False
D5pct_farmed_only_7_R01005	0.05	5%	farmed_only	Farmed only	7	10155000	10184999	3	-2.343111739	4	Dole7;Papek Czechia;Pronutrix+ Belgium;Starfood Holland	False
D5pct_farmed_only_7_R01006	0.05	5%	farmed_only	Farmed only	7	10195000	10204999	1	-1.489998725	1	Pronutrix+ Belgium	False
D5pct_farmed_only_7_R01007	0.05	5%	farmed_only	Farmed only	7	16025000	16034999	1	-1.47726426	1	Pronutrix+ Belgium	False
D5pct_farmed_only_7_R01008	0.05	5%	farmed_only	Farmed only	7	16315000	16324999	1	-3.077371549	1	Mystik Canada	False
D5pct_farmed_only_7_R01009	0.05	5%	farmed_only	Farmed only	7	18115000	18124999	1	-1.819554831	2	Dole7;Pronutrix+ Belgium	False
D5pct_farmed_only_7_R01010	0.05	5%	farmed_only	Farmed only	7	18895000	18904999	1	-1.915585336	1	Dole7	False
D5pct_farmed_only_7_R01011	0.05	5%	farmed_only	Farmed only	7	18925000	18934999	1	-1.81854307	1	Dole7	False
D5pct_farmed_only_7_R01012	0.05	5%	farmed_only	Farmed only	7	18965000	18974999	1	-1.849275271	1	Dole7	False
D5pct_farmed_only_7_R01013	0.05	5%	farmed_only	Farmed only	7	19335000	19344999	1	-1.824735742	1	Dole7	False
D5pct_farmed_only_7_R01014	0.05	5%	farmed_only	Farmed only	7	19605000	19624999	2	-1.903719364	3	Dole7;Mystik Canada;Pronutrix+ Belgium	False
D5pct_farmed_only_7_R01015	0.05	5%	farmed_only	Farmed only	7	19885000	19949999	9	-2.124104043	6	Dole7;Kingsect Belgium;Mystik Canada;Papek Czechia;Pronutrix+ Belgium;Starfood Holland	False
D5pct_farmed_only_7_R01016	0.05	5%	farmed_only	Farmed only	7	19955000	19964999	1	-1.871125288	1	Dole7	False
D5pct_farmed_only_7_R01017	0.05	5%	farmed_only	Farmed only	7	20025000	20034999	1	-1.737970002	2	Papek Czechia;Pronutrix+ Belgium	False
D5pct_farmed_only_7_R01018	0.05	5%	farmed_only	Farmed only	7	20130000	20149999	3	-1.858888236	2	Dole7;Kingsect Belgium	False
D5pct_farmed_only_7_R01019	0.05	5%	farmed_and_wild	Farmed + wild	7	20160000	20259999	13	-2.131702844	5	Dole7;Kingsect Belgium;Papek Czechia;Pronutrix+ Belgium;Starfood Holland	True
D5pct_farmed_only_7_R01020	0.05	5%	farmed_only	Farmed only	7	20275000	20284999	1	-2.044810608	4	Dole7;Mystik Canada;Papek Czechia;Pronutrix+ Belgium	False
D5pct_farmed_only_7_R01021	0.05	5%	farmed_only	Farmed only	7	20325000	20344999	2	-1.862314486	4	Dole7;Mystik Canada;Papek Czechia;Pronutrix+ Belgium	False
D5pct_farmed_only_7_R01022	0.05	5%	farmed_only	Farmed only	7	20385000	20394999	1	-1.909349067	3	Dole7;Mystik Canada;Pronutrix+ Belgium	False
D5pct_farmed_only_7_R01023	0.05	5%	farmed_and_wild	Farmed + wild	7	20420000	20429999	1	-1.673839378	1	Kingsect Belgium	True
D5pct_farmed_only_7_R01024	0.05	5%	farmed_and_wild	Farmed + wild	7	20450000	20499999	6	-2.123380227	3	Dole7;Kingsect Belgium;Pronutrix+ Belgium	True
D5pct_farmed_only_7_R01025	0.05	5%	farmed_only	Farmed only	7	20530000	20549999	3	-1.857359991	2	Dole7;Kingsect Belgium	False
D5pct_farmed_only_7_R01026	0.05	5%	farmed_only	Farmed only	7	20565000	20574999	1	-1.88268377	1	Dole7	False
D5pct_farmed_only_7_R01027	0.05	5%	farmed_and_wild	Farmed + wild	7	20580000	20594999	2	-1.860241039	3	Dole7;Kingsect Belgium;Papek Czechia	True
D5pct_farmed_only_7_R01028	0.05	5%	farmed_and_wild	Farmed + wild	7	20600000	21579999	132	-2.490589269	6	Dole7;Kingsect Belgium;Mystik Canada;Papek Czechia;Pronutrix+ Belgium;Starfood Holland	True
D5pct_farmed_only_7_R01029	0.05	5%	farmed_and_wild	Farmed + wild	7	21600000	21639999	4	-1.765019638	1	Kingsect Belgium	True
D5pct_farmed_only_7_R01030	0.05	5%	farmed_only	Farmed only	7	21645000	21654999	1	-1.979928245	2	Dole7;Pronutrix+ Belgium	False
D5pct_farmed_only_7_R01031	0.05	5%	farmed_only	Farmed only	7	21835000	21844999	1	-2.071675436	1	Dole7	False
D5pct_farmed_and_wild_7_R01032	0.05	5%	farmed_and_wild	Farmed + wild	7	35000	44999	1	-2.734950436	4	Dole7;Papek Czechia;Pronutrix+ Belgium;Starfood Holland	True
D5pct_farmed_and_wild_7_R01033	0.05	5%	farmed_and_wild	Farmed + wild	7	75000	84999	1	-2.312446752	5	Dole7;Mystik Canada;Papek Czechia;Pronutrix+ Belgium;Starfood Holland	True
D5pct_farmed_and_wild_7_R01034	0.05	5%	farmed_and_wild	Farmed + wild	7	795000	804999	1	-2.599702266	5	Dole7;Mystik Canada;Papek Czechia;Pronutrix+ Belgium;Starfood Holland	True
D5pct_farmed_and_wild_7_R01035	0.05	5%	farmed_and_wild	Farmed + wild	7	1865000	1874999	1	-2.297627458	5	Dole7;Mystik Canada;Papek Czechia;Pronutrix+ Belgium;Starfood Holland	True
D5pct_farmed_and_wild_7_R01036	0.05	5%	farmed_and_wild	Farmed + wild	7	2755000	2774999	2	-2.510393056	5	Dole7;Mystik Canada;Papek Czechia;Pronutrix+ Belgium;Starfood Holland	True
D5pct_farmed_and_wild_7_R01037	0.05	5%	farmed_and_wild	Farmed + wild	7	3785000	3794999	1	-2.282879319	5	Dole7;Mystik Canada;Papek Czechia;Pronutrix+ Belgium;Starfood Holland	True
D5pct_farmed_and_wild_7_R01038	0.05	5%	farmed_and_wild	Farmed + wild	7	4765000	4774999	1	-2.031592275	4	Dole7;Mystik Canada;Pronutrix+ Belgium;Starfood Holland	True
D5pct_farmed_and_wild_7_R01039	0.05	5%	farmed_and_wild	Farmed + wild	7	12845000	12864999	2	-3.01519368	5	Dole7;Mystik Canada;Papek Czechia;Pronutrix+ Belgium;Starfood Holland	True
D5pct_farmed_and_wild_7_R01040	0.05	5%	farmed_and_wild	Farmed + wild	7	18835000	18844999	1	-1.913054941	1	Dole7	True
D5pct_farmed_and_wild_7_R01041	0.05	5%	farmed_and_wild	Farmed + wild	7	18935000	18964999	3	-2.693254196	5	Dole7;Mystik Canada;Papek Czechia;Pronutrix+ Belgium;Starfood Holland	True
D5pct_farmed_and_wild_7_R01042	0.05	5%	farmed_and_wild	Farmed + wild	7	19245000	19254999	1	-2.192728311	5	Dole7;Mystik Canada;Papek Czechia;Pronutrix+ Belgium;Starfood Holland	True
D5pct_farmed_and_wild_7_R01043	0.05	5%	farmed_and_wild	Farmed + wild	7	19825000	19834999	1	-2.008201741	3	Dole7;Papek Czechia;Pronutrix+ Belgium	True
D5pct_farmed_and_wild_7_R01044	0.05	5%	farmed_and_wild	Farmed + wild	7	20085000	20104999	2	-2.247864601	5	Dole7;Mystik Canada;Papek Czechia;Pronutrix+ Belgium;Starfood Holland	True
D5pct_farmed_and_wild_7_R01045	0.05	5%	farmed_and_wild	Farmed + wild	7	20155000	20164999	1	-2.147131016	5	Dole7;Mystik Canada;Papek Czechia;Pronutrix+ Belgium;Starfood Holland	True
D5pct_farmed_and_wild_7_R01046	0.05	5%	farmed_and_wild	Farmed + wild	7	20175000	20184999	1	-1.896439852	4	Dole7;Mystik Canada;Papek Czechia;Pronutrix+ Belgium	True
D5pct_farmed_and_wild_7_R01047	0.05	5%	farmed_and_wild	Farmed + wild	7	20195000	20214999	2	-2.453349016	5	Dole7;Mystik Canada;Papek Czechia;Pronutrix+ Belgium;Starfood Holland	True
D5pct_farmed_and_wild_7_R01048	0.05	5%	farmed_and_wild	Farmed + wild	7	20245000	20264999	2	-2.320456292	5	Dole7;Mystik Canada;Papek Czechia;Pronutrix+ Belgium;Starfood Holland	True
D5pct_farmed_and_wild_7_R01049	0.05	5%	farmed_and_wild	Farmed + wild	7	20345000	20354999	1	-2.206781498	3	Dole7;Papek Czechia;Starfood Holland	True
D5pct_farmed_and_wild_7_R01050	0.05	5%	farmed_and_wild	Farmed + wild	7	20425000	20434999	1	-2.114697779	4	Dole7;Papek Czechia;Pronutrix+ Belgium;Starfood Holland	True
D5pct_farmed_and_wild_7_R01051	0.05	5%	farmed_and_wild	Farmed + wild	7	20445000	20454999	1	-1.93319768	2	Dole7;Pronutrix+ Belgium	True
D5pct_farmed_and_wild_7_R01052	0.05	5%	farmed_and_wild	Farmed + wild	7	20495000	20504999	1	-2.379533497	5	Dole7;Mystik Canada;Papek Czechia;Pronutrix+ Belgium;Starfood Holland	True
D5pct_farmed_and_wild_7_R01053	0.05	5%	farmed_and_wild	Farmed + wild	7	20575000	20584999	1	-2.172071782	5	Dole7;Mystik Canada;Papek Czechia;Pronutrix+ Belgium;Starfood Holland	True
D5pct_farmed_and_wild_7_R01054	0.05	5%	farmed_and_wild	Farmed + wild	7	20625000	20634999	1	-2.262891386	5	Dole7;Mystik Canada;Papek Czechia;Pronutrix+ Belgium;Starfood Holland	True
D5pct_farmed_and_wild_7_R01055	0.05	5%	farmed_and_wild	Farmed + wild	7	20695000	20724999	3	-2.397095083	5	Dole7;Mystik Canada;Papek Czechia;Pronutrix+ Belgium;Starfood Holland	True
D5pct_farmed_and_wild_7_R01056	0.05	5%	farmed_and_wild	Farmed + wild	7	20735000	20744999	1	-2.401878753	5	Dole7;Mystik Canada;Papek Czechia;Pronutrix+ Belgium;Starfood Holland	True
D5pct_farmed_and_wild_7_R01057	0.05	5%	farmed_and_wild	Farmed + wild	7	20755000	20764999	1	-1.950869503	2	Dole7;Pronutrix+ Belgium	True
D5pct_farmed_and_wild_7_R01058	0.05	5%	farmed_and_wild	Farmed + wild	7	20775000	20784999	1	-2.219531014	5	Dole7;Mystik Canada;Papek Czechia;Pronutrix+ Belgium;Starfood Holland	True
D5pct_farmed_and_wild_7_R01059	0.05	5%	farmed_and_wild	Farmed + wild	7	20795000	20814999	2	-2.274193559	5	Dole7;Mystik Canada;Papek Czechia;Pronutrix+ Belgium;Starfood Holland	True
D5pct_farmed_and_wild_7_R01060	0.05	5%	farmed_and_wild	Farmed + wild	7	20835000	20854999	2	-2.707300658	5	Dole7;Mystik Canada;Papek Czechia;Pronutrix+ Belgium;Starfood Holland	True
D5pct_farmed_and_wild_7_R01061	0.05	5%	farmed_and_wild	Farmed + wild	7	20915000	20924999	1	-2.521180911	5	Dole7;Mystik Canada;Papek Czechia;Pronutrix+ Belgium;Starfood Holland	True
D5pct_farmed_and_wild_7_R01062	0.05	5%	farmed_and_wild	Farmed + wild	7	20945000	20964999	2	-2.738721162	5	Dole7;Mystik Canada;Papek Czechia;Pronutrix+ Belgium;Starfood Holland	True
D5pct_farmed_and_wild_7_R01063	0.05	5%	farmed_and_wild	Farmed + wild	7	20975000	21024999	5	-2.543696723	5	Dole7;Mystik Canada;Papek Czechia;Pronutrix+ Belgium;Starfood Holland	True
D5pct_farmed_and_wild_7_R01064	0.05	5%	farmed_and_wild	Farmed + wild	7	21045000	21064999	2	-2.369964518	5	Dole7;Mystik Canada;Papek Czechia;Pronutrix+ Belgium;Starfood Holland	True
D5pct_farmed_and_wild_7_R01065	0.05	5%	farmed_and_wild	Farmed + wild	7	21075000	21094999	2	-2.33650052	5	Dole7;Mystik Canada;Papek Czechia;Pronutrix+ Belgium;Starfood Holland	True
D5pct_farmed_and_wild_7_R01066	0.05	5%	farmed_and_wild	Farmed + wild	7	21105000	21114999	1	-2.414223691	5	Dole7;Mystik Canada;Papek Czechia;Pronutrix+ Belgium;Starfood Holland	True
D5pct_farmed_and_wild_7_R01067	0.05	5%	farmed_and_wild	Farmed + wild	7	21135000	21144999	1	-2.132780718	4	Dole7;Mystik Canada;Pronutrix+ Belgium;Starfood Holland	True
D5pct_farmed_and_wild_7_R01068	0.05	5%	farmed_and_wild	Farmed + wild	7	21155000	21174999	2	-2.64817398	5	Dole7;Mystik Canada;Papek Czechia;Pronutrix+ Belgium;Starfood Holland	True
D5pct_farmed_and_wild_7_R01069	0.05	5%	farmed_and_wild	Farmed + wild	7	21185000	21194999	1	-2.316427964	5	Dole7;Mystik Canada;Papek Czechia;Pronutrix+ Belgium;Starfood Holland	True
D5pct_farmed_and_wild_7_R01070	0.05	5%	farmed_and_wild	Farmed + wild	7	21225000	21234999	1	-2.754130398	5	Dole7;Mystik Canada;Papek Czechia;Pronutrix+ Belgium;Starfood Holland	True
D5pct_farmed_and_wild_7_R01071	0.05	5%	farmed_and_wild	Farmed + wild	7	21245000	21254999	1	-2.597274779	5	Dole7;Mystik Canada;Papek Czechia;Pronutrix+ Belgium;Starfood Holland	True
D5pct_farmed_and_wild_7_R01072	0.05	5%	farmed_and_wild	Farmed + wild	7	21285000	21294999	1	-2.358596567	5	Dole7;Mystik Canada;Papek Czechia;Pronutrix+ Belgium;Starfood Holland	True
D5pct_farmed_and_wild_7_R01073	0.05	5%	farmed_and_wild	Farmed + wild	7	21305000	21314999	1	-2.267641732	5	Dole7;Mystik Canada;Papek Czechia;Pronutrix+ Belgium;Starfood Holland	True
D5pct_farmed_and_wild_7_R01074	0.05	5%	farmed_and_wild	Farmed + wild	7	21325000	21334999	1	-2.037357997	4	Dole7;Mystik Canada;Pronutrix+ Belgium;Starfood Holland	True
D5pct_farmed_and_wild_7_R01075	0.05	5%	farmed_and_wild	Farmed + wild	7	21345000	21354999	1	-2.061323732	3	Dole7;Papek Czechia;Starfood Holland	True
D5pct_farmed_and_wild_7_R01076	0.05	5%	farmed_and_wild	Farmed + wild	7	21415000	21424999	1	-2.384215604	5	Dole7;Mystik Canada;Papek Czechia;Pronutrix+ Belgium;Starfood Holland	True
D5pct_farmed_and_wild_7_R01077	0.05	5%	farmed_and_wild	Farmed + wild	7	21555000	21564999	1	-2.150546769	4	Dole7;Papek Czechia;Pronutrix+ Belgium;Starfood Holland	True
D5pct_farmed_and_wild_7_R01078	0.05	5%	farmed_and_wild	Farmed + wild	7	21605000	21614999	1	-1.890636027	3	Dole7;Papek Czechia;Pronutrix+ Belgium	True
D5pct_farmed_and_wild_7_R01079	0.05	5%	farmed_and_wild	Farmed + wild	7	21655000	21664999	1	-2.563422019	5	Dole7;Mystik Canada;Papek Czechia;Pronutrix+ Belgium;Starfood Holland	True
D5pct_farmed_and_wild_7_R01080	0.05	5%	farmed_and_wild	Farmed + wild	7	21845000	21864999	2	-3.148130428	5	Dole7;Mystik Canada;Papek Czechia;Pronutrix+ Belgium;Starfood Holland	True
D5pct_wild_only_7_R01081	0.05	5%	wild_only	Wild only	7	895000	904999	1	-1.557928405	0		True
D5pct_wild_only_7_R01082	0.05	5%	wild_only	Wild only	7	5595000	5604999	1	-1.780657219	0		True
D5pct_wild_only_7_R01083	0.05	5%	wild_only	Wild only	7	11495000	11504999	1	-1.63924016	0		True
D5pct_wild_only_7_R01084	0.05	5%	wild_only	Wild only	7	17725000	17734999	1	-1.653715379	0		True
D5pct_wild_only_7_R01085	0.05	5%	wild_only	Wild only	7	18365000	18374999	1	-1.653476264	0		True
D5pct_wild_only_7_R01086	0.05	5%	wild_only	Wild only	7	18485000	18504999	2	-1.770254753	0		True
D5pct_wild_only_7_R01087	0.05	5%	wild_only	Wild only	7	20105000	20114999	1	-1.885707599	0		True
D5pct_wild_only_7_R01088	0.05	5%	wild_only	Wild only	7	20165000	20174999	1	-1.5690746	0		True
D5pct_wild_only_7_R01089	0.05	5%	wild_only	Wild only	7	20305000	20314999	1	-1.849863472	0		True
D5pct_wild_only_7_R01090	0.05	5%	wild_only	Wild only	7	20855000	20874999	2	-1.861709171	0		True
D5pct_wild_only_7_R01091	0.05	5%	wild_only	Wild only	7	21595000	21604999	1	-1.596257627	0		True
D5pct_farmed_only_8_R01092	0.05	5%	farmed_only	Farmed only	8	455000	474999	2	-2.463709556	3	Papek Czechia;Pronutrix+ Belgium;Starfood Holland	False
D5pct_farmed_only_8_R01093	0.05	5%	farmed_only	Farmed only	8	485000	494999	1	-2.581161091	1	Papek Czechia	False
D5pct_farmed_only_8_R01094	0.05	5%	farmed_only	Farmed only	8	775000	784999	1	-2.929177924	4	Mystik Canada;Papek Czechia;Pronutrix+ Belgium;Starfood Holland	False
D5pct_farmed_only_8_R01095	0.05	5%	farmed_and_wild	Farmed + wild	8	5178615	5283614	12	-1.948226943	2	Dole7;Kingsect Belgium	True
D5pct_farmed_only_8_R01096	0.05	5%	farmed_only	Farmed only	8	5373615	5383614	1	-2.128165614	5	Dole7;Mystik Canada;Papek Czechia;Pronutrix+ Belgium;Starfood Holland	False
D5pct_farmed_only_8_R01097	0.05	5%	farmed_only	Farmed only	8	6523615	6533614	1	-1.916283149	1	Dole7	False
D5pct_farmed_only_8_R01098	0.05	5%	farmed_only	Farmed only	8	7783615	7793614	1	-1.603877933	1	Pronutrix+ Belgium	False
D5pct_farmed_only_8_R01099	0.05	5%	farmed_only	Farmed only	8	9103615	9113614	1	-2.120139913	3	Dole7;Mystik Canada;Pronutrix+ Belgium	False
D5pct_farmed_only_8_R01100	0.05	5%	farmed_and_wild	Farmed + wild	8	9118615	9188614	7	-2.124541478	1	Kingsect Belgium	True
D5pct_farmed_only_8_R01101	0.05	5%	farmed_and_wild	Farmed + wild	8	9348615	9533614	20	-2.21570625	4	Kingsect Belgium;Mystik Canada;Papek Czechia;Pronutrix+ Belgium	True
D5pct_farmed_only_8_R01102	0.05	5%	farmed_only	Farmed only	8	9863615	9883614	2	-2.082318603	4	Dole7;Mystik Canada;Papek Czechia;Pronutrix+ Belgium	False
D5pct_farmed_only_8_R01103	0.05	5%	farmed_only	Farmed only	8	9963615	9973614	1	-2.024468317	2	Dole7;Papek Czechia	False
D5pct_farmed_only_8_R01104	0.05	5%	farmed_only	Farmed only	8	10083615	10093614	1	-1.893932617	4	Dole7;Mystik Canada;Papek Czechia;Pronutrix+ Belgium	False
D5pct_farmed_only_8_R01105	0.05	5%	farmed_only	Farmed only	8	10138615	10158614	2	-1.782474475	1	Kingsect Belgium	False
D5pct_farmed_only_8_R01106	0.05	5%	farmed_and_wild	Farmed + wild	8	10168615	10268614	12	-1.997142054	5	Dole7;Kingsect Belgium;Mystik Canada;Papek Czechia;Pronutrix+ Belgium	True
D5pct_farmed_only_8_R01107	0.05	5%	farmed_only	Farmed only	8	10283615	10293614	1	-1.181692273	1	Mystik Canada	False
D5pct_farmed_only_8_R01108	0.05	5%	farmed_and_wild	Farmed + wild	8	10318615	10538614	29	-2.288319854	6	Dole7;Kingsect Belgium;Mystik Canada;Papek Czechia;Pronutrix+ Belgium;Starfood Holland	True
D5pct_farmed_only_8_R01109	0.05	5%	farmed_and_wild	Farmed + wild	8	10553615	10708614	18	-2.05640117	5	Dole7;Kingsect Belgium;Papek Czechia;Pronutrix+ Belgium;Starfood Holland	True
D5pct_farmed_only_8_R01110	0.05	5%	farmed_and_wild	Farmed + wild	8	10718615	10738614	2	-1.691441475	1	Kingsect Belgium	True
D5pct_farmed_only_8_R01111	0.05	5%	farmed_only	Farmed only	8	10763615	10793614	3	-2.4263178	5	Dole7;Mystik Canada;Papek Czechia;Pronutrix+ Belgium;Starfood Holland	False
D5pct_farmed_only_8_R01112	0.05	5%	farmed_only	Farmed only	8	10813615	10853614	4	-2.360130645	5	Dole7;Mystik Canada;Papek Czechia;Pronutrix+ Belgium;Starfood Holland	False
D5pct_farmed_only_8_R01113	0.05	5%	farmed_only	Farmed only	8	10858615	10903614	6	-2.273580989	6	Dole7;Kingsect Belgium;Mystik Canada;Papek Czechia;Pronutrix+ Belgium;Starfood Holland	False
D5pct_farmed_only_8_R01114	0.05	5%	farmed_and_wild	Farmed + wild	8	10908615	10948614	5	-1.86919338	4	Dole7;Kingsect Belgium;Mystik Canada;Papek Czechia	True
D5pct_farmed_only_8_R01115	0.05	5%	farmed_and_wild	Farmed + wild	8	10958615	11028614	9	-2.0179613	3	Dole7;Kingsect Belgium;Mystik Canada	True
D5pct_farmed_only_8_R01116	0.05	5%	farmed_and_wild	Farmed + wild	8	11127042	11547041	48	-2.576064686	5	Kingsect Belgium;Mystik Canada;Papek Czechia;Pronutrix+ Belgium;Starfood Holland	True
D5pct_farmed_only_8_R01117	0.05	5%	farmed_only	Farmed only	8	12382042	12392041	1	-2.044091504	1	Starfood Holland	False
D5pct_farmed_only_8_R01118	0.05	5%	farmed_only	Farmed only	8	12482042	12492041	1	-2.109876947	1	Starfood Holland	False
D5pct_farmed_only_8_R01119	0.05	5%	farmed_only	Farmed only	8	12512042	12522041	1	-2.079030656	3	Mystik Canada;Pronutrix+ Belgium;Starfood Holland	False
D5pct_farmed_only_8_R01120	0.05	5%	farmed_only	Farmed only	8	12527042	12537041	1	-1.700884625	1	Kingsect Belgium	False
D5pct_farmed_only_8_R01121	0.05	5%	farmed_only	Farmed only	8	12547042	12572041	3	-1.794902252	2	Kingsect Belgium;Pronutrix+ Belgium	False
D5pct_farmed_only_8_R01122	0.05	5%	farmed_only	Farmed only	8	13082042	13092041	1	-1.190301879	1	Mystik Canada	False
D5pct_farmed_only_8_R01123	0.05	5%	farmed_only	Farmed only	8	13542042	13622041	8	-2.623738635	4	Mystik Canada;Papek Czechia;Pronutrix+ Belgium;Starfood Holland	False
D5pct_farmed_only_8_R01124	0.05	5%	farmed_only	Farmed only	8	13632042	13652041	2	-2.689627656	4	Mystik Canada;Papek Czechia;Pronutrix+ Belgium;Starfood Holland	False
D5pct_farmed_only_8_R01125	0.05	5%	farmed_only	Farmed only	8	16442042	16452041	1	-1.484966293	1	Pronutrix+ Belgium	False
D5pct_farmed_only_8_R01126	0.05	5%	farmed_only	Farmed only	8	16652042	16662041	1	-1.236308057	1	Mystik Canada	False
D5pct_farmed_only_8_R01127	0.05	5%	farmed_only	Farmed only	8	17572042	17582041	1	-1.833783701	2	Papek Czechia;Pronutrix+ Belgium	False
D5pct_farmed_only_8_R01128	0.05	5%	farmed_only	Farmed only	8	18022042	18032041	1	-1.627725726	2	Mystik Canada;Pronutrix+ Belgium	False
D5pct_farmed_only_8_R01129	0.05	5%	farmed_and_wild	Farmed + wild	8	18912042	18967041	7	-2.255307942	5	Kingsect Belgium;Mystik Canada;Papek Czechia;Pronutrix+ Belgium;Starfood Holland	True
D5pct_farmed_and_wild_8_R01130	0.05	5%	farmed_and_wild	Farmed + wild	8	565000	574999	1	-2.48435606	1	Papek Czechia	True
D5pct_farmed_and_wild_8_R01131	0.05	5%	farmed_and_wild	Farmed + wild	8	955000	964999	1	-3.02339573	4	Mystik Canada;Papek Czechia;Pronutrix+ Belgium;Starfood Holland	True
D5pct_farmed_and_wild_8_R01132	0.05	5%	farmed_and_wild	Farmed + wild	8	1153615	1163614	1	-2.546257077	5	Dole7;Mystik Canada;Papek Czechia;Pronutrix+ Belgium;Starfood Holland	True
D5pct_farmed_and_wild_8_R01133	0.05	5%	farmed_and_wild	Farmed + wild	8	1513615	1523614	1	-2.662222119	5	Dole7;Mystik Canada;Papek Czechia;Pronutrix+ Belgium;Starfood Holland	True
D5pct_farmed_and_wild_8_R01134	0.05	5%	farmed_and_wild	Farmed + wild	8	1773615	1783614	1	-2.02358973	2	Dole7;Pronutrix+ Belgium	True
D5pct_farmed_and_wild_8_R01135	0.05	5%	farmed_and_wild	Farmed + wild	8	5063615	5073614	1	-1.845311193	1	Dole7	True
D5pct_farmed_and_wild_8_R01136	0.05	5%	farmed_and_wild	Farmed + wild	8	5163615	5183614	2	-2.539286761	5	Dole7;Mystik Canada;Papek Czechia;Pronutrix+ Belgium;Starfood Holland	True
D5pct_farmed_and_wild_8_R01137	0.05	5%	farmed_and_wild	Farmed + wild	8	5223615	5233614	1	-2.224709131	4	Dole7;Papek Czechia;Pronutrix+ Belgium;Starfood Holland	True
D5pct_farmed_and_wild_8_R01138	0.05	5%	farmed_and_wild	Farmed + wild	8	5243615	5253614	1	-2.151400378	4	Dole7;Mystik Canada;Pronutrix+ Belgium;Starfood Holland	True
D5pct_farmed_and_wild_8_R01139	0.05	5%	farmed_and_wild	Farmed + wild	8	5933615	5943614	1	-1.835809045	2	Dole7;Pronutrix+ Belgium	True
D5pct_farmed_and_wild_8_R01140	0.05	5%	farmed_and_wild	Farmed + wild	8	8733615	8743614	1	-1.828571988	1	Dole7	True
D5pct_farmed_and_wild_8_R01141	0.05	5%	farmed_and_wild	Farmed + wild	8	9113615	9183614	7	-2.424442209	5	Dole7;Mystik Canada;Papek Czechia;Pronutrix+ Belgium;Starfood Holland	True
D5pct_farmed_and_wild_8_R01142	0.05	5%	farmed_and_wild	Farmed + wild	8	9323615	9353614	3	-2.100387986	5	Dole7;Mystik Canada;Papek Czechia;Pronutrix+ Belgium;Starfood Holland	True
D5pct_farmed_and_wild_8_R01143	0.05	5%	farmed_and_wild	Farmed + wild	8	9373615	9423614	5	-2.28451957	5	Dole7;Mystik Canada;Papek Czechia;Pronutrix+ Belgium;Starfood Holland	True
D5pct_farmed_and_wild_8_R01144	0.05	5%	farmed_and_wild	Farmed + wild	8	9433615	9513614	8	-2.747692866	5	Dole7;Mystik Canada;Papek Czechia;Pronutrix+ Belgium;Starfood Holland	True
D5pct_farmed_and_wild_8_R01145	0.05	5%	farmed_and_wild	Farmed + wild	8	9533615	9543614	1	-2.063903698	4	Dole7;Mystik Canada;Papek Czechia;Pronutrix+ Belgium	True
D5pct_farmed_and_wild_8_R01146	0.05	5%	farmed_and_wild	Farmed + wild	8	9583615	9593614	1	-2.043925293	1	Dole7	True
D5pct_farmed_and_wild_8_R01147	0.05	5%	farmed_and_wild	Farmed + wild	8	9663615	9673614	1	-2.168273541	4	Dole7;Papek Czechia;Pronutrix+ Belgium;Starfood Holland	True
D5pct_farmed_and_wild_8_R01148	0.05	5%	farmed_and_wild	Farmed + wild	8	9913615	9923614	1	-2.09976367	5	Dole7;Mystik Canada;Papek Czechia;Pronutrix+ Belgium;Starfood Holland	True
D5pct_farmed_and_wild_8_R01149	0.05	5%	farmed_and_wild	Farmed + wild	8	10103615	10113614	1	-2.142121076	5	Dole7;Mystik Canada;Papek Czechia;Pronutrix+ Belgium;Starfood Holland	True
D5pct_farmed_and_wild_8_R01150	0.05	5%	farmed_and_wild	Farmed + wild	8	10213615	10223614	1	-2.272064452	4	Dole7;Papek Czechia;Pronutrix+ Belgium;Starfood Holland	True
D5pct_farmed_and_wild_8_R01151	0.05	5%	farmed_and_wild	Farmed + wild	8	10433615	10443614	1	-2.314491229	5	Dole7;Mystik Canada;Papek Czechia;Pronutrix+ Belgium;Starfood Holland	True
D5pct_farmed_and_wild_8_R01152	0.05	5%	farmed_and_wild	Farmed + wild	8	10463615	10503614	4	-2.541434515	5	Dole7;Mystik Canada;Papek Czechia;Pronutrix+ Belgium;Starfood Holland	True
D5pct_farmed_and_wild_8_R01153	0.05	5%	farmed_and_wild	Farmed + wild	8	10643615	10653614	1	-2.125627121	4	Dole7;Mystik Canada;Pronutrix+ Belgium;Starfood Holland	True
D5pct_farmed_and_wild_8_R01154	0.05	5%	farmed_and_wild	Farmed + wild	8	10703615	10713614	1	-2.202524423	5	Dole7;Mystik Canada;Papek Czechia;Pronutrix+ Belgium;Starfood Holland	True
D5pct_farmed_and_wild_8_R01155	0.05	5%	farmed_and_wild	Farmed + wild	8	10733615	10743614	1	-1.791965635	3	Mystik Canada;Papek Czechia;Pronutrix+ Belgium	True
D5pct_farmed_and_wild_8_R01156	0.05	5%	farmed_and_wild	Farmed + wild	8	10933615	10973614	4	-2.366512091	5	Dole7;Mystik Canada;Papek Czechia;Pronutrix+ Belgium;Starfood Holland	True
D5pct_farmed_and_wild_8_R01157	0.05	5%	farmed_and_wild	Farmed + wild	8	11003615	11073614	7	-2.889537447	5	Dole7;Mystik Canada;Papek Czechia;Pronutrix+ Belgium;Starfood Holland	True
D5pct_farmed_and_wild_8_R01158	0.05	5%	farmed_and_wild	Farmed + wild	8	11082042	11122041	4	-2.762952754	4	Mystik Canada;Papek Czechia;Pronutrix+ Belgium;Starfood Holland	True
D5pct_farmed_and_wild_8_R01159	0.05	5%	farmed_and_wild	Farmed + wild	8	11132042	11232041	10	-2.849578608	4	Mystik Canada;Papek Czechia;Pronutrix+ Belgium;Starfood Holland	True
D5pct_farmed_and_wild_8_R01160	0.05	5%	farmed_and_wild	Farmed + wild	8	11262042	11312041	5	-2.777571199	4	Mystik Canada;Papek Czechia;Pronutrix+ Belgium;Starfood Holland	True
D5pct_farmed_and_wild_8_R01161	0.05	5%	farmed_and_wild	Farmed + wild	8	11322042	11332041	1	-2.142220812	3	Mystik Canada;Pronutrix+ Belgium;Starfood Holland	True
D5pct_farmed_and_wild_8_R01162	0.05	5%	farmed_and_wild	Farmed + wild	8	11372042	11392041	2	-2.734095838	4	Mystik Canada;Papek Czechia;Pronutrix+ Belgium;Starfood Holland	True
D5pct_farmed_and_wild_8_R01163	0.05	5%	farmed_and_wild	Farmed + wild	8	11532042	11542041	1	-2.24516561	4	Mystik Canada;Papek Czechia;Pronutrix+ Belgium;Starfood Holland	True
D5pct_farmed_and_wild_8_R01164	0.05	5%	farmed_and_wild	Farmed + wild	8	11562042	11572041	1	-1.771355756	2	Mystik Canada;Papek Czechia	True
D5pct_farmed_and_wild_8_R01165	0.05	5%	farmed_and_wild	Farmed + wild	8	12052042	12062041	1	-1.758555653	1	Pronutrix+ Belgium	True
D5pct_farmed_and_wild_8_R01166	0.05	5%	farmed_and_wild	Farmed + wild	8	12602042	12612041	1	-1.716682805	1	Mystik Canada	True
D5pct_farmed_and_wild_8_R01167	0.05	5%	farmed_and_wild	Farmed + wild	8	12692042	12702041	1	-2.539341157	4	Mystik Canada;Papek Czechia;Pronutrix+ Belgium;Starfood Holland	True
D5pct_farmed_and_wild_8_R01168	0.05	5%	farmed_and_wild	Farmed + wild	8	13072042	13082041	1	-3.343704324	4	Mystik Canada;Papek Czechia;Pronutrix+ Belgium;Starfood Holland	True
D5pct_farmed_and_wild_8_R01169	0.05	5%	farmed_and_wild	Farmed + wild	8	13712042	13722041	1	-2.679040856	4	Mystik Canada;Papek Czechia;Pronutrix+ Belgium;Starfood Holland	True
D5pct_farmed_and_wild_8_R01170	0.05	5%	farmed_and_wild	Farmed + wild	8	14832042	14842041	1	-2.395455042	1	Pronutrix+ Belgium	True
D5pct_farmed_and_wild_8_R01171	0.05	5%	farmed_and_wild	Farmed + wild	8	17652042	17662041	1	-2.030631546	2	Pronutrix+ Belgium;Starfood Holland	True
D5pct_farmed_and_wild_8_R01172	0.05	5%	farmed_and_wild	Farmed + wild	8	18932042	18962041	3	-3.167682242	4	Mystik Canada;Papek Czechia;Pronutrix+ Belgium;Starfood Holland	True
D5pct_farmed_and_wild_8_R01173	0.05	5%	farmed_and_wild	Farmed + wild	8	18982042	18992041	1	-2.305396604	4	Mystik Canada;Papek Czechia;Pronutrix+ Belgium;Starfood Holland	True
D5pct_wild_only_8_R01174	0.05	5%	wild_only	Wild only	8	5203615	5213614	1	-1.627813428	0		True
D5pct_wild_only_8_R01175	0.05	5%	wild_only	Wild only	8	6643615	6653614	1	-1.615072839	0		True
D5pct_wild_only_8_R01176	0.05	5%	wild_only	Wild only	8	8743615	8753614	1	-1.799064738	0		True
D5pct_wild_only_8_R01177	0.05	5%	wild_only	Wild only	8	8803615	8813614	1	-1.578179199	0		True
D5pct_wild_only_8_R01178	0.05	5%	wild_only	Wild only	8	8823615	8883614	6	-2.331718106	0		True
D5pct_wild_only_8_R01179	0.05	5%	wild_only	Wild only	8	9233615	9243614	1	-2.082760389	0		True
D5pct_wild_only_8_R01180	0.05	5%	wild_only	Wild only	8	9263615	9293614	3	-1.799641503	0		True
D5pct_wild_only_8_R01181	0.05	5%	wild_only	Wild only	8	9563615	9583614	2	-1.704200082	0		True
D5pct_wild_only_8_R01182	0.05	5%	wild_only	Wild only	8	9593615	9613614	2	-1.760147523	0		True
D5pct_wild_only_8_R01183	0.05	5%	wild_only	Wild only	8	9833615	9853614	2	-1.853596416	0		True
D5pct_wild_only_8_R01184	0.05	5%	wild_only	Wild only	8	11122042	11132041	1	-1.5604147	0		True
D5pct_wild_only_8_R01185	0.05	5%	wild_only	Wild only	8	13692042	13702041	1	-1.917861652	0		True
D5pct_wild_only_8_R01186	0.05	5%	wild_only	Wild only	8	13762042	13772041	1	-1.591504293	0		True
D5pct_wild_only_8_R01187	0.05	5%	wild_only	Wild only	8	14582042	14592041	1	-1.700771497	0		True
D5pct_wild_only_8_R01188	0.05	5%	wild_only	Wild only	8	17062042	17072041	1	-1.586132171	0		True
D5pct_farmed_and_wild_9_R01189	0.05	5%	farmed_and_wild	Farmed + wild	9	28786	48785	2	-2.317634286	5	Dole7;Mystik Canada;Papek Czechia;Pronutrix+ Belgium;Starfood Holland	True
D5pct_farmed_and_wild_9_R01190	0.05	5%	farmed_and_wild	Farmed + wild	9	68786	78785	1	-1.975082266	3	Mystik Canada;Papek Czechia;Pronutrix+ Belgium	True
D5pct_farmed_and_wild_9_R01191	0.05	5%	farmed_and_wild	Farmed + wild	9	108786	118785	1	-1.874106693	1	Dole7	True
D5pct_farmed_and_wild_9_R01192	0.05	5%	farmed_and_wild	Farmed + wild	9	258786	278785	2	-2.325266996	5	Dole7;Mystik Canada;Papek Czechia;Pronutrix+ Belgium;Starfood Holland	True
D5pct_farmed_and_wild_9_R01193	0.05	5%	farmed_and_wild	Farmed + wild	9	618786	628785	1	-1.578462446	1	Pronutrix+ Belgium	True
D5pct_farmed_and_wild_9_R01194	0.05	5%	farmed_and_wild	Farmed + wild	9	648786	658785	1	-2.379825118	4	Dole7;Papek Czechia;Pronutrix+ Belgium;Starfood Holland	True
D5pct_farmed_and_wild_9_R01195	0.05	5%	farmed_and_wild	Farmed + wild	9	1768786	1778785	1	-2.135429065	3	Dole7;Papek Czechia;Starfood Holland	True
D5pct_farmed_and_wild_9_R01196	0.05	5%	farmed_and_wild	Farmed + wild	9	1798786	1808785	1	-2.074637601	3	Dole7;Pronutrix+ Belgium;Starfood Holland	True
D5pct_farmed_and_wild_9_R01197	0.05	5%	farmed_and_wild	Farmed + wild	9	1818786	1828785	1	-2.22384213	5	Dole7;Mystik Canada;Papek Czechia;Pronutrix+ Belgium;Starfood Holland	True
D5pct_farmed_and_wild_9_R01198	0.05	5%	farmed_and_wild	Farmed + wild	9	1848786	1858785	1	-2.139370485	4	Dole7;Papek Czechia;Pronutrix+ Belgium;Starfood Holland	True
D5pct_farmed_and_wild_9_R01199	0.05	5%	farmed_and_wild	Farmed + wild	9	2498786	2508785	1	-2.830479416	5	Dole7;Mystik Canada;Papek Czechia;Pronutrix+ Belgium;Starfood Holland	True
D5pct_farmed_and_wild_9_R01200	0.05	5%	farmed_and_wild	Farmed + wild	9	3498786	3508785	1	-2.089052946	2	Dole7;Papek Czechia	True
D5pct_farmed_and_wild_9_R01201	0.05	5%	farmed_and_wild	Farmed + wild	9	5258786	5268785	1	-2.279750703	5	Dole7;Mystik Canada;Papek Czechia;Pronutrix+ Belgium;Starfood Holland	True
D5pct_farmed_and_wild_9_R01202	0.05	5%	farmed_and_wild	Farmed + wild	9	5738786	5748785	1	-1.608849295	2	Mystik Canada;Pronutrix+ Belgium	True
D5pct_farmed_and_wild_9_R01203	0.05	5%	farmed_and_wild	Farmed + wild	9	6458786	6468785	1	-2.099444782	4	Dole7;Papek Czechia;Pronutrix+ Belgium;Starfood Holland	True
D5pct_farmed_and_wild_9_R01204	0.05	5%	farmed_and_wild	Farmed + wild	9	10418786	10428785	1	-1.986044131	2	Papek Czechia;Pronutrix+ Belgium	True
D5pct_farmed_and_wild_9_R01205	0.05	5%	farmed_and_wild	Farmed + wild	9	11068786	11078785	1	-3.160575711	5	Dole7;Mystik Canada;Papek Czechia;Pronutrix+ Belgium;Starfood Holland	True
D5pct_farmed_and_wild_9_R01206	0.05	5%	farmed_and_wild	Farmed + wild	9	12838786	12848785	1	-1.937853805	1	Dole7	True
D5pct_farmed_and_wild_9_R01207	0.05	5%	farmed_and_wild	Farmed + wild	9	14378786	14388785	1	-2.190356829	4	Dole7;Papek Czechia;Pronutrix+ Belgium;Starfood Holland	True
D5pct_farmed_and_wild_9_R01208	0.05	5%	farmed_and_wild	Farmed + wild	9	16178786	16188785	1	-2.294695634	3	Dole7;Papek Czechia;Pronutrix+ Belgium	True
D5pct_farmed_and_wild_9_R01209	0.05	5%	farmed_and_wild	Farmed + wild	9	16798786	16808785	1	-2.44768686	3	Dole7;Papek Czechia;Starfood Holland	True
D5pct_farmed_and_wild_9_R01210	0.05	5%	farmed_and_wild	Farmed + wild	9	16818786	16828785	1	-2.451857307	5	Dole7;Mystik Canada;Papek Czechia;Pronutrix+ Belgium;Starfood Holland	True
D5pct_farmed_and_wild_9_R01211	0.05	5%	farmed_and_wild	Farmed + wild	9	18358885	18378884	2	-2.274305505	4	Mystik Canada;Papek Czechia;Pronutrix+ Belgium;Starfood Holland	True
D5pct_farmed_only_9_R01212	0.05	5%	farmed_only	Farmed only	9	58786	68785	1	-1.184359152	1	Mystik Canada	False
D5pct_farmed_only_9_R01213	0.05	5%	farmed_only	Farmed only	9	178786	188785	1	-1.967606065	1	Dole7	False
D5pct_farmed_only_9_R01214	0.05	5%	farmed_only	Farmed only	9	508786	518785	1	-1.615992656	1	Pronutrix+ Belgium	False
D5pct_farmed_only_9_R01215	0.05	5%	farmed_only	Farmed only	9	528786	538785	1	-1.896814998	3	Dole7;Mystik Canada;Pronutrix+ Belgium	False
D5pct_farmed_only_9_R01216	0.05	5%	farmed_only	Farmed only	9	553786	563785	1	-1.727031413	1	Kingsect Belgium	False
D5pct_farmed_only_9_R01217	0.05	5%	farmed_only	Farmed only	9	568786	583785	2	-2.231201159	5	Dole7;Kingsect Belgium;Papek Czechia;Pronutrix+ Belgium;Starfood Holland	False
D5pct_farmed_only_9_R01218	0.05	5%	farmed_and_wild	Farmed + wild	9	588786	623785	4	-1.926622482	2	Dole7;Kingsect Belgium	True
D5pct_farmed_only_9_R01219	0.05	5%	farmed_only	Farmed only	9	638786	648785	1	-2.141051954	4	Dole7;Mystik Canada;Pronutrix+ Belgium;Starfood Holland	False
D5pct_farmed_only_9_R01220	0.05	5%	farmed_only	Farmed only	9	728786	738785	1	-1.928925529	2	Dole7;Pronutrix+ Belgium	False
D5pct_farmed_only_9_R01221	0.05	5%	farmed_only	Farmed only	9	798786	808785	1	-1.837817683	1	Dole7	False
D5pct_farmed_only_9_R01222	0.05	5%	farmed_only	Farmed only	9	848786	858785	1	-1.811759948	1	Dole7	False
D5pct_farmed_only_9_R01223	0.05	5%	farmed_only	Farmed only	9	868786	878785	1	-1.479893798	1	Pronutrix+ Belgium	False
D5pct_farmed_only_9_R01224	0.05	5%	farmed_only	Farmed only	9	908786	918785	1	-2.041406532	3	Dole7;Pronutrix+ Belgium;Starfood Holland	False
D5pct_farmed_only_9_R01225	0.05	5%	farmed_only	Farmed only	9	928786	938785	1	-2.183951631	3	Dole7;Pronutrix+ Belgium;Starfood Holland	False
D5pct_farmed_only_9_R01226	0.05	5%	farmed_only	Farmed only	9	1888786	1898785	1	-2.113296045	2	Dole7;Starfood Holland	False
D5pct_farmed_only_9_R01227	0.05	5%	farmed_only	Farmed only	9	2088786	2098785	1	-1.872264907	1	Dole7	False
D5pct_farmed_only_9_R01228	0.05	5%	farmed_only	Farmed only	9	4878786	4888785	1	-1.864155715	4	Dole7;Mystik Canada;Papek Czechia;Pronutrix+ Belgium	False
D5pct_farmed_only_9_R01229	0.05	5%	farmed_only	Farmed only	9	4928786	4938785	1	-2.067089816	2	Dole7;Starfood Holland	False
D5pct_farmed_only_9_R01230	0.05	5%	farmed_only	Farmed only	9	6378786	6398785	2	-2.194957461	3	Dole7;Papek Czechia;Pronutrix+ Belgium	False
D5pct_farmed_only_9_R01231	0.05	5%	farmed_only	Farmed only	9	6648786	6658785	1	-1.818374659	1	Dole7	False
D5pct_farmed_only_9_R01232	0.05	5%	farmed_only	Farmed only	9	8828786	8838785	1	-1.810706264	1	Dole7	False
D5pct_farmed_only_9_R01233	0.05	5%	farmed_only	Farmed only	9	11668786	11678785	1	-1.856884742	1	Dole7	False
D5pct_farmed_only_9_R01234	0.05	5%	farmed_only	Farmed only	9	14738786	14748785	1	-1.986650643	2	Dole7;Pronutrix+ Belgium	False
D5pct_farmed_only_9_R01235	0.05	5%	farmed_only	Farmed only	9	14988786	14998785	1	-1.218127091	1	Mystik Canada	False
D5pct_farmed_only_9_R01236	0.05	5%	farmed_only	Farmed only	9	16478786	16488785	1	-1.185725096	1	Mystik Canada	False
D5pct_wild_only_9_R01237	0.05	5%	wild_only	Wild only	9	128786	138785	1	-1.710597363	0		True
D5pct_wild_only_9_R01238	0.05	5%	wild_only	Wild only	9	478786	488785	1	-1.802368697	0		True
D5pct_wild_only_9_R01239	0.05	5%	wild_only	Wild only	9	628786	638785	1	-1.647618352	0		True
D5pct_wild_only_9_R01240	0.05	5%	wild_only	Wild only	9	818786	828785	1	-1.562971273	0		True
D5pct_wild_only_9_R01241	0.05	5%	wild_only	Wild only	9	1068786	1078785	1	-1.640985356	0		True
D5pct_wild_only_9_R01242	0.05	5%	wild_only	Wild only	9	3538786	3548785	1	-1.793578598	0		True
D5pct_wild_only_9_R01243	0.05	5%	wild_only	Wild only	9	9428786	9438785	1	-1.682536834	0		True
D5pct_wild_only_9_R01244	0.05	5%	wild_only	Wild only	9	12888786	12918785	3	-2.26925031	0		True
D5pct_wild_only_9_R01245	0.05	5%	wild_only	Wild only	9	16808786	16818785	1	-2.209833566	0		True
D5pct_wild_only_9_R01246	0.05	5%	wild_only	Wild only	9	18308885	18318884	1	-1.735136606	0		True
D5pct_wild_only_9_R01247	0.05	5%	wild_only	Wild only	9	18888885	18898884	1	-1.713659386	0		True
D5pct_farmed_and_wild_Tmol_scf_101_R01248	0.05	5%	farmed_and_wild	Farmed + wild	Tmol_scf_101	5000	24999	2	-2.685778956	3	Mystik Canada;Papek Czechia;Starfood Holland	True
D5pct_farmed_and_wild_Tmol_scf_101_R01249	0.05	5%	farmed_and_wild	Farmed + wild	Tmol_scf_101	35000	54999	2	-3.077917249	3	Mystik Canada;Papek Czechia;Starfood Holland	True
D5pct_farmed_only_Tmol_scf_101_R01250	0.05	5%	farmed_only	Farmed only	Tmol_scf_101	25000	34999	1	-2.6531116	2	Mystik Canada;Papek Czechia	False
D5pct_farmed_only_Tmol_scf_101_R01251	0.05	5%	farmed_only	Farmed only	Tmol_scf_101	55000	74999	2	-2.806118761	1	Starfood Holland	False
D5pct_farmed_only_Tmol_scf_103_R01252	0.05	5%	farmed_only	Farmed only	Tmol_scf_103	45000	54999	1	-1.822618642	1	Papek Czechia	False
D5pct_farmed_and_wild_Tmol_scf_103_R01253	0.05	5%	farmed_and_wild	Farmed + wild	Tmol_scf_103	55000	64999	1	-3.071257346	2	Papek Czechia;Starfood Holland	True
D5pct_farmed_only_Tmol_scf_106_R01254	0.05	5%	farmed_only	Farmed only	Tmol_scf_106	5000	24999	2	-2.206325201	2	Mystik Canada;Papek Czechia	False
D5pct_farmed_only_Tmol_scf_106_R01255	0.05	5%	farmed_only	Farmed only	Tmol_scf_106	35000	44999	1	-2.147172424	1	Mystik Canada	False
D5pct_farmed_and_wild_Tmol_scf_106_R01256	0.05	5%	farmed_and_wild	Farmed + wild	Tmol_scf_106	25000	34999	1	-3.354251569	3	Mystik Canada;Papek Czechia;Starfood Holland	True
D5pct_farmed_and_wild_Tmol_scf_106_R01257	0.05	5%	farmed_and_wild	Farmed + wild	Tmol_scf_106	45000	54999	1	-3.1660986	3	Mystik Canada;Papek Czechia;Starfood Holland	True
D5pct_farmed_and_wild_Tmol_scf_107_R01258	0.05	5%	farmed_and_wild	Farmed + wild	Tmol_scf_107	15000	44999	3	-2.742950386	3	Mystik Canada;Papek Czechia;Starfood Holland	True
D5pct_farmed_only_Tmol_scf_108_R01259	0.05	5%	farmed_only	Farmed only	Tmol_scf_108	25000	34999	1	-2.149850943	2	Papek Czechia;Starfood Holland	False
D5pct_farmed_and_wild_Tmol_scf_108_R01260	0.05	5%	farmed_and_wild	Farmed + wild	Tmol_scf_108	35000	44999	1	-2.261260898	3	Mystik Canada;Papek Czechia;Starfood Holland	True
D5pct_farmed_and_wild_Tmol_scf_109_R01261	0.05	5%	farmed_and_wild	Farmed + wild	Tmol_scf_109	5000	24999	2	-2.264025895	3	Mystik Canada;Papek Czechia;Starfood Holland	True
D5pct_farmed_only_Tmol_scf_109_R01262	0.05	5%	farmed_only	Farmed only	Tmol_scf_109	25000	34999	1	-2.42277218	3	Mystik Canada;Papek Czechia;Starfood Holland	False
D5pct_farmed_only_Tmol_scf_112_R01263	0.05	5%	farmed_only	Farmed only	Tmol_scf_112	15000	24999	1	-2.246493021	1	Papek Czechia	False
D5pct_farmed_only_Tmol_scf_18_R01264	0.05	5%	farmed_only	Farmed only	Tmol_scf_18	85000	94999	1	-2.103066754	2	Papek Czechia;Starfood Holland	False
D5pct_farmed_only_Tmol_scf_18_R01265	0.05	5%	farmed_only	Farmed only	Tmol_scf_18	165000	174999	1	-2.118659269	2	Mystik Canada;Starfood Holland	False
D5pct_farmed_only_Tmol_scf_18_R01266	0.05	5%	farmed_only	Farmed only	Tmol_scf_18	235000	244999	1	-2.18282833	3	Papek Czechia;Pronutrix+ Belgium;Starfood Holland	False
D5pct_farmed_only_Tmol_scf_18_R01267	0.05	5%	farmed_only	Farmed only	Tmol_scf_18	280000	289999	1	-1.692379188	1	Kingsect Belgium	False
D5pct_farmed_only_Tmol_scf_18_R01268	0.05	5%	farmed_only	Farmed only	Tmol_scf_18	295000	304999	1	-2.157261528	1	Starfood Holland	False
D5pct_farmed_only_Tmol_scf_18_R01269	0.05	5%	farmed_only	Farmed only	Tmol_scf_18	325000	334999	1	-2.282050625	2	Pronutrix+ Belgium;Starfood Holland	False
D5pct_farmed_only_Tmol_scf_18_R01270	0.05	5%	farmed_only	Farmed only	Tmol_scf_18	395000	404999	1	-1.636683236	1	Pronutrix+ Belgium	False
D5pct_farmed_only_Tmol_scf_18_R01271	0.05	5%	farmed_and_wild	Farmed + wild	Tmol_scf_18	490000	514999	4	-2.377029905	4	Kingsect Belgium;Papek Czechia;Pronutrix+ Belgium;Starfood Holland	True
D5pct_farmed_only_Tmol_scf_18_R01272	0.05	5%	farmed_only	Farmed only	Tmol_scf_18	665000	674999	1	-1.346820559	1	Mystik Canada	False
D5pct_farmed_only_Tmol_scf_18_R01273	0.05	5%	farmed_only	Farmed only	Tmol_scf_18	695000	704999	1	-1.494620501	1	Pronutrix+ Belgium	False
D5pct_farmed_only_Tmol_scf_18_R01274	0.05	5%	farmed_and_wild	Farmed + wild	Tmol_scf_18	805000	1169999	46	-2.480697116	5	Kingsect Belgium;Mystik Canada;Papek Czechia;Pronutrix+ Belgium;Starfood Holland	True
D5pct_farmed_only_Tmol_scf_18_R01275	0.05	5%	farmed_and_wild	Farmed + wild	Tmol_scf_18	1320000	1519999	24	-2.159045527	5	Kingsect Belgium;Mystik Canada;Papek Czechia;Pronutrix+ Belgium;Starfood Holland	True
D5pct_farmed_and_wild_Tmol_scf_18_R01276	0.05	5%	farmed_and_wild	Farmed + wild	Tmol_scf_18	205000	214999	1	-2.370139773	4	Mystik Canada;Papek Czechia;Pronutrix+ Belgium;Starfood Holland	True
D5pct_farmed_and_wild_Tmol_scf_18_R01277	0.05	5%	farmed_and_wild	Farmed + wild	Tmol_scf_18	375000	384999	1	-2.05977815	4	Mystik Canada;Papek Czechia;Pronutrix+ Belgium;Starfood Holland	True
D5pct_farmed_and_wild_Tmol_scf_18_R01278	0.05	5%	farmed_and_wild	Farmed + wild	Tmol_scf_18	405000	414999	1	-2.337309109	4	Mystik Canada;Papek Czechia;Pronutrix+ Belgium;Starfood Holland	True
D5pct_farmed_and_wild_Tmol_scf_18_R01279	0.05	5%	farmed_and_wild	Farmed + wild	Tmol_scf_18	455000	464999	1	-1.82764244	3	Mystik Canada;Papek Czechia;Pronutrix+ Belgium	True
D5pct_farmed_and_wild_Tmol_scf_18_R01280	0.05	5%	farmed_and_wild	Farmed + wild	Tmol_scf_18	485000	494999	1	-2.249275257	4	Mystik Canada;Papek Czechia;Pronutrix+ Belgium;Starfood Holland	True
D5pct_farmed_and_wild_Tmol_scf_18_R01281	0.05	5%	farmed_and_wild	Farmed + wild	Tmol_scf_18	535000	544999	1	-2.292731714	4	Mystik Canada;Papek Czechia;Pronutrix+ Belgium;Starfood Holland	True
D5pct_farmed_and_wild_Tmol_scf_18_R01282	0.05	5%	farmed_and_wild	Farmed + wild	Tmol_scf_18	605000	624999	2	-2.436008301	4	Mystik Canada;Papek Czechia;Pronutrix+ Belgium;Starfood Holland	True
D5pct_farmed_and_wild_Tmol_scf_18_R01283	0.05	5%	farmed_and_wild	Farmed + wild	Tmol_scf_18	675000	684999	1	-2.070224938	3	Mystik Canada;Pronutrix+ Belgium;Starfood Holland	True
D5pct_farmed_and_wild_Tmol_scf_18_R01284	0.05	5%	farmed_and_wild	Farmed + wild	Tmol_scf_18	705000	714999	1	-2.150309389	4	Mystik Canada;Papek Czechia;Pronutrix+ Belgium;Starfood Holland	True
D5pct_farmed_and_wild_Tmol_scf_18_R01285	0.05	5%	farmed_and_wild	Farmed + wild	Tmol_scf_18	795000	804999	1	-2.429568551	4	Mystik Canada;Papek Czechia;Pronutrix+ Belgium;Starfood Holland	True
D5pct_farmed_and_wild_Tmol_scf_18_R01286	0.05	5%	farmed_and_wild	Farmed + wild	Tmol_scf_18	825000	834999	1	-1.922907654	1	Pronutrix+ Belgium	True
D5pct_farmed_and_wild_Tmol_scf_18_R01287	0.05	5%	farmed_and_wild	Farmed + wild	Tmol_scf_18	895000	904999	1	-2.501470577	4	Mystik Canada;Papek Czechia;Pronutrix+ Belgium;Starfood Holland	True
D5pct_farmed_and_wild_Tmol_scf_18_R01288	0.05	5%	farmed_and_wild	Farmed + wild	Tmol_scf_18	925000	934999	1	-2.314854023	4	Mystik Canada;Papek Czechia;Pronutrix+ Belgium;Starfood Holland	True
D5pct_farmed_and_wild_Tmol_scf_18_R01289	0.05	5%	farmed_and_wild	Farmed + wild	Tmol_scf_18	985000	1014999	3	-2.253042765	4	Mystik Canada;Papek Czechia;Pronutrix+ Belgium;Starfood Holland	True
D5pct_farmed_and_wild_Tmol_scf_18_R01290	0.05	5%	farmed_and_wild	Farmed + wild	Tmol_scf_18	1055000	1074999	2	-2.937063812	4	Mystik Canada;Papek Czechia;Pronutrix+ Belgium;Starfood Holland	True
D5pct_farmed_and_wild_Tmol_scf_18_R01291	0.05	5%	farmed_and_wild	Farmed + wild	Tmol_scf_18	1125000	1154999	3	-2.346203201	4	Mystik Canada;Papek Czechia;Pronutrix+ Belgium;Starfood Holland	True
D5pct_farmed_and_wild_Tmol_scf_18_R01292	0.05	5%	farmed_and_wild	Farmed + wild	Tmol_scf_18	1345000	1364999	2	-1.735920842	3	Mystik Canada;Papek Czechia;Pronutrix+ Belgium	True
D5pct_farmed_and_wild_Tmol_scf_18_R01293	0.05	5%	farmed_and_wild	Farmed + wild	Tmol_scf_18	1415000	1434999	2	-2.286862052	4	Mystik Canada;Papek Czechia;Pronutrix+ Belgium;Starfood Holland	True
D5pct_farmed_and_wild_Tmol_scf_18_R01294	0.05	5%	farmed_and_wild	Farmed + wild	Tmol_scf_18	1455000	1474999	2	-2.298725838	4	Mystik Canada;Papek Czechia;Pronutrix+ Belgium;Starfood Holland	True
D5pct_farmed_and_wild_Tmol_scf_18_R01295	0.05	5%	farmed_and_wild	Farmed + wild	Tmol_scf_18	1515000	1524999	1	-1.7205469	2	Mystik Canada;Papek Czechia	True
D5pct_farmed_and_wild_Tmol_scf_18_R01296	0.05	5%	farmed_and_wild	Farmed + wild	Tmol_scf_18	1545000	1554999	1	-2.263211826	4	Mystik Canada;Papek Czechia;Pronutrix+ Belgium;Starfood Holland	True
D5pct_farmed_only_Tmol_scf_21_R01297	0.05	5%	farmed_only	Farmed only	Tmol_scf_21	15000	24999	1	-2.254665579	3	Papek Czechia;Pronutrix+ Belgium;Starfood Holland	False
D5pct_farmed_only_Tmol_scf_21_R01298	0.05	5%	farmed_only	Farmed only	Tmol_scf_21	35000	44999	1	-2.174959939	2	Papek Czechia;Starfood Holland	False
D5pct_farmed_only_Tmol_scf_21_R01299	0.05	5%	farmed_only	Farmed only	Tmol_scf_21	85000	94999	1	-1.512388257	1	Pronutrix+ Belgium	False
D5pct_farmed_only_Tmol_scf_21_R01300	0.05	5%	farmed_only	Farmed only	Tmol_scf_21	355000	364999	1	-1.322186314	1	Mystik Canada	False
D5pct_farmed_only_Tmol_scf_21_R01301	0.05	5%	farmed_only	Farmed only	Tmol_scf_21	395000	404999	1	-1.468689665	1	Mystik Canada	False
D5pct_farmed_only_Tmol_scf_21_R01302	0.05	5%	farmed_only	Farmed only	Tmol_scf_21	445000	454999	1	-1.506269304	2	Mystik Canada;Pronutrix+ Belgium	False
D5pct_farmed_only_Tmol_scf_21_R01303	0.05	5%	farmed_only	Farmed only	Tmol_scf_21	665000	674999	1	-2.0329452	1	Starfood Holland	False
D5pct_farmed_only_Tmol_scf_21_R01304	0.05	5%	farmed_only	Farmed only	Tmol_scf_21	765000	774999	1	-1.57842322	1	Pronutrix+ Belgium	False
D5pct_farmed_only_Tmol_scf_21_R01305	0.05	5%	farmed_and_wild	Farmed + wild	Tmol_scf_21	830000	1019999	23	-2.167575884	4	Kingsect Belgium;Mystik Canada;Papek Czechia;Pronutrix+ Belgium	True
D5pct_farmed_and_wild_Tmol_scf_21_R01306	0.05	5%	farmed_and_wild	Farmed + wild	Tmol_scf_21	485000	494999	1	-1.703051159	2	Mystik Canada;Pronutrix+ Belgium	True
D5pct_farmed_and_wild_Tmol_scf_21_R01307	0.05	5%	farmed_and_wild	Farmed + wild	Tmol_scf_21	815000	824999	1	-1.690912382	2	Mystik Canada;Pronutrix+ Belgium	True
D5pct_farmed_and_wild_Tmol_scf_21_R01308	0.05	5%	farmed_and_wild	Farmed + wild	Tmol_scf_21	895000	904999	1	-2.308945479	4	Mystik Canada;Papek Czechia;Pronutrix+ Belgium;Starfood Holland	True
D5pct_farmed_and_wild_Tmol_scf_21_R01309	0.05	5%	farmed_and_wild	Farmed + wild	Tmol_scf_21	915000	934999	2	-2.28665125	4	Mystik Canada;Papek Czechia;Pronutrix+ Belgium;Starfood Holland	True
D5pct_farmed_and_wild_Tmol_scf_21_R01310	0.05	5%	farmed_and_wild	Farmed + wild	Tmol_scf_21	985000	994999	1	-2.608720031	4	Mystik Canada;Papek Czechia;Pronutrix+ Belgium;Starfood Holland	True
D5pct_farmed_and_wild_Tmol_scf_21_R01311	0.05	5%	farmed_and_wild	Farmed + wild	Tmol_scf_21	1015000	1044999	3	-2.764662459	4	Mystik Canada;Papek Czechia;Pronutrix+ Belgium;Starfood Holland	True
D5pct_farmed_and_wild_Tmol_scf_22_R01312	0.05	5%	farmed_and_wild	Farmed + wild	Tmol_scf_22	15000	24999	1	-2.065864499	1	Starfood Holland	True
D5pct_farmed_and_wild_Tmol_scf_22_R01313	0.05	5%	farmed_and_wild	Farmed + wild	Tmol_scf_22	115000	144999	3	-2.929262954	4	Mystik Canada;Papek Czechia;Pronutrix+ Belgium;Starfood Holland	True
D5pct_farmed_and_wild_Tmol_scf_22_R01314	0.05	5%	farmed_and_wild	Farmed + wild	Tmol_scf_22	175000	184999	1	-2.074263152	2	Pronutrix+ Belgium;Starfood Holland	True
D5pct_farmed_and_wild_Tmol_scf_22_R01315	0.05	5%	farmed_and_wild	Farmed + wild	Tmol_scf_22	215000	224999	1	-2.098232604	3	Papek Czechia;Pronutrix+ Belgium;Starfood Holland	True
D5pct_farmed_and_wild_Tmol_scf_22_R01316	0.05	5%	farmed_and_wild	Farmed + wild	Tmol_scf_22	245000	254999	1	-2.324200682	4	Mystik Canada;Papek Czechia;Pronutrix+ Belgium;Starfood Holland	True
D5pct_farmed_and_wild_Tmol_scf_22_R01317	0.05	5%	farmed_and_wild	Farmed + wild	Tmol_scf_22	315000	324999	1	-2.430301725	4	Mystik Canada;Papek Czechia;Pronutrix+ Belgium;Starfood Holland	True
D5pct_farmed_and_wild_Tmol_scf_22_R01318	0.05	5%	farmed_and_wild	Farmed + wild	Tmol_scf_22	505000	514999	1	-2.381245017	4	Mystik Canada;Papek Czechia;Pronutrix+ Belgium;Starfood Holland	True
D5pct_farmed_and_wild_Tmol_scf_22_R01319	0.05	5%	farmed_and_wild	Farmed + wild	Tmol_scf_22	545000	564999	2	-2.84218707	4	Mystik Canada;Papek Czechia;Pronutrix+ Belgium;Starfood Holland	True
D5pct_farmed_and_wild_Tmol_scf_22_R01320	0.05	5%	farmed_and_wild	Farmed + wild	Tmol_scf_22	635000	644999	1	-2.550027686	4	Mystik Canada;Papek Czechia;Pronutrix+ Belgium;Starfood Holland	True
D5pct_farmed_and_wild_Tmol_scf_22_R01321	0.05	5%	farmed_and_wild	Farmed + wild	Tmol_scf_22	675000	684999	1	-2.307550992	4	Mystik Canada;Papek Czechia;Pronutrix+ Belgium;Starfood Holland	True
D5pct_farmed_and_wild_Tmol_scf_22_R01322	0.05	5%	farmed_and_wild	Farmed + wild	Tmol_scf_22	695000	704999	1	-2.065506978	2	Papek Czechia;Pronutrix+ Belgium	True
D5pct_farmed_and_wild_Tmol_scf_22_R01323	0.05	5%	farmed_and_wild	Farmed + wild	Tmol_scf_22	715000	764999	5	-3.190009331	4	Mystik Canada;Papek Czechia;Pronutrix+ Belgium;Starfood Holland	True
D5pct_wild_only_Tmol_scf_22_R01324	0.05	5%	wild_only	Wild only	Tmol_scf_22	55000	64999	1	-1.682410602	0		True
D5pct_wild_only_Tmol_scf_22_R01325	0.05	5%	wild_only	Wild only	Tmol_scf_22	205000	214999	1	-1.565335637	0		True
D5pct_farmed_only_Tmol_scf_22_R01326	0.05	5%	farmed_only	Farmed only	Tmol_scf_22	65000	74999	1	-2.068650563	4	Mystik Canada;Papek Czechia;Pronutrix+ Belgium;Starfood Holland	False
D5pct_farmed_only_Tmol_scf_22_R01327	0.05	5%	farmed_and_wild	Farmed + wild	Tmol_scf_22	145000	729999	76	-2.39381997	5	Kingsect Belgium;Mystik Canada;Papek Czechia;Pronutrix+ Belgium;Starfood Holland	True
D5pct_farmed_only_Tmol_scf_23_R01328	0.05	5%	farmed_only	Farmed only	Tmol_scf_23	305000	314999	1	-1.480710867	2	Mystik Canada;Pronutrix+ Belgium	False
D5pct_farmed_only_Tmol_scf_23_R01329	0.05	5%	farmed_only	Farmed only	Tmol_scf_23	625000	634999	1	-2.625734227	4	Mystik Canada;Papek Czechia;Pronutrix+ Belgium;Starfood Holland	False
D5pct_farmed_and_wild_Tmol_scf_23_R01330	0.05	5%	farmed_and_wild	Farmed + wild	Tmol_scf_23	485000	494999	1	-2.524992599	4	Mystik Canada;Papek Czechia;Pronutrix+ Belgium;Starfood Holland	True
D5pct_farmed_and_wild_Tmol_scf_23_R01331	0.05	5%	farmed_and_wild	Farmed + wild	Tmol_scf_23	615000	624999	1	-2.475396419	4	Mystik Canada;Papek Czechia;Pronutrix+ Belgium;Starfood Holland	True
D5pct_farmed_and_wild_Tmol_scf_23_R01332	0.05	5%	farmed_and_wild	Farmed + wild	Tmol_scf_23	635000	674999	4	-2.948661009	4	Mystik Canada;Papek Czechia;Pronutrix+ Belgium;Starfood Holland	True
D5pct_wild_only_Tmol_scf_23_R01333	0.05	5%	wild_only	Wild only	Tmol_scf_23	495000	504999	1	-1.575701924	0		True
D5pct_wild_only_Tmol_scf_23_R01334	0.05	5%	wild_only	Wild only	Tmol_scf_23	545000	554999	1	-1.601114476	0		True
D5pct_wild_only_Tmol_scf_23_R01335	0.05	5%	wild_only	Wild only	Tmol_scf_23	585000	594999	1	-1.672600863	0		True
D5pct_wild_only_Tmol_scf_23_R01336	0.05	5%	wild_only	Wild only	Tmol_scf_23	605000	614999	1	-1.749300153	0		True
D5pct_farmed_and_wild_Tmol_scf_24_R01337	0.05	5%	farmed_and_wild	Farmed + wild	Tmol_scf_24	355000	364999	1	-1.579605041	1	Pronutrix+ Belgium	True
D5pct_farmed_and_wild_Tmol_scf_24_R01338	0.05	5%	farmed_and_wild	Farmed + wild	Tmol_scf_24	615000	644999	3	-2.918524723	4	Mystik Canada;Papek Czechia;Pronutrix+ Belgium;Starfood Holland	True
D5pct_farmed_only_Tmol_scf_24_R01339	0.05	5%	farmed_and_wild	Farmed + wild	Tmol_scf_24	570000	619999	5	-2.107826307	1	Kingsect Belgium	True
D5pct_farmed_and_wild_Tmol_scf_25_R01340	0.05	5%	farmed_and_wild	Farmed + wild	Tmol_scf_25	155000	164999	1	-1.580970633	1	Mystik Canada	True
D5pct_farmed_and_wild_Tmol_scf_25_R01341	0.05	5%	farmed_and_wild	Farmed + wild	Tmol_scf_25	195000	204999	1	-1.704226071	1	Pronutrix+ Belgium	True
D5pct_farmed_and_wild_Tmol_scf_25_R01342	0.05	5%	farmed_and_wild	Farmed + wild	Tmol_scf_25	435000	444999	1	-2.056822718	3	Papek Czechia;Pronutrix+ Belgium;Starfood Holland	True
D5pct_wild_only_Tmol_scf_25_R01343	0.05	5%	wild_only	Wild only	Tmol_scf_25	165000	174999	1	-1.618239411	0		True
D5pct_wild_only_Tmol_scf_25_R01344	0.05	5%	wild_only	Wild only	Tmol_scf_25	515000	524999	1	-1.561911968	0		True
D5pct_farmed_only_Tmol_scf_28_R01345	0.05	5%	farmed_only	Farmed only	Tmol_scf_28	15000	24999	1	-2.7411235	4	Mystik Canada;Papek Czechia;Pronutrix+ Belgium;Starfood Holland	False
D5pct_farmed_only_Tmol_scf_28_R01346	0.05	5%	farmed_and_wild	Farmed + wild	Tmol_scf_28	35000	294999	43	-2.675736069	5	Kingsect Belgium;Mystik Canada;Papek Czechia;Pronutrix+ Belgium;Starfood Holland	True
D5pct_farmed_only_Tmol_scf_28_R01347	0.05	5%	farmed_only	Farmed only	Tmol_scf_28	305000	314999	1	-2.34924935	4	Mystik Canada;Papek Czechia;Pronutrix+ Belgium;Starfood Holland	False
D5pct_farmed_only_Tmol_scf_28_R01348	0.05	5%	farmed_only	Farmed only	Tmol_scf_28	325000	334999	1	-2.199799503	1	Pronutrix+ Belgium	False
D5pct_farmed_only_Tmol_scf_28_R01349	0.05	5%	farmed_and_wild	Farmed + wild	Tmol_scf_28	365000	439999	10	-2.540282117	5	Kingsect Belgium;Mystik Canada;Papek Czechia;Pronutrix+ Belgium;Starfood Holland	True
D5pct_farmed_only_Tmol_scf_28_R01350	0.05	5%	farmed_only	Farmed only	Tmol_scf_28	445000	464999	2	-2.287950707	2	Mystik Canada;Pronutrix+ Belgium	False
D5pct_farmed_and_wild_Tmol_scf_28_R01351	0.05	5%	farmed_and_wild	Farmed + wild	Tmol_scf_28	25000	34999	1	-2.493663133	4	Mystik Canada;Papek Czechia;Pronutrix+ Belgium;Starfood Holland	True
D5pct_farmed_and_wild_Tmol_scf_28_R01352	0.05	5%	farmed_and_wild	Farmed + wild	Tmol_scf_28	65000	74999	1	-2.365976897	4	Mystik Canada;Papek Czechia;Pronutrix+ Belgium;Starfood Holland	True
D5pct_farmed_and_wild_Tmol_scf_28_R01353	0.05	5%	farmed_and_wild	Farmed + wild	Tmol_scf_28	95000	104999	1	-2.333497142	4	Mystik Canada;Papek Czechia;Pronutrix+ Belgium;Starfood Holland	True
D5pct_farmed_and_wild_Tmol_scf_28_R01354	0.05	5%	farmed_and_wild	Farmed + wild	Tmol_scf_28	245000	254999	1	-2.11513064	2	Papek Czechia;Pronutrix+ Belgium	True
D5pct_farmed_and_wild_Tmol_scf_28_R01355	0.05	5%	farmed_and_wild	Farmed + wild	Tmol_scf_28	265000	274999	1	-2.370362265	2	Papek Czechia;Pronutrix+ Belgium	True
D5pct_farmed_and_wild_Tmol_scf_28_R01356	0.05	5%	farmed_and_wild	Farmed + wild	Tmol_scf_28	355000	364999	1	-2.439511931	4	Mystik Canada;Papek Czechia;Pronutrix+ Belgium;Starfood Holland	True
D5pct_farmed_and_wild_Tmol_scf_28_R01357	0.05	5%	farmed_and_wild	Farmed + wild	Tmol_scf_28	435000	444999	1	-2.481337573	3	Mystik Canada;Papek Czechia;Starfood Holland	True
D5pct_farmed_only_Tmol_scf_29_R01358	0.05	5%	farmed_only	Farmed only	Tmol_scf_29	15000	54999	4	-2.824136601	1	Starfood Holland	False
D5pct_farmed_only_Tmol_scf_29_R01359	0.05	5%	farmed_only	Farmed only	Tmol_scf_29	65000	74999	1	-3.228022821	4	Mystik Canada;Papek Czechia;Pronutrix+ Belgium;Starfood Holland	False
D5pct_farmed_only_Tmol_scf_29_R01360	0.05	5%	farmed_only	Farmed only	Tmol_scf_29	175000	199999	4	-1.916269119	3	Kingsect Belgium;Papek Czechia;Pronutrix+ Belgium	False
D5pct_farmed_only_Tmol_scf_29_R01361	0.05	5%	farmed_only	Farmed only	Tmol_scf_29	275000	284999	1	-2.538617233	4	Mystik Canada;Papek Czechia;Pronutrix+ Belgium;Starfood Holland	False
D5pct_farmed_only_Tmol_scf_29_R01362	0.05	5%	farmed_and_wild	Farmed + wild	Tmol_scf_29	300000	409999	11	-3.099019245	1	Kingsect Belgium	True
D5pct_farmed_only_Tmol_scf_29_R01363	0.05	5%	farmed_only	Farmed only	Tmol_scf_29	425000	434999	1	-1.593771599	1	Pronutrix+ Belgium	False
D5pct_farmed_and_wild_Tmol_scf_29_R01364	0.05	5%	farmed_and_wild	Farmed + wild	Tmol_scf_29	75000	94999	2	-2.564228508	3	Mystik Canada;Papek Czechia;Starfood Holland	True
D5pct_farmed_and_wild_Tmol_scf_29_R01365	0.05	5%	farmed_and_wild	Farmed + wild	Tmol_scf_29	155000	174999	2	-2.281530477	4	Mystik Canada;Papek Czechia;Pronutrix+ Belgium;Starfood Holland	True
D5pct_farmed_and_wild_Tmol_scf_29_R01366	0.05	5%	farmed_and_wild	Farmed + wild	Tmol_scf_29	215000	224999	1	-3.151543646	4	Mystik Canada;Papek Czechia;Pronutrix+ Belgium;Starfood Holland	True
D5pct_farmed_and_wild_Tmol_scf_29_R01367	0.05	5%	farmed_and_wild	Farmed + wild	Tmol_scf_29	295000	424999	13	-3.472158828	4	Mystik Canada;Papek Czechia;Pronutrix+ Belgium;Starfood Holland	True
D5pct_wild_only_Tmol_scf_29_R01368	0.05	5%	wild_only	Wild only	Tmol_scf_29	115000	124999	1	-1.731095082	0		True
D5pct_farmed_only_Tmol_scf_30_R01369	0.05	5%	farmed_only	Farmed only	Tmol_scf_30	385000	394999	1	-2.086643178	3	Papek Czechia;Pronutrix+ Belgium;Starfood Holland	False
D5pct_farmed_only_Tmol_scf_31_R01370	0.05	5%	farmed_only	Farmed only	Tmol_scf_31	5000	14999	1	-2.337117335	1	Starfood Holland	False
D5pct_farmed_only_Tmol_scf_31_R01371	0.05	5%	farmed_only	Farmed only	Tmol_scf_31	35000	44999	1	-2.271656986	3	Papek Czechia;Pronutrix+ Belgium;Starfood Holland	False
D5pct_farmed_only_Tmol_scf_31_R01372	0.05	5%	farmed_only	Farmed only	Tmol_scf_31	115000	124999	1	-1.572767223	1	Pronutrix+ Belgium	False
D5pct_farmed_only_Tmol_scf_31_R01373	0.05	5%	farmed_and_wild	Farmed + wild	Tmol_scf_31	170000	384999	32	-2.781805293	5	Kingsect Belgium;Mystik Canada;Papek Czechia;Pronutrix+ Belgium;Starfood Holland	True
D5pct_farmed_only_Tmol_scf_31_R01374	0.05	5%	farmed_only	Farmed only	Tmol_scf_31	405000	414999	1	-2.386045417	2	Pronutrix+ Belgium;Starfood Holland	False
D5pct_farmed_and_wild_Tmol_scf_31_R01375	0.05	5%	farmed_and_wild	Farmed + wild	Tmol_scf_31	25000	34999	1	-2.423009476	4	Mystik Canada;Papek Czechia;Pronutrix+ Belgium;Starfood Holland	True
D5pct_farmed_and_wild_Tmol_scf_31_R01376	0.05	5%	farmed_and_wild	Farmed + wild	Tmol_scf_31	45000	54999	1	-2.913903194	4	Mystik Canada;Papek Czechia;Pronutrix+ Belgium;Starfood Holland	True
D5pct_farmed_and_wild_Tmol_scf_31_R01377	0.05	5%	farmed_and_wild	Farmed + wild	Tmol_scf_31	135000	144999	1	-2.120805282	3	Mystik Canada;Papek Czechia;Pronutrix+ Belgium	True
D5pct_farmed_and_wild_Tmol_scf_31_R01378	0.05	5%	farmed_and_wild	Farmed + wild	Tmol_scf_31	165000	214999	5	-3.116887172	4	Mystik Canada;Papek Czechia;Pronutrix+ Belgium;Starfood Holland	True
D5pct_farmed_and_wild_Tmol_scf_31_R01379	0.05	5%	farmed_and_wild	Farmed + wild	Tmol_scf_31	285000	294999	1	-2.940189335	4	Mystik Canada;Papek Czechia;Pronutrix+ Belgium;Starfood Holland	True
D5pct_farmed_and_wild_Tmol_scf_31_R01380	0.05	5%	farmed_and_wild	Farmed + wild	Tmol_scf_31	325000	334999	1	-2.837630929	4	Mystik Canada;Papek Czechia;Pronutrix+ Belgium;Starfood Holland	True
D5pct_farmed_and_wild_Tmol_scf_31_R01381	0.05	5%	farmed_and_wild	Farmed + wild	Tmol_scf_31	355000	364999	1	-3.258185045	4	Mystik Canada;Papek Czechia;Pronutrix+ Belgium;Starfood Holland	True
D5pct_farmed_and_wild_Tmol_scf_31_R01382	0.05	5%	farmed_and_wild	Farmed + wild	Tmol_scf_31	385000	394999	1	-2.752639017	2	Pronutrix+ Belgium;Starfood Holland	True
D5pct_farmed_only_Tmol_scf_32_R01383	0.05	5%	farmed_only	Farmed only	Tmol_scf_32	5000	14999	1	-2.363752837	4	Mystik Canada;Papek Czechia;Pronutrix+ Belgium;Starfood Holland	False
D5pct_farmed_only_Tmol_scf_32_R01384	0.05	5%	farmed_only	Farmed only	Tmol_scf_32	25000	44999	2	-2.351447382	3	Mystik Canada;Pronutrix+ Belgium;Starfood Holland	False
D5pct_farmed_only_Tmol_scf_32_R01385	0.05	5%	farmed_and_wild	Farmed + wild	Tmol_scf_32	50000	289999	30	-2.557136351	5	Kingsect Belgium;Mystik Canada;Papek Czechia;Pronutrix+ Belgium;Starfood Holland	True
D5pct_farmed_only_Tmol_scf_32_R01386	0.05	5%	farmed_only	Farmed only	Tmol_scf_32	300000	309999	1	-1.684094488	1	Kingsect Belgium	False
D5pct_farmed_only_Tmol_scf_32_R01387	0.05	5%	farmed_only	Farmed only	Tmol_scf_32	345000	354999	1	-2.149773482	2	Papek Czechia;Starfood Holland	False
D5pct_farmed_and_wild_Tmol_scf_32_R01388	0.05	5%	farmed_and_wild	Farmed + wild	Tmol_scf_32	15000	24999	1	-2.105560794	2	Mystik Canada;Starfood Holland	True
D5pct_farmed_and_wild_Tmol_scf_32_R01389	0.05	5%	farmed_and_wild	Farmed + wild	Tmol_scf_32	55000	64999	1	-2.765258316	4	Mystik Canada;Papek Czechia;Pronutrix+ Belgium;Starfood Holland	True
D5pct_farmed_and_wild_Tmol_scf_32_R01390	0.05	5%	farmed_and_wild	Farmed + wild	Tmol_scf_32	75000	84999	1	-2.594929834	4	Mystik Canada;Papek Czechia;Pronutrix+ Belgium;Starfood Holland	True
D5pct_farmed_and_wild_Tmol_scf_32_R01391	0.05	5%	farmed_and_wild	Farmed + wild	Tmol_scf_32	95000	124999	3	-2.567498268	4	Mystik Canada;Papek Czechia;Pronutrix+ Belgium;Starfood Holland	True
D5pct_farmed_and_wild_Tmol_scf_32_R01392	0.05	5%	farmed_and_wild	Farmed + wild	Tmol_scf_32	145000	164999	2	-3.062157707	4	Mystik Canada;Papek Czechia;Pronutrix+ Belgium;Starfood Holland	True
D5pct_farmed_and_wild_Tmol_scf_32_R01393	0.05	5%	farmed_and_wild	Farmed + wild	Tmol_scf_32	185000	204999	2	-2.661228506	4	Mystik Canada;Papek Czechia;Pronutrix+ Belgium;Starfood Holland	True
D5pct_farmed_and_wild_Tmol_scf_32_R01394	0.05	5%	farmed_and_wild	Farmed + wild	Tmol_scf_32	215000	234999	2	-2.7758577	4	Mystik Canada;Papek Czechia;Pronutrix+ Belgium;Starfood Holland	True
D5pct_farmed_and_wild_Tmol_scf_32_R01395	0.05	5%	farmed_and_wild	Farmed + wild	Tmol_scf_32	255000	264999	1	-2.588827738	4	Mystik Canada;Papek Czechia;Pronutrix+ Belgium;Starfood Holland	True
D5pct_farmed_and_wild_Tmol_scf_32_R01396	0.05	5%	farmed_and_wild	Farmed + wild	Tmol_scf_32	275000	284999	1	-2.364896972	4	Mystik Canada;Papek Czechia;Pronutrix+ Belgium;Starfood Holland	True
D5pct_farmed_and_wild_Tmol_scf_33_R01397	0.05	5%	farmed_and_wild	Farmed + wild	Tmol_scf_33	145000	154999	1	-2.174547523	2	Papek Czechia;Starfood Holland	True
D5pct_farmed_only_Tmol_scf_34_R01398	0.05	5%	farmed_only	Farmed only	Tmol_scf_34	15000	24999	1	-2.778054357	4	Mystik Canada;Papek Czechia;Pronutrix+ Belgium;Starfood Holland	False
D5pct_farmed_only_Tmol_scf_34_R01399	0.05	5%	farmed_only	Farmed only	Tmol_scf_34	35000	44999	1	-2.913373355	4	Mystik Canada;Papek Czechia;Pronutrix+ Belgium;Starfood Holland	False
D5pct_farmed_only_Tmol_scf_34_R01400	0.05	5%	farmed_only	Farmed only	Tmol_scf_34	85000	104999	2	-3.275384494	4	Mystik Canada;Papek Czechia;Pronutrix+ Belgium;Starfood Holland	False
D5pct_farmed_only_Tmol_scf_34_R01401	0.05	5%	farmed_only	Farmed only	Tmol_scf_34	115000	124999	1	-3.086511921	4	Mystik Canada;Papek Czechia;Pronutrix+ Belgium;Starfood Holland	False
D5pct_farmed_only_Tmol_scf_34_R01402	0.05	5%	farmed_and_wild	Farmed + wild	Tmol_scf_34	240000	269999	3	-2.546158193	1	Kingsect Belgium	True
D5pct_farmed_only_Tmol_scf_34_R01403	0.05	5%	farmed_only	Farmed only	Tmol_scf_34	325000	344999	2	-1.72344857	1	Pronutrix+ Belgium	False
D5pct_farmed_and_wild_Tmol_scf_34_R01404	0.05	5%	farmed_and_wild	Farmed + wild	Tmol_scf_34	25000	34999	1	-2.937425743	4	Mystik Canada;Papek Czechia;Pronutrix+ Belgium;Starfood Holland	True
D5pct_farmed_and_wild_Tmol_scf_34_R01405	0.05	5%	farmed_and_wild	Farmed + wild	Tmol_scf_34	45000	84999	4	-3.0176108	4	Mystik Canada;Papek Czechia;Pronutrix+ Belgium;Starfood Holland	True
D5pct_farmed_and_wild_Tmol_scf_34_R01406	0.05	5%	farmed_and_wild	Farmed + wild	Tmol_scf_34	105000	114999	1	-2.869816108	4	Mystik Canada;Papek Czechia;Pronutrix+ Belgium;Starfood Holland	True
D5pct_farmed_and_wild_Tmol_scf_34_R01407	0.05	5%	farmed_and_wild	Farmed + wild	Tmol_scf_34	125000	194999	7	-3.105602379	4	Mystik Canada;Papek Czechia;Pronutrix+ Belgium;Starfood Holland	True
D5pct_farmed_and_wild_Tmol_scf_34_R01408	0.05	5%	farmed_and_wild	Farmed + wild	Tmol_scf_34	205000	324999	12	-3.185715326	4	Mystik Canada;Papek Czechia;Pronutrix+ Belgium;Starfood Holland	True
D5pct_farmed_and_wild_Tmol_scf_34_R01409	0.05	5%	farmed_and_wild	Farmed + wild	Tmol_scf_34	345000	354999	1	-1.633066183	2	Mystik Canada;Pronutrix+ Belgium	True
D5pct_farmed_and_wild_Tmol_scf_36_R01410	0.05	5%	farmed_and_wild	Farmed + wild	Tmol_scf_36	5000	24999	2	-3.398076815	4	Mystik Canada;Papek Czechia;Pronutrix+ Belgium;Starfood Holland	True
D5pct_farmed_and_wild_Tmol_scf_36_R01411	0.05	5%	farmed_and_wild	Farmed + wild	Tmol_scf_36	55000	84999	3	-2.580079645	4	Mystik Canada;Papek Czechia;Pronutrix+ Belgium;Starfood Holland	True
D5pct_farmed_and_wild_Tmol_scf_36_R01412	0.05	5%	farmed_and_wild	Farmed + wild	Tmol_scf_36	115000	124999	1	-2.447039348	4	Mystik Canada;Papek Czechia;Pronutrix+ Belgium;Starfood Holland	True
D5pct_farmed_and_wild_Tmol_scf_36_R01413	0.05	5%	farmed_and_wild	Farmed + wild	Tmol_scf_36	135000	144999	1	-2.643491173	4	Mystik Canada;Papek Czechia;Pronutrix+ Belgium;Starfood Holland	True
D5pct_farmed_and_wild_Tmol_scf_36_R01414	0.05	5%	farmed_and_wild	Farmed + wild	Tmol_scf_36	155000	164999	1	-2.344958059	4	Mystik Canada;Papek Czechia;Pronutrix+ Belgium;Starfood Holland	True
D5pct_farmed_and_wild_Tmol_scf_36_R01415	0.05	5%	farmed_and_wild	Farmed + wild	Tmol_scf_36	175000	184999	1	-2.035579032	3	Papek Czechia;Pronutrix+ Belgium;Starfood Holland	True
D5pct_farmed_and_wild_Tmol_scf_36_R01416	0.05	5%	farmed_and_wild	Farmed + wild	Tmol_scf_36	205000	234999	3	-2.940808497	4	Mystik Canada;Papek Czechia;Pronutrix+ Belgium;Starfood Holland	True
D5pct_farmed_and_wild_Tmol_scf_36_R01417	0.05	5%	farmed_and_wild	Farmed + wild	Tmol_scf_36	245000	254999	1	-2.798562823	4	Mystik Canada;Papek Czechia;Pronutrix+ Belgium;Starfood Holland	True
D5pct_farmed_only_Tmol_scf_36_R01418	0.05	5%	farmed_only	Farmed only	Tmol_scf_36	25000	34999	1	-2.908873531	1	Pronutrix+ Belgium	False
D5pct_farmed_only_Tmol_scf_36_R01419	0.05	5%	farmed_only	Farmed only	Tmol_scf_36	95000	104999	1	-2.528842765	2	Mystik Canada;Pronutrix+ Belgium	False
D5pct_farmed_only_Tmol_scf_36_R01420	0.05	5%	farmed_only	Farmed only	Tmol_scf_36	145000	154999	1	-1.523344257	1	Pronutrix+ Belgium	False
D5pct_farmed_only_Tmol_scf_36_R01421	0.05	5%	farmed_only	Farmed only	Tmol_scf_36	165000	174999	1	-2.191833246	1	Starfood Holland	False
D5pct_farmed_only_Tmol_scf_36_R01422	0.05	5%	farmed_and_wild	Farmed + wild	Tmol_scf_36	180000	249999	8	-2.437083295	5	Kingsect Belgium;Mystik Canada;Papek Czechia;Pronutrix+ Belgium;Starfood Holland	True
D5pct_farmed_only_Tmol_scf_36_R01423	0.05	5%	farmed_only	Farmed only	Tmol_scf_36	265000	274999	1	-3.030109605	3	Papek Czechia;Pronutrix+ Belgium;Starfood Holland	False
D5pct_wild_only_Tmol_scf_36_R01424	0.05	5%	wild_only	Wild only	Tmol_scf_36	235000	244999	1	-1.597823037	0		True
D5pct_wild_only_Tmol_scf_36_R01425	0.05	5%	wild_only	Wild only	Tmol_scf_36	255000	264999	1	-1.635535004	0		True
D5pct_farmed_only_Tmol_scf_37_R01426	0.05	5%	farmed_only	Farmed only	Tmol_scf_37	5000	24999	2	-2.46763901	2	Pronutrix+ Belgium;Starfood Holland	False
D5pct_farmed_only_Tmol_scf_37_R01427	0.05	5%	farmed_only	Farmed only	Tmol_scf_37	85000	94999	1	-1.519464866	1	Pronutrix+ Belgium	False
D5pct_farmed_only_Tmol_scf_37_R01428	0.05	5%	farmed_only	Farmed only	Tmol_scf_37	105000	114999	1	-2.254762943	4	Mystik Canada;Papek Czechia;Pronutrix+ Belgium;Starfood Holland	False
D5pct_farmed_only_Tmol_scf_37_R01429	0.05	5%	farmed_only	Farmed only	Tmol_scf_37	135000	154999	2	-1.481388991	2	Mystik Canada;Pronutrix+ Belgium	False
D5pct_farmed_only_Tmol_scf_37_R01430	0.05	5%	farmed_and_wild	Farmed + wild	Tmol_scf_37	170000	234999	9	-2.718724727	5	Kingsect Belgium;Mystik Canada;Papek Czechia;Pronutrix+ Belgium;Starfood Holland	True
D5pct_farmed_and_wild_Tmol_scf_37_R01431	0.05	5%	farmed_and_wild	Farmed + wild	Tmol_scf_37	25000	34999	1	-3.244551731	4	Mystik Canada;Papek Czechia;Pronutrix+ Belgium;Starfood Holland	True
D5pct_farmed_and_wild_Tmol_scf_37_R01432	0.05	5%	farmed_and_wild	Farmed + wild	Tmol_scf_37	75000	84999	1	-3.022873554	4	Mystik Canada;Papek Czechia;Pronutrix+ Belgium;Starfood Holland	True
D5pct_farmed_and_wild_Tmol_scf_37_R01433	0.05	5%	farmed_and_wild	Farmed + wild	Tmol_scf_37	165000	174999	1	-2.847100069	4	Mystik Canada;Papek Czechia;Pronutrix+ Belgium;Starfood Holland	True
D5pct_farmed_and_wild_Tmol_scf_37_R01434	0.05	5%	farmed_and_wild	Farmed + wild	Tmol_scf_37	235000	244999	1	-2.229333313	2	Papek Czechia;Starfood Holland	True
D5pct_farmed_only_Tmol_scf_38_R01435	0.05	5%	farmed_only	Farmed only	Tmol_scf_38	35000	44999	1	-2.041702497	2	Pronutrix+ Belgium;Starfood Holland	False
D5pct_farmed_only_Tmol_scf_38_R01436	0.05	5%	farmed_and_wild	Farmed + wild	Tmol_scf_38	50000	254999	32	-3.036119554	5	Kingsect Belgium;Mystik Canada;Papek Czechia;Pronutrix+ Belgium;Starfood Holland	True
D5pct_farmed_and_wild_Tmol_scf_38_R01437	0.05	5%	farmed_and_wild	Farmed + wild	Tmol_scf_38	45000	54999	1	-2.414524888	4	Mystik Canada;Papek Czechia;Pronutrix+ Belgium;Starfood Holland	True
D5pct_farmed_and_wild_Tmol_scf_38_R01438	0.05	5%	farmed_and_wild	Farmed + wild	Tmol_scf_38	65000	74999	1	-2.532217334	4	Mystik Canada;Papek Czechia;Pronutrix+ Belgium;Starfood Holland	True
D5pct_farmed_and_wild_Tmol_scf_38_R01439	0.05	5%	farmed_and_wild	Farmed + wild	Tmol_scf_38	85000	104999	2	-2.675850537	3	Papek Czechia;Pronutrix+ Belgium;Starfood Holland	True
D5pct_farmed_and_wild_Tmol_scf_38_R01440	0.05	5%	farmed_and_wild	Farmed + wild	Tmol_scf_38	135000	144999	1	-2.558046937	4	Mystik Canada;Papek Czechia;Pronutrix+ Belgium;Starfood Holland	True
D5pct_farmed_only_Tmol_scf_39_R01441	0.05	5%	farmed_only	Farmed only	Tmol_scf_39	5000	24999	2	-2.118407445	3	Mystik Canada;Papek Czechia;Pronutrix+ Belgium	False
D5pct_farmed_only_Tmol_scf_39_R01442	0.05	5%	farmed_only	Farmed only	Tmol_scf_39	65000	94999	3	-1.92955832	2	Mystik Canada;Papek Czechia	False
D5pct_farmed_only_Tmol_scf_39_R01443	0.05	5%	farmed_only	Farmed only	Tmol_scf_39	125000	149999	3	-2.064370556	2	Kingsect Belgium;Starfood Holland	False
D5pct_farmed_only_Tmol_scf_39_R01444	0.05	5%	farmed_only	Farmed only	Tmol_scf_39	185000	194999	1	-1.614259101	1	Pronutrix+ Belgium	False
D5pct_farmed_only_Tmol_scf_39_R01445	0.05	5%	farmed_only	Farmed only	Tmol_scf_39	205000	244999	4	-2.515451749	3	Mystik Canada;Pronutrix+ Belgium;Starfood Holland	False
D5pct_farmed_and_wild_Tmol_scf_39_R01446	0.05	5%	farmed_and_wild	Farmed + wild	Tmol_scf_39	55000	64999	1	-2.230852106	3	Mystik Canada;Papek Czechia;Pronutrix+ Belgium	True
D5pct_farmed_and_wild_Tmol_scf_39_R01447	0.05	5%	farmed_and_wild	Farmed + wild	Tmol_scf_39	95000	104999	1	-2.289506147	3	Papek Czechia;Pronutrix+ Belgium;Starfood Holland	True
D5pct_farmed_and_wild_Tmol_scf_39_R01448	0.05	5%	farmed_and_wild	Farmed + wild	Tmol_scf_39	165000	184999	2	-2.619229667	3	Mystik Canada;Papek Czechia;Starfood Holland	True
D5pct_farmed_only_Tmol_scf_40_R01449	0.05	5%	farmed_only	Farmed only	Tmol_scf_40	105000	114999	1	-2.284396705	2	Papek Czechia;Starfood Holland	False
D5pct_farmed_only_Tmol_scf_41_R01450	0.05	5%	farmed_only	Farmed only	Tmol_scf_41	5000	34999	3	-2.796247311	4	Mystik Canada;Papek Czechia;Pronutrix+ Belgium;Starfood Holland	False
D5pct_farmed_only_Tmol_scf_41_R01451	0.05	5%	farmed_only	Farmed only	Tmol_scf_41	65000	84999	2	-3.459551967	4	Mystik Canada;Papek Czechia;Pronutrix+ Belgium;Starfood Holland	False
D5pct_farmed_only_Tmol_scf_41_R01452	0.05	5%	farmed_and_wild	Farmed + wild	Tmol_scf_41	150000	209999	6	-2.921221917	1	Kingsect Belgium	True
D5pct_farmed_only_Tmol_scf_41_R01453	0.05	5%	farmed_only	Farmed only	Tmol_scf_41	225000	234999	1	-2.799637256	3	Papek Czechia;Pronutrix+ Belgium;Starfood Holland	False
D5pct_farmed_and_wild_Tmol_scf_41_R01454	0.05	5%	farmed_and_wild	Farmed + wild	Tmol_scf_41	35000	64999	3	-2.965755795	4	Mystik Canada;Papek Czechia;Pronutrix+ Belgium;Starfood Holland	True
D5pct_farmed_and_wild_Tmol_scf_41_R01455	0.05	5%	farmed_and_wild	Farmed + wild	Tmol_scf_41	85000	144999	6	-2.955556895	4	Mystik Canada;Papek Czechia;Pronutrix+ Belgium;Starfood Holland	True
D5pct_farmed_and_wild_Tmol_scf_41_R01456	0.05	5%	farmed_and_wild	Farmed + wild	Tmol_scf_41	155000	224999	7	-3.196443226	4	Mystik Canada;Papek Czechia;Pronutrix+ Belgium;Starfood Holland	True
D5pct_farmed_only_Tmol_scf_42_R01457	0.05	5%	farmed_only	Farmed only	Tmol_scf_42	15000	24999	1	-2.248712549	3	Mystik Canada;Papek Czechia;Pronutrix+ Belgium	False
D5pct_farmed_only_Tmol_scf_42_R01458	0.05	5%	farmed_only	Farmed only	Tmol_scf_42	35000	44999	1	-1.557143424	2	Mystik Canada;Pronutrix+ Belgium	False
D5pct_farmed_only_Tmol_scf_42_R01459	0.05	5%	farmed_only	Farmed only	Tmol_scf_42	55000	64999	1	-2.036328666	1	Mystik Canada	False
D5pct_farmed_only_Tmol_scf_42_R01460	0.05	5%	farmed_only	Farmed only	Tmol_scf_42	135000	154999	2	-2.457668013	3	Mystik Canada;Papek Czechia;Pronutrix+ Belgium	False
D5pct_farmed_only_Tmol_scf_42_R01461	0.05	5%	farmed_only	Farmed only	Tmol_scf_42	165000	174999	1	-2.448896241	4	Mystik Canada;Papek Czechia;Pronutrix+ Belgium;Starfood Holland	False
D5pct_farmed_only_Tmol_scf_42_R01462	0.05	5%	farmed_only	Farmed only	Tmol_scf_42	205000	214999	1	-1.87912782	1	Mystik Canada	False
D5pct_farmed_and_wild_Tmol_scf_42_R01463	0.05	5%	farmed_and_wild	Farmed + wild	Tmol_scf_42	25000	34999	1	-3.087088948	4	Mystik Canada;Papek Czechia;Pronutrix+ Belgium;Starfood Holland	True
D5pct_farmed_and_wild_Tmol_scf_42_R01464	0.05	5%	farmed_and_wild	Farmed + wild	Tmol_scf_42	45000	54999	1	-2.422014906	4	Mystik Canada;Papek Czechia;Pronutrix+ Belgium;Starfood Holland	True
D5pct_farmed_and_wild_Tmol_scf_42_R01465	0.05	5%	farmed_and_wild	Farmed + wild	Tmol_scf_42	65000	134999	7	-3.384969087	4	Mystik Canada;Papek Czechia;Pronutrix+ Belgium;Starfood Holland	True
D5pct_farmed_and_wild_Tmol_scf_42_R01466	0.05	5%	farmed_and_wild	Farmed + wild	Tmol_scf_42	175000	184999	1	-2.481583679	3	Papek Czechia;Pronutrix+ Belgium;Starfood Holland	True
D5pct_farmed_and_wild_Tmol_scf_42_R01467	0.05	5%	farmed_and_wild	Farmed + wild	Tmol_scf_42	195000	204999	1	-2.567875361	4	Mystik Canada;Papek Czechia;Pronutrix+ Belgium;Starfood Holland	True
D5pct_farmed_and_wild_Tmol_scf_42_R01468	0.05	5%	farmed_and_wild	Farmed + wild	Tmol_scf_42	225000	234999	1	-3.196063129	4	Mystik Canada;Papek Czechia;Pronutrix+ Belgium;Starfood Holland	True
D5pct_wild_only_Tmol_scf_43_R01469	0.05	5%	wild_only	Wild only	Tmol_scf_43	45000	54999	1	-1.800571549	0		True
D5pct_wild_only_Tmol_scf_43_R01470	0.05	5%	wild_only	Wild only	Tmol_scf_43	195000	204999	1	-1.720917011	0		True
D5pct_farmed_and_wild_Tmol_scf_43_R01471	0.05	5%	farmed_and_wild	Farmed + wild	Tmol_scf_43	55000	64999	1	-2.187088343	2	Mystik Canada;Starfood Holland	True
D5pct_farmed_and_wild_Tmol_scf_45_R01472	0.05	5%	farmed_and_wild	Farmed + wild	Tmol_scf_45	5000	84999	8	-3.432756558	4	Mystik Canada;Papek Czechia;Pronutrix+ Belgium;Starfood Holland	True
D5pct_farmed_and_wild_Tmol_scf_45_R01473	0.05	5%	farmed_and_wild	Farmed + wild	Tmol_scf_45	105000	144999	4	-3.087648323	3	Mystik Canada;Papek Czechia;Starfood Holland	True
D5pct_farmed_and_wild_Tmol_scf_45_R01474	0.05	5%	farmed_and_wild	Farmed + wild	Tmol_scf_45	175000	194999	2	-3.022517543	3	Mystik Canada;Papek Czechia;Starfood Holland	True
D5pct_farmed_and_wild_Tmol_scf_45_R01475	0.05	5%	farmed_and_wild	Farmed + wild	Tmol_scf_45	205000	214999	1	-2.75898359	3	Mystik Canada;Papek Czechia;Starfood Holland	True
D5pct_farmed_only_Tmol_scf_45_R01476	0.05	5%	farmed_only	Farmed only	Tmol_scf_45	85000	94999	1	-3.267739147	3	Mystik Canada;Papek Czechia;Starfood Holland	False
D5pct_farmed_only_Tmol_scf_45_R01477	0.05	5%	farmed_and_wild	Farmed + wild	Tmol_scf_45	100000	109999	1	-2.238121786	1	Kingsect Belgium	True
D5pct_farmed_only_Tmol_scf_45_R01478	0.05	5%	farmed_only	Farmed only	Tmol_scf_45	145000	174999	3	-3.061382153	3	Mystik Canada;Papek Czechia;Starfood Holland	False
D5pct_farmed_only_Tmol_scf_45_R01479	0.05	5%	farmed_only	Farmed only	Tmol_scf_45	195000	204999	1	-3.030045266	2	Mystik Canada;Papek Czechia	False
D5pct_farmed_and_wild_Tmol_scf_46_R01480	0.05	5%	farmed_and_wild	Farmed + wild	Tmol_scf_46	5000	14999	1	-2.27481641	2	Papek Czechia;Starfood Holland	True
D5pct_farmed_and_wild_Tmol_scf_46_R01481	0.05	5%	farmed_and_wild	Farmed + wild	Tmol_scf_46	165000	174999	1	-2.252871333	3	Mystik Canada;Papek Czechia;Starfood Holland	True
D5pct_farmed_only_Tmol_scf_46_R01482	0.05	5%	farmed_only	Farmed only	Tmol_scf_46	15000	24999	1	-2.108763655	1	Starfood Holland	False
D5pct_farmed_only_Tmol_scf_46_R01483	0.05	5%	farmed_only	Farmed only	Tmol_scf_46	45000	54999	1	-2.131109422	1	Starfood Holland	False
D5pct_farmed_only_Tmol_scf_46_R01484	0.05	5%	farmed_only	Farmed only	Tmol_scf_46	105000	114999	1	-2.134485051	1	Starfood Holland	False
D5pct_farmed_only_Tmol_scf_46_R01485	0.05	5%	farmed_and_wild	Farmed + wild	Tmol_scf_46	130000	169999	6	-2.176867475	4	Kingsect Belgium;Mystik Canada;Papek Czechia;Starfood Holland	True
D5pct_farmed_only_Tmol_scf_46_R01486	0.05	5%	farmed_only	Farmed only	Tmol_scf_46	175000	194999	2	-2.303809361	2	Mystik Canada;Starfood Holland	False
D5pct_wild_only_Tmol_scf_46_R01487	0.05	5%	wild_only	Wild only	Tmol_scf_46	115000	124999	1	-1.570679676	0		True
D5pct_wild_only_Tmol_scf_47_R01488	0.05	5%	wild_only	Wild only	Tmol_scf_47	75000	84999	1	-1.678462732	0		True
D5pct_farmed_only_Tmol_scf_47_R01489	0.05	5%	farmed_only	Farmed only	Tmol_scf_47	145000	154999	1	-1.246683314	1	Mystik Canada	False
D5pct_farmed_only_Tmol_scf_48_R01490	0.05	5%	farmed_and_wild	Farmed + wild	Tmol_scf_48	90000	169999	9	-2.168907195	4	Kingsect Belgium;Mystik Canada;Papek Czechia;Starfood Holland	True
D5pct_farmed_and_wild_Tmol_scf_48_R01491	0.05	5%	farmed_and_wild	Farmed + wild	Tmol_scf_48	95000	124999	3	-2.626914418	3	Mystik Canada;Papek Czechia;Starfood Holland	True
D5pct_farmed_and_wild_Tmol_scf_48_R01492	0.05	5%	farmed_and_wild	Farmed + wild	Tmol_scf_48	165000	174999	1	-2.421479116	3	Mystik Canada;Papek Czechia;Starfood Holland	True
D5pct_farmed_and_wild_Tmol_scf_48_R01493	0.05	5%	farmed_and_wild	Farmed + wild	Tmol_scf_48	185000	194999	1	-2.398814726	3	Mystik Canada;Papek Czechia;Starfood Holland	True
D5pct_farmed_only_Tmol_scf_49_R01494	0.05	5%	farmed_only	Farmed only	Tmol_scf_49	25000	34999	1	-2.55993514	2	Papek Czechia;Starfood Holland	False
D5pct_farmed_only_Tmol_scf_49_R01495	0.05	5%	farmed_only	Farmed only	Tmol_scf_49	55000	64999	1	-2.229461639	1	Papek Czechia	False
D5pct_farmed_only_Tmol_scf_49_R01496	0.05	5%	farmed_only	Farmed only	Tmol_scf_49	155000	164999	1	-2.343821665	1	Mystik Canada	False
D5pct_farmed_and_wild_Tmol_scf_49_R01497	0.05	5%	farmed_and_wild	Farmed + wild	Tmol_scf_49	115000	154999	4	-3.328452689	3	Mystik Canada;Papek Czechia;Starfood Holland	True
D5pct_farmed_and_wild_Tmol_scf_49_R01498	0.05	5%	farmed_and_wild	Farmed + wild	Tmol_scf_49	165000	184999	2	-3.181630979	3	Mystik Canada;Papek Czechia;Starfood Holland	True
D5pct_farmed_and_wild_Tmol_scf_50_R01499	0.05	5%	farmed_and_wild	Farmed + wild	Tmol_scf_50	45000	54999	1	-2.70565431	3	Mystik Canada;Papek Czechia;Starfood Holland	True
D5pct_farmed_and_wild_Tmol_scf_50_R01500	0.05	5%	farmed_and_wild	Farmed + wild	Tmol_scf_50	65000	84999	2	-2.94938182	3	Mystik Canada;Papek Czechia;Starfood Holland	True
D5pct_farmed_and_wild_Tmol_scf_50_R01501	0.05	5%	farmed_and_wild	Farmed + wild	Tmol_scf_50	145000	154999	1	-3.178217704	2	Mystik Canada;Starfood Holland	True
D5pct_farmed_and_wild_Tmol_scf_50_R01502	0.05	5%	farmed_and_wild	Farmed + wild	Tmol_scf_50	175000	184999	1	-2.624938466	3	Mystik Canada;Papek Czechia;Starfood Holland	True
D5pct_farmed_only_Tmol_scf_50_R01503	0.05	5%	farmed_and_wild	Farmed + wild	Tmol_scf_50	50000	174999	16	-2.395648991	2	Kingsect Belgium;Starfood Holland	True
D5pct_farmed_only_Tmol_scf_51_R01504	0.05	5%	farmed_only	Farmed only	Tmol_scf_51	85000	94999	1	-1.73246737	1	Papek Czechia	False
D5pct_wild_only_Tmol_scf_51_R01505	0.05	5%	wild_only	Wild only	Tmol_scf_51	145000	154999	1	-1.63596354	0		True
D5pct_wild_only_Tmol_scf_51_R01506	0.05	5%	wild_only	Wild only	Tmol_scf_51	165000	174999	1	-1.701254138	0		True
D5pct_farmed_and_wild_Tmol_scf_51_R01507	0.05	5%	farmed_and_wild	Farmed + wild	Tmol_scf_51	155000	164999	1	-2.295661959	3	Mystik Canada;Papek Czechia;Starfood Holland	True
D5pct_farmed_and_wild_Tmol_scf_51_R01508	0.05	5%	farmed_and_wild	Farmed + wild	Tmol_scf_51	175000	184999	1	-2.228485217	3	Mystik Canada;Papek Czechia;Starfood Holland	True
D5pct_farmed_only_Tmol_scf_54_R01509	0.05	5%	farmed_only	Farmed only	Tmol_scf_54	15000	34999	2	-2.913523497	3	Mystik Canada;Papek Czechia;Starfood Holland	False
D5pct_farmed_only_Tmol_scf_54_R01510	0.05	5%	farmed_only	Farmed only	Tmol_scf_54	75000	84999	1	-2.568082191	1	Mystik Canada	False
D5pct_farmed_only_Tmol_scf_54_R01511	0.05	5%	farmed_only	Farmed only	Tmol_scf_54	135000	144999	1	-3.011854399	2	Mystik Canada;Papek Czechia	False
D5pct_farmed_and_wild_Tmol_scf_54_R01512	0.05	5%	farmed_and_wild	Farmed + wild	Tmol_scf_54	35000	64999	3	-2.920763533	3	Mystik Canada;Papek Czechia;Starfood Holland	True
D5pct_farmed_and_wild_Tmol_scf_54_R01513	0.05	5%	farmed_and_wild	Farmed + wild	Tmol_scf_54	85000	124999	4	-2.849487102	3	Mystik Canada;Papek Czechia;Starfood Holland	True
D5pct_farmed_and_wild_Tmol_scf_54_R01514	0.05	5%	farmed_and_wild	Farmed + wild	Tmol_scf_54	145000	174999	3	-3.019179971	3	Mystik Canada;Papek Czechia;Starfood Holland	True
D5pct_wild_only_Tmol_scf_54_R01515	0.05	5%	wild_only	Wild only	Tmol_scf_54	125000	134999	1	-1.74840288	0		True
D5pct_wild_only_Tmol_scf_55_R01516	0.05	5%	wild_only	Wild only	Tmol_scf_55	5000	14999	1	-1.672329496	0		True
D5pct_farmed_and_wild_Tmol_scf_55_R01517	0.05	5%	farmed_and_wild	Farmed + wild	Tmol_scf_55	15000	34999	2	-2.892749741	3	Mystik Canada;Papek Czechia;Starfood Holland	True
D5pct_farmed_and_wild_Tmol_scf_55_R01518	0.05	5%	farmed_and_wild	Farmed + wild	Tmol_scf_55	55000	64999	1	-2.904412526	3	Mystik Canada;Papek Czechia;Starfood Holland	True
D5pct_farmed_and_wild_Tmol_scf_55_R01519	0.05	5%	farmed_and_wild	Farmed + wild	Tmol_scf_55	105000	114999	1	-2.005566582	1	Papek Czechia	True
D5pct_farmed_and_wild_Tmol_scf_55_R01520	0.05	5%	farmed_and_wild	Farmed + wild	Tmol_scf_55	145000	154999	1	-2.554692164	2	Mystik Canada;Starfood Holland	True
D5pct_farmed_only_Tmol_scf_55_R01521	0.05	5%	farmed_and_wild	Farmed + wild	Tmol_scf_55	35000	144999	16	-2.747898861	4	Kingsect Belgium;Mystik Canada;Papek Czechia;Starfood Holland	True
D5pct_farmed_only_Tmol_scf_55_R01522	0.05	5%	farmed_only	Farmed only	Tmol_scf_55	155000	164999	1	-2.400413135	1	Starfood Holland	False
D5pct_farmed_and_wild_Tmol_scf_56_R01523	0.05	5%	farmed_and_wild	Farmed + wild	Tmol_scf_56	15000	114999	10	-2.941655221	3	Mystik Canada;Papek Czechia;Starfood Holland	True
D5pct_farmed_and_wild_Tmol_scf_56_R01524	0.05	5%	farmed_and_wild	Farmed + wild	Tmol_scf_56	155000	164999	1	-2.353316987	2	Mystik Canada;Starfood Holland	True
D5pct_farmed_only_Tmol_scf_56_R01525	0.05	5%	farmed_and_wild	Farmed + wild	Tmol_scf_56	50000	139999	10	-2.890253786	2	Kingsect Belgium;Starfood Holland	True
D5pct_farmed_only_Tmol_scf_57_R01526	0.05	5%	farmed_only	Farmed only	Tmol_scf_57	5000	14999	1	-2.204022038	2	Papek Czechia;Starfood Holland	False
D5pct_farmed_only_Tmol_scf_57_R01527	0.05	5%	farmed_only	Farmed only	Tmol_scf_57	105000	134999	3	-2.108926467	2	Mystik Canada;Starfood Holland	False
D5pct_farmed_and_wild_Tmol_scf_57_R01528	0.05	5%	farmed_and_wild	Farmed + wild	Tmol_scf_57	25000	94999	7	-3.4385	3	Mystik Canada;Papek Czechia;Starfood Holland	True
D5pct_farmed_and_wild_Tmol_scf_57_R01529	0.05	5%	farmed_and_wild	Farmed + wild	Tmol_scf_57	135000	154999	2	-2.774501264	3	Mystik Canada;Papek Czechia;Starfood Holland	True
D5pct_wild_only_Tmol_scf_57_R01530	0.05	5%	wild_only	Wild only	Tmol_scf_57	155000	164999	1	-1.955797114	0		True
D5pct_farmed_only_Tmol_scf_58_R01531	0.05	5%	farmed_only	Farmed only	Tmol_scf_58	135000	144999	1	-2.272978084	3	Mystik Canada;Papek Czechia;Starfood Holland	False
D5pct_farmed_and_wild_Tmol_scf_60_R01532	0.05	5%	farmed_and_wild	Farmed + wild	Tmol_scf_60	75000	84999	1	-3.224607191	3	Mystik Canada;Papek Czechia;Starfood Holland	True
D5pct_farmed_only_Tmol_scf_61_R01533	0.05	5%	farmed_only	Farmed only	Tmol_scf_61	15000	24999	1	-2.225775746	2	Papek Czechia;Starfood Holland	False
D5pct_farmed_only_Tmol_scf_61_R01534	0.05	5%	farmed_only	Farmed only	Tmol_scf_61	115000	124999	1	-2.931821166	3	Mystik Canada;Papek Czechia;Starfood Holland	False
D5pct_farmed_and_wild_Tmol_scf_61_R01535	0.05	5%	farmed_and_wild	Farmed + wild	Tmol_scf_61	35000	64999	3	-2.907264627	2	Papek Czechia;Starfood Holland	True
D5pct_farmed_and_wild_Tmol_scf_61_R01536	0.05	5%	farmed_and_wild	Farmed + wild	Tmol_scf_61	75000	84999	1	-2.64444955	3	Mystik Canada;Papek Czechia;Starfood Holland	True
D5pct_farmed_and_wild_Tmol_scf_61_R01537	0.05	5%	farmed_and_wild	Farmed + wild	Tmol_scf_61	105000	114999	1	-2.562931325	2	Mystik Canada;Papek Czechia	True
D5pct_farmed_and_wild_Tmol_scf_61_R01538	0.05	5%	farmed_and_wild	Farmed + wild	Tmol_scf_61	125000	134999	1	-2.52572791	3	Mystik Canada;Papek Czechia;Starfood Holland	True
D5pct_farmed_only_Tmol_scf_62_R01539	0.05	5%	farmed_only	Farmed only	Tmol_scf_62	5000	14999	1	-2.474075217	1	Starfood Holland	False
D5pct_farmed_only_Tmol_scf_62_R01540	0.05	5%	farmed_only	Farmed only	Tmol_scf_62	25000	34999	1	-2.307362744	3	Mystik Canada;Papek Czechia;Starfood Holland	False
D5pct_farmed_only_Tmol_scf_62_R01541	0.05	5%	farmed_only	Farmed only	Tmol_scf_62	65000	74999	1	-2.921362187	3	Mystik Canada;Papek Czechia;Starfood Holland	False
D5pct_farmed_only_Tmol_scf_62_R01542	0.05	5%	farmed_only	Farmed only	Tmol_scf_62	115000	144999	3	-2.784392883	3	Mystik Canada;Papek Czechia;Starfood Holland	False
D5pct_farmed_and_wild_Tmol_scf_62_R01543	0.05	5%	farmed_and_wild	Farmed + wild	Tmol_scf_62	15000	24999	1	-2.9338444	2	Papek Czechia;Starfood Holland	True
D5pct_farmed_and_wild_Tmol_scf_62_R01544	0.05	5%	farmed_and_wild	Farmed + wild	Tmol_scf_62	45000	64999	2	-2.617408262	3	Mystik Canada;Papek Czechia;Starfood Holland	True
D5pct_farmed_and_wild_Tmol_scf_62_R01545	0.05	5%	farmed_and_wild	Farmed + wild	Tmol_scf_62	75000	114999	4	-2.911991948	3	Mystik Canada;Papek Czechia;Starfood Holland	True
D5pct_farmed_only_Tmol_scf_63_R01546	0.05	5%	farmed_only	Farmed only	Tmol_scf_63	25000	34999	1	-2.034548985	1	Starfood Holland	False
D5pct_farmed_only_Tmol_scf_63_R01547	0.05	5%	farmed_and_wild	Farmed + wild	Tmol_scf_63	50000	109999	7	-2.414498715	2	Kingsect Belgium;Mystik Canada	True
D5pct_farmed_only_Tmol_scf_63_R01548	0.05	5%	farmed_only	Farmed only	Tmol_scf_63	115000	144999	3	-2.358629143	3	Mystik Canada;Papek Czechia;Starfood Holland	False
D5pct_farmed_and_wild_Tmol_scf_63_R01549	0.05	5%	farmed_and_wild	Farmed + wild	Tmol_scf_63	45000	94999	5	-2.546258008	3	Mystik Canada;Papek Czechia;Starfood Holland	True
D5pct_farmed_and_wild_Tmol_scf_64_R01550	0.05	5%	farmed_and_wild	Farmed + wild	Tmol_scf_64	35000	64999	3	-2.956426753	3	Mystik Canada;Papek Czechia;Starfood Holland	True
D5pct_farmed_and_wild_Tmol_scf_64_R01551	0.05	5%	farmed_and_wild	Farmed + wild	Tmol_scf_64	105000	114999	1	-2.842073555	3	Mystik Canada;Papek Czechia;Starfood Holland	True
D5pct_farmed_and_wild_Tmol_scf_64_R01552	0.05	5%	farmed_and_wild	Farmed + wild	Tmol_scf_64	135000	144999	1	-3.295920221	2	Papek Czechia;Starfood Holland	True
D5pct_farmed_and_wild_Tmol_scf_65_R01553	0.05	5%	farmed_and_wild	Farmed + wild	Tmol_scf_65	15000	24999	1	-2.000817447	2	Mystik Canada;Papek Czechia	True
D5pct_farmed_and_wild_Tmol_scf_65_R01554	0.05	5%	farmed_and_wild	Farmed + wild	Tmol_scf_65	35000	64999	3	-2.82417249	3	Mystik Canada;Papek Czechia;Starfood Holland	True
D5pct_farmed_and_wild_Tmol_scf_65_R01555	0.05	5%	farmed_and_wild	Farmed + wild	Tmol_scf_65	85000	124999	4	-2.935662194	3	Mystik Canada;Papek Czechia;Starfood Holland	True
D5pct_farmed_only_Tmol_scf_65_R01556	0.05	5%	farmed_only	Farmed only	Tmol_scf_65	25000	34999	1	-2.243950557	3	Mystik Canada;Papek Czechia;Starfood Holland	False
D5pct_farmed_and_wild_Tmol_scf_66_R01557	0.05	5%	farmed_and_wild	Farmed + wild	Tmol_scf_66	85000	124999	4	-2.799954899	3	Mystik Canada;Papek Czechia;Starfood Holland	True
D5pct_farmed_only_Tmol_scf_66_R01558	0.05	5%	farmed_only	Farmed only	Tmol_scf_66	125000	134999	1	-1.768204108	1	Papek Czechia	False
D5pct_farmed_and_wild_Tmol_scf_67_R01559	0.05	5%	farmed_and_wild	Farmed + wild	Tmol_scf_67	5000	14999	1	-2.802117892	3	Mystik Canada;Papek Czechia;Starfood Holland	True
D5pct_farmed_and_wild_Tmol_scf_67_R01560	0.05	5%	farmed_and_wild	Farmed + wild	Tmol_scf_67	35000	64999	3	-3.247300775	3	Mystik Canada;Papek Czechia;Starfood Holland	True
D5pct_farmed_and_wild_Tmol_scf_67_R01561	0.05	5%	farmed_and_wild	Farmed + wild	Tmol_scf_67	75000	84999	1	-2.704689527	3	Mystik Canada;Papek Czechia;Starfood Holland	True
D5pct_farmed_and_wild_Tmol_scf_67_R01562	0.05	5%	farmed_and_wild	Farmed + wild	Tmol_scf_67	95000	104999	1	-3.398261436	3	Mystik Canada;Papek Czechia;Starfood Holland	True
D5pct_farmed_and_wild_Tmol_scf_67_R01563	0.05	5%	farmed_and_wild	Farmed + wild	Tmol_scf_67	115000	134999	2	-3.001537527	3	Mystik Canada;Papek Czechia;Starfood Holland	True
D5pct_farmed_only_Tmol_scf_67_R01564	0.05	5%	farmed_only	Farmed only	Tmol_scf_67	15000	34999	2	-2.298491301	3	Mystik Canada;Papek Czechia;Starfood Holland	False
D5pct_farmed_only_Tmol_scf_67_R01565	0.05	5%	farmed_only	Farmed only	Tmol_scf_67	65000	74999	1	-3.113514184	3	Mystik Canada;Papek Czechia;Starfood Holland	False
D5pct_farmed_only_Tmol_scf_67_R01566	0.05	5%	farmed_only	Farmed only	Tmol_scf_67	85000	94999	1	-1.318581481	1	Mystik Canada	False
D5pct_farmed_and_wild_Tmol_scf_69_R01567	0.05	5%	farmed_and_wild	Farmed + wild	Tmol_scf_69	15000	34999	2	-2.835984484	3	Mystik Canada;Papek Czechia;Starfood Holland	True
D5pct_farmed_and_wild_Tmol_scf_69_R01568	0.05	5%	farmed_and_wild	Farmed + wild	Tmol_scf_69	55000	104999	5	-3.216809567	3	Mystik Canada;Papek Czechia;Starfood Holland	True
D5pct_farmed_and_wild_Tmol_scf_69_R01569	0.05	5%	farmed_and_wild	Farmed + wild	Tmol_scf_69	125000	134999	1	-2.849409998	2	Papek Czechia;Starfood Holland	True
D5pct_wild_only_Tmol_scf_69_R01570	0.05	5%	wild_only	Wild only	Tmol_scf_69	45000	54999	1	-1.975771611	0		True
D5pct_farmed_only_Tmol_scf_69_R01571	0.05	5%	farmed_only	Farmed only	Tmol_scf_69	105000	124999	2	-2.881194255	3	Mystik Canada;Papek Czechia;Starfood Holland	False
D5pct_farmed_and_wild_Tmol_scf_70_R01572	0.05	5%	farmed_and_wild	Farmed + wild	Tmol_scf_70	45000	54999	1	-2.354149775	3	Mystik Canada;Papek Czechia;Starfood Holland	True
D5pct_farmed_and_wild_Tmol_scf_70_R01573	0.05	5%	farmed_and_wild	Farmed + wild	Tmol_scf_70	65000	84999	2	-2.433780502	3	Mystik Canada;Papek Czechia;Starfood Holland	True
D5pct_farmed_and_wild_Tmol_scf_70_R01574	0.05	5%	farmed_and_wild	Farmed + wild	Tmol_scf_70	95000	104999	1	-2.256446943	3	Mystik Canada;Papek Czechia;Starfood Holland	True
D5pct_farmed_and_wild_Tmol_scf_70_R01575	0.05	5%	farmed_and_wild	Farmed + wild	Tmol_scf_70	115000	124999	1	-2.375894879	3	Mystik Canada;Papek Czechia;Starfood Holland	True
D5pct_wild_only_Tmol_scf_70_R01576	0.05	5%	wild_only	Wild only	Tmol_scf_70	105000	114999	1	-1.825713861	0		True
D5pct_farmed_only_Tmol_scf_70_R01577	0.05	5%	farmed_only	Farmed only	Tmol_scf_70	125000	134999	1	-2.077832739	1	Starfood Holland	False
D5pct_farmed_and_wild_Tmol_scf_71_R01578	0.05	5%	farmed_and_wild	Farmed + wild	Tmol_scf_71	5000	14999	1	-2.415179943	2	Mystik Canada;Papek Czechia	True
D5pct_farmed_and_wild_Tmol_scf_71_R01579	0.05	5%	farmed_and_wild	Farmed + wild	Tmol_scf_71	35000	44999	1	-3.109534487	3	Mystik Canada;Papek Czechia;Starfood Holland	True
D5pct_farmed_and_wild_Tmol_scf_71_R01580	0.05	5%	farmed_and_wild	Farmed + wild	Tmol_scf_71	105000	134999	3	-3.254311576	3	Mystik Canada;Papek Czechia;Starfood Holland	True
D5pct_farmed_only_Tmol_scf_71_R01581	0.05	5%	farmed_only	Farmed only	Tmol_scf_71	15000	34999	2	-3.035336587	3	Mystik Canada;Papek Czechia;Starfood Holland	False
D5pct_farmed_only_Tmol_scf_71_R01582	0.05	5%	farmed_only	Farmed only	Tmol_scf_71	75000	84999	1	-2.781920798	1	Mystik Canada	False
D5pct_farmed_and_wild_Tmol_scf_72_R01583	0.05	5%	farmed_and_wild	Farmed + wild	Tmol_scf_72	105000	114999	1	-2.03737168	2	Mystik Canada;Starfood Holland	True
D5pct_farmed_only_Tmol_scf_74_R01584	0.05	5%	farmed_only	Farmed only	Tmol_scf_74	35000	64999	3	-2.778551566	1	Mystik Canada	False
D5pct_farmed_only_Tmol_scf_74_R01585	0.05	5%	farmed_only	Farmed only	Tmol_scf_74	75000	84999	1	-2.613822819	2	Papek Czechia;Starfood Holland	False
D5pct_farmed_and_wild_Tmol_scf_74_R01586	0.05	5%	farmed_and_wild	Farmed + wild	Tmol_scf_74	65000	74999	1	-2.710974783	3	Mystik Canada;Papek Czechia;Starfood Holland	True
D5pct_farmed_and_wild_Tmol_scf_74_R01587	0.05	5%	farmed_and_wild	Farmed + wild	Tmol_scf_74	105000	124999	2	-2.699422192	3	Mystik Canada;Papek Czechia;Starfood Holland	True
D5pct_farmed_only_Tmol_scf_75_R01588	0.05	5%	farmed_only	Farmed only	Tmol_scf_75	25000	44999	2	-2.573364169	3	Mystik Canada;Papek Czechia;Starfood Holland	False
D5pct_farmed_only_Tmol_scf_75_R01589	0.05	5%	farmed_and_wild	Farmed + wild	Tmol_scf_75	50000	89999	6	-2.494806356	4	Kingsect Belgium;Mystik Canada;Papek Czechia;Starfood Holland	True
D5pct_farmed_only_Tmol_scf_75_R01590	0.05	5%	farmed_only	Farmed only	Tmol_scf_75	95000	104999	1	-2.155854619	1	Starfood Holland	False
D5pct_farmed_and_wild_Tmol_scf_75_R01591	0.05	5%	farmed_and_wild	Farmed + wild	Tmol_scf_75	85000	94999	1	-2.656720103	3	Mystik Canada;Papek Czechia;Starfood Holland	True
D5pct_farmed_and_wild_Tmol_scf_76_R01592	0.05	5%	farmed_and_wild	Farmed + wild	Tmol_scf_76	5000	54999	5	-3.242149995	3	Mystik Canada;Papek Czechia;Starfood Holland	True
D5pct_farmed_and_wild_Tmol_scf_76_R01593	0.05	5%	farmed_and_wild	Farmed + wild	Tmol_scf_76	65000	124999	6	-3.364642079	3	Mystik Canada;Papek Czechia;Starfood Holland	True
D5pct_farmed_only_Tmol_scf_76_R01594	0.05	5%	farmed_only	Farmed only	Tmol_scf_76	55000	64999	1	-2.133216646	1	Starfood Holland	False
D5pct_farmed_only_Tmol_scf_77_R01595	0.05	5%	farmed_only	Farmed only	Tmol_scf_77	5000	24999	2	-2.795436666	1	Starfood Holland	False
D5pct_farmed_and_wild_Tmol_scf_77_R01596	0.05	5%	farmed_and_wild	Farmed + wild	Tmol_scf_77	25000	84999	6	-3.285373889	3	Mystik Canada;Papek Czechia;Starfood Holland	True
D5pct_wild_only_Tmol_scf_77_R01597	0.05	5%	wild_only	Wild only	Tmol_scf_77	85000	94999	1	-1.845264574	0		True
D5pct_farmed_only_Tmol_scf_78_R01598	0.05	5%	farmed_only	Farmed only	Tmol_scf_78	5000	24999	2	-2.478617198	2	Mystik Canada;Starfood Holland	False
D5pct_farmed_only_Tmol_scf_78_R01599	0.05	5%	farmed_only	Farmed only	Tmol_scf_78	55000	64999	1	-3.223943649	3	Mystik Canada;Papek Czechia;Starfood Holland	False
D5pct_farmed_only_Tmol_scf_78_R01600	0.05	5%	farmed_only	Farmed only	Tmol_scf_78	75000	84999	1	-2.819178802	3	Mystik Canada;Papek Czechia;Starfood Holland	False
D5pct_farmed_only_Tmol_scf_78_R01601	0.05	5%	farmed_only	Farmed only	Tmol_scf_78	105000	114999	1	-2.585765102	2	Papek Czechia;Starfood Holland	False
D5pct_farmed_and_wild_Tmol_scf_78_R01602	0.05	5%	farmed_and_wild	Farmed + wild	Tmol_scf_78	25000	54999	3	-3.043927951	3	Mystik Canada;Papek Czechia;Starfood Holland	True
D5pct_farmed_and_wild_Tmol_scf_78_R01603	0.05	5%	farmed_and_wild	Farmed + wild	Tmol_scf_78	65000	74999	1	-2.964253684	3	Mystik Canada;Papek Czechia;Starfood Holland	True
D5pct_farmed_and_wild_Tmol_scf_78_R01604	0.05	5%	farmed_and_wild	Farmed + wild	Tmol_scf_78	85000	104999	2	-2.831425573	3	Mystik Canada;Papek Czechia;Starfood Holland	True
D5pct_farmed_and_wild_Tmol_scf_79_R01605	0.05	5%	farmed_and_wild	Farmed + wild	Tmol_scf_79	5000	34999	3	-3.526118451	3	Mystik Canada;Papek Czechia;Starfood Holland	True
D5pct_farmed_and_wild_Tmol_scf_79_R01606	0.05	5%	farmed_and_wild	Farmed + wild	Tmol_scf_79	45000	104999	6	-3.386973451	3	Mystik Canada;Papek Czechia;Starfood Holland	True
D5pct_farmed_and_wild_Tmol_scf_80_R01607	0.05	5%	farmed_and_wild	Farmed + wild	Tmol_scf_80	5000	44999	4	-2.815692105	3	Mystik Canada;Papek Czechia;Starfood Holland	True
D5pct_farmed_and_wild_Tmol_scf_80_R01608	0.05	5%	farmed_and_wild	Farmed + wild	Tmol_scf_80	65000	74999	1	-2.467203446	3	Mystik Canada;Papek Czechia;Starfood Holland	True
D5pct_farmed_and_wild_Tmol_scf_80_R01609	0.05	5%	farmed_and_wild	Farmed + wild	Tmol_scf_80	85000	94999	1	-2.161246491	3	Mystik Canada;Papek Czechia;Starfood Holland	True
D5pct_farmed_only_Tmol_scf_80_R01610	0.05	5%	farmed_only	Farmed only	Tmol_scf_80	45000	64999	2	-2.629831512	2	Mystik Canada;Starfood Holland	False
D5pct_farmed_only_Tmol_scf_80_R01611	0.05	5%	farmed_only	Farmed only	Tmol_scf_80	75000	84999	1	-2.33095861	1	Mystik Canada	False
D5pct_farmed_only_Tmol_scf_81_R01612	0.05	5%	farmed_only	Farmed only	Tmol_scf_81	50000	84999	4	-1.817672927	2	Kingsect Belgium;Papek Czechia	False
D5pct_farmed_and_wild_Tmol_scf_82_R01613	0.05	5%	farmed_and_wild	Farmed + wild	Tmol_scf_82	15000	44999	3	-2.930641762	3	Mystik Canada;Papek Czechia;Starfood Holland	True
D5pct_farmed_and_wild_Tmol_scf_82_R01614	0.05	5%	farmed_and_wild	Farmed + wild	Tmol_scf_82	55000	84999	3	-3.141321621	3	Mystik Canada;Papek Czechia;Starfood Holland	True
D5pct_farmed_only_Tmol_scf_82_R01615	0.05	5%	farmed_and_wild	Farmed + wild	Tmol_scf_82	45000	69999	3	-2.616154868	3	Kingsect Belgium;Mystik Canada;Papek Czechia	True
D5pct_wild_only_Tmol_scf_82_R01616	0.05	5%	wild_only	Wild only	Tmol_scf_82	85000	94999	1	-1.615190283	0		True
D5pct_farmed_and_wild_Tmol_scf_83_R01617	0.05	5%	farmed_and_wild	Farmed + wild	Tmol_scf_83	55000	64999	1	-2.557689577	3	Mystik Canada;Papek Czechia;Starfood Holland	True
D5pct_farmed_and_wild_Tmol_scf_83_R01618	0.05	5%	farmed_and_wild	Farmed + wild	Tmol_scf_83	95000	104999	1	-2.524101229	3	Mystik Canada;Papek Czechia;Starfood Holland	True
D5pct_farmed_only_Tmol_scf_84_R01619	0.05	5%	farmed_only	Farmed only	Tmol_scf_84	5000	14999	1	-2.538644232	1	Starfood Holland	False
D5pct_farmed_only_Tmol_scf_84_R01620	0.05	5%	farmed_only	Farmed only	Tmol_scf_84	25000	34999	1	-3.213436997	3	Mystik Canada;Papek Czechia;Starfood Holland	False
D5pct_farmed_only_Tmol_scf_84_R01621	0.05	5%	farmed_only	Farmed only	Tmol_scf_84	45000	54999	1	-1.813622884	2	Mystik Canada;Papek Czechia	False
D5pct_farmed_and_wild_Tmol_scf_84_R01622	0.05	5%	farmed_and_wild	Farmed + wild	Tmol_scf_84	15000	24999	1	-3.060908957	3	Mystik Canada;Papek Czechia;Starfood Holland	True
D5pct_farmed_and_wild_Tmol_scf_84_R01623	0.05	5%	farmed_and_wild	Farmed + wild	Tmol_scf_84	35000	44999	1	-3.083868017	3	Mystik Canada;Papek Czechia;Starfood Holland	True
D5pct_farmed_and_wild_Tmol_scf_84_R01624	0.05	5%	farmed_and_wild	Farmed + wild	Tmol_scf_84	55000	94999	4	-3.27567046	3	Mystik Canada;Papek Czechia;Starfood Holland	True
D5pct_farmed_only_Tmol_scf_85_R01625	0.05	5%	farmed_and_wild	Farmed + wild	Tmol_scf_85	5000	69999	7	-2.892342977	4	Kingsect Belgium;Mystik Canada;Papek Czechia;Starfood Holland	True
D5pct_farmed_and_wild_Tmol_scf_85_R01626	0.05	5%	farmed_and_wild	Farmed + wild	Tmol_scf_85	65000	84999	2	-3.026030746	3	Mystik Canada;Papek Czechia;Starfood Holland	True
D5pct_wild_only_Tmol_scf_86_R01627	0.05	5%	wild_only	Wild only	Tmol_scf_86	35000	44999	1	-1.664349952	0		True
D5pct_farmed_only_Tmol_scf_86_R01628	0.05	5%	farmed_only	Farmed only	Tmol_scf_86	55000	64999	1	-2.137774811	1	Starfood Holland	False
D5pct_farmed_only_Tmol_scf_87_R01629	0.05	5%	farmed_only	Farmed only	Tmol_scf_87	55000	64999	1	-2.342046378	1	Mystik Canada	False
D5pct_farmed_only_Tmol_scf_87_R01630	0.05	5%	farmed_only	Farmed only	Tmol_scf_87	75000	84999	1	-2.13176981	1	Starfood Holland	False
D5pct_farmed_and_wild_Tmol_scf_87_R01631	0.05	5%	farmed_and_wild	Farmed + wild	Tmol_scf_87	65000	74999	1	-1.735800942	1	Mystik Canada	True
D5pct_farmed_and_wild_Tmol_scf_87_R01632	0.05	5%	farmed_and_wild	Farmed + wild	Tmol_scf_87	85000	94999	1	-2.302794711	3	Mystik Canada;Papek Czechia;Starfood Holland	True
D5pct_farmed_and_wild_Tmol_scf_88_R01633	0.05	5%	farmed_and_wild	Farmed + wild	Tmol_scf_88	75000	84999	1	-2.861163064	3	Mystik Canada;Papek Czechia;Starfood Holland	True
D5pct_farmed_and_wild_Tmol_scf_89_R01634	0.05	5%	farmed_and_wild	Farmed + wild	Tmol_scf_89	5000	14999	1	-2.994400515	3	Mystik Canada;Papek Czechia;Starfood Holland	True
D5pct_farmed_and_wild_Tmol_scf_89_R01635	0.05	5%	farmed_and_wild	Farmed + wild	Tmol_scf_89	85000	94999	1	-2.919691915	3	Mystik Canada;Papek Czechia;Starfood Holland	True
D5pct_farmed_only_Tmol_scf_89_R01636	0.05	5%	farmed_only	Farmed only	Tmol_scf_89	15000	64999	5	-3.067947613	3	Mystik Canada;Papek Czechia;Starfood Holland	False
D5pct_farmed_only_Tmol_scf_89_R01637	0.05	5%	farmed_only	Farmed only	Tmol_scf_89	75000	84999	1	-2.234934189	1	Starfood Holland	False
D5pct_farmed_and_wild_Tmol_scf_90_R01638	0.05	5%	farmed_and_wild	Farmed + wild	Tmol_scf_90	5000	94999	9	-2.78881652	3	Mystik Canada;Papek Czechia;Starfood Holland	True
D5pct_farmed_only_Tmol_scf_90_R01639	0.05	5%	farmed_and_wild	Farmed + wild	Tmol_scf_90	50000	59999	1	-2.559969216	1	Kingsect Belgium	True
D5pct_wild_only_Tmol_scf_91_R01640	0.05	5%	wild_only	Wild only	Tmol_scf_91	25000	34999	1	-1.810860332	0		True
D5pct_farmed_and_wild_Tmol_scf_91_R01641	0.05	5%	farmed_and_wild	Farmed + wild	Tmol_scf_91	35000	94999	6	-2.854327978	3	Mystik Canada;Papek Czechia;Starfood Holland	True
D5pct_farmed_only_Tmol_scf_91_R01642	0.05	5%	farmed_and_wild	Farmed + wild	Tmol_scf_91	50000	59999	1	-2.058825991	1	Kingsect Belgium	True
D5pct_farmed_only_Tmol_scf_93_R01643	0.05	5%	farmed_only	Farmed only	Tmol_scf_93	5000	14999	1	-2.819555932	3	Mystik Canada;Papek Czechia;Starfood Holland	False
D5pct_farmed_only_Tmol_scf_93_R01644	0.05	5%	farmed_only	Farmed only	Tmol_scf_93	25000	84999	6	-2.924786061	3	Mystik Canada;Papek Czechia;Starfood Holland	False
D5pct_farmed_and_wild_Tmol_scf_93_R01645	0.05	5%	farmed_and_wild	Farmed + wild	Tmol_scf_93	15000	24999	1	-2.563057957	3	Mystik Canada;Papek Czechia;Starfood Holland	True
D5pct_farmed_only_Tmol_scf_95_R01646	0.05	5%	farmed_only	Farmed only	Tmol_scf_95	5000	24999	2	-2.673967802	3	Mystik Canada;Papek Czechia;Starfood Holland	False
D5pct_farmed_only_Tmol_scf_95_R01647	0.05	5%	farmed_only	Farmed only	Tmol_scf_95	35000	44999	1	-2.637014255	1	Mystik Canada	False
D5pct_farmed_only_Tmol_scf_95_R01648	0.05	5%	farmed_only	Farmed only	Tmol_scf_95	65000	74999	1	-2.050361093	1	Mystik Canada	False
D5pct_farmed_and_wild_Tmol_scf_95_R01649	0.05	5%	farmed_and_wild	Farmed + wild	Tmol_scf_95	25000	34999	1	-3.427579735	3	Mystik Canada;Papek Czechia;Starfood Holland	True
D5pct_farmed_and_wild_Tmol_scf_95_R01650	0.05	5%	farmed_and_wild	Farmed + wild	Tmol_scf_95	45000	64999	2	-3.556396478	3	Mystik Canada;Papek Czechia;Starfood Holland	True
D5pct_farmed_and_wild_Tmol_scf_95_R01651	0.05	5%	farmed_and_wild	Farmed + wild	Tmol_scf_95	75000	84999	1	-3.141696007	3	Mystik Canada;Papek Czechia;Starfood Holland	True
D5pct_farmed_and_wild_Tmol_scf_96_R01652	0.05	5%	farmed_and_wild	Farmed + wild	Tmol_scf_96	5000	24999	2	-2.291251189	3	Mystik Canada;Papek Czechia;Starfood Holland	True
D5pct_farmed_and_wild_Tmol_scf_96_R01653	0.05	5%	farmed_and_wild	Farmed + wild	Tmol_scf_96	35000	44999	1	-2.396636492	3	Mystik Canada;Papek Czechia;Starfood Holland	True
D5pct_farmed_only_Tmol_scf_96_R01654	0.05	5%	farmed_only	Farmed only	Tmol_scf_96	50000	64999	2	-2.101500276	2	Kingsect Belgium;Mystik Canada	False
D5pct_farmed_and_wild_Tmol_scf_97_R01655	0.05	5%	farmed_and_wild	Farmed + wild	Tmol_scf_97	5000	34999	3	-2.881227315	3	Mystik Canada;Papek Czechia;Starfood Holland	True
D5pct_farmed_only_Tmol_scf_97_R01656	0.05	5%	farmed_only	Farmed only	Tmol_scf_97	45000	64999	2	-1.989203525	2	Mystik Canada;Papek Czechia	False
D5pct_farmed_and_wild_Tmol_scf_98_R01657	0.05	5%	farmed_and_wild	Farmed + wild	Tmol_scf_98	15000	24999	1	-2.948809757	2	Papek Czechia;Starfood Holland	True
D5pct_farmed_and_wild_Tmol_scf_98_R01658	0.05	5%	farmed_and_wild	Farmed + wild	Tmol_scf_98	45000	54999	1	-2.162320472	3	Mystik Canada;Papek Czechia;Starfood Holland	True
D5pct_farmed_only_Tmol_scf_98_R01659	0.05	5%	farmed_only	Farmed only	Tmol_scf_98	55000	64999	1	-2.509523297	1	Mystik Canada	False
