selection_tail	selection_tail_label	selection_class	selection_class_label	chromosome	start	end	farmed_populations	n_farmed_populations	wild_support	min_D
0.05	5%	farmed_only	Farmed only	1	1257536	1267535	Dole7;Starfood Holland	2	False	-2.681920512
0.05	5%	farmed_only	Farmed only	1	1277536	1287535	Dole7;Starfood Holland	2	False	-2.625519233
0.05	5%	farmed_only	Farmed only	1	3327536	3337535	Dole7	1	False	-1.801501724
0.05	5%	farmed_and_wild	Farmed + wild	1	4047536	4057535	Dole7;Mystik Canada;Papek Czechia;Pronutrix+ Belgium;Starfood Holland	5	True	-2.741735496
0.05	5%	farmed_only	Farmed only	1	4087536	4097535	Mystik Canada	1	False	-1.775587947
0.05	5%	farmed_only	Farmed only	1	5247536	5257535	Mystik Canada	1	False	-1.26339605
0.05	5%	wild_only	Wild only	1	6847536	6857535		0	True	-1.859367865
0.05	5%	wild_only	Wild only	1	8707536	8717535		0	True	-1.871592177
0.05	5%	farmed_only	Farmed only	1	9207536	9217535	Dole7	1	False	-1.864982848
0.05	5%	farmed_only	Farmed only	1	9387536	9397535	Dole7	1	False	-1.921619697
0.05	5%	wild_only	Wild only	1	9957536	9967535		0	True	-1.61240152
0.05	5%	farmed_only	Farmed only	1	10057536	10067535	Mystik Canada;Papek Czechia	2	False	-1.755852464
0.05	5%	wild_only	Wild only	1	10397536	10407535		0	True	-1.627604748
0.05	5%	farmed_only	Farmed only	1	10767536	10777535	Dole7;Pronutrix+ Belgium	2	False	-1.991944757
0.05	5%	farmed_only	Farmed only	1	10807536	10817535	Dole7;Papek Czechia;Pronutrix+ Belgium;Starfood Holland	4	False	-2.343156556
0.05	5%	farmed_and_wild	Farmed + wild	1	11017536	11027535	Dole7	1	True	-1.883705332
0.05	5%	farmed_and_wild	Farmed + wild	1	11147536	11157535	Dole7;Papek Czechia;Pronutrix+ Belgium;Starfood Holland	4	True	-2.241493465
0.05	5%	farmed_only	Farmed only	1	11157536	11167535	Dole7	1	False	-1.845205146
0.05	5%	farmed_only	Farmed only	1	11162536	11172535	Kingsect Belgium	1	False	-1.721023508
0.05	5%	farmed_only	Farmed only	1	11167536	11177535	Dole7	1	False	-1.999625398
0.05	5%	farmed_only	Farmed only	1	11172536	11182535	Kingsect Belgium	1	False	-1.674324157
0.05	5%	wild_only	Wild only	1	11697536	11707535		0	True	-1.822765114
0.05	5%	wild_only	Wild only	1	11767536	11777535		0	True	-1.588619216
0.05	5%	wild_only	Wild only	1	11777536	11787535		0	True	-1.589134581
0.05	5%	farmed_and_wild	Farmed + wild	1	12087536	12097535	Dole7;Mystik Canada;Papek Czechia;Pronutrix+ Belgium;Starfood Holland	5	True	-2.395859726
0.05	5%	wild_only	Wild only	1	12157536	12167535		0	True	-1.655455551
0.05	5%	wild_only	Wild only	1	12167536	12177535		0	True	-1.91384683
0.05	5%	wild_only	Wild only	1	12867536	12877535		0	True	-1.612458196
0.05	5%	wild_only	Wild only	1	12897536	12907535		0	True	-1.705730827
0.05	5%	wild_only	Wild only	1	12907536	12917535		0	True	-1.808563426
0.05	5%	wild_only	Wild only	1	12917536	12927535		0	True	-1.835668139
0.05	5%	wild_only	Wild only	1	12977536	12987535		0	True	-1.69622001
0.05	5%	farmed_only	Farmed only	1	13127536	13137535	Dole7;Papek Czechia;Pronutrix+ Belgium;Starfood Holland	4	False	-2.062791958
0.05	5%	wild_only	Wild only	1	13607536	13617535		0	True	-1.592214159
0.05	5%	farmed_only	Farmed only	1	13617536	13627535	Dole7	1	False	-1.892118164
0.05	5%	farmed_only	Farmed only	1	13987536	13997535	Papek Czechia	1	False	-1.764413475
0.05	5%	farmed_only	Farmed only	1	14007536	14017535	Pronutrix+ Belgium	1	False	-1.471975376
0.05	5%	farmed_and_wild	Farmed + wild	1	14057536	14067535	Dole7	1	True	-1.884503077
0.05	5%	wild_only	Wild only	1	14237536	14247535		0	True	-1.659936113
0.05	5%	wild_only	Wild only	1	14287536	14297535		0	True	-1.593071304
0.05	5%	farmed_and_wild	Farmed + wild	1	14417536	14427535	Dole7;Mystik Canada;Papek Czechia;Pronutrix+ Belgium;Starfood Holland	5	True	-2.259962296
0.05	5%	farmed_only	Farmed only	1	14427536	14437535	Papek Czechia	1	False	-1.733532283
0.05	5%	farmed_only	Farmed only	1	14467536	14477535	Pronutrix+ Belgium	1	False	-1.521217463
0.05	5%	farmed_only	Farmed only	1	14507536	14517535	Papek Czechia;Pronutrix+ Belgium	2	False	-1.878921027
0.05	5%	farmed_and_wild	Farmed + wild	1	14527536	14537535	Papek Czechia	1	True	-1.719004597
0.05	5%	farmed_and_wild	Farmed + wild	1	14547536	14557535	Papek Czechia	1	True	-1.841925464
0.05	5%	wild_only	Wild only	1	14567536	14577535		0	True	-1.761673712
0.05	5%	wild_only	Wild only	1	14577536	14587535		0	True	-1.612438507
0.05	5%	farmed_only	Farmed only	1	14587536	14597535	Dole7;Mystik Canada;Papek Czechia;Pronutrix+ Belgium;Starfood Holland	5	False	-2.170636929
0.05	5%	farmed_only	Farmed only	1	14617536	14627535	Dole7;Mystik Canada;Papek Czechia;Pronutrix+ Belgium;Starfood Holland	5	False	-2.349200544
0.05	5%	farmed_only	Farmed only	1	14627536	14637535	Dole7;Papek Czechia;Pronutrix+ Belgium;Starfood Holland	4	False	-2.162277208
0.05	5%	farmed_only	Farmed only	1	14637536	14647535	Dole7	1	False	-1.869840832
0.05	5%	farmed_only	Farmed only	1	14817536	14827535	Dole7;Papek Czechia;Pronutrix+ Belgium	3	False	-1.973183174
0.05	5%	farmed_only	Farmed only	1	14947536	14957535	Papek Czechia	1	False	-1.756604187
0.05	5%	farmed_and_wild	Farmed + wild	1	15027536	15037535	Dole7;Papek Czechia	2	True	-1.870086904
0.05	5%	farmed_only	Farmed only	1	15187536	15197535	Mystik Canada	1	False	-1.19472497
0.05	5%	farmed_and_wild	Farmed + wild	1	15257536	15267535	Dole7;Mystik Canada;Papek Czechia;Starfood Holland	4	True	-2.103190714
0.05	5%	farmed_and_wild	Farmed + wild	1	15277536	15287535	Dole7;Starfood Holland	2	True	-2.065838436
0.05	5%	farmed_only	Farmed only	1	15287536	15297535	Dole7	1	False	-1.806552381
0.05	5%	farmed_only	Farmed only	1	15297536	15307535	Papek Czechia	1	False	-1.711976777
0.05	5%	farmed_only	Farmed only	1	15302536	15312535	Kingsect Belgium	1	False	-1.821745967
0.05	5%	farmed_and_wild	Farmed + wild	1	15307536	15317535	Dole7;Papek Czechia;Pronutrix+ Belgium;Starfood Holland	4	True	-2.437031349
0.05	5%	farmed_only	Farmed only	1	15312536	15322535	Kingsect Belgium	1	False	-1.827426892
0.05	5%	farmed_and_wild	Farmed + wild	1	15317536	15327535	Dole7;Papek Czechia;Pronutrix+ Belgium;Starfood Holland	4	True	-2.166653579
0.05	5%	farmed_only	Farmed only	1	15322536	15332535	Kingsect Belgium	1	False	-2.058659262
0.05	5%	farmed_and_wild	Farmed + wild	1	15327536	15337535	Dole7;Mystik Canada;Papek Czechia;Pronutrix+ Belgium;Starfood Holland	5	True	-2.519741638
0.05	5%	farmed_only	Farmed only	1	15332536	15342535	Kingsect Belgium	1	False	-1.924562407
0.05	5%	farmed_and_wild	Farmed + wild	1	15337536	15347535	Dole7;Mystik Canada;Papek Czechia;Pronutrix+ Belgium;Starfood Holland	5	True	-2.460044543
0.05	5%	farmed_only	Farmed only	1	15342536	15352535	Kingsect Belgium	1	False	-1.862825398
0.05	5%	farmed_and_wild	Farmed + wild	1	15347536	15357535	Dole7;Mystik Canada;Papek Czechia;Pronutrix+ Belgium;Starfood Holland	5	True	-2.439816928
0.05	5%	farmed_only	Farmed only	1	15352536	15362535	Kingsect Belgium	1	False	-1.828618528
0.05	5%	farmed_and_wild	Farmed + wild	1	15357536	15367535	Dole7;Papek Czechia;Pronutrix+ Belgium;Starfood Holland	4	True	-2.35452205
0.05	5%	farmed_only	Farmed only	1	15362536	15372535	Kingsect Belgium	1	False	-1.753937942
0.05	5%	farmed_and_wild	Farmed + wild	1	15367536	15377535	Dole7;Mystik Canada;Papek Czechia;Pronutrix+ Belgium;Starfood Holland	5	True	-2.382151332
0.05	5%	farmed_only	Farmed only	1	15747536	15757535	Dole7;Papek Czechia;Pronutrix+ Belgium;Starfood Holland	4	False	-2.065162945
0.05	5%	farmed_and_wild	Farmed + wild	1	16087536	16097535	Dole7;Papek Czechia;Pronutrix+ Belgium;Starfood Holland	4	True	-2.086146856
0.05	5%	farmed_only	Farmed only	1	16127536	16137535	Dole7	1	False	-1.929525174
0.05	5%	farmed_only	Farmed only	1	16187536	16197535	Dole7	1	False	-1.842271708
0.05	5%	farmed_only	Farmed only	1	16417536	16427535	Dole7;Mystik Canada	2	False	-1.836506947
0.05	5%	farmed_only	Farmed only	1	16427536	16437535	Dole7;Mystik Canada;Papek Czechia;Pronutrix+ Belgium;Starfood Holland	5	False	-2.384679491
0.05	5%	farmed_only	Farmed only	1	16437536	16447535	Dole7;Starfood Holland	2	False	-2.302269546
0.05	5%	farmed_only	Farmed only	1	16442536	16452535	Kingsect Belgium	1	False	-1.828828188
0.05	5%	farmed_only	Farmed only	1	16447536	16457535	Dole7;Mystik Canada;Papek Czechia;Pronutrix+ Belgium;Starfood Holland	5	False	-2.227437354
0.05	5%	farmed_only	Farmed only	1	16452536	16462535	Kingsect Belgium	1	False	-1.930140625
0.05	5%	farmed_only	Farmed only	1	16457536	16467535	Dole7	1	False	-2.067863584
0.05	5%	farmed_only	Farmed only	1	16462536	16472535	Kingsect Belgium	1	False	-1.965194998
0.05	5%	farmed_only	Farmed only	1	16467536	16477535	Dole7;Mystik Canada	2	False	-1.935942451
0.05	5%	farmed_only	Farmed only	1	16472536	16482535	Kingsect Belgium	1	False	-2.05182562
0.05	5%	farmed_only	Farmed only	1	16477536	16487535	Dole7;Mystik Canada;Papek Czechia;Pronutrix+ Belgium;Starfood Holland	5	False	-2.225634415
0.05	5%	farmed_only	Farmed only	1	16482536	16492535	Kingsect Belgium	1	False	-2.031546717
0.05	5%	farmed_only	Farmed only	1	16487536	16497535	Dole7;Mystik Canada;Papek Czechia;Pronutrix+ Belgium;Starfood Holland	5	False	-2.357641947
0.05	5%	farmed_only	Farmed only	1	16492536	16502535	Kingsect Belgium	1	False	-1.980102408
0.05	5%	farmed_only	Farmed only	1	16497536	16507535	Dole7;Mystik Canada;Papek Czechia;Pronutrix+ Belgium;Starfood Holland	5	False	-2.436994606
0.05	5%	farmed_only	Farmed only	1	16502536	16512535	Kingsect Belgium	1	False	-1.867495787
0.05	5%	farmed_only	Farmed only	1	16507536	16517535	Dole7;Papek Czechia	2	False	-2.154035657
0.05	5%	farmed_only	Farmed only	1	16512536	16522535	Kingsect Belgium	1	False	-1.913684404
0.05	5%	farmed_only	Farmed only	1	16517536	16527535	Dole7;Mystik Canada;Papek Czechia;Pronutrix+ Belgium;Starfood Holland	5	False	-2.504430323
0.05	5%	farmed_only	Farmed only	1	16522536	16532535	Kingsect Belgium	1	False	-1.941235959
0.05	5%	farmed_only	Farmed only	1	16527536	16537535	Dole7;Mystik Canada;Papek Czechia;Pronutrix+ Belgium;Starfood Holland	5	False	-2.244649077
0.05	5%	farmed_only	Farmed only	1	16532536	16542535	Kingsect Belgium	1	False	-1.930031476
0.05	5%	farmed_only	Farmed only	1	16537536	16547535	Dole7;Mystik Canada;Papek Czechia;Pronutrix+ Belgium;Starfood Holland	5	False	-2.515076239
0.05	5%	farmed_only	Farmed only	1	16542536	16552535	Kingsect Belgium	1	False	-1.927010503
0.05	5%	farmed_only	Farmed only	1	16547536	16557535	Dole7;Mystik Canada;Papek Czechia	3	False	-2.282685283
0.05	5%	farmed_only	Farmed only	1	16552536	16562535	Kingsect Belgium	1	False	-1.855444289
0.05	5%	farmed_only	Farmed only	1	16557536	16567535	Dole7;Mystik Canada;Papek Czechia;Pronutrix+ Belgium;Starfood Holland	5	False	-2.420463822
0.05	5%	farmed_only	Farmed only	1	16562536	16572535	Kingsect Belgium	1	False	-1.873733054
0.05	5%	farmed_only	Farmed only	1	16567536	16577535	Dole7;Mystik Canada;Papek Czechia;Pronutrix+ Belgium;Starfood Holland	5	False	-2.16906486
0.05	5%	farmed_only	Farmed only	1	16572536	16582535	Kingsect Belgium	1	False	-1.82355899
0.05	5%	farmed_only	Farmed only	1	16577536	16587535	Dole7;Mystik Canada;Papek Czechia;Pronutrix+ Belgium	4	False	-2.215199867
0.05	5%	farmed_only	Farmed only	1	16582536	16592535	Kingsect Belgium	1	False	-1.836647779
0.05	5%	farmed_only	Farmed only	1	16587536	16597535	Dole7;Mystik Canada;Papek Czechia;Pronutrix+ Belgium;Starfood Holland	5	False	-2.516075632
0.05	5%	farmed_only	Farmed only	1	16592536	16602535	Kingsect Belgium	1	False	-1.910388978
0.05	5%	farmed_only	Farmed only	1	16597536	16607535	Dole7;Mystik Canada;Papek Czechia	3	False	-2.074397186
0.05	5%	farmed_only	Farmed only	1	16602536	16612535	Kingsect Belgium	1	False	-2.021869586
0.05	5%	farmed_only	Farmed only	1	16607536	16617535	Dole7;Papek Czechia;Pronutrix+ Belgium;Starfood Holland	4	False	-2.363724727
0.05	5%	farmed_only	Farmed only	1	16612536	16622535	Kingsect Belgium	1	False	-1.948122609
0.05	5%	farmed_only	Farmed only	1	16617536	16627535	Dole7;Mystik Canada;Pronutrix+ Belgium	3	False	-2.012587324
0.05	5%	farmed_only	Farmed only	1	16622536	16632535	Kingsect Belgium	1	False	-1.905978809
0.05	5%	farmed_only	Farmed only	1	16627536	16637535	Dole7;Mystik Canada;Papek Czechia;Pronutrix+ Belgium;Starfood Holland	5	False	-2.437113148
0.05	5%	farmed_only	Farmed only	1	16632536	16642535	Kingsect Belgium	1	False	-1.871208557
0.05	5%	farmed_and_wild	Farmed + wild	1	16637536	16647535	Dole7;Mystik Canada;Papek Czechia;Pronutrix+ Belgium;Starfood Holland	5	True	-2.565139863
0.05	5%	farmed_only	Farmed only	1	16642536	16652535	Kingsect Belgium	1	False	-1.777345237
0.05	5%	farmed_only	Farmed only	1	16647536	16657535	Dole7	1	False	-2.043399429
0.05	5%	farmed_only	Farmed only	1	16652536	16662535	Kingsect Belgium	1	False	-1.741635658
0.05	5%	farmed_only	Farmed only	1	16662536	16672535	Kingsect Belgium	1	False	-1.75870631
0.05	5%	farmed_only	Farmed only	1	16672536	16682535	Kingsect Belgium	1	False	-1.739356407
0.05	5%	farmed_only	Farmed only	1	16707536	16717535	Dole7;Mystik Canada	2	False	-1.813002317
0.05	5%	farmed_only	Farmed only	1	16997536	17007535	Dole7	1	False	-1.941072715
0.05	5%	farmed_only	Farmed only	1	17297536	17307535	Dole7;Mystik Canada;Pronutrix+ Belgium	3	False	-1.85802576
0.05	5%	wild_only	Wild only	1	17377536	17387535		0	True	-1.600653109
0.05	5%	farmed_only	Farmed only	1	17947536	17957535	Dole7;Papek Czechia;Pronutrix+ Belgium;Starfood Holland	4	False	-2.238259424
0.05	5%	farmed_only	Farmed only	1	18517536	18527535	Pronutrix+ Belgium	1	False	-1.599874439
0.05	5%	farmed_only	Farmed only	1	18557536	18567535	Dole7;Pronutrix+ Belgium	2	False	-1.889592557
0.05	5%	farmed_only	Farmed only	1	18577536	18587535	Dole7;Pronutrix+ Belgium	2	False	-1.815092065
0.05	5%	farmed_only	Farmed only	1	18722536	18732535	Kingsect Belgium	1	False	-1.670328012
0.05	5%	wild_only	Wild only	1	18727536	18737535		0	True	-1.695635669
0.05	5%	farmed_only	Farmed only	1	18732536	18742535	Kingsect Belgium	1	False	-1.751444773
0.05	5%	farmed_only	Farmed only	1	18737536	18747535	Pronutrix+ Belgium	1	False	-1.502478379
0.05	5%	farmed_only	Farmed only	1	18742536	18752535	Kingsect Belgium	1	False	-1.766751081
0.05	5%	farmed_only	Farmed only	1	18752536	18762535	Kingsect Belgium	1	False	-1.754020257
0.05	5%	farmed_only	Farmed only	1	18762536	18772535	Kingsect Belgium	1	False	-1.761639767
0.05	5%	farmed_only	Farmed only	1	18772536	18782535	Kingsect Belgium	1	False	-1.789596914
0.05	5%	farmed_only	Farmed only	1	18782536	18792535	Kingsect Belgium	1	False	-1.741655913
0.05	5%	farmed_only	Farmed only	1	18792536	18802535	Kingsect Belgium	1	False	-1.766443123
0.05	5%	farmed_only	Farmed only	1	18802536	18812535	Kingsect Belgium	1	False	-1.741128933
0.05	5%	farmed_only	Farmed only	1	18812536	18822535	Kingsect Belgium	1	False	-1.745664691
0.05	5%	farmed_only	Farmed only	1	18817536	18827535	Pronutrix+ Belgium	1	False	-1.533229416
0.05	5%	farmed_only	Farmed only	1	18822536	18832535	Kingsect Belgium	1	False	-1.801267528
0.05	5%	farmed_only	Farmed only	1	18832536	18842535	Kingsect Belgium	1	False	-1.768204823
0.05	5%	farmed_only	Farmed only	1	18842536	18852535	Kingsect Belgium	1	False	-1.754378719
0.05	5%	farmed_only	Farmed only	1	18852536	18862535	Kingsect Belgium	1	False	-1.727316876
0.05	5%	farmed_only	Farmed only	1	18862536	18872535	Kingsect Belgium	1	False	-1.697703448
0.05	5%	farmed_only	Farmed only	1	19012536	19022535	Kingsect Belgium	1	False	-1.726888504
0.05	5%	farmed_only	Farmed only	1	19022536	19032535	Kingsect Belgium	1	False	-1.792248483
0.05	5%	farmed_only	Farmed only	1	19027536	19037535	Mystik Canada;Pronutrix+ Belgium;Starfood Holland	3	False	-2.140361341
0.05	5%	farmed_only	Farmed only	1	19032536	19042535	Kingsect Belgium	1	False	-1.805205975
0.05	5%	farmed_only	Farmed only	1	19037536	19047535	Pronutrix+ Belgium;Starfood Holland	2	False	-2.068597101
0.05	5%	farmed_only	Farmed only	1	19042536	19052535	Kingsect Belgium	1	False	-1.739604246
0.05	5%	farmed_only	Farmed only	1	19052536	19062535	Kingsect Belgium	1	False	-1.844595446
0.05	5%	farmed_only	Farmed only	1	19057536	19067535	Dole7;Pronutrix+ Belgium;Starfood Holland	3	False	-2.098885295
0.05	5%	farmed_only	Farmed only	1	19062536	19072535	Kingsect Belgium	1	False	-1.799925283
0.05	5%	farmed_only	Farmed only	1	19067536	19077535	Dole7;Mystik Canada;Papek Czechia;Pronutrix+ Belgium;Starfood Holland	5	False	-2.468106106
0.05	5%	farmed_only	Farmed only	1	19072536	19082535	Kingsect Belgium	1	False	-1.844835511
0.05	5%	farmed_only	Farmed only	1	19082536	19092535	Kingsect Belgium	1	False	-1.79848017
0.05	5%	farmed_only	Farmed only	1	19092536	19102535	Kingsect Belgium	1	False	-1.785720282
0.05	5%	farmed_only	Farmed only	1	19102536	19112535	Kingsect Belgium	1	False	-1.813555863
0.05	5%	farmed_only	Farmed only	1	19112536	19122535	Kingsect Belgium	1	False	-1.826336416
0.05	5%	farmed_only	Farmed only	1	19122536	19132535	Kingsect Belgium	1	False	-1.758228632
0.05	5%	farmed_only	Farmed only	1	19132536	19142535	Kingsect Belgium	1	False	-1.814120952
0.05	5%	farmed_only	Farmed only	1	19142536	19152535	Kingsect Belgium	1	False	-1.905037283
0.05	5%	farmed_only	Farmed only	1	19147536	19157535	Dole7;Mystik Canada;Pronutrix+ Belgium;Starfood Holland	4	False	-2.136828422
0.05	5%	farmed_only	Farmed only	1	19152536	19162535	Kingsect Belgium	1	False	-1.954451944
0.05	5%	farmed_and_wild	Farmed + wild	1	19157536	19167535	Dole7;Mystik Canada;Papek Czechia;Pronutrix+ Belgium;Starfood Holland	5	True	-2.121797871
0.05	5%	farmed_only	Farmed only	1	19162536	19172535	Kingsect Belgium	1	False	-2.024449275
0.05	5%	farmed_only	Farmed only	1	19167536	19177535	Dole7;Papek Czechia;Pronutrix+ Belgium;Starfood Holland	4	False	-2.058798795
0.05	5%	farmed_only	Farmed only	1	19172536	19182535	Kingsect Belgium	1	False	-2.078578417
0.05	5%	farmed_and_wild	Farmed + wild	1	19177536	19187535	Dole7;Mystik Canada;Papek Czechia;Pronutrix+ Belgium;Starfood Holland	5	True	-2.393893636
0.05	5%	farmed_only	Farmed only	1	19182536	19192535	Kingsect Belgium	1	False	-2.099234015
0.05	5%	farmed_only	Farmed only	1	19187536	19197535	Pronutrix+ Belgium	1	False	-1.5216992
0.05	5%	farmed_only	Farmed only	1	19192536	19202535	Kingsect Belgium	1	False	-2.121095248
0.05	5%	farmed_only	Farmed only	1	19197536	19207535	Dole7;Mystik Canada;Starfood Holland	3	False	-2.108231276
0.05	5%	farmed_only	Farmed only	1	19202536	19212535	Kingsect Belgium	1	False	-2.164878639
0.05	5%	farmed_and_wild	Farmed + wild	1	19207536	19217535	Dole7;Mystik Canada;Papek Czechia;Pronutrix+ Belgium;Starfood Holland	5	True	-2.089281802
0.05	5%	farmed_only	Farmed only	1	19212536	19222535	Kingsect Belgium	1	False	-2.092873622
0.05	5%	farmed_and_wild	Farmed + wild	1	19217536	19227535	Dole7;Mystik Canada;Papek Czechia;Pronutrix+ Belgium;Starfood Holland	5	True	-2.348397807
0.05	5%	farmed_only	Farmed only	1	19222536	19232535	Kingsect Belgium	1	False	-2.088234748
0.05	5%	farmed_only	Farmed only	1	19232536	19242535	Kingsect Belgium	1	False	-2.018370566
0.05	5%	farmed_only	Farmed only	1	19242536	19252535	Kingsect Belgium	1	False	-1.974333758
0.05	5%	farmed_and_wild	Farmed + wild	1	19247536	19257535	Dole7;Mystik Canada;Papek Czechia;Pronutrix+ Belgium;Starfood Holland	5	True	-2.418631239
0.05	5%	farmed_only	Farmed only	1	19252536	19262535	Kingsect Belgium	1	False	-1.985355757
0.05	5%	farmed_only	Farmed only	1	19262536	19272535	Kingsect Belgium	1	False	-1.986164621
0.05	5%	farmed_only	Farmed only	1	19272536	19282535	Kingsect Belgium	1	False	-1.926870656
0.05	5%	farmed_only	Farmed only	1	19277536	19287535	Mystik Canada	1	False	-1.17917122
0.05	5%	farmed_only	Farmed only	1	19282536	19292535	Kingsect Belgium	1	False	-1.973739006
0.05	5%	farmed_only	Farmed only	1	19287536	19297535	Mystik Canada	1	False	-1.30561671
0.05	5%	farmed_only	Farmed only	1	19292536	19302535	Kingsect Belgium	1	False	-1.945927945
0.05	5%	farmed_only	Farmed only	1	19297536	19307535	Dole7;Mystik Canada;Pronutrix+ Belgium;Starfood Holland	4	False	-2.232594675
0.05	5%	farmed_only	Farmed only	1	19302536	19312535	Kingsect Belgium	1	False	-1.84758237
0.05	5%	farmed_only	Farmed only	1	19307536	19317535	Dole7;Mystik Canada;Papek Czechia;Pronutrix+ Belgium;Starfood Holland	5	False	-2.042120019
0.05	5%	farmed_only	Farmed only	1	19312536	19322535	Kingsect Belgium	1	False	-1.822480981
0.05	5%	farmed_only	Farmed only	1	19322536	19332535	Kingsect Belgium	1	False	-1.759289367
0.05	5%	farmed_only	Farmed only	1	19327536	19337535	Dole7;Pronutrix+ Belgium;Starfood Holland	3	False	-2.127831295
0.05	5%	farmed_only	Farmed only	1	19332536	19342535	Kingsect Belgium	1	False	-1.698030721
0.05	5%	farmed_only	Farmed only	1	19342536	19352535	Kingsect Belgium	1	False	-1.702763009
0.05	5%	farmed_only	Farmed only	1	19387536	19397535	Dole7;Papek Czechia	2	False	-1.896516401
0.05	5%	farmed_only	Farmed only	1	19397536	19407535	Dole7	1	False	-1.867775769
0.05	5%	farmed_only	Farmed only	1	19407536	19417535	Mystik Canada	1	False	-1.179080823
0.05	5%	farmed_only	Farmed only	1	19597536	19607535	Dole7;Mystik Canada;Papek Czechia;Pronutrix+ Belgium;Starfood Holland	5	False	-2.241137675
0.05	5%	farmed_and_wild	Farmed + wild	1	19697536	19707535	Dole7;Mystik Canada;Papek Czechia;Pronutrix+ Belgium;Starfood Holland	5	True	-2.080065304
0.05	5%	farmed_only	Farmed only	1	19717536	19727535	Mystik Canada	1	False	-1.222965022
0.05	5%	farmed_and_wild	Farmed + wild	1	20007536	20017535	Dole7;Starfood Holland	2	True	-2.159042005
0.05	5%	wild_only	Wild only	1	20497536	20507535		0	True	-1.580263581
0.05	5%	farmed_and_wild	Farmed + wild	1	20717536	20727535	Dole7;Mystik Canada;Papek Czechia;Pronutrix+ Belgium;Starfood Holland	5	True	-2.714680776
0.05	5%	farmed_only	Farmed only	1	20917536	20927535	Mystik Canada	1	False	-1.186043172
0.05	5%	farmed_only	Farmed only	1	20922536	20932535	Kingsect Belgium	1	False	-1.73282041
0.05	5%	farmed_and_wild	Farmed + wild	1	20927536	20937535	Dole7;Mystik Canada;Papek Czechia;Pronutrix+ Belgium;Starfood Holland	5	True	-2.395015432
0.05	5%	farmed_and_wild	Farmed + wild	1	20937536	20947535	Dole7;Mystik Canada;Papek Czechia;Pronutrix+ Belgium;Starfood Holland	5	True	-2.808406078
0.05	5%	farmed_only	Farmed only	1	20942536	20952535	Kingsect Belgium	1	False	-1.682984399
0.05	5%	farmed_and_wild	Farmed + wild	1	20947536	20957535	Dole7;Mystik Canada;Papek Czechia;Pronutrix+ Belgium;Starfood Holland	5	True	-3.032929847
0.05	5%	farmed_and_wild	Farmed + wild	1	20957536	20967535	Dole7;Mystik Canada;Papek Czechia;Pronutrix+ Belgium;Starfood Holland	5	True	-3.106049747
0.05	5%	farmed_and_wild	Farmed + wild	1	20967536	20977535	Dole7;Mystik Canada;Papek Czechia;Pronutrix+ Belgium;Starfood Holland	5	True	-2.303814182
0.05	5%	farmed_and_wild	Farmed + wild	1	21447536	21457535	Dole7;Mystik Canada;Papek Czechia;Pronutrix+ Belgium;Starfood Holland	5	True	-2.209731733
0.05	5%	farmed_and_wild	Farmed + wild	1	21957536	21967535	Dole7;Mystik Canada;Papek Czechia;Pronutrix+ Belgium;Starfood Holland	5	True	-2.419109826
0.05	5%	farmed_and_wild	Farmed + wild	1	21967536	21977535	Dole7;Mystik Canada;Papek Czechia;Pronutrix+ Belgium;Starfood Holland	5	True	-2.328327386
0.05	5%	farmed_only	Farmed only	1	22067536	22077535	Dole7;Papek Czechia;Pronutrix+ Belgium;Starfood Holland	4	False	-2.435115794
0.05	5%	wild_only	Wild only	1	22117536	22127535		0	True	-1.619808161
0.05	5%	farmed_only	Farmed only	1	22777536	22787535	Pronutrix+ Belgium	1	False	-1.471665852
0.05	5%	farmed_and_wild	Farmed + wild	1	22787536	22797535	Dole7;Mystik Canada;Papek Czechia;Pronutrix+ Belgium	4	True	-2.038074975
0.05	5%	farmed_only	Farmed only	1	22897536	22907535	Dole7;Pronutrix+ Belgium;Starfood Holland	3	False	-2.070124055
0.05	5%	farmed_only	Farmed only	1	23317536	23327535	Dole7	1	False	-1.887106826
0.05	5%	farmed_only	Farmed only	1	23727536	23737535	Pronutrix+ Belgium	1	False	-1.512191563
0.05	5%	farmed_only	Farmed only	1	23857536	23867535	Dole7;Mystik Canada;Papek Czechia;Pronutrix+ Belgium;Starfood Holland	5	False	-2.059589598
0.05	5%	farmed_only	Farmed only	1	23867536	23877535	Mystik Canada	1	False	-1.303933023
0.05	5%	farmed_only	Farmed only	1	23897536	23907535	Dole7;Papek Czechia;Starfood Holland	3	False	-2.067326939
0.05	5%	farmed_only	Farmed only	1	24027536	24037535	Dole7	1	False	-1.854217728
0.05	5%	farmed_only	Farmed only	1	24142536	24152535	Kingsect Belgium	1	False	-1.689017619
0.05	5%	farmed_only	Farmed only	1	24152536	24162535	Kingsect Belgium	1	False	-1.700508038
0.05	5%	farmed_only	Farmed only	1	24167536	24177535	Dole7;Papek Czechia;Pronutrix+ Belgium	3	False	-1.999472277
0.05	5%	farmed_only	Farmed only	1	24172536	24182535	Kingsect Belgium	1	False	-1.723094103
0.05	5%	farmed_only	Farmed only	1	24217536	24227535	Dole7;Pronutrix+ Belgium	2	False	-1.890544366
0.05	5%	farmed_only	Farmed only	1	24267536	24277535	Pronutrix+ Belgium	1	False	-1.54879794
0.05	5%	farmed_only	Farmed only	1	24297536	24307535	Dole7	1	False	-1.839969237
0.05	5%	farmed_only	Farmed only	1	24497536	24507535	Dole7	1	False	-1.862692622
0.05	5%	farmed_only	Farmed only	1	24537536	24547535	Dole7	1	False	-1.920862266
0.05	5%	farmed_only	Farmed only	1	24757536	24767535	Dole7;Papek Czechia;Pronutrix+ Belgium;Starfood Holland	4	False	-2.123582298
0.05	5%	farmed_only	Farmed only	1	24767536	24777535	Dole7	1	False	-1.996538814
0.05	5%	farmed_only	Farmed only	1	24777536	24787535	Dole7;Mystik Canada	2	False	-1.876387367
0.05	5%	farmed_only	Farmed only	1	24947536	24957535	Dole7;Mystik Canada;Papek Czechia;Pronutrix+ Belgium;Starfood Holland	5	False	-2.260210909
0.05	5%	farmed_only	Farmed only	1	24977536	24987535	Dole7;Mystik Canada;Papek Czechia;Pronutrix+ Belgium;Starfood Holland	5	False	-2.355164681
0.05	5%	farmed_only	Farmed only	1	25037536	25047535	Dole7;Mystik Canada;Papek Czechia;Pronutrix+ Belgium	4	False	-1.865661954
0.05	5%	farmed_only	Farmed only	1	25107536	25117535	Dole7	1	False	-1.831587741
0.05	5%	farmed_only	Farmed only	1	25157536	25167535	Dole7;Pronutrix+ Belgium	2	False	-1.861075765
0.05	5%	farmed_only	Farmed only	1	25307536	25317535	Dole7	1	False	-1.802167955
0.05	5%	farmed_only	Farmed only	1	25397536	25407535	Dole7	1	False	-1.802048984
0.05	5%	farmed_only	Farmed only	1	25437536	25447535	Dole7	1	False	-1.847623904
0.05	5%	farmed_and_wild	Farmed + wild	1	25487536	25497535	Dole7;Mystik Canada;Papek Czechia;Pronutrix+ Belgium	4	True	-1.931793967
0.05	5%	farmed_and_wild	Farmed + wild	1	25567536	25577535	Dole7;Mystik Canada	2	True	-1.984480865
0.05	5%	farmed_only	Farmed only	1	25597536	25607535	Dole7	1	False	-1.846325137
0.05	5%	farmed_and_wild	Farmed + wild	1	25627536	25637535	Dole7;Pronutrix+ Belgium	2	True	-2.023148249
0.05	5%	wild_only	Wild only	1	25807536	25817535		0	True	-1.724184661
0.05	5%	farmed_only	Farmed only	1	25857536	25867535	Dole7	1	False	-1.900820377
0.05	5%	farmed_and_wild	Farmed + wild	1	26018102	26028101	Dole7;Pronutrix+ Belgium;Starfood Holland	3	True	-2.131977263
0.05	5%	farmed_only	Farmed only	1	26058102	26068101	Dole7	1	False	-1.834602906
0.05	5%	farmed_only	Farmed only	1	26098102	26108101	Dole7	1	False	-1.830553622
0.05	5%	farmed_only	Farmed only	1	26158102	26168101	Dole7	1	False	-1.899160476
0.05	5%	farmed_and_wild	Farmed + wild	1	26178102	26188101	Dole7;Mystik Canada;Papek Czechia;Pronutrix+ Belgium;Starfood Holland	5	True	-2.365748839
0.05	5%	farmed_only	Farmed only	1	26278102	26288101	Dole7	1	False	-1.81053892
0.05	5%	farmed_only	Farmed only	1	26283102	26293101	Kingsect Belgium	1	False	-1.676534562
0.05	5%	farmed_only	Farmed only	1	26328102	26338101	Dole7;Mystik Canada;Papek Czechia;Pronutrix+ Belgium	4	False	-2.028660224
0.05	5%	farmed_only	Farmed only	1	26498102	26508101	Dole7	1	False	-1.875712731
0.05	5%	farmed_and_wild	Farmed + wild	1	26508102	26518101	Dole7;Mystik Canada;Papek Czechia;Pronutrix+ Belgium;Starfood Holland	5	True	-2.406304009
0.05	5%	farmed_only	Farmed only	1	26668102	26678101	Dole7;Papek Czechia;Starfood Holland	3	False	-2.343138974
0.05	5%	farmed_only	Farmed only	1	26698102	26708101	Dole7	1	False	-2.047139701
0.05	5%	farmed_only	Farmed only	1	26718102	26728101	Dole7	1	False	-1.819787165
0.05	5%	farmed_only	Farmed only	1	26738102	26748101	Dole7;Starfood Holland	2	False	-2.08589571
0.05	5%	farmed_only	Farmed only	1	26848102	26858101	Dole7	1	False	-1.863068636
0.05	5%	farmed_and_wild	Farmed + wild	1	26878102	26888101	Dole7;Mystik Canada;Papek Czechia;Pronutrix+ Belgium;Starfood Holland	5	True	-2.093117341
0.05	5%	farmed_only	Farmed only	1	26888102	26898101	Dole7	1	False	-1.803534321
0.05	5%	farmed_and_wild	Farmed + wild	1	26958102	26968101	Dole7	1	True	-1.802521549
0.05	5%	farmed_and_wild	Farmed + wild	1	27308102	27318101	Dole7;Mystik Canada;Papek Czechia;Pronutrix+ Belgium;Starfood Holland	5	True	-2.457938469
0.05	5%	farmed_and_wild	Farmed + wild	1	27328102	27338101	Dole7;Mystik Canada;Papek Czechia;Pronutrix+ Belgium;Starfood Holland	5	True	-2.448298555
0.05	5%	farmed_only	Farmed only	1	27343102	27353101	Kingsect Belgium	1	False	-1.704348138
0.05	5%	farmed_only	Farmed only	1	27353102	27363101	Kingsect Belgium	1	False	-1.773281674
0.05	5%	farmed_only	Farmed only	1	27363102	27373101	Kingsect Belgium	1	False	-1.694045041
0.05	5%	farmed_only	Farmed only	1	27373102	27383101	Kingsect Belgium	1	False	-1.689064581
0.05	5%	farmed_only	Farmed only	1	27388102	27398101	Dole7;Mystik Canada;Pronutrix+ Belgium;Starfood Holland	4	False	-2.078718109
0.05	5%	farmed_only	Farmed only	1	27498102	27508101	Dole7;Mystik Canada	2	False	-1.863883031
0.05	5%	farmed_only	Farmed only	1	27608102	27618101	Dole7;Pronutrix+ Belgium	2	False	-1.945129196
0.05	5%	farmed_and_wild	Farmed + wild	1	28108102	28118101	Dole7;Mystik Canada	2	True	-1.94416514
0.05	5%	farmed_only	Farmed only	1	28118102	28128101	Dole7	1	False	-2.026148851
0.05	5%	farmed_and_wild	Farmed + wild	1	28178102	28188101	Dole7	1	True	-1.953742275
0.05	5%	farmed_and_wild	Farmed + wild	1	28248102	28258101	Dole7;Pronutrix+ Belgium;Starfood Holland	3	True	-2.231608775
0.05	5%	farmed_only	Farmed only	1	29263102	29273101	Kingsect Belgium	1	False	-1.677983964
0.05	5%	farmed_only	Farmed only	1	29283102	29293101	Kingsect Belgium	1	False	-1.707601034
0.05	5%	farmed_only	Farmed only	1	29293102	29303101	Kingsect Belgium	1	False	-1.749968317
0.05	5%	farmed_only	Farmed only	1	29303102	29313101	Kingsect Belgium	1	False	-1.726394694
0.05	5%	farmed_only	Farmed only	1	29308102	29318101	Dole7	1	False	-1.893177555
0.05	5%	farmed_only	Farmed only	1	29313102	29323101	Kingsect Belgium	1	False	-1.694214134
0.05	5%	farmed_only	Farmed only	1	29338102	29348101	Dole7;Mystik Canada;Papek Czechia;Pronutrix+ Belgium;Starfood Holland	5	False	-2.176259081
0.05	5%	farmed_only	Farmed only	1	29398102	29408101	Dole7	1	False	-1.82532332
0.05	5%	farmed_only	Farmed only	1	29408102	29418101	Dole7;Pronutrix+ Belgium	2	False	-1.959309009
0.05	5%	farmed_only	Farmed only	1	29428102	29438101	Dole7;Mystik Canada;Papek Czechia;Pronutrix+ Belgium;Starfood Holland	5	False	-2.144072537
0.05	5%	farmed_only	Farmed only	1	29438102	29448101	Dole7	1	False	-1.859408595
0.05	5%	farmed_only	Farmed only	1	29448102	29458101	Dole7;Mystik Canada;Papek Czechia;Pronutrix+ Belgium	4	False	-2.089122209
0.05	5%	farmed_only	Farmed only	1	29468102	29478101	Dole7;Pronutrix+ Belgium	2	False	-1.860192713
0.05	5%	farmed_only	Farmed only	1	29478102	29488101	Dole7	1	False	-1.929140292
0.05	5%	farmed_only	Farmed only	1	29578102	29588101	Dole7;Papek Czechia;Pronutrix+ Belgium	3	False	-1.970501901
0.05	5%	farmed_only	Farmed only	1	29688102	29698101	Dole7;Mystik Canada;Papek Czechia;Pronutrix+ Belgium	4	False	-1.976690102
0.05	5%	farmed_only	Farmed only	1	29708102	29718101	Papek Czechia	1	False	-1.788940868
0.05	5%	farmed_only	Farmed only	1	29728102	29738101	Dole7	1	False	-1.844321744
0.05	5%	farmed_only	Farmed only	1	29733102	29743101	Kingsect Belgium	1	False	-1.781627079
0.05	5%	farmed_only	Farmed only	1	29738102	29748101	Dole7;Mystik Canada	2	False	-2.057945513
0.05	5%	farmed_only	Farmed only	1	29743102	29753101	Kingsect Belgium	1	False	-1.866264362
0.05	5%	farmed_only	Farmed only	1	29748102	29758101	Dole7;Mystik Canada;Papek Czechia;Pronutrix+ Belgium;Starfood Holland	5	False	-2.157431152
0.05	5%	farmed_only	Farmed only	1	29753102	29763101	Kingsect Belgium	1	False	-1.909465459
0.05	5%	farmed_only	Farmed only	1	29758102	29768101	Dole7	1	False	-1.847577998
0.05	5%	farmed_only	Farmed only	1	29763102	29773101	Kingsect Belgium	1	False	-1.960072777
0.05	5%	farmed_only	Farmed only	1	29768102	29778101	Dole7;Papek Czechia;Pronutrix+ Belgium;Starfood Holland	4	False	-2.197012319
0.05	5%	farmed_only	Farmed only	1	29773102	29783101	Kingsect Belgium	1	False	-2.014137215
0.05	5%	farmed_only	Farmed only	1	29783102	29793101	Kingsect Belgium	1	False	-2.072779931
0.05	5%	farmed_only	Farmed only	1	29788102	29798101	Dole7;Mystik Canada;Papek Czechia;Pronutrix+ Belgium;Starfood Holland	5	False	-2.352671059
0.05	5%	farmed_only	Farmed only	1	29793102	29803101	Kingsect Belgium	1	False	-2.084936345
0.05	5%	farmed_only	Farmed only	1	29803102	29813101	Kingsect Belgium	1	False	-2.039871473
0.05	5%	farmed_only	Farmed only	1	29808102	29818101	Dole7;Mystik Canada;Papek Czechia;Pronutrix+ Belgium	4	False	-2.098402287
0.05	5%	farmed_only	Farmed only	1	29813102	29823101	Kingsect Belgium	1	False	-2.035321788
0.05	5%	farmed_only	Farmed only	1	29818102	29828101	Dole7;Pronutrix+ Belgium;Starfood Holland	3	False	-2.048794904
0.05	5%	farmed_only	Farmed only	1	29823102	29833101	Kingsect Belgium	1	False	-1.96872072
0.05	5%	farmed_and_wild	Farmed + wild	1	29828102	29838101	Dole7;Mystik Canada;Papek Czechia;Pronutrix+ Belgium;Starfood Holland	5	True	-2.281407361
0.05	5%	farmed_only	Farmed only	1	29833102	29843101	Kingsect Belgium	1	False	-1.900447436
0.05	5%	farmed_and_wild	Farmed + wild	1	29838102	29848101	Dole7;Mystik Canada;Papek Czechia;Pronutrix+ Belgium;Starfood Holland	5	True	-2.116400305
0.05	5%	farmed_only	Farmed only	1	29843102	29853101	Kingsect Belgium	1	False	-1.913495756
0.05	5%	farmed_only	Farmed only	1	29853102	29863101	Kingsect Belgium	1	False	-1.883655444
0.05	5%	farmed_only	Farmed only	1	29863102	29873101	Kingsect Belgium	1	False	-1.850835312
0.05	5%	farmed_only	Farmed only	1	29868102	29878101	Dole7	1	False	-1.86592694
0.05	5%	farmed_only	Farmed only	1	29873102	29883101	Kingsect Belgium	1	False	-1.75566855
0.05	5%	farmed_only	Farmed only	1	29883102	29893101	Kingsect Belgium	1	False	-1.67955307
0.05	5%	farmed_and_wild	Farmed + wild	1	29888102	29898101	Dole7;Mystik Canada;Papek Czechia;Pronutrix+ Belgium;Starfood Holland	5	True	-2.491476973
0.05	5%	farmed_only	Farmed only	1	29923102	29933101	Kingsect Belgium	1	False	-1.678711025
0.05	5%	farmed_only	Farmed only	1	29933102	29943101	Kingsect Belgium	1	False	-1.744272
0.05	5%	farmed_only	Farmed only	1	29943102	29953101	Kingsect Belgium	1	False	-1.67951645
0.05	5%	farmed_only	Farmed only	1	29948102	29958101	Dole7	1	False	-1.895217986
0.05	5%	farmed_only	Farmed only	1	29953102	29963101	Kingsect Belgium	1	False	-1.704550016
0.05	5%	farmed_only	Farmed only	1	29963102	29973101	Kingsect Belgium	1	False	-1.742596415
0.05	5%	farmed_only	Farmed only	1	29968102	29978101	Pronutrix+ Belgium	1	False	-1.513401701
0.05	5%	farmed_only	Farmed only	1	29973102	29983101	Kingsect Belgium	1	False	-1.823391474
0.05	5%	farmed_only	Farmed only	1	29978102	29988101	Mystik Canada;Papek Czechia;Starfood Holland	3	False	-2.048888439
0.05	5%	farmed_only	Farmed only	1	29983102	29993101	Kingsect Belgium	1	False	-1.877464657
0.05	5%	farmed_only	Farmed only	1	29988102	29998101	Dole7;Papek Czechia;Pronutrix+ Belgium	3	False	-2.066058022
0.05	5%	farmed_only	Farmed only	1	29993102	30003101	Kingsect Belgium	1	False	-1.928103313
0.05	5%	farmed_only	Farmed only	1	30003102	30013101	Kingsect Belgium	1	False	-1.94707265
0.05	5%	farmed_only	Farmed only	1	30008102	30018101	Dole7;Mystik Canada;Papek Czechia;Pronutrix+ Belgium;Starfood Holland	5	False	-2.086857072
0.05	5%	farmed_only	Farmed only	1	30013102	30023101	Kingsect Belgium	1	False	-2.031181082
0.05	5%	farmed_only	Farmed only	1	30018102	30028101	Dole7	1	False	-1.84253146
0.05	5%	farmed_only	Farmed only	1	30023102	30033101	Kingsect Belgium	1	False	-2.068792463
0.05	5%	farmed_only	Farmed only	1	30028102	30038101	Papek Czechia;Pronutrix+ Belgium	2	False	-1.764163237
0.05	5%	farmed_only	Farmed only	1	30033102	30043101	Kingsect Belgium	1	False	-2.058030598
0.05	5%	farmed_only	Farmed only	1	30038102	30048101	Dole7;Mystik Canada;Papek Czechia;Pronutrix+ Belgium;Starfood Holland	5	False	-2.180156359
0.05	5%	farmed_only	Farmed only	1	30043102	30053101	Kingsect Belgium	1	False	-2.018086907
0.05	5%	farmed_only	Farmed only	1	30048102	30058101	Dole7;Mystik Canada;Pronutrix+ Belgium	3	False	-1.888879679
0.05	5%	farmed_only	Farmed only	1	30053102	30063101	Kingsect Belgium	1	False	-2.057124401
0.05	5%	farmed_only	Farmed only	1	30058102	30068101	Dole7;Mystik Canada;Papek Czechia;Pronutrix+ Belgium;Starfood Holland	5	False	-2.087645754
0.05	5%	farmed_only	Farmed only	1	30063102	30073101	Kingsect Belgium	1	False	-2.011062061
0.05	5%	farmed_only	Farmed only	1	30068102	30078101	Dole7;Mystik Canada;Papek Czechia;Pronutrix+ Belgium;Starfood Holland	5	False	-2.335295388
0.05	5%	farmed_only	Farmed only	1	30073102	30083101	Kingsect Belgium	1	False	-1.945377235
0.05	5%	farmed_only	Farmed only	1	30083102	30093101	Kingsect Belgium	1	False	-1.946382757
0.05	5%	farmed_only	Farmed only	1	30093102	30103101	Kingsect Belgium	1	False	-1.906832129
0.05	5%	farmed_only	Farmed only	1	30098102	30108101	Dole7;Papek Czechia;Pronutrix+ Belgium;Starfood Holland	4	False	-2.129565669
0.05	5%	farmed_only	Farmed only	1	30103102	30113101	Kingsect Belgium	1	False	-1.853715616
0.05	5%	farmed_only	Farmed only	1	30113102	30123101	Kingsect Belgium	1	False	-1.841729931
0.05	5%	farmed_only	Farmed only	1	30123102	30133101	Kingsect Belgium	1	False	-1.779534646
0.05	5%	farmed_only	Farmed only	1	30133102	30143101	Kingsect Belgium	1	False	-1.822549195
0.05	5%	farmed_only	Farmed only	1	30138102	30148101	Dole7;Pronutrix+ Belgium	2	False	-2.047994923
0.05	5%	farmed_only	Farmed only	1	30143102	30153101	Kingsect Belgium	1	False	-1.888665954
0.05	5%	farmed_only	Farmed only	1	30153102	30163101	Kingsect Belgium	1	False	-1.963495226
0.05	5%	farmed_only	Farmed only	1	30158102	30168101	Dole7;Papek Czechia;Starfood Holland	3	False	-2.109245828
0.05	5%	farmed_only	Farmed only	1	30163102	30173101	Kingsect Belgium	1	False	-2.017563065
0.05	5%	farmed_only	Farmed only	1	30168102	30178101	Dole7;Papek Czechia	2	False	-1.982784838
0.05	5%	farmed_only	Farmed only	1	30173102	30183101	Kingsect Belgium	1	False	-2.041626851
0.05	5%	farmed_only	Farmed only	1	30178102	30188101	Dole7;Mystik Canada;Papek Czechia;Pronutrix+ Belgium	4	False	-1.978715641
0.05	5%	farmed_only	Farmed only	1	30183102	30193101	Kingsect Belgium	1	False	-2.030010326
0.05	5%	farmed_and_wild	Farmed + wild	1	30188102	30198101	Dole7;Papek Czechia;Pronutrix+ Belgium	3	True	-1.964074209
0.05	5%	farmed_only	Farmed only	1	30193102	30203101	Kingsect Belgium	1	False	-2.084852542
0.05	5%	farmed_and_wild	Farmed + wild	1	30198102	30208101	Dole7;Mystik Canada;Papek Czechia;Pronutrix+ Belgium;Starfood Holland	5	True	-2.394272735
0.05	5%	farmed_only	Farmed only	1	30203102	30213101	Kingsect Belgium	1	False	-2.087787079
0.05	5%	farmed_only	Farmed only	1	30208102	30218101	Dole7;Mystik Canada;Papek Czechia;Pronutrix+ Belgium;Starfood Holland	5	False	-2.179885741
0.05	5%	farmed_only	Farmed only	1	30213102	30223101	Kingsect Belgium	1	False	-2.06334633
0.05	5%	farmed_only	Farmed only	1	30223102	30233101	Kingsect Belgium	1	False	-1.986631696
0.05	5%	farmed_only	Farmed only	1	30233102	30243101	Kingsect Belgium	1	False	-1.94952512
0.05	5%	farmed_only	Farmed only	1	30238102	30248101	Dole7;Mystik Canada;Starfood Holland	3	False	-2.206575287
0.05	5%	farmed_only	Farmed only	1	30243102	30253101	Kingsect Belgium	1	False	-1.896083605
0.05	5%	farmed_only	Farmed only	1	30253102	30263101	Kingsect Belgium	1	False	-1.816560893
0.05	5%	farmed_only	Farmed only	1	30263102	30273101	Kingsect Belgium	1	False	-1.790600392
0.05	5%	farmed_only	Farmed only	1	30273102	30283101	Kingsect Belgium	1	False	-1.855391651
0.05	5%	farmed_only	Farmed only	1	30283102	30293101	Kingsect Belgium	1	False	-1.930911097
0.05	5%	farmed_only	Farmed only	1	30293102	30303101	Kingsect Belgium	1	False	-1.902465683
0.05	5%	farmed_only	Farmed only	1	30298102	30308101	Dole7;Pronutrix+ Belgium	2	False	-1.985607262
0.05	5%	farmed_only	Farmed only	1	30303102	30313101	Kingsect Belgium	1	False	-1.936438867
0.05	5%	farmed_only	Farmed only	1	30308102	30318101	Dole7;Pronutrix+ Belgium	2	False	-1.986210828
0.05	5%	farmed_only	Farmed only	1	30313102	30323101	Kingsect Belgium	1	False	-1.934019719
0.05	5%	farmed_only	Farmed only	1	30318102	30328101	Dole7;Mystik Canada;Papek Czechia;Pronutrix+ Belgium;Starfood Holland	5	False	-2.141261229
0.05	5%	farmed_only	Farmed only	1	30323102	30333101	Kingsect Belgium	1	False	-2.015025962
0.05	5%	farmed_and_wild	Farmed + wild	1	30328102	30338101	Dole7;Mystik Canada;Papek Czechia;Pronutrix+ Belgium;Starfood Holland	5	True	-2.472250833
0.05	5%	farmed_only	Farmed only	1	30333102	30343101	Kingsect Belgium	1	False	-2.019246855
0.05	5%	farmed_only	Farmed only	1	30338102	30348101	Dole7;Starfood Holland	2	False	-2.034651587
0.05	5%	farmed_only	Farmed only	1	30343102	30353101	Kingsect Belgium	1	False	-2.037308537
0.05	5%	farmed_only	Farmed only	1	30348102	30358101	Dole7	1	False	-1.880477144
0.05	5%	farmed_only	Farmed only	1	30353102	30363101	Kingsect Belgium	1	False	-2.007519244
0.05	5%	farmed_only	Farmed only	1	30358102	30368101	Dole7	1	False	-1.883329037
0.05	5%	farmed_only	Farmed only	1	30363102	30373101	Kingsect Belgium	1	False	-1.970516679
0.05	5%	farmed_only	Farmed only	1	30373102	30383101	Kingsect Belgium	1	False	-1.880531344
0.05	5%	farmed_only	Farmed only	1	30383102	30393101	Kingsect Belgium	1	False	-1.675467105
0.05	5%	farmed_only	Farmed only	1	30478102	30488101	Pronutrix+ Belgium	1	False	-1.530663639
0.05	5%	farmed_only	Farmed only	1	30488102	30498101	Dole7;Mystik Canada;Papek Czechia;Pronutrix+ Belgium;Starfood Holland	5	False	-2.140068179
0.05	5%	farmed_only	Farmed only	1	30518102	30528101	Dole7;Mystik Canada;Papek Czechia;Pronutrix+ Belgium;Starfood Holland	5	False	-2.258645094
0.05	5%	farmed_only	Farmed only	1	30528102	30538101	Mystik Canada;Pronutrix+ Belgium;Starfood Holland	3	False	-2.136454546
0.05	5%	farmed_only	Farmed only	1	30558102	30568101	Dole7;Mystik Canada;Papek Czechia;Pronutrix+ Belgium;Starfood Holland	5	False	-2.105401759
0.05	5%	farmed_only	Farmed only	1	30568102	30578101	Dole7;Mystik Canada;Pronutrix+ Belgium;Starfood Holland	4	False	-2.046632682
0.05	5%	farmed_only	Farmed only	1	30588102	30598101	Dole7;Pronutrix+ Belgium	2	False	-2.105620719
0.05	5%	farmed_only	Farmed only	1	30598102	30608101	Dole7;Papek Czechia;Pronutrix+ Belgium;Starfood Holland	4	False	-2.220397024
0.05	5%	farmed_only	Farmed only	1	30608102	30618101	Dole7;Mystik Canada;Papek Czechia;Pronutrix+ Belgium	4	False	-2.181985957
0.05	5%	farmed_only	Farmed only	1	30648102	30658101	Dole7;Papek Czechia;Pronutrix+ Belgium	3	False	-1.882731981
0.05	5%	farmed_only	Farmed only	1	30678102	30688101	Dole7;Starfood Holland	2	False	-2.043250485
0.05	5%	farmed_only	Farmed only	1	30708102	30718101	Dole7;Papek Czechia	2	False	-1.918133254
0.05	5%	farmed_only	Farmed only	1	30718102	30728101	Dole7;Papek Czechia	2	False	-1.909492762
0.05	5%	farmed_only	Farmed only	1	30728102	30738101	Dole7;Papek Czechia;Pronutrix+ Belgium;Starfood Holland	4	False	-2.04782579
0.05	5%	farmed_only	Farmed only	1	30748102	30758101	Dole7	1	False	-1.799618172
0.05	5%	farmed_only	Farmed only	1	30848102	30858101	Dole7;Papek Czechia;Starfood Holland	3	False	-2.224830024
0.05	5%	farmed_only	Farmed only	1	30858102	30868101	Dole7;Pronutrix+ Belgium	2	False	-1.86524248
0.05	5%	farmed_only	Farmed only	1	30868102	30878101	Dole7;Pronutrix+ Belgium;Starfood Holland	3	False	-2.166056522
0.05	5%	farmed_and_wild	Farmed + wild	1	30908102	30918101	Dole7;Mystik Canada;Papek Czechia;Pronutrix+ Belgium;Starfood Holland	5	True	-2.271899948
0.05	5%	farmed_only	Farmed only	1	30928102	30938101	Dole7;Mystik Canada;Papek Czechia;Pronutrix+ Belgium;Starfood Holland	5	False	-2.181369588
0.05	5%	farmed_only	Farmed only	1	30938102	30948101	Dole7;Mystik Canada;Papek Czechia;Pronutrix+ Belgium;Starfood Holland	5	False	-2.092993763
0.05	5%	farmed_and_wild	Farmed + wild	1	31198102	31208101	Mystik Canada	1	True	-1.639247979
0.05	5%	wild_only	Wild only	1	31398102	31408101		0	True	-1.577692927
0.05	5%	farmed_only	Farmed only	1	31438102	31448101	Dole7;Papek Czechia;Pronutrix+ Belgium;Starfood Holland	4	False	-2.101534046
0.05	5%	farmed_only	Farmed only	1	31483102	31493101	Kingsect Belgium	1	False	-1.676863256
0.05	5%	farmed_and_wild	Farmed + wild	1	31518102	31528101	Dole7;Mystik Canada;Pronutrix+ Belgium;Starfood Holland	4	True	-2.036754971
0.05	5%	farmed_only	Farmed only	1	31593102	31603101	Kingsect Belgium	1	False	-1.722138955
0.05	5%	farmed_only	Farmed only	1	31603102	31613101	Kingsect Belgium	1	False	-1.741500712
0.05	5%	farmed_only	Farmed only	1	31613102	31623101	Kingsect Belgium	1	False	-1.752512371
0.05	5%	farmed_only	Farmed only	1	31618102	31628101	Mystik Canada	1	False	-1.257946157
0.05	5%	farmed_only	Farmed only	1	31623102	31633101	Kingsect Belgium	1	False	-1.743435608
0.05	5%	farmed_only	Farmed only	1	31633102	31643101	Kingsect Belgium	1	False	-1.697960385
0.05	5%	farmed_and_wild	Farmed + wild	1	31788102	31798101	Mystik Canada	1	True	-1.699792125
0.05	5%	farmed_only	Farmed only	1	31868102	31878101	Dole7;Mystik Canada;Pronutrix+ Belgium	3	False	-1.835579006
0.05	5%	farmed_only	Farmed only	1	31913102	31923101	Kingsect Belgium	1	False	-1.690514369
0.05	5%	farmed_only	Farmed only	1	31948102	31958101	Mystik Canada	1	False	-1.234479739
0.05	5%	farmed_only	Farmed only	1	31953102	31963101	Kingsect Belgium	1	False	-1.67797534
0.05	5%	farmed_and_wild	Farmed + wild	1	31958102	31968101	Dole7;Mystik Canada;Pronutrix+ Belgium	3	True	-1.907679832
0.05	5%	farmed_only	Farmed only	1	31978102	31988101	Mystik Canada	1	False	-1.171200969
0.05	5%	farmed_only	Farmed only	1	32023102	32033101	Kingsect Belgium	1	False	-1.722322298
0.05	5%	farmed_only	Farmed only	1	32028102	32038101	Starfood Holland	1	False	-2.044674759
0.05	5%	farmed_only	Farmed only	1	32033102	32043101	Kingsect Belgium	1	False	-1.695455675
0.05	5%	farmed_only	Farmed only	1	32038102	32048101	Dole7;Mystik Canada;Papek Czechia;Pronutrix+ Belgium	4	False	-1.828570894
0.05	5%	farmed_and_wild	Farmed + wild	1	32058102	32068101	Dole7;Mystik Canada;Papek Czechia;Pronutrix+ Belgium;Starfood Holland	5	True	-2.331746026
0.05	5%	farmed_only	Farmed only	1	32063102	32073101	Kingsect Belgium	1	False	-1.711328592
0.05	5%	farmed_only	Farmed only	1	32073102	32083101	Kingsect Belgium	1	False	-1.7202402
0.05	5%	farmed_only	Farmed only	1	32083102	32093101	Kingsect Belgium	1	False	-1.720165745
0.05	5%	farmed_only	Farmed only	1	32103102	32113101	Kingsect Belgium	1	False	-1.676686439
0.05	5%	farmed_and_wild	Farmed + wild	1	32108102	32118101	Dole7;Papek Czechia;Pronutrix+ Belgium	3	True	-2.010015717
0.05	5%	farmed_only	Farmed only	1	32128102	32138101	Dole7;Papek Czechia	2	False	-1.861367888
0.05	5%	farmed_only	Farmed only	1	32168102	32178101	Dole7;Pronutrix+ Belgium;Starfood Holland	3	False	-2.171779873
0.05	5%	farmed_only	Farmed only	1	32198102	32208101	Mystik Canada;Pronutrix+ Belgium	2	False	-1.523417917
0.05	5%	farmed_only	Farmed only	1	32368102	32378101	Mystik Canada	1	False	-1.17906675
0.05	5%	farmed_only	Farmed only	1	32458102	32468101	Dole7	1	False	-1.886460213
0.05	5%	farmed_only	Farmed only	1	32478102	32488101	Dole7	1	False	-1.939982929
0.05	5%	farmed_only	Farmed only	1	32528102	32538101	Starfood Holland	1	False	-2.066583419
0.05	5%	farmed_only	Farmed only	1	32538102	32548101	Dole7;Starfood Holland	2	False	-2.327019107
0.05	5%	farmed_only	Farmed only	1	32678102	32688101	Starfood Holland	1	False	-2.115724683
0.05	5%	farmed_only	Farmed only	1	32708102	32718101	Dole7	1	False	-2.036963786
0.05	5%	farmed_only	Farmed only	1	32828102	32838101	Dole7;Mystik Canada;Papek Czechia;Pronutrix+ Belgium	4	False	-1.859063673
0.05	5%	farmed_only	Farmed only	1	33018102	33028101	Mystik Canada	1	False	-1.178440539
0.05	5%	wild_only	Wild only	1	33818102	33828101		0	True	-1.56212026
0.05	5%	farmed_and_wild	Farmed + wild	1	33988102	33998101	Dole7;Mystik Canada;Papek Czechia;Pronutrix+ Belgium;Starfood Holland	5	True	-2.897671235
0.05	5%	farmed_and_wild	Farmed + wild	1	33998102	34008101	Dole7;Mystik Canada;Papek Czechia;Pronutrix+ Belgium;Starfood Holland	5	True	-2.390964231
0.05	5%	wild_only	Wild only	1	34478102	34488101		0	True	-1.648058719
0.05	5%	farmed_only	Farmed only	1	35018102	35028101	Dole7	1	False	-1.923494543
0.05	5%	farmed_only	Farmed only	1	35408102	35418101	Dole7;Mystik Canada;Papek Czechia;Pronutrix+ Belgium	4	False	-1.956011062
0.05	5%	wild_only	Wild only	1	36378102	36388101		0	True	-1.804351769
0.05	5%	farmed_only	Farmed only	1	36448102	36458101	Dole7;Mystik Canada;Papek Czechia;Pronutrix+ Belgium;Starfood Holland	5	False	-2.551778003
0.05	5%	farmed_only	Farmed only	1	36548102	36558101	Dole7;Mystik Canada;Papek Czechia;Pronutrix+ Belgium	4	False	-1.901643812
0.05	5%	farmed_only	Farmed only	1	37378102	37388101	Pronutrix+ Belgium	1	False	-1.481183969
0.05	5%	wild_only	Wild only	1	38008102	38018101		0	True	-1.876322069
0.05	5%	wild_only	Wild only	1	38528102	38538101		0	True	-1.721301002
0.05	5%	farmed_and_wild	Farmed + wild	1	38908102	38918101	Dole7;Mystik Canada;Papek Czechia;Pronutrix+ Belgium;Starfood Holland	5	True	-2.707277689
0.05	5%	farmed_and_wild	Farmed + wild	1	38918102	38928101	Dole7;Mystik Canada;Papek Czechia;Pronutrix+ Belgium;Starfood Holland	5	True	-2.996495961
0.05	5%	farmed_only	Farmed only	1	39968102	39978101	Dole7;Mystik Canada	2	False	-2.040280922
0.05	5%	farmed_and_wild	Farmed + wild	1	41128102	41138101	Dole7;Mystik Canada;Papek Czechia;Pronutrix+ Belgium;Starfood Holland	5	True	-3.257207079
0.05	5%	farmed_and_wild	Farmed + wild	1	41138102	41148101	Mystik Canada;Papek Czechia;Pronutrix+ Belgium	3	True	-1.793953398
0.05	5%	wild_only	Wild only	1	41778102	41788101		0	True	-1.611423388
0.05	5%	farmed_only	Farmed only	1	43998102	44008101	Pronutrix+ Belgium	1	False	-1.480403613
0.05	5%	farmed_only	Farmed only	1	44368102	44378101	Dole7;Pronutrix+ Belgium	2	False	-1.799329414
0.05	5%	farmed_only	Farmed only	1	45058102	45068101	Dole7	1	False	-1.814607048
0.05	5%	farmed_only	Farmed only	1	45098102	45108101	Pronutrix+ Belgium	1	False	-1.542959827
0.05	5%	farmed_only	Farmed only	1	45668102	45678101	Mystik Canada;Papek Czechia;Pronutrix+ Belgium;Starfood Holland	4	False	-2.238656323
0.05	5%	farmed_only	Farmed only	1	47488102	47498101	Mystik Canada;Pronutrix+ Belgium	2	False	-1.563001954
0.05	5%	farmed_and_wild	Farmed + wild	1	47498102	47508101	Dole7;Papek Czechia;Pronutrix+ Belgium;Starfood Holland	4	True	-2.444690521
0.05	5%	farmed_only	Farmed only	1	47503102	47513101	Kingsect Belgium	1	False	-1.68417375
0.05	5%	farmed_only	Farmed only	1	47508102	47518101	Dole7;Starfood Holland	2	False	-2.330369734
0.05	5%	farmed_and_wild	Farmed + wild	1	47518102	47528101	Dole7;Starfood Holland	2	True	-2.381169413
0.05	5%	farmed_and_wild	Farmed + wild	1	47528102	47538101	Dole7;Papek Czechia;Pronutrix+ Belgium;Starfood Holland	4	True	-2.663163776
0.05	5%	farmed_and_wild	Farmed + wild	1	47538102	47548101	Dole7;Mystik Canada;Papek Czechia;Pronutrix+ Belgium;Starfood Holland	5	True	-2.432285682
0.05	5%	farmed_only	Farmed only	10	5000	14999	Dole7	1	False	-1.860344496
0.05	5%	wild_only	Wild only	10	15000	24999		0	True	-1.646747468
0.05	5%	farmed_only	Farmed only	10	685000	694999	Dole7;Mystik Canada	2	False	-1.824014875
0.05	5%	farmed_and_wild	Farmed + wild	10	695000	704999	Dole7;Mystik Canada;Papek Czechia;Pronutrix+ Belgium;Starfood Holland	5	True	-2.444550868
0.05	5%	farmed_only	Farmed only	10	705000	714999	Dole7	1	False	-1.934463343
0.05	5%	wild_only	Wild only	10	945000	954999		0	True	-2.035543134
0.05	5%	farmed_only	Farmed only	10	1325000	1334999	Dole7;Papek Czechia;Pronutrix+ Belgium	3	False	-2.107539205
0.05	5%	wild_only	Wild only	10	1785000	1794999		0	True	-1.81723811
0.05	5%	farmed_and_wild	Farmed + wild	10	1795000	1804999	Dole7;Papek Czechia;Pronutrix+ Belgium;Starfood Holland	4	True	-2.589822205
0.05	5%	farmed_and_wild	Farmed + wild	10	1805000	1814999	Dole7;Papek Czechia;Pronutrix+ Belgium;Starfood Holland	4	True	-2.441740288
0.05	5%	farmed_and_wild	Farmed + wild	10	1815000	1824999	Dole7;Papek Czechia;Starfood Holland	3	True	-2.265882205
0.05	5%	farmed_and_wild	Farmed + wild	10	1825000	1834999	Dole7;Papek Czechia;Pronutrix+ Belgium	3	True	-2.475704239
0.05	5%	farmed_and_wild	Farmed + wild	10	1985000	1994999	Dole7	1	True	-1.82396689
0.05	5%	farmed_and_wild	Farmed + wild	10	1995000	2004999	Dole7;Pronutrix+ Belgium	2	True	-1.908029122
0.05	5%	wild_only	Wild only	10	3585000	3594999		0	True	-1.762004198
0.05	5%	farmed_and_wild	Farmed + wild	10	3825000	3834999	Dole7	1	True	-2.417858616
0.05	5%	farmed_only	Farmed only	10	5915000	5924999	Dole7	1	False	-1.881180758
0.05	5%	farmed_only	Farmed only	10	6545000	6554999	Dole7;Mystik Canada;Papek Czechia;Pronutrix+ Belgium;Starfood Holland	5	False	-2.153019174
0.05	5%	farmed_only	Farmed only	10	6555000	6564999	Papek Czechia;Starfood Holland	2	False	-2.047672764
0.05	5%	farmed_only	Farmed only	10	6565000	6574999	Pronutrix+ Belgium	1	False	-1.59098128
0.05	5%	farmed_only	Farmed only	10	6575000	6584999	Dole7;Papek Czechia;Pronutrix+ Belgium	3	False	-1.993897788
0.05	5%	farmed_only	Farmed only	10	6585000	6594999	Dole7;Papek Czechia;Pronutrix+ Belgium;Starfood Holland	4	False	-2.485674367
0.05	5%	farmed_only	Farmed only	10	6595000	6604999	Dole7;Papek Czechia;Pronutrix+ Belgium;Starfood Holland	4	False	-2.373111892
0.05	5%	farmed_only	Farmed only	10	6605000	6614999	Dole7;Papek Czechia;Pronutrix+ Belgium	3	False	-2.342339486
0.05	5%	farmed_only	Farmed only	10	6735000	6744999	Pronutrix+ Belgium	1	False	-1.566000709
0.05	5%	farmed_only	Farmed only	10	9655000	9664999	Mystik Canada;Papek Czechia;Pronutrix+ Belgium	3	False	-1.756572991
0.05	5%	farmed_only	Farmed only	10	9665000	9674999	Dole7;Papek Czechia	2	False	-1.853912952
0.05	5%	farmed_only	Farmed only	10	9675000	9684999	Papek Czechia	1	False	-1.756222768
0.05	5%	farmed_only	Farmed only	10	10775000	10784999	Dole7;Mystik Canada;Starfood Holland	3	False	-2.405878715
0.05	5%	farmed_and_wild	Farmed + wild	10	11905000	11914999	Dole7;Mystik Canada;Papek Czechia;Pronutrix+ Belgium	4	True	-2.092389319
0.05	5%	farmed_only	Farmed only	10	11955000	11964999	Dole7	1	False	-1.811263522
0.05	5%	farmed_only	Farmed only	10	12135000	12144999	Dole7;Mystik Canada;Pronutrix+ Belgium	3	False	-1.884608565
0.05	5%	farmed_only	Farmed only	10	12145000	12154999	Dole7;Mystik Canada;Papek Czechia;Pronutrix+ Belgium;Starfood Holland	5	False	-2.252617515
0.05	5%	farmed_and_wild	Farmed + wild	10	12155000	12164999	Dole7;Mystik Canada;Papek Czechia;Pronutrix+ Belgium;Starfood Holland	5	True	-2.451006915
0.05	5%	farmed_only	Farmed only	10	12165000	12174999	Dole7;Papek Czechia;Pronutrix+ Belgium;Starfood Holland	4	False	-2.276555925
0.05	5%	farmed_only	Farmed only	10	12175000	12184999	Mystik Canada;Papek Czechia	2	False	-1.763038973
0.05	5%	farmed_only	Farmed only	10	12185000	12194999	Dole7;Mystik Canada;Papek Czechia;Starfood Holland	4	False	-2.257509046
0.05	5%	farmed_and_wild	Farmed + wild	10	12205000	12214999	Dole7;Mystik Canada;Papek Czechia;Pronutrix+ Belgium;Starfood Holland	5	True	-2.37920372
0.05	5%	farmed_only	Farmed only	10	12215000	12224999	Dole7;Papek Czechia	2	False	-1.908219113
0.05	5%	farmed_and_wild	Farmed + wild	10	12235000	12244999	Dole7;Mystik Canada;Papek Czechia;Pronutrix+ Belgium;Starfood Holland	5	True	-2.036026131
0.05	5%	farmed_and_wild	Farmed + wild	10	12275000	12284999	Dole7;Mystik Canada;Papek Czechia;Pronutrix+ Belgium;Starfood Holland	5	True	-2.435090935
0.05	5%	farmed_only	Farmed only	10	12355000	12364999	Dole7	1	False	-1.872655743
0.05	5%	farmed_only	Farmed only	10	12415000	12424999	Dole7;Pronutrix+ Belgium	2	False	-1.824282331
0.05	5%	farmed_only	Farmed only	10	12475000	12484999	Dole7;Papek Czechia;Pronutrix+ Belgium;Starfood Holland	4	False	-2.092551701
0.05	5%	farmed_and_wild	Farmed + wild	10	12495000	12504999	Dole7;Papek Czechia	2	True	-2.115327674
0.05	5%	farmed_only	Farmed only	10	12555000	12564999	Dole7;Papek Czechia	2	False	-1.999707784
0.05	5%	farmed_only	Farmed only	10	12575000	12584999	Papek Czechia	1	False	-1.786995143
0.05	5%	farmed_only	Farmed only	10	12645000	12654999	Dole7	1	False	-1.975657694
0.05	5%	farmed_and_wild	Farmed + wild	10	12655000	12664999	Dole7;Mystik Canada;Papek Czechia;Pronutrix+ Belgium;Starfood Holland	5	True	-2.642908003
0.05	5%	farmed_only	Farmed only	10	12660000	12669999	Kingsect Belgium	1	False	-1.806298784
0.05	5%	farmed_and_wild	Farmed + wild	10	12665000	12674999	Dole7;Mystik Canada;Papek Czechia;Pronutrix+ Belgium;Starfood Holland	5	True	-2.55437569
0.05	5%	farmed_only	Farmed only	10	12670000	12679999	Kingsect Belgium	1	False	-1.950594988
0.05	5%	farmed_only	Farmed only	10	12675000	12684999	Dole7	1	False	-1.918165602
0.05	5%	farmed_only	Farmed only	10	12680000	12689999	Kingsect Belgium	1	False	-2.0744822
0.05	5%	farmed_only	Farmed only	10	12690000	12699999	Kingsect Belgium	1	False	-2.136676891
0.05	5%	farmed_only	Farmed only	10	12695000	12704999	Dole7;Mystik Canada;Papek Czechia;Pronutrix+ Belgium	4	False	-1.950500699
0.05	5%	farmed_only	Farmed only	10	12700000	12709999	Kingsect Belgium	1	False	-2.162344374
0.05	5%	farmed_only	Farmed only	10	12705000	12714999	Dole7;Mystik Canada;Papek Czechia;Pronutrix+ Belgium	4	False	-2.272872024
0.05	5%	farmed_only	Farmed only	10	12710000	12719999	Kingsect Belgium	1	False	-2.091897866
0.05	5%	farmed_only	Farmed only	10	12720000	12729999	Kingsect Belgium	1	False	-1.966242756
0.05	5%	farmed_only	Farmed only	10	12730000	12739999	Kingsect Belgium	1	False	-2.05212594
0.05	5%	farmed_only	Farmed only	10	12735000	12744999	Dole7;Papek Czechia;Pronutrix+ Belgium;Starfood Holland	4	False	-2.229248788
0.05	5%	farmed_only	Farmed only	10	12740000	12749999	Kingsect Belgium	1	False	-2.138669906
0.05	5%	farmed_only	Farmed only	10	12745000	12754999	Dole7;Mystik Canada;Papek Czechia;Pronutrix+ Belgium;Starfood Holland	5	False	-2.21492535
0.05	5%	farmed_only	Farmed only	10	12750000	12759999	Kingsect Belgium	1	False	-2.184571916
0.05	5%	farmed_only	Farmed only	10	12755000	12764999	Dole7;Papek Czechia	2	False	-2.035417456
0.05	5%	farmed_only	Farmed only	10	12760000	12769999	Kingsect Belgium	1	False	-2.250300506
0.05	5%	farmed_only	Farmed only	10	12770000	12779999	Kingsect Belgium	1	False	-2.283997261
0.05	5%	farmed_and_wild	Farmed + wild	10	12775000	12784999	Dole7;Mystik Canada;Papek Czechia;Pronutrix+ Belgium;Starfood Holland	5	True	-2.443956912
0.05	5%	farmed_only	Farmed only	10	12780000	12789999	Kingsect Belgium	1	False	-2.282041118
0.05	5%	farmed_only	Farmed only	10	12785000	12794999	Dole7;Mystik Canada;Papek Czechia;Pronutrix+ Belgium;Starfood Holland	5	False	-2.063812123
0.05	5%	farmed_only	Farmed only	10	12790000	12799999	Kingsect Belgium	1	False	-2.116099358
0.05	5%	farmed_and_wild	Farmed + wild	10	12795000	12804999	Dole7;Mystik Canada;Papek Czechia;Pronutrix+ Belgium;Starfood Holland	5	True	-2.426990286
0.05	5%	farmed_only	Farmed only	10	12800000	12809999	Kingsect Belgium	1	False	-2.156608726
0.05	5%	farmed_and_wild	Farmed + wild	10	12805000	12814999	Dole7;Mystik Canada;Papek Czechia;Pronutrix+ Belgium;Starfood Holland	5	True	-2.628759467
0.05	5%	farmed_only	Farmed only	10	12810000	12819999	Kingsect Belgium	1	False	-2.224429497
0.05	5%	farmed_only	Farmed only	10	12815000	12824999	Dole7	1	False	-1.857134794
0.05	5%	farmed_only	Farmed only	10	12820000	12829999	Kingsect Belgium	1	False	-2.309004402
0.05	5%	farmed_only	Farmed only	10	12830000	12839999	Kingsect Belgium	1	False	-2.290379565
0.05	5%	farmed_only	Farmed only	10	12840000	12849999	Kingsect Belgium	1	False	-2.317387116
0.05	5%	farmed_only	Farmed only	10	12845000	12854999	Dole7	1	False	-2.027420698
0.05	5%	farmed_only	Farmed only	10	12850000	12859999	Kingsect Belgium	1	False	-2.343407422
0.05	5%	farmed_and_wild	Farmed + wild	10	12855000	12864999	Dole7;Mystik Canada;Papek Czechia;Pronutrix+ Belgium;Starfood Holland	5	True	-3.054680361
0.05	5%	farmed_only	Farmed only	10	12860000	12869999	Kingsect Belgium	1	False	-2.258799568
0.05	5%	farmed_and_wild	Farmed + wild	10	12865000	12874999	Dole7;Mystik Canada;Papek Czechia;Pronutrix+ Belgium;Starfood Holland	5	True	-2.550826258
0.05	5%	farmed_only	Farmed only	10	12870000	12879999	Kingsect Belgium	1	False	-2.253967932
0.05	5%	farmed_only	Farmed only	10	12875000	12884999	Dole7;Mystik Canada;Papek Czechia	3	False	-2.10070047
0.05	5%	farmed_only	Farmed only	10	12880000	12889999	Kingsect Belgium	1	False	-2.145365307
0.05	5%	farmed_only	Farmed only	10	12885000	12894999	Dole7;Mystik Canada;Papek Czechia;Pronutrix+ Belgium;Starfood Holland	5	False	-2.32651231
0.05	5%	farmed_only	Farmed only	10	12890000	12899999	Kingsect Belgium	1	False	-2.202430283
0.05	5%	farmed_and_wild	Farmed + wild	10	12895000	12904999	Dole7;Mystik Canada;Papek Czechia;Pronutrix+ Belgium;Starfood Holland	5	True	-2.406156888
0.05	5%	farmed_only	Farmed only	10	12900000	12909999	Kingsect Belgium	1	False	-2.135015312
0.05	5%	farmed_only	Farmed only	10	12910000	12919999	Kingsect Belgium	1	False	-2.090697951
0.05	5%	farmed_only	Farmed only	10	12915000	12924999	Dole7	1	False	-1.845824237
0.05	5%	farmed_only	Farmed only	10	12920000	12929999	Kingsect Belgium	1	False	-2.017311507
0.05	5%	farmed_only	Farmed only	10	12930000	12939999	Kingsect Belgium	1	False	-1.970943936
0.05	5%	farmed_only	Farmed only	10	12940000	12949999	Kingsect Belgium	1	False	-1.902829626
0.05	5%	farmed_only	Farmed only	10	12945000	12954999	Mystik Canada	1	False	-1.203895818
0.05	5%	farmed_only	Farmed only	10	12950000	12959999	Kingsect Belgium	1	False	-1.837464701
0.05	5%	farmed_only	Farmed only	10	12955000	12964999	Dole7;Mystik Canada;Papek Czechia	3	False	-2.130406482
0.05	5%	farmed_only	Farmed only	10	12960000	12969999	Kingsect Belgium	1	False	-1.819578902
0.05	5%	farmed_only	Farmed only	10	12970000	12979999	Kingsect Belgium	1	False	-1.772943085
0.05	5%	farmed_only	Farmed only	10	12980000	12989999	Kingsect Belgium	1	False	-1.880615919
0.05	5%	farmed_only	Farmed only	10	12990000	12999999	Kingsect Belgium	1	False	-1.964939523
0.05	5%	farmed_only	Farmed only	10	12995000	13004999	Dole7;Mystik Canada	2	False	-1.925905329
0.05	5%	farmed_only	Farmed only	10	13000000	13009999	Kingsect Belgium	1	False	-1.936767712
0.05	5%	farmed_only	Farmed only	10	13010000	13019999	Kingsect Belgium	1	False	-1.905238133
0.05	5%	farmed_only	Farmed only	10	13020000	13029999	Kingsect Belgium	1	False	-1.941410906
0.05	5%	farmed_only	Farmed only	10	13030000	13039999	Kingsect Belgium	1	False	-1.938083662
0.05	5%	farmed_only	Farmed only	10	13040000	13049999	Kingsect Belgium	1	False	-1.937859854
0.05	5%	farmed_only	Farmed only	10	13050000	13059999	Kingsect Belgium	1	False	-1.972298198
0.05	5%	farmed_only	Farmed only	10	13060000	13069999	Kingsect Belgium	1	False	-1.895455034
0.05	5%	farmed_only	Farmed only	10	13070000	13079999	Kingsect Belgium	1	False	-1.903609391
0.05	5%	wild_only	Wild only	10	13075000	13084999		0	True	-1.627012171
0.05	5%	farmed_only	Farmed only	10	13080000	13089999	Kingsect Belgium	1	False	-1.878856368
0.05	5%	farmed_and_wild	Farmed + wild	10	13085000	13094999	Dole7;Papek Czechia;Pronutrix+ Belgium;Starfood Holland	4	True	-2.165439038
0.05	5%	farmed_only	Farmed only	10	13090000	13099999	Kingsect Belgium	1	False	-1.852871174
0.05	5%	farmed_and_wild	Farmed + wild	10	13095000	13104999	Dole7;Mystik Canada;Papek Czechia;Pronutrix+ Belgium	4	True	-1.996122777
0.05	5%	farmed_only	Farmed only	10	13100000	13109999	Kingsect Belgium	1	False	-1.836633027
0.05	5%	farmed_only	Farmed only	10	13110000	13119999	Kingsect Belgium	1	False	-1.806445622
0.05	5%	farmed_only	Farmed only	10	13120000	13129999	Kingsect Belgium	1	False	-1.766822367
0.05	5%	farmed_only	Farmed only	10	13130000	13139999	Kingsect Belgium	1	False	-1.704626522
0.05	5%	farmed_only	Farmed only	10	13140000	13149999	Kingsect Belgium	1	False	-1.722737598
0.05	5%	farmed_only	Farmed only	10	13150000	13159999	Kingsect Belgium	1	False	-1.708801703
0.05	5%	farmed_only	Farmed only	10	13160000	13169999	Kingsect Belgium	1	False	-1.680359868
0.05	5%	farmed_only	Farmed only	10	13185000	13194999	Papek Czechia	1	False	-1.755186725
0.05	5%	farmed_and_wild	Farmed + wild	10	13195000	13204999	Dole7;Papek Czechia	2	True	-1.930435658
0.05	5%	farmed_only	Farmed only	10	13280000	13289999	Kingsect Belgium	1	False	-1.690543196
0.05	5%	farmed_only	Farmed only	10	13290000	13299999	Kingsect Belgium	1	False	-1.695870176
0.05	5%	farmed_only	Farmed only	10	13295000	13304999	Dole7;Papek Czechia	2	False	-1.833787488
0.05	5%	farmed_only	Farmed only	10	13300000	13309999	Kingsect Belgium	1	False	-1.786584607
0.05	5%	farmed_only	Farmed only	10	13310000	13319999	Kingsect Belgium	1	False	-1.862323907
0.05	5%	farmed_only	Farmed only	10	13320000	13329999	Kingsect Belgium	1	False	-1.916452374
0.05	5%	farmed_only	Farmed only	10	13330000	13339999	Kingsect Belgium	1	False	-1.94590989
0.05	5%	farmed_only	Farmed only	10	13335000	13344999	Dole7	1	False	-1.996302606
0.05	5%	farmed_only	Farmed only	10	13340000	13349999	Kingsect Belgium	1	False	-1.965654736
0.05	5%	farmed_and_wild	Farmed + wild	10	13345000	13354999	Dole7;Mystik Canada;Papek Czechia;Pronutrix+ Belgium;Starfood Holland	5	True	-2.239381867
0.05	5%	farmed_only	Farmed only	10	13350000	13359999	Kingsect Belgium	1	False	-1.89074279
0.05	5%	farmed_only	Farmed only	10	13355000	13364999	Dole7	1	False	-1.824782447
0.05	5%	farmed_only	Farmed only	10	13360000	13369999	Kingsect Belgium	1	False	-1.865731891
0.05	5%	farmed_only	Farmed only	10	13370000	13379999	Kingsect Belgium	1	False	-1.813735696
0.05	5%	farmed_only	Farmed only	10	13380000	13389999	Kingsect Belgium	1	False	-1.844678231
0.05	5%	farmed_only	Farmed only	10	13390000	13399999	Kingsect Belgium	1	False	-1.874002006
0.05	5%	farmed_only	Farmed only	10	13400000	13409999	Kingsect Belgium	1	False	-1.921135828
0.05	5%	farmed_only	Farmed only	10	13410000	13419999	Kingsect Belgium	1	False	-1.930185714
0.05	5%	farmed_only	Farmed only	10	13420000	13429999	Kingsect Belgium	1	False	-1.941523503
0.05	5%	farmed_and_wild	Farmed + wild	10	13425000	13434999	Dole7;Mystik Canada;Papek Czechia;Pronutrix+ Belgium	4	True	-2.144878456
0.05	5%	farmed_only	Farmed only	10	13430000	13439999	Kingsect Belgium	1	False	-1.915585966
0.05	5%	farmed_and_wild	Farmed + wild	10	13435000	13444999	Dole7;Mystik Canada;Papek Czechia;Pronutrix+ Belgium;Starfood Holland	5	True	-2.623552941
0.05	5%	farmed_only	Farmed only	10	13440000	13449999	Kingsect Belgium	1	False	-1.936919495
0.05	5%	farmed_and_wild	Farmed + wild	10	13445000	13454999	Dole7;Mystik Canada;Papek Czechia;Pronutrix+ Belgium;Starfood Holland	5	True	-2.726332456
0.05	5%	farmed_only	Farmed only	10	13450000	13459999	Kingsect Belgium	1	False	-1.948777471
0.05	5%	wild_only	Wild only	10	13455000	13464999		0	True	-1.617022154
0.05	5%	farmed_only	Farmed only	10	13460000	13469999	Kingsect Belgium	1	False	-2.054844696
0.05	5%	farmed_and_wild	Farmed + wild	10	13465000	13474999	Dole7;Pronutrix+ Belgium;Starfood Holland	3	True	-2.205852376
0.05	5%	farmed_only	Farmed only	10	13470000	13479999	Kingsect Belgium	1	False	-2.087644334
0.05	5%	farmed_only	Farmed only	10	13480000	13489999	Kingsect Belgium	1	False	-2.002369585
0.05	5%	farmed_only	Farmed only	10	13490000	13499999	Kingsect Belgium	1	False	-1.955421167
0.05	5%	farmed_only	Farmed only	10	13495000	13504999	Dole7	1	False	-1.815295295
0.05	5%	farmed_only	Farmed only	10	13500000	13509999	Kingsect Belgium	1	False	-1.773932338
0.05	5%	farmed_and_wild	Farmed + wild	10	13505000	13514999	Dole7;Papek Czechia;Pronutrix+ Belgium;Starfood Holland	4	True	-2.1284607
0.05	5%	farmed_only	Farmed only	10	13510000	13519999	Kingsect Belgium	1	False	-1.769896253
0.05	5%	farmed_only	Farmed only	10	13520000	13529999	Kingsect Belgium	1	False	-1.749339154
0.05	5%	farmed_only	Farmed only	10	13530000	13539999	Kingsect Belgium	1	False	-1.781046622
0.05	5%	farmed_and_wild	Farmed + wild	10	13535000	13544999	Dole7;Starfood Holland	2	True	-2.079612077
0.05	5%	farmed_only	Farmed only	10	13540000	13549999	Kingsect Belgium	1	False	-1.701158491
0.05	5%	farmed_only	Farmed only	10	13555000	13564999	Dole7	1	False	-1.865729055
0.05	5%	farmed_only	Farmed only	10	13605000	13614999	Dole7	1	False	-1.889744657
0.05	5%	farmed_only	Farmed only	10	13665000	13674999	Dole7	1	False	-1.871701311
0.05	5%	farmed_only	Farmed only	10	13675000	13684999	Dole7	1	False	-1.857515785
0.05	5%	farmed_only	Farmed only	10	13685000	13694999	Dole7	1	False	-1.99874201
0.05	5%	farmed_only	Farmed only	10	13690000	13699999	Kingsect Belgium	1	False	-1.762965667
0.05	5%	farmed_only	Farmed only	10	13695000	13704999	Dole7	1	False	-1.878796502
0.05	5%	farmed_only	Farmed only	10	13700000	13709999	Kingsect Belgium	1	False	-1.753814811
0.05	5%	farmed_only	Farmed only	10	13705000	13714999	Dole7	1	False	-1.827127438
0.05	5%	farmed_only	Farmed only	10	13710000	13719999	Kingsect Belgium	1	False	-1.793579246
0.05	5%	farmed_only	Farmed only	10	13720000	13729999	Kingsect Belgium	1	False	-1.750323797
0.05	5%	farmed_only	Farmed only	10	13730000	13739999	Kingsect Belgium	1	False	-1.725219579
0.05	5%	farmed_and_wild	Farmed + wild	10	13735000	13744999	Dole7;Mystik Canada;Papek Czechia;Pronutrix+ Belgium;Starfood Holland	5	True	-2.417242767
0.05	5%	farmed_only	Farmed only	10	13740000	13749999	Kingsect Belgium	1	False	-1.713097317
0.05	5%	farmed_only	Farmed only	10	13750000	13759999	Kingsect Belgium	1	False	-1.713782557
0.05	5%	farmed_only	Farmed only	10	13760000	13769999	Kingsect Belgium	1	False	-1.786686102
0.05	5%	farmed_and_wild	Farmed + wild	10	13785000	13794999	Dole7;Papek Czechia	2	True	-1.996831694
0.05	5%	farmed_and_wild	Farmed + wild	10	13805000	13814999	Dole7;Mystik Canada;Papek Czechia;Pronutrix+ Belgium;Starfood Holland	5	True	-2.159787829
0.05	5%	farmed_only	Farmed only	10	13820000	13829999	Kingsect Belgium	1	False	-1.729199032
0.05	5%	farmed_only	Farmed only	10	13830000	13839999	Kingsect Belgium	1	False	-1.795996547
0.05	5%	farmed_only	Farmed only	10	13840000	13849999	Kingsect Belgium	1	False	-1.861874965
0.05	5%	farmed_only	Farmed only	10	13845000	13854999	Dole7	1	False	-2.118587167
0.05	5%	farmed_only	Farmed only	10	13850000	13859999	Kingsect Belgium	1	False	-1.887290989
0.05	5%	farmed_only	Farmed only	10	13855000	13864999	Dole7;Mystik Canada;Papek Czechia	3	False	-1.805466957
0.05	5%	farmed_only	Farmed only	10	13860000	13869999	Kingsect Belgium	1	False	-1.779358472
0.05	5%	farmed_only	Farmed only	10	13865000	13874999	Dole7;Mystik Canada;Papek Czechia	3	False	-2.400595754
0.05	5%	farmed_only	Farmed only	10	13870000	13879999	Kingsect Belgium	1	False	-1.87615289
0.05	5%	farmed_and_wild	Farmed + wild	10	13875000	13884999	Dole7;Mystik Canada;Papek Czechia;Pronutrix+ Belgium;Starfood Holland	5	True	-2.334257015
0.05	5%	farmed_only	Farmed only	10	13880000	13889999	Kingsect Belgium	1	False	-1.803024154
0.05	5%	farmed_and_wild	Farmed + wild	10	13885000	13894999	Dole7;Mystik Canada;Papek Czechia;Pronutrix+ Belgium;Starfood Holland	5	True	-2.573165862
0.05	5%	farmed_only	Farmed only	10	13890000	13899999	Kingsect Belgium	1	False	-1.839055781
0.05	5%	farmed_only	Farmed only	10	13895000	13904999	Dole7	1	False	-1.807578779
0.05	5%	farmed_only	Farmed only	10	13900000	13909999	Kingsect Belgium	1	False	-1.821760898
0.05	5%	farmed_only	Farmed only	10	13910000	13919999	Kingsect Belgium	1	False	-1.857954029
0.05	5%	farmed_only	Farmed only	10	13920000	13929999	Kingsect Belgium	1	False	-1.788628458
0.05	5%	farmed_only	Farmed only	10	13930000	13939999	Kingsect Belgium	1	False	-1.765219531
0.05	5%	farmed_only	Farmed only	10	13955000	13964999	Dole7;Mystik Canada;Papek Czechia;Pronutrix+ Belgium;Starfood Holland	5	False	-2.162611237
0.05	5%	farmed_only	Farmed only	10	13960000	13969999	Kingsect Belgium	1	False	-1.732715806
0.05	5%	farmed_only	Farmed only	10	13970000	13979999	Kingsect Belgium	1	False	-1.732803774
0.05	5%	farmed_only	Farmed only	10	13975000	13984999	Starfood Holland	1	False	-2.06199895
0.05	5%	farmed_only	Farmed only	10	13980000	13989999	Kingsect Belgium	1	False	-1.947910215
0.05	5%	wild_only	Wild only	10	13985000	13994999		0	True	-1.650480297
0.05	5%	farmed_only	Farmed only	10	13990000	13999999	Kingsect Belgium	1	False	-1.86324907
0.05	5%	farmed_only	Farmed only	10	14000000	14009999	Kingsect Belgium	1	False	-1.848980334
0.05	5%	farmed_and_wild	Farmed + wild	10	14005000	14014999	Dole7;Papek Czechia;Pronutrix+ Belgium;Starfood Holland	4	True	-2.299749363
0.05	5%	farmed_only	Farmed only	10	14010000	14019999	Kingsect Belgium	1	False	-1.782370004
0.05	5%	farmed_only	Farmed only	10	14015000	14024999	Dole7	1	False	-1.966450759
0.05	5%	farmed_only	Farmed only	10	14020000	14029999	Kingsect Belgium	1	False	-1.841843408
0.05	5%	farmed_and_wild	Farmed + wild	10	14025000	14034999	Dole7;Mystik Canada;Papek Czechia;Pronutrix+ Belgium	4	True	-2.049799463
0.05	5%	farmed_only	Farmed only	10	14030000	14039999	Kingsect Belgium	1	False	-1.936369213
0.05	5%	farmed_only	Farmed only	10	14040000	14049999	Kingsect Belgium	1	False	-1.997316066
0.05	5%	farmed_only	Farmed only	10	14050000	14059999	Kingsect Belgium	1	False	-1.943664941
0.05	5%	farmed_only	Farmed only	10	14060000	14069999	Kingsect Belgium	1	False	-1.930024837
0.05	5%	farmed_only	Farmed only	10	14065000	14074999	Dole7;Papek Czechia;Pronutrix+ Belgium;Starfood Holland	4	False	-2.274789845
0.05	5%	farmed_only	Farmed only	10	14070000	14079999	Kingsect Belgium	1	False	-1.912099199
0.05	5%	farmed_and_wild	Farmed + wild	10	14075000	14084999	Dole7;Mystik Canada;Papek Czechia;Pronutrix+ Belgium;Starfood Holland	5	True	-2.511845049
0.05	5%	farmed_only	Farmed only	10	14080000	14089999	Kingsect Belgium	1	False	-1.877052281
0.05	5%	farmed_and_wild	Farmed + wild	10	14085000	14094999	Dole7;Mystik Canada;Papek Czechia;Pronutrix+ Belgium;Starfood Holland	5	True	-2.218555096
0.05	5%	farmed_only	Farmed only	10	14090000	14099999	Kingsect Belgium	1	False	-1.853187903
0.05	5%	farmed_only	Farmed only	10	14100000	14109999	Kingsect Belgium	1	False	-1.788809649
0.05	5%	farmed_only	Farmed only	10	14105000	14114999	Dole7	1	False	-2.082256975
0.05	5%	farmed_only	Farmed only	10	14110000	14119999	Kingsect Belgium	1	False	-1.733669666
0.05	5%	farmed_only	Farmed only	10	14120000	14129999	Kingsect Belgium	1	False	-1.675179831
0.05	5%	farmed_and_wild	Farmed + wild	10	14125000	14134999	Dole7;Mystik Canada	2	True	-2.00150245
0.05	5%	farmed_and_wild	Farmed + wild	10	14175000	14184999	Dole7;Papek Czechia;Pronutrix+ Belgium;Starfood Holland	4	True	-2.309212932
0.05	5%	farmed_and_wild	Farmed + wild	10	14215000	14224999	Dole7	1	True	-1.831899283
0.05	5%	farmed_only	Farmed only	10	14225000	14234999	Dole7	1	False	-1.826753176
0.05	5%	farmed_and_wild	Farmed + wild	10	14305000	14314999	Dole7;Mystik Canada;Papek Czechia;Pronutrix+ Belgium;Starfood Holland	5	True	-2.507073496
0.05	5%	farmed_only	Farmed only	10	14315000	14324999	Dole7;Mystik Canada;Pronutrix+ Belgium	3	False	-1.937613701
0.05	5%	farmed_only	Farmed only	10	14325000	14334999	Dole7;Mystik Canada	2	False	-1.827565304
0.05	5%	farmed_only	Farmed only	10	14345000	14354999	Dole7;Mystik Canada;Pronutrix+ Belgium	3	False	-2.003499988
0.05	5%	farmed_and_wild	Farmed + wild	10	14355000	14364999	Dole7;Mystik Canada;Papek Czechia;Pronutrix+ Belgium	4	True	-2.051791718
0.05	5%	farmed_only	Farmed only	10	14365000	14374999	Dole7	1	False	-1.950629818
0.05	5%	farmed_only	Farmed only	10	14380000	14389999	Kingsect Belgium	1	False	-1.727103596
0.05	5%	farmed_and_wild	Farmed + wild	10	14385000	14394999	Dole7;Pronutrix+ Belgium;Starfood Holland	3	True	-2.15332119
0.05	5%	farmed_only	Farmed only	10	14390000	14399999	Kingsect Belgium	1	False	-1.884558835
0.05	5%	farmed_only	Farmed only	10	14400000	14409999	Kingsect Belgium	1	False	-1.865657597
0.05	5%	farmed_only	Farmed only	10	14405000	14414999	Dole7	1	False	-1.844538945
0.05	5%	farmed_only	Farmed only	10	14410000	14419999	Kingsect Belgium	1	False	-1.763849699
0.05	5%	farmed_only	Farmed only	10	14420000	14429999	Kingsect Belgium	1	False	-1.698550034
0.05	5%	farmed_only	Farmed only	10	14425000	14434999	Dole7	1	False	-1.900580782
0.05	5%	farmed_only	Farmed only	10	14430000	14439999	Kingsect Belgium	1	False	-1.743919705
0.05	5%	farmed_only	Farmed only	10	14475000	14484999	Dole7;Mystik Canada	2	False	-1.819681276
0.05	5%	farmed_only	Farmed only	10	14505000	14514999	Dole7	1	False	-1.850405432
0.05	5%	farmed_only	Farmed only	10	14525000	14534999	Dole7	1	False	-1.809196464
0.05	5%	farmed_and_wild	Farmed + wild	10	14535000	14544999	Dole7;Mystik Canada;Papek Czechia;Pronutrix+ Belgium;Starfood Holland	5	True	-2.25462804
0.05	5%	farmed_and_wild	Farmed + wild	10	14575000	14584999	Dole7;Mystik Canada;Papek Czechia;Pronutrix+ Belgium;Starfood Holland	5	True	-2.172223152
0.05	5%	farmed_only	Farmed only	10	14615000	14624999	Dole7;Mystik Canada;Starfood Holland	3	False	-2.128935963
0.05	5%	wild_only	Wild only	10	14635000	14644999		0	True	-1.583963358
0.05	5%	farmed_only	Farmed only	10	14655000	14664999	Dole7	1	False	-1.809398271
0.05	5%	wild_only	Wild only	10	14675000	14684999		0	True	-1.850389312
0.05	5%	farmed_and_wild	Farmed + wild	10	14695000	14704999	Dole7;Mystik Canada;Papek Czechia;Pronutrix+ Belgium;Starfood Holland	5	True	-2.283083202
0.05	5%	farmed_and_wild	Farmed + wild	10	14765000	14774999	Dole7	1	True	-1.930540157
0.05	5%	wild_only	Wild only	10	14775000	14784999		0	True	-1.605383228
0.05	5%	wild_only	Wild only	10	14785000	14794999		0	True	-1.752426749
0.05	5%	farmed_only	Farmed only	10	14840000	14849999	Kingsect Belgium	1	False	-1.748528408
0.05	5%	farmed_only	Farmed only	10	14850000	14859999	Kingsect Belgium	1	False	-1.824332724
0.05	5%	farmed_and_wild	Farmed + wild	10	14855000	14864999	Dole7;Mystik Canada;Papek Czechia;Pronutrix+ Belgium;Starfood Holland	5	True	-2.391584703
0.05	5%	farmed_only	Farmed only	10	14860000	14869999	Kingsect Belgium	1	False	-1.903616065
0.05	5%	farmed_only	Farmed only	10	14865000	14874999	Dole7	1	False	-1.825507603
0.05	5%	farmed_only	Farmed only	10	14870000	14879999	Kingsect Belgium	1	False	-1.912360324
0.05	5%	farmed_only	Farmed only	10	14875000	14884999	Dole7;Mystik Canada;Papek Czechia;Pronutrix+ Belgium;Starfood Holland	5	False	-2.219515004
0.05	5%	farmed_only	Farmed only	10	14880000	14889999	Kingsect Belgium	1	False	-1.928850643
0.05	5%	farmed_only	Farmed only	10	14885000	14894999	Dole7;Mystik Canada;Papek Czechia;Pronutrix+ Belgium;Starfood Holland	5	False	-2.31401231
0.05	5%	farmed_only	Farmed only	10	14890000	14899999	Kingsect Belgium	1	False	-1.933093711
0.05	5%	farmed_only	Farmed only	10	14895000	14904999	Dole7;Mystik Canada;Pronutrix+ Belgium	3	False	-1.805887253
0.05	5%	farmed_only	Farmed only	10	14900000	14909999	Kingsect Belgium	1	False	-1.880479492
0.05	5%	farmed_and_wild	Farmed + wild	10	14905000	14914999	Dole7;Pronutrix+ Belgium	2	True	-2.024539682
0.05	5%	farmed_only	Farmed only	10	14910000	14919999	Kingsect Belgium	1	False	-1.768892702
0.05	5%	farmed_only	Farmed only	10	14920000	14929999	Kingsect Belgium	1	False	-1.743616784
0.05	5%	farmed_only	Farmed only	10	14930000	14939999	Kingsect Belgium	1	False	-1.711841603
0.05	5%	farmed_and_wild	Farmed + wild	10	14935000	14944999	Dole7	1	True	-1.916995775
0.05	5%	farmed_only	Farmed only	10	14965000	14974999	Dole7	1	False	-1.921411693
0.05	5%	farmed_only	Farmed only	10	14975000	14984999	Dole7	1	False	-1.872044295
0.05	5%	farmed_only	Farmed only	10	14990000	14999999	Kingsect Belgium	1	False	-1.688802324
0.05	5%	farmed_and_wild	Farmed + wild	10	14995000	15004999	Dole7;Pronutrix+ Belgium;Starfood Holland	3	True	-2.091658826
0.05	5%	farmed_only	Farmed only	10	15000000	15009999	Kingsect Belgium	1	False	-1.856589209
0.05	5%	farmed_only	Farmed only	10	15010000	15019999	Kingsect Belgium	1	False	-1.96930701
0.05	5%	farmed_and_wild	Farmed + wild	10	15015000	15024999	Dole7;Starfood Holland	2	True	-2.080910479
0.05	5%	farmed_only	Farmed only	10	15020000	15029999	Kingsect Belgium	1	False	-2.070989817
0.05	5%	farmed_only	Farmed only	10	15030000	15039999	Kingsect Belgium	1	False	-2.027189715
0.05	5%	farmed_and_wild	Farmed + wild	10	15035000	15044999	Dole7;Mystik Canada;Papek Czechia;Pronutrix+ Belgium;Starfood Holland	5	True	-2.541513767
0.05	5%	farmed_only	Farmed only	10	15040000	15049999	Kingsect Belgium	1	False	-2.04012069
0.05	5%	farmed_only	Farmed only	10	15045000	15054999	Dole7;Papek Czechia	2	False	-2.330924294
0.05	5%	farmed_only	Farmed only	10	15050000	15059999	Kingsect Belgium	1	False	-1.962257352
0.05	5%	farmed_only	Farmed only	10	15055000	15064999	Dole7;Mystik Canada	2	False	-1.938844671
0.05	5%	farmed_only	Farmed only	10	15060000	15069999	Kingsect Belgium	1	False	-1.955705193
0.05	5%	farmed_only	Farmed only	10	15065000	15074999	Dole7;Mystik Canada;Papek Czechia;Pronutrix+ Belgium;Starfood Holland	5	False	-2.382591003
0.05	5%	farmed_only	Farmed only	10	15070000	15079999	Kingsect Belgium	1	False	-1.865931997
0.05	5%	farmed_only	Farmed only	10	15080000	15089999	Kingsect Belgium	1	False	-1.758811186
0.05	5%	farmed_only	Farmed only	10	15085000	15094999	Pronutrix+ Belgium	1	False	-1.533226836
0.05	5%	farmed_only	Farmed only	10	15215000	15224999	Dole7	1	False	-1.971756374
0.05	5%	farmed_and_wild	Farmed + wild	10	15225000	15234999	Dole7;Mystik Canada;Papek Czechia;Pronutrix+ Belgium;Starfood Holland	5	True	-2.63636712
0.05	5%	farmed_and_wild	Farmed + wild	10	15235000	15244999	Dole7;Mystik Canada;Papek Czechia;Pronutrix+ Belgium;Starfood Holland	5	True	-2.540251805
0.05	5%	farmed_and_wild	Farmed + wild	10	15245000	15254999	Dole7;Mystik Canada;Papek Czechia;Pronutrix+ Belgium;Starfood Holland	5	True	-2.343476535
0.05	5%	farmed_only	Farmed only	10	15250000	15259999	Kingsect Belgium	1	False	-1.671414421
0.05	5%	farmed_and_wild	Farmed + wild	10	15255000	15264999	Dole7;Mystik Canada;Papek Czechia;Pronutrix+ Belgium;Starfood Holland	5	True	-2.278473783
0.05	5%	farmed_only	Farmed only	10	15260000	15269999	Kingsect Belgium	1	False	-1.736026169
0.05	5%	farmed_and_wild	Farmed + wild	10	15265000	15274999	Dole7;Mystik Canada;Pronutrix+ Belgium;Starfood Holland	4	True	-2.158897419
0.05	5%	farmed_only	Farmed only	10	15355000	15364999	Dole7;Pronutrix+ Belgium	2	False	-1.826161874
0.05	5%	farmed_and_wild	Farmed + wild	10	15405000	15414999	Dole7;Papek Czechia;Pronutrix+ Belgium;Starfood Holland	4	True	-2.205785184
0.05	5%	farmed_only	Farmed only	10	15415000	15424999	Dole7;Mystik Canada;Papek Czechia;Pronutrix+ Belgium;Starfood Holland	5	False	-2.198070662
0.05	5%	farmed_and_wild	Farmed + wild	10	15425000	15434999	Dole7;Mystik Canada;Papek Czechia;Pronutrix+ Belgium;Starfood Holland	5	True	-2.47388316
0.05	5%	farmed_only	Farmed only	10	15435000	15444999	Mystik Canada;Pronutrix+ Belgium	2	False	-1.47054519
0.05	5%	farmed_only	Farmed only	10	15450000	15459999	Kingsect Belgium	1	False	-1.715994492
0.05	5%	farmed_and_wild	Farmed + wild	10	15495000	15504999	Dole7;Mystik Canada;Papek Czechia;Pronutrix+ Belgium;Starfood Holland	5	True	-2.402068354
0.05	5%	farmed_only	Farmed only	10	15535000	15544999	Dole7;Starfood Holland	2	False	-2.120473507
0.05	5%	farmed_only	Farmed only	10	15645000	15654999	Dole7	1	False	-1.830589784
0.05	5%	farmed_only	Farmed only	10	15665000	15674999	Dole7;Papek Czechia;Pronutrix+ Belgium	3	False	-1.885716703
0.05	5%	farmed_only	Farmed only	10	15695000	15704999	Dole7;Starfood Holland	2	False	-2.074454564
0.05	5%	farmed_only	Farmed only	10	15705000	15714999	Dole7	1	False	-1.806332378
0.05	5%	farmed_only	Farmed only	10	15720000	15729999	Kingsect Belgium	1	False	-1.686826618
0.05	5%	farmed_and_wild	Farmed + wild	10	15725000	15734999	Dole7;Mystik Canada;Papek Czechia;Pronutrix+ Belgium;Starfood Holland	5	True	-2.487043149
0.05	5%	farmed_only	Farmed only	10	15730000	15739999	Kingsect Belgium	1	False	-1.711068133
0.05	5%	farmed_only	Farmed only	10	15740000	15749999	Kingsect Belgium	1	False	-1.707359107
0.05	5%	farmed_and_wild	Farmed + wild	10	15765000	15774999	Dole7;Mystik Canada;Papek Czechia;Pronutrix+ Belgium	4	True	-1.84574743
0.05	5%	farmed_and_wild	Farmed + wild	2	35000	44999	Dole7;Mystik Canada;Papek Czechia;Pronutrix+ Belgium;Starfood Holland	5	True	-2.593537427
0.05	5%	farmed_and_wild	Farmed + wild	2	45000	54999	Mystik Canada;Papek Czechia;Pronutrix+ Belgium;Starfood Holland	4	True	-2.59023101
0.05	5%	farmed_only	Farmed only	2	50000	59999	Kingsect Belgium	1	False	-2.011402786
0.05	5%	farmed_only	Farmed only	2	55000	64999	Dole7;Pronutrix+ Belgium	2	False	-2.113094175
0.05	5%	farmed_only	Farmed only	2	60000	69999	Kingsect Belgium	1	False	-2.022514973
0.05	5%	farmed_only	Farmed only	2	70000	79999	Kingsect Belgium	1	False	-2.022408611
0.05	5%	farmed_only	Farmed only	2	75000	84999	Dole7;Mystik Canada;Pronutrix+ Belgium	3	False	-1.906260536
0.05	5%	farmed_only	Farmed only	2	80000	89999	Kingsect Belgium	1	False	-2.027946125
0.05	5%	farmed_and_wild	Farmed + wild	2	85000	94999	Dole7;Mystik Canada;Papek Czechia;Pronutrix+ Belgium;Starfood Holland	5	True	-2.176644254
0.05	5%	farmed_only	Farmed only	2	90000	99999	Kingsect Belgium	1	False	-1.915134821
0.05	5%	farmed_only	Farmed only	2	100000	109999	Kingsect Belgium	1	False	-1.73033074
0.05	5%	wild_only	Wild only	2	1395000	1404999		0	True	-1.637764952
0.05	5%	farmed_only	Farmed only	2	2665000	2674999	Starfood Holland	1	False	-2.081369212
0.05	5%	farmed_and_wild	Farmed + wild	2	3275000	3284999	Dole7;Mystik Canada;Papek Czechia;Pronutrix+ Belgium;Starfood Holland	5	True	-2.749068982
0.05	5%	farmed_and_wild	Farmed + wild	2	3285000	3294999	Dole7;Papek Czechia;Starfood Holland	3	True	-2.063200395
0.05	5%	farmed_only	Farmed only	2	4685000	4694999	Papek Czechia	1	False	-1.723556619
0.05	5%	farmed_only	Farmed only	2	5785000	5794999	Starfood Holland	1	False	-2.775199465
0.05	5%	wild_only	Wild only	2	5795000	5804999		0	True	-2.947869119
0.05	5%	farmed_and_wild	Farmed + wild	2	5825000	5834999	Papek Czechia;Pronutrix+ Belgium	2	True	-2.889178183
0.05	5%	farmed_only	Farmed only	2	5835000	5844999	Dole7;Starfood Holland	2	False	-3.088544971
0.05	5%	farmed_only	Farmed only	2	7005000	7014999	Papek Czechia;Pronutrix+ Belgium	2	False	-1.892063347
0.05	5%	farmed_only	Farmed only	2	7035000	7044999	Papek Czechia;Starfood Holland	2	False	-2.165888073
0.05	5%	farmed_only	Farmed only	2	7045000	7054999	Papek Czechia;Starfood Holland	2	False	-2.227960828
0.05	5%	farmed_only	Farmed only	2	7055000	7064999	Dole7;Papek Czechia;Pronutrix+ Belgium;Starfood Holland	4	False	-2.246342482
0.05	5%	farmed_only	Farmed only	2	7065000	7074999	Starfood Holland	1	False	-2.227677322
0.05	5%	farmed_only	Farmed only	2	7095000	7104999	Dole7;Mystik Canada;Papek Czechia;Pronutrix+ Belgium;Starfood Holland	5	False	-2.201269057
0.05	5%	farmed_only	Farmed only	2	7105000	7114999	Dole7;Papek Czechia;Pronutrix+ Belgium;Starfood Holland	4	False	-2.363631925
0.05	5%	farmed_only	Farmed only	2	7125000	7134999	Papek Czechia	1	False	-1.729791071
0.05	5%	farmed_and_wild	Farmed + wild	2	7135000	7144999	Dole7;Mystik Canada;Papek Czechia;Pronutrix+ Belgium;Starfood Holland	5	True	-2.398188172
0.05	5%	farmed_only	Farmed only	2	7145000	7154999	Dole7;Papek Czechia;Pronutrix+ Belgium;Starfood Holland	4	False	-2.173940843
0.05	5%	farmed_only	Farmed only	2	7155000	7164999	Dole7;Papek Czechia	2	False	-1.9403309
0.05	5%	farmed_only	Farmed only	2	7165000	7174999	Dole7;Mystik Canada;Papek Czechia;Pronutrix+ Belgium;Starfood Holland	5	False	-2.232273332
0.05	5%	farmed_only	Farmed only	2	7185000	7194999	Dole7;Mystik Canada;Papek Czechia;Pronutrix+ Belgium	4	False	-1.887142076
0.05	5%	farmed_only	Farmed only	2	7205000	7214999	Dole7;Papek Czechia;Pronutrix+ Belgium;Starfood Holland	4	False	-2.131864918
0.05	5%	farmed_only	Farmed only	2	7235000	7244999	Mystik Canada;Papek Czechia;Pronutrix+ Belgium	3	False	-1.81731965
0.05	5%	farmed_and_wild	Farmed + wild	2	7845000	7854999	Dole7;Mystik Canada;Papek Czechia;Pronutrix+ Belgium;Starfood Holland	5	True	-3.392647321
0.05	5%	wild_only	Wild only	2	9255000	9264999		0	True	-1.74313225
0.05	5%	farmed_and_wild	Farmed + wild	2	10895000	10904999	Dole7;Mystik Canada;Papek Czechia;Pronutrix+ Belgium;Starfood Holland	5	True	-2.478234652
0.05	5%	farmed_and_wild	Farmed + wild	2	10905000	10914999	Dole7;Mystik Canada;Papek Czechia;Pronutrix+ Belgium	4	True	-2.436986685
0.05	5%	farmed_and_wild	Farmed + wild	2	11615000	11624999	Dole7;Starfood Holland	2	True	-2.135058039
0.05	5%	wild_only	Wild only	2	11645000	11654999		0	True	-1.565138079
0.05	5%	wild_only	Wild only	2	11655000	11664999		0	True	-1.766454896
0.05	5%	farmed_and_wild	Farmed + wild	2	11665000	11674999	Dole7;Mystik Canada	2	True	-1.974975171
0.05	5%	wild_only	Wild only	2	11675000	11684999		0	True	-1.749311808
0.05	5%	wild_only	Wild only	2	11685000	11694999		0	True	-1.809091532
0.05	5%	farmed_and_wild	Farmed + wild	2	12055000	12064999	Dole7;Papek Czechia;Pronutrix+ Belgium;Starfood Holland	4	True	-2.262007805
0.05	5%	farmed_only	Farmed only	2	14055000	14064999	Dole7;Mystik Canada;Pronutrix+ Belgium;Starfood Holland	4	False	-2.145505479
0.05	5%	farmed_only	Farmed only	2	14065000	14074999	Mystik Canada	1	False	-1.178667519
0.05	5%	farmed_and_wild	Farmed + wild	2	15345000	15354999	Dole7;Mystik Canada;Papek Czechia;Pronutrix+ Belgium;Starfood Holland	5	True	-2.144212853
0.05	5%	farmed_and_wild	Farmed + wild	2	15355000	15364999	Dole7;Mystik Canada;Papek Czechia;Pronutrix+ Belgium;Starfood Holland	5	True	-3.418542725
0.05	5%	wild_only	Wild only	2	15465000	15474999		0	True	-1.657079283
0.05	5%	wild_only	Wild only	2	15595000	15604999		0	True	-1.795234021
0.05	5%	farmed_only	Farmed only	2	15635000	15644999	Dole7	1	False	-1.815271358
0.05	5%	farmed_only	Farmed only	2	15670000	15679999	Kingsect Belgium	1	False	-1.718780604
0.05	5%	farmed_and_wild	Farmed + wild	2	15695000	15704999	Dole7;Mystik Canada;Papek Czechia;Pronutrix+ Belgium;Starfood Holland	5	True	-2.30030146
0.05	5%	farmed_only	Farmed only	2	15805000	15814999	Dole7;Mystik Canada	2	False	-1.877626814
0.05	5%	farmed_only	Farmed only	2	16045000	16054999	Dole7;Papek Czechia;Pronutrix+ Belgium	3	False	-2.063009571
0.05	5%	wild_only	Wild only	2	16595000	16604999		0	True	-1.611392315
0.05	5%	wild_only	Wild only	2	16635000	16644999		0	True	-1.70090331
0.05	5%	farmed_and_wild	Farmed + wild	2	16705000	16714999	Dole7	1	True	-1.934940786
0.05	5%	farmed_only	Farmed only	2	16725000	16734999	Dole7	1	False	-1.81555054
0.05	5%	wild_only	Wild only	2	16845000	16854999		0	True	-1.813408335
0.05	5%	wild_only	Wild only	2	16915000	16924999		0	True	-1.707579368
0.05	5%	wild_only	Wild only	2	16925000	16934999		0	True	-1.743751327
0.05	5%	farmed_only	Farmed only	2	16965000	16974999	Dole7;Papek Czechia;Starfood Holland	3	False	-2.040101441
0.05	5%	farmed_only	Farmed only	2	16990000	16999999	Kingsect Belgium	1	False	-1.808306224
0.05	5%	farmed_only	Farmed only	2	16995000	17004999	Dole7;Pronutrix+ Belgium	2	False	-2.098248376
0.05	5%	farmed_only	Farmed only	2	17000000	17009999	Kingsect Belgium	1	False	-1.760624845
0.05	5%	farmed_only	Farmed only	2	17085000	17094999	Dole7	1	False	-1.910937042
0.05	5%	farmed_only	Farmed only	2	17185000	17194999	Dole7	1	False	-1.80148994
0.05	5%	farmed_and_wild	Farmed + wild	2	17385000	17394999	Dole7	1	True	-1.933374038
0.05	5%	farmed_and_wild	Farmed + wild	2	18235000	18244999	Dole7;Pronutrix+ Belgium;Starfood Holland	3	True	-2.123551529
0.05	5%	wild_only	Wild only	2	18585000	18594999		0	True	-1.823246568
0.05	5%	wild_only	Wild only	2	19435000	19444999		0	True	-1.819339552
0.05	5%	farmed_only	Farmed only	2	19585000	19594999	Dole7	1	False	-1.79651517
0.05	5%	wild_only	Wild only	2	19645000	19654999		0	True	-1.604177508
0.05	5%	farmed_only	Farmed only	2	19975000	19984999	Dole7;Pronutrix+ Belgium;Starfood Holland	3	False	-2.234924249
0.05	5%	farmed_and_wild	Farmed + wild	2	20275000	20284999	Dole7;Mystik Canada;Papek Czechia;Pronutrix+ Belgium;Starfood Holland	5	True	-2.537856827
0.05	5%	farmed_only	Farmed only	2	21035000	21044999	Dole7;Pronutrix+ Belgium;Starfood Holland	3	False	-2.370435449
0.05	5%	farmed_only	Farmed only	2	21425000	21434999	Dole7	1	False	-1.907346885
0.05	5%	wild_only	Wild only	2	21465000	21474999		0	True	-1.667580144
0.05	5%	farmed_only	Farmed only	2	21795000	21804999	Dole7	1	False	-1.893967243
0.05	5%	farmed_only	Farmed only	2	21805000	21814999	Dole7	1	False	-1.891363848
0.05	5%	farmed_only	Farmed only	2	21815000	21824999	Dole7;Papek Czechia;Pronutrix+ Belgium;Starfood Holland	4	False	-2.160949075
0.05	5%	farmed_only	Farmed only	2	21825000	21834999	Dole7;Papek Czechia	2	False	-2.153995991
0.05	5%	farmed_only	Farmed only	2	21835000	21844999	Papek Czechia;Pronutrix+ Belgium;Starfood Holland	3	False	-2.04512252
0.05	5%	farmed_only	Farmed only	2	21925000	21934999	Dole7	1	False	-1.844356664
0.05	5%	farmed_and_wild	Farmed + wild	2	22285000	22294999	Dole7;Mystik Canada;Papek Czechia;Pronutrix+ Belgium;Starfood Holland	5	True	-2.523323195
0.05	5%	wild_only	Wild only	2	23715000	23724999		0	True	-1.656714449
0.05	5%	wild_only	Wild only	2	25725000	25734999		0	True	-1.593150022
0.05	5%	farmed_only	Farmed only	2	25795000	25804999	Dole7	1	False	-1.802871222
0.05	5%	wild_only	Wild only	2	26105000	26114999		0	True	-1.931527074
0.05	5%	farmed_only	Farmed only	2	28045000	28054999	Dole7	1	False	-1.805456794
0.05	5%	farmed_only	Farmed only	2	28135000	28144999	Dole7;Mystik Canada;Papek Czechia;Pronutrix+ Belgium	4	False	-2.084199479
0.05	5%	farmed_only	Farmed only	2	29525000	29534999	Dole7;Papek Czechia;Pronutrix+ Belgium;Starfood Holland	4	False	-2.036709998
0.05	5%	farmed_only	Farmed only	2	29535000	29544999	Pronutrix+ Belgium	1	False	-1.488324764
0.05	5%	wild_only	Wild only	2	29665000	29674999		0	True	-2.020572448
0.05	5%	wild_only	Wild only	2	29675000	29684999		0	True	-1.727641683
0.05	5%	farmed_only	Farmed only	2	30195000	30204999	Dole7;Mystik Canada	2	False	-1.865117946
0.05	5%	farmed_only	Farmed only	2	30235000	30244999	Dole7;Mystik Canada;Pronutrix+ Belgium	3	False	-1.925291965
0.05	5%	farmed_only	Farmed only	2	30255000	30264999	Dole7	1	False	-1.852093054
0.05	5%	farmed_and_wild	Farmed + wild	2	30415000	30424999	Dole7;Mystik Canada;Papek Czechia;Pronutrix+ Belgium;Starfood Holland	5	True	-2.147901724
0.05	5%	wild_only	Wild only	2	31045000	31054999		0	True	-1.593992386
0.05	5%	farmed_only	Farmed only	2	31465000	31474999	Dole7;Mystik Canada;Papek Czechia;Pronutrix+ Belgium;Starfood Holland	5	False	-2.166153615
0.05	5%	farmed_only	Farmed only	2	31515000	31524999	Dole7	1	False	-1.841594451
0.05	5%	farmed_only	Farmed only	2	31535000	31544999	Dole7	1	False	-1.804401055
0.05	5%	farmed_only	Farmed only	2	32060000	32069999	Kingsect Belgium	1	False	-1.724225609
0.05	5%	farmed_only	Farmed only	2	32070000	32079999	Kingsect Belgium	1	False	-1.741250287
0.05	5%	farmed_only	Farmed only	2	32080000	32089999	Kingsect Belgium	1	False	-1.714842866
0.05	5%	farmed_and_wild	Farmed + wild	2	32085000	32094999	Dole7	1	True	-1.838486358
0.05	5%	farmed_only	Farmed only	2	32090000	32099999	Kingsect Belgium	1	False	-1.736633698
0.05	5%	farmed_only	Farmed only	2	32095000	32104999	Dole7	1	False	-1.813528142
0.05	5%	farmed_only	Farmed only	2	32100000	32109999	Kingsect Belgium	1	False	-1.78419406
0.05	5%	farmed_and_wild	Farmed + wild	2	32105000	32114999	Dole7;Mystik Canada;Papek Czechia;Pronutrix+ Belgium;Starfood Holland	5	True	-2.582226869
0.05	5%	farmed_only	Farmed only	2	32110000	32119999	Kingsect Belgium	1	False	-1.785764478
0.05	5%	farmed_only	Farmed only	2	32115000	32124999	Dole7;Pronutrix+ Belgium	2	False	-2.022147491
0.05	5%	farmed_only	Farmed only	2	32120000	32129999	Kingsect Belgium	1	False	-1.806019488
0.05	5%	farmed_only	Farmed only	2	32130000	32139999	Kingsect Belgium	1	False	-1.766779583
0.05	5%	farmed_and_wild	Farmed + wild	2	32135000	32144999	Dole7;Pronutrix+ Belgium	2	True	-2.139064905
0.05	5%	farmed_only	Farmed only	2	32140000	32149999	Kingsect Belgium	1	False	-1.766921263
0.05	5%	wild_only	Wild only	2	32145000	32154999		0	True	-1.572455058
0.05	5%	farmed_only	Farmed only	2	32150000	32159999	Kingsect Belgium	1	False	-1.76543002
0.05	5%	farmed_only	Farmed only	2	32165000	32174999	Dole7;Pronutrix+ Belgium	2	False	-1.854911847
0.05	5%	farmed_only	Farmed only	2	32185000	32194999	Dole7	1	False	-1.796623708
0.05	5%	farmed_only	Farmed only	2	32245000	32254999	Dole7;Papek Czechia;Pronutrix+ Belgium;Starfood Holland	4	False	-2.115336765
0.05	5%	farmed_only	Farmed only	2	32315000	32324999	Dole7;Pronutrix+ Belgium	2	False	-1.971875529
0.05	5%	farmed_and_wild	Farmed + wild	2	32345000	32354999	Dole7;Mystik Canada;Papek Czechia;Pronutrix+ Belgium;Starfood Holland	5	True	-2.205803569
0.05	5%	farmed_only	Farmed only	2	32350000	32359999	Kingsect Belgium	1	False	-1.708836993
0.05	5%	farmed_only	Farmed only	2	32360000	32369999	Kingsect Belgium	1	False	-1.733384314
0.05	5%	farmed_only	Farmed only	2	32370000	32379999	Kingsect Belgium	1	False	-1.780430256
0.05	5%	farmed_and_wild	Farmed + wild	2	32375000	32384999	Dole7;Mystik Canada;Papek Czechia;Pronutrix+ Belgium;Starfood Holland	5	True	-2.215124469
0.05	5%	farmed_only	Farmed only	2	32380000	32389999	Kingsect Belgium	1	False	-1.805204308
0.05	5%	farmed_only	Farmed only	2	32390000	32399999	Kingsect Belgium	1	False	-1.8523111
0.05	5%	farmed_only	Farmed only	2	32400000	32409999	Kingsect Belgium	1	False	-1.798888385
0.05	5%	farmed_only	Farmed only	2	32405000	32414999	Dole7;Pronutrix+ Belgium;Starfood Holland	3	False	-2.058253093
0.05	5%	farmed_only	Farmed only	2	32410000	32419999	Kingsect Belgium	1	False	-1.772689019
0.05	5%	farmed_only	Farmed only	2	32415000	32424999	Dole7;Mystik Canada;Papek Czechia;Pronutrix+ Belgium;Starfood Holland	5	False	-2.19277919
0.05	5%	farmed_only	Farmed only	2	32420000	32429999	Kingsect Belgium	1	False	-1.875538189
0.05	5%	farmed_only	Farmed only	2	32430000	32439999	Kingsect Belgium	1	False	-1.835972288
0.05	5%	farmed_only	Farmed only	2	32435000	32444999	Dole7	1	False	-1.813312564
0.05	5%	farmed_only	Farmed only	2	32440000	32449999	Kingsect Belgium	1	False	-1.819175333
0.05	5%	farmed_only	Farmed only	2	32450000	32459999	Kingsect Belgium	1	False	-1.791116693
0.05	5%	farmed_only	Farmed only	2	32460000	32469999	Kingsect Belgium	1	False	-1.804639556
0.05	5%	farmed_and_wild	Farmed + wild	2	32465000	32474999	Dole7;Mystik Canada;Papek Czechia;Pronutrix+ Belgium;Starfood Holland	5	True	-2.177727965
0.05	5%	farmed_only	Farmed only	2	32470000	32479999	Kingsect Belgium	1	False	-1.746187274
0.05	5%	farmed_only	Farmed only	2	32480000	32489999	Kingsect Belgium	1	False	-1.759265827
0.05	5%	farmed_only	Farmed only	2	32490000	32499999	Kingsect Belgium	1	False	-1.731703163
0.05	5%	farmed_only	Farmed only	2	32500000	32509999	Kingsect Belgium	1	False	-1.755761597
0.05	5%	farmed_only	Farmed only	2	32510000	32519999	Kingsect Belgium	1	False	-1.805092274
0.05	5%	farmed_only	Farmed only	2	32520000	32529999	Kingsect Belgium	1	False	-1.762644084
0.05	5%	farmed_only	Farmed only	2	32530000	32539999	Kingsect Belgium	1	False	-1.740839273
0.05	5%	farmed_only	Farmed only	2	32540000	32549999	Kingsect Belgium	1	False	-1.767929153
0.05	5%	farmed_only	Farmed only	2	32545000	32554999	Dole7	1	False	-1.839385191
0.05	5%	farmed_only	Farmed only	2	32550000	32559999	Kingsect Belgium	1	False	-1.819328587
0.05	5%	farmed_only	Farmed only	2	32560000	32569999	Kingsect Belgium	1	False	-1.811354434
0.05	5%	farmed_only	Farmed only	2	32565000	32574999	Dole7	1	False	-1.902061127
0.05	5%	farmed_only	Farmed only	2	32570000	32579999	Kingsect Belgium	1	False	-1.858199762
0.05	5%	farmed_only	Farmed only	2	32580000	32589999	Kingsect Belgium	1	False	-1.904108995
0.05	5%	farmed_only	Farmed only	2	32590000	32599999	Kingsect Belgium	1	False	-1.928473998
0.05	5%	farmed_and_wild	Farmed + wild	2	32595000	32604999	Dole7;Mystik Canada;Pronutrix+ Belgium;Starfood Holland	4	True	-2.05699383
0.05	5%	farmed_only	Farmed only	2	32600000	32609999	Kingsect Belgium	1	False	-1.880107709
0.05	5%	farmed_only	Farmed only	2	32605000	32614999	Dole7	1	False	-1.819987635
0.05	5%	farmed_only	Farmed only	2	32610000	32619999	Kingsect Belgium	1	False	-1.820715437
0.05	5%	farmed_only	Farmed only	2	32615000	32624999	Starfood Holland	1	False	-2.132990766
0.05	5%	farmed_only	Farmed only	2	32620000	32629999	Kingsect Belgium	1	False	-1.788260394
0.05	5%	farmed_and_wild	Farmed + wild	2	32625000	32634999	Dole7;Mystik Canada;Pronutrix+ Belgium;Starfood Holland	4	True	-2.139811562
0.05	5%	farmed_only	Farmed only	2	32630000	32639999	Kingsect Belgium	1	False	-1.699816777
0.05	5%	farmed_only	Farmed only	2	32850000	32859999	Kingsect Belgium	1	False	-1.776144922
0.05	5%	farmed_only	Farmed only	2	32860000	32869999	Kingsect Belgium	1	False	-1.925051289
0.05	5%	farmed_only	Farmed only	2	32865000	32874999	Dole7;Mystik Canada;Pronutrix+ Belgium;Starfood Holland	4	False	-2.278597095
0.05	5%	farmed_only	Farmed only	2	32870000	32879999	Kingsect Belgium	1	False	-1.904493973
0.05	5%	farmed_only	Farmed only	2	32880000	32889999	Kingsect Belgium	1	False	-1.868584348
0.05	5%	farmed_only	Farmed only	2	32885000	32894999	Dole7;Mystik Canada;Pronutrix+ Belgium	3	False	-1.845169227
0.05	5%	farmed_only	Farmed only	2	32890000	32899999	Kingsect Belgium	1	False	-1.873466265
0.05	5%	farmed_only	Farmed only	2	32895000	32904999	Dole7;Pronutrix+ Belgium	2	False	-1.850961477
0.05	5%	farmed_only	Farmed only	2	32900000	32909999	Kingsect Belgium	1	False	-1.883607424
0.05	5%	farmed_only	Farmed only	2	32905000	32914999	Dole7;Mystik Canada;Pronutrix+ Belgium;Starfood Holland	4	False	-2.136729933
0.05	5%	farmed_only	Farmed only	2	32910000	32919999	Kingsect Belgium	1	False	-1.940710243
0.05	5%	farmed_only	Farmed only	2	32915000	32924999	Dole7	1	False	-1.843349664
0.05	5%	farmed_only	Farmed only	2	32920000	32929999	Kingsect Belgium	1	False	-1.909899653
0.05	5%	farmed_only	Farmed only	2	32925000	32934999	Dole7	1	False	-2.086089733
0.05	5%	farmed_only	Farmed only	2	32930000	32939999	Kingsect Belgium	1	False	-1.896949179
0.05	5%	farmed_only	Farmed only	2	32935000	32944999	Dole7	1	False	-1.970573155
0.05	5%	farmed_only	Farmed only	2	32940000	32949999	Kingsect Belgium	1	False	-1.899470945
0.05	5%	farmed_only	Farmed only	2	32945000	32954999	Dole7;Pronutrix+ Belgium;Starfood Holland	3	False	-2.056915705
0.05	5%	farmed_only	Farmed only	2	32950000	32959999	Kingsect Belgium	1	False	-1.888403251
0.05	5%	farmed_and_wild	Farmed + wild	2	32955000	32964999	Dole7;Mystik Canada;Papek Czechia;Pronutrix+ Belgium;Starfood Holland	5	True	-2.324512068
0.05	5%	farmed_only	Farmed only	2	32960000	32969999	Kingsect Belgium	1	False	-1.825662975
0.05	5%	farmed_only	Farmed only	2	32965000	32974999	Dole7;Mystik Canada;Pronutrix+ Belgium	3	False	-2.138340708
0.05	5%	farmed_only	Farmed only	2	32970000	32979999	Kingsect Belgium	1	False	-1.869197522
0.05	5%	farmed_only	Farmed only	2	32980000	32989999	Kingsect Belgium	1	False	-1.830943169
0.05	5%	farmed_only	Farmed only	2	32985000	32994999	Dole7;Papek Czechia;Pronutrix+ Belgium;Starfood Holland	4	False	-2.266735499
0.05	5%	farmed_only	Farmed only	2	32990000	32999999	Kingsect Belgium	1	False	-1.850834643
0.05	5%	farmed_only	Farmed only	2	33000000	33009999	Kingsect Belgium	1	False	-1.830097467
0.05	5%	farmed_and_wild	Farmed + wild	2	33015000	33024999	Dole7;Papek Czechia;Pronutrix+ Belgium;Starfood Holland	4	True	-2.198761029
0.05	5%	farmed_only	Farmed only	3	5000	14999	Mystik Canada;Starfood Holland	2	False	-2.565417407
0.05	5%	farmed_only	Farmed only	3	15000	24999	Dole7;Pronutrix+ Belgium;Starfood Holland	3	False	-2.070534102
0.05	5%	farmed_only	Farmed only	3	45000	54999	Dole7;Mystik Canada;Papek Czechia	3	False	-1.820470052
0.05	5%	farmed_and_wild	Farmed + wild	3	945000	954999	Dole7;Papek Czechia;Pronutrix+ Belgium;Starfood Holland	4	True	-2.586610209
0.05	5%	farmed_and_wild	Farmed + wild	3	1045000	1054999	Dole7;Starfood Holland	2	True	-2.705931205
0.05	5%	farmed_and_wild	Farmed + wild	3	1055000	1064999	Dole7;Mystik Canada;Papek Czechia;Pronutrix+ Belgium	4	True	-2.486884634
0.05	5%	farmed_and_wild	Farmed + wild	3	1065000	1074999	Dole7;Mystik Canada;Papek Czechia;Pronutrix+ Belgium;Starfood Holland	5	True	-2.09405857
0.05	5%	wild_only	Wild only	3	1455000	1464999		0	True	-1.565619782
0.05	5%	farmed_only	Farmed only	3	2995000	3004999	Dole7;Mystik Canada	2	False	-1.796813022
0.05	5%	wild_only	Wild only	3	5095000	5104999		0	True	-1.680226374
0.05	5%	farmed_only	Farmed only	3	5505000	5514999	Pronutrix+ Belgium	1	False	-1.488222989
0.05	5%	farmed_only	Farmed only	3	6165000	6174999	Dole7	1	False	-1.814781817
0.05	5%	farmed_only	Farmed only	3	6525000	6534999	Dole7	1	False	-1.938191755
0.05	5%	farmed_only	Farmed only	3	7145000	7154999	Dole7	1	False	-1.870898468
0.05	5%	farmed_only	Farmed only	3	7165000	7174999	Dole7;Mystik Canada;Pronutrix+ Belgium;Starfood Holland	4	False	-2.096323124
0.05	5%	farmed_only	Farmed only	3	8275000	8284999	Dole7	1	False	-2.093244906
0.05	5%	farmed_only	Farmed only	3	8285000	8294999	Starfood Holland	1	False	-2.062432632
0.05	5%	wild_only	Wild only	3	8295000	8304999		0	True	-2.223227631
0.05	5%	wild_only	Wild only	3	8305000	8314999		0	True	-1.721676332
0.05	5%	farmed_and_wild	Farmed + wild	3	8315000	8324999	Pronutrix+ Belgium	1	True	-2.301917036
0.05	5%	wild_only	Wild only	3	8325000	8334999		0	True	-1.639915699
0.05	5%	farmed_and_wild	Farmed + wild	3	10325000	10334999	Dole7	1	True	-1.946907106
0.05	5%	farmed_only	Farmed only	3	10575000	10584999	Mystik Canada	1	False	-1.168921326
0.05	5%	farmed_only	Farmed only	3	10665000	10674999	Dole7	1	False	-1.80274199
0.05	5%	farmed_only	Farmed only	3	10675000	10684999	Dole7	1	False	-1.809349391
0.05	5%	farmed_only	Farmed only	3	10695000	10704999	Dole7	1	False	-1.824686075
0.05	5%	farmed_only	Farmed only	3	10710000	10719999	Kingsect Belgium	1	False	-1.73205144
0.05	5%	farmed_only	Farmed only	3	10715000	10724999	Mystik Canada	1	False	-1.177776258
0.05	5%	farmed_only	Farmed only	3	10720000	10729999	Kingsect Belgium	1	False	-1.705323301
0.05	5%	farmed_only	Farmed only	3	10740000	10749999	Kingsect Belgium	1	False	-1.674358998
0.05	5%	farmed_only	Farmed only	3	10745000	10754999	Dole7;Mystik Canada;Papek Czechia;Starfood Holland	4	False	-2.07740295
0.05	5%	farmed_and_wild	Farmed + wild	3	10755000	10764999	Dole7;Mystik Canada;Papek Czechia;Pronutrix+ Belgium;Starfood Holland	5	True	-2.112002877
0.05	5%	farmed_only	Farmed only	3	10760000	10769999	Kingsect Belgium	1	False	-1.67577907
0.05	5%	farmed_only	Farmed only	3	10770000	10779999	Kingsect Belgium	1	False	-1.699371777
0.05	5%	farmed_only	Farmed only	3	10795000	10804999	Dole7;Mystik Canada	2	False	-1.941833151
0.05	5%	farmed_only	Farmed only	3	10885000	10894999	Dole7;Mystik Canada;Pronutrix+ Belgium	3	False	-1.891235882
0.05	5%	farmed_only	Farmed only	3	10920000	10929999	Kingsect Belgium	1	False	-1.678261573
0.05	5%	farmed_and_wild	Farmed + wild	3	10945000	10954999	Dole7;Papek Czechia;Pronutrix+ Belgium;Starfood Holland	4	True	-2.131945999
0.05	5%	farmed_only	Farmed only	3	11025000	11034999	Dole7	1	False	-1.808441502
0.05	5%	farmed_and_wild	Farmed + wild	3	11035000	11044999	Dole7;Mystik Canada;Papek Czechia;Pronutrix+ Belgium;Starfood Holland	5	True	-3.110313188
0.05	5%	farmed_only	Farmed only	3	11040000	11049999	Kingsect Belgium	1	False	-1.72044324
0.05	5%	farmed_and_wild	Farmed + wild	3	11045000	11054999	Dole7;Mystik Canada;Papek Czechia;Pronutrix+ Belgium;Starfood Holland	5	True	-2.287353839
0.05	5%	farmed_and_wild	Farmed + wild	3	11225000	11234999	Dole7;Mystik Canada;Pronutrix+ Belgium;Starfood Holland	4	True	-2.599719423
0.05	5%	farmed_and_wild	Farmed + wild	3	11555000	11564999	Dole7;Mystik Canada;Pronutrix+ Belgium	3	True	-1.871058592
0.05	5%	farmed_only	Farmed only	3	11595000	11604999	Dole7;Pronutrix+ Belgium	2	False	-2.066056571
0.05	5%	farmed_only	Farmed only	3	11615000	11624999	Mystik Canada	1	False	-1.290860898
0.05	5%	farmed_and_wild	Farmed + wild	3	11625000	11634999	Dole7;Mystik Canada;Papek Czechia;Pronutrix+ Belgium;Starfood Holland	5	True	-2.732852351
0.05	5%	farmed_only	Farmed only	3	11635000	11644999	Papek Czechia;Pronutrix+ Belgium	2	False	-1.715243858
0.05	5%	farmed_only	Farmed only	3	11765000	11774999	Pronutrix+ Belgium	1	False	-1.470329217
0.05	5%	wild_only	Wild only	3	11925000	11934999		0	True	-2.057522039
0.05	5%	wild_only	Wild only	3	11935000	11944999		0	True	-2.280275363
0.05	5%	farmed_only	Farmed only	3	11970000	11979999	Kingsect Belgium	1	False	-1.694144406
0.05	5%	farmed_only	Farmed only	3	11980000	11989999	Kingsect Belgium	1	False	-1.729939234
0.05	5%	farmed_only	Farmed only	3	11985000	11994999	Dole7	1	False	-1.867975431
0.05	5%	farmed_only	Farmed only	3	11990000	11999999	Kingsect Belgium	1	False	-1.699177375
0.05	5%	farmed_only	Farmed only	3	12005000	12014999	Dole7;Mystik Canada;Papek Czechia;Pronutrix+ Belgium;Starfood Holland	5	False	-2.307991988
0.05	5%	farmed_only	Farmed only	3	12015000	12024999	Dole7	1	False	-1.824824508
0.05	5%	farmed_only	Farmed only	3	12935000	12944999	Dole7;Pronutrix+ Belgium	2	False	-1.932072832
0.05	5%	wild_only	Wild only	3	13015000	13024999		0	True	-1.653210653
0.05	5%	wild_only	Wild only	3	13025000	13034999		0	True	-1.738173826
0.05	5%	farmed_only	Farmed only	3	13115000	13124999	Dole7;Pronutrix+ Belgium	2	False	-1.917204784
0.05	5%	farmed_only	Farmed only	3	13315000	13324999	Dole7;Mystik Canada;Papek Czechia;Pronutrix+ Belgium;Starfood Holland	5	False	-2.250464341
0.05	5%	farmed_only	Farmed only	3	13335000	13344999	Dole7;Mystik Canada;Papek Czechia;Pronutrix+ Belgium;Starfood Holland	5	False	-2.457495595
0.05	5%	farmed_only	Farmed only	3	13355000	13364999	Dole7	1	False	-1.860241885
0.05	5%	farmed_only	Farmed only	3	13365000	13374999	Dole7;Mystik Canada;Papek Czechia;Pronutrix+ Belgium;Starfood Holland	5	False	-2.198966235
0.05	5%	farmed_only	Farmed only	3	13375000	13384999	Dole7;Mystik Canada;Papek Czechia;Starfood Holland	4	False	-2.044317774
0.05	5%	farmed_only	Farmed only	3	13385000	13394999	Papek Czechia	1	False	-1.811938092
0.05	5%	farmed_and_wild	Farmed + wild	3	13405000	13414999	Dole7;Papek Czechia	2	True	-1.949910489
0.05	5%	farmed_only	Farmed only	3	13415000	13424999	Dole7	1	False	-1.82680662
0.05	5%	farmed_only	Farmed only	3	13495000	13504999	Dole7	1	False	-1.836914579
0.05	5%	farmed_and_wild	Farmed + wild	3	13555000	13564999	Dole7;Mystik Canada;Papek Czechia;Pronutrix+ Belgium;Starfood Holland	5	True	-2.340473367
0.05	5%	farmed_only	Farmed only	3	13715000	13724999	Dole7;Mystik Canada;Papek Czechia;Pronutrix+ Belgium;Starfood Holland	5	False	-2.074781245
0.05	5%	farmed_and_wild	Farmed + wild	3	13725000	13734999	Dole7;Mystik Canada;Papek Czechia;Pronutrix+ Belgium;Starfood Holland	5	True	-2.520770187
0.05	5%	farmed_only	Farmed only	3	13735000	13744999	Dole7;Mystik Canada;Papek Czechia;Pronutrix+ Belgium;Starfood Holland	5	False	-2.194111657
0.05	5%	farmed_only	Farmed only	3	13745000	13754999	Dole7	1	False	-1.795511319
0.05	5%	farmed_only	Farmed only	3	13755000	13764999	Dole7;Starfood Holland	2	False	-2.110427152
0.05	5%	farmed_only	Farmed only	3	13775000	13784999	Dole7;Papek Czechia;Pronutrix+ Belgium;Starfood Holland	4	False	-2.194692911
0.05	5%	farmed_only	Farmed only	3	13785000	13794999	Dole7;Mystik Canada;Papek Czechia;Starfood Holland	4	False	-2.173298258
0.05	5%	farmed_only	Farmed only	3	13910000	13919999	Kingsect Belgium	1	False	-1.725823001
0.05	5%	farmed_only	Farmed only	3	13920000	13929999	Kingsect Belgium	1	False	-1.790795104
0.05	5%	farmed_only	Farmed only	3	13930000	13939999	Kingsect Belgium	1	False	-1.850245689
0.05	5%	farmed_and_wild	Farmed + wild	3	13935000	13944999	Dole7;Mystik Canada;Papek Czechia;Pronutrix+ Belgium;Starfood Holland	5	True	-2.437520443
0.05	5%	farmed_only	Farmed only	3	13940000	13949999	Kingsect Belgium	1	False	-1.761540773
0.05	5%	farmed_and_wild	Farmed + wild	3	13945000	13954999	Dole7;Mystik Canada;Papek Czechia;Pronutrix+ Belgium;Starfood Holland	5	True	-2.451058836
0.05	5%	farmed_and_wild	Farmed + wild	3	13955000	13964999	Dole7;Mystik Canada;Papek Czechia;Pronutrix+ Belgium;Starfood Holland	5	True	-2.571409997
0.05	5%	farmed_and_wild	Farmed + wild	3	13965000	13974999	Dole7;Mystik Canada;Papek Czechia;Pronutrix+ Belgium;Starfood Holland	5	True	-2.375732955
0.05	5%	farmed_only	Farmed only	3	13975000	13984999	Dole7;Mystik Canada;Papek Czechia	3	False	-1.796198706
0.05	5%	farmed_only	Farmed only	3	14245000	14254999	Dole7;Papek Czechia;Pronutrix+ Belgium;Starfood Holland	4	False	-2.300860364
0.05	5%	farmed_only	Farmed only	3	14345000	14354999	Dole7	1	False	-1.876237861
0.05	5%	farmed_only	Farmed only	3	14355000	14364999	Dole7	1	False	-1.870233596
0.05	5%	farmed_only	Farmed only	3	14360000	14369999	Kingsect Belgium	1	False	-1.681693819
0.05	5%	farmed_only	Farmed only	3	14365000	14374999	Dole7;Starfood Holland	2	False	-2.10214385
0.05	5%	farmed_only	Farmed only	3	14370000	14379999	Kingsect Belgium	1	False	-1.883041893
0.05	5%	farmed_only	Farmed only	3	14375000	14384999	Dole7	1	False	-1.911573657
0.05	5%	farmed_only	Farmed only	3	14380000	14389999	Kingsect Belgium	1	False	-2.055967962
0.05	5%	farmed_only	Farmed only	3	14385000	14394999	Dole7;Mystik Canada;Papek Czechia;Pronutrix+ Belgium;Starfood Holland	5	False	-2.493665878
0.05	5%	farmed_only	Farmed only	3	14390000	14399999	Kingsect Belgium	1	False	-2.137404994
0.05	5%	farmed_only	Farmed only	3	14395000	14404999	Dole7;Starfood Holland	2	False	-2.065663058
0.05	5%	farmed_only	Farmed only	3	14400000	14409999	Kingsect Belgium	1	False	-2.161416638
0.05	5%	farmed_only	Farmed only	3	14410000	14419999	Kingsect Belgium	1	False	-2.205914517
0.05	5%	farmed_only	Farmed only	3	14415000	14424999	Dole7;Mystik Canada;Papek Czechia;Pronutrix+ Belgium;Starfood Holland	5	False	-2.726040785
0.05	5%	farmed_only	Farmed only	3	14420000	14429999	Kingsect Belgium	1	False	-2.170028215
0.05	5%	farmed_only	Farmed only	3	14425000	14434999	Dole7;Mystik Canada;Papek Czechia;Pronutrix+ Belgium;Starfood Holland	5	False	-2.554309947
0.05	5%	farmed_only	Farmed only	3	14430000	14439999	Kingsect Belgium	1	False	-2.170292146
0.05	5%	farmed_only	Farmed only	3	14435000	14444999	Dole7;Mystik Canada;Papek Czechia;Pronutrix+ Belgium;Starfood Holland	5	False	-2.594983599
0.05	5%	farmed_only	Farmed only	3	14440000	14449999	Kingsect Belgium	1	False	-2.105211781
0.05	5%	farmed_only	Farmed only	3	14445000	14454999	Dole7;Mystik Canada;Starfood Holland	3	False	-2.214127395
0.05	5%	farmed_only	Farmed only	3	14450000	14459999	Kingsect Belgium	1	False	-2.07636643
0.05	5%	farmed_only	Farmed only	3	14455000	14464999	Dole7;Mystik Canada;Starfood Holland	3	False	-2.25619508
0.05	5%	farmed_only	Farmed only	3	14460000	14469999	Kingsect Belgium	1	False	-2.071770894
0.05	5%	farmed_only	Farmed only	3	14465000	14474999	Dole7	1	False	-1.892026798
0.05	5%	farmed_only	Farmed only	3	14470000	14479999	Kingsect Belgium	1	False	-1.907681945
0.05	5%	farmed_only	Farmed only	3	14480000	14489999	Kingsect Belgium	1	False	-1.728905059
0.05	5%	farmed_only	Farmed only	3	14495000	14504999	Dole7	1	False	-1.933830985
0.05	5%	farmed_only	Farmed only	3	14505000	14514999	Dole7	1	False	-1.990567873
0.05	5%	farmed_only	Farmed only	3	14635000	14644999	Mystik Canada;Papek Czechia	2	False	-1.767971983
0.05	5%	farmed_only	Farmed only	3	14835000	14844999	Mystik Canada	1	False	-1.197136568
0.05	5%	farmed_and_wild	Farmed + wild	3	14845000	14854999	Dole7;Mystik Canada;Papek Czechia;Pronutrix+ Belgium;Starfood Holland	5	True	-2.329756272
0.05	5%	farmed_only	Farmed only	3	14865000	14874999	Mystik Canada;Papek Czechia;Pronutrix+ Belgium;Starfood Holland	4	False	-2.154970743
0.05	5%	farmed_only	Farmed only	3	15195000	15204999	Papek Czechia	1	False	-1.831159292
0.05	5%	farmed_only	Farmed only	3	15725000	15734999	Pronutrix+ Belgium	1	False	-1.492693804
0.05	5%	farmed_only	Farmed only	3	15775000	15784999	Dole7;Papek Czechia;Starfood Holland	3	False	-2.273858149
0.05	5%	farmed_and_wild	Farmed + wild	3	15795000	15804999	Dole7;Pronutrix+ Belgium;Starfood Holland	3	True	-2.362220484
0.05	5%	farmed_only	Farmed only	3	15845000	15854999	Starfood Holland	1	False	-2.165648843
0.05	5%	farmed_only	Farmed only	3	15865000	15874999	Dole7;Pronutrix+ Belgium;Starfood Holland	3	False	-2.29001865
0.05	5%	farmed_only	Farmed only	3	15935000	15944999	Starfood Holland	1	False	-2.080300388
0.05	5%	wild_only	Wild only	3	16055000	16064999		0	True	-1.679962655
0.05	5%	wild_only	Wild only	3	16065000	16074999		0	True	-1.576560059
0.05	5%	wild_only	Wild only	3	16195000	16204999		0	True	-1.84980941
0.05	5%	farmed_and_wild	Farmed + wild	3	16275000	16284999	Dole7;Mystik Canada;Papek Czechia;Pronutrix+ Belgium;Starfood Holland	5	True	-2.175058399
0.05	5%	farmed_only	Farmed only	3	16395000	16404999	Mystik Canada	1	False	-1.354920514
0.05	5%	farmed_and_wild	Farmed + wild	3	16415000	16424999	Dole7	1	True	-1.923285646
0.05	5%	farmed_only	Farmed only	3	16435000	16444999	Dole7	1	False	-1.809113033
0.05	5%	wild_only	Wild only	3	16445000	16454999		0	True	-1.601318598
0.05	5%	farmed_and_wild	Farmed + wild	3	16485000	16494999	Mystik Canada	1	True	-1.663813585
0.05	5%	farmed_only	Farmed only	3	16565000	16574999	Dole7	1	False	-1.830058187
0.05	5%	farmed_and_wild	Farmed + wild	3	16595000	16604999	Dole7;Mystik Canada;Papek Czechia;Pronutrix+ Belgium;Starfood Holland	5	True	-2.267889381
0.05	5%	farmed_only	Farmed only	3	16655000	16664999	Dole7;Mystik Canada;Starfood Holland	3	False	-2.065880761
0.05	5%	farmed_only	Farmed only	3	16695000	16704999	Dole7	1	False	-1.936462581
0.05	5%	farmed_only	Farmed only	3	16705000	16714999	Dole7	1	False	-2.274599567
0.05	5%	farmed_only	Farmed only	3	16715000	16724999	Dole7;Mystik Canada	2	False	-2.30629572
0.05	5%	farmed_only	Farmed only	3	16725000	16734999	Dole7;Mystik Canada;Papek Czechia;Starfood Holland	4	False	-2.104568864
0.05	5%	farmed_only	Farmed only	3	16735000	16744999	Dole7	1	False	-2.146527322
0.05	5%	farmed_and_wild	Farmed + wild	3	16765000	16774999	Dole7;Papek Czechia	2	True	-2.204285082
0.05	5%	farmed_and_wild	Farmed + wild	3	16775000	16784999	Dole7	1	True	-1.801100726
0.05	5%	wild_only	Wild only	3	16785000	16794999		0	True	-1.558166496
0.05	5%	farmed_and_wild	Farmed + wild	3	16805000	16814999	Dole7	1	True	-2.430634822
0.05	5%	farmed_and_wild	Farmed + wild	3	16825000	16834999	Dole7	1	True	-1.910076617
0.05	5%	farmed_and_wild	Farmed + wild	3	16835000	16844999	Dole7;Mystik Canada	2	True	-2.0040185
0.05	5%	wild_only	Wild only	3	16855000	16864999		0	True	-1.574081787
0.05	5%	farmed_and_wild	Farmed + wild	3	16865000	16874999	Dole7	1	True	-1.926506473
0.05	5%	farmed_only	Farmed only	3	16875000	16884999	Dole7	1	False	-1.832435588
0.05	5%	farmed_and_wild	Farmed + wild	3	16885000	16894999	Dole7	1	True	-1.932567186
0.05	5%	farmed_and_wild	Farmed + wild	3	16905000	16914999	Dole7;Pronutrix+ Belgium	2	True	-1.985942548
0.05	5%	farmed_and_wild	Farmed + wild	3	16915000	16924999	Dole7;Mystik Canada;Papek Czechia	3	True	-2.042788666
0.05	5%	farmed_and_wild	Farmed + wild	3	16925000	16934999	Dole7;Mystik Canada;Papek Czechia;Pronutrix+ Belgium;Starfood Holland	5	True	-2.17388946
0.05	5%	farmed_and_wild	Farmed + wild	3	16935000	16944999	Dole7;Pronutrix+ Belgium;Starfood Holland	3	True	-2.135924393
0.05	5%	farmed_and_wild	Farmed + wild	3	16985000	16994999	Dole7;Mystik Canada;Papek Czechia;Pronutrix+ Belgium;Starfood Holland	5	True	-2.461919044
0.05	5%	farmed_and_wild	Farmed + wild	3	17015000	17024999	Dole7;Mystik Canada	2	True	-1.999206502
0.05	5%	farmed_and_wild	Farmed + wild	3	17025000	17034999	Dole7;Papek Czechia	2	True	-2.149394867
0.05	5%	farmed_only	Farmed only	3	17055000	17064999	Dole7	1	False	-1.81578946
0.05	5%	farmed_and_wild	Farmed + wild	3	17095000	17104999	Dole7	1	True	-1.865338515
0.05	5%	farmed_and_wild	Farmed + wild	3	17105000	17114999	Dole7	1	True	-2.143056188
0.05	5%	farmed_and_wild	Farmed + wild	3	17115000	17124999	Dole7	1	True	-1.89984967
0.05	5%	farmed_only	Farmed only	3	17135000	17144999	Dole7	1	False	-1.915801109
0.05	5%	farmed_only	Farmed only	3	17145000	17154999	Dole7	1	False	-1.829729653
0.05	5%	farmed_only	Farmed only	3	17165000	17174999	Dole7	1	False	-1.817301469
0.05	5%	farmed_and_wild	Farmed + wild	3	17175000	17184999	Dole7;Mystik Canada	2	True	-2.088483864
0.05	5%	farmed_only	Farmed only	3	17185000	17194999	Dole7;Papek Czechia;Pronutrix+ Belgium	3	False	-1.965264377
0.05	5%	farmed_only	Farmed only	3	17215000	17224999	Dole7	1	False	-1.882671688
0.05	5%	farmed_and_wild	Farmed + wild	3	17245000	17254999	Dole7;Mystik Canada;Papek Czechia;Pronutrix+ Belgium;Starfood Holland	5	True	-2.420480415
0.05	5%	wild_only	Wild only	3	17265000	17274999		0	True	-1.957913421
0.05	5%	farmed_and_wild	Farmed + wild	3	17275000	17284999	Dole7;Mystik Canada;Pronutrix+ Belgium	3	True	-2.062074874
0.05	5%	farmed_only	Farmed only	3	17285000	17294999	Dole7;Pronutrix+ Belgium	2	False	-2.160262934
0.05	5%	farmed_and_wild	Farmed + wild	3	17295000	17304999	Dole7;Mystik Canada;Papek Czechia;Pronutrix+ Belgium;Starfood Holland	5	True	-2.254852822
0.05	5%	farmed_and_wild	Farmed + wild	3	17305000	17314999	Dole7	1	True	-1.839848092
0.05	5%	wild_only	Wild only	3	17325000	17334999		0	True	-1.562722741
0.05	5%	farmed_and_wild	Farmed + wild	3	17365000	17374999	Dole7;Pronutrix+ Belgium	2	True	-1.915747324
0.05	5%	farmed_and_wild	Farmed + wild	3	17405000	17414999	Dole7;Mystik Canada	2	True	-1.976151719
0.05	5%	farmed_only	Farmed only	3	17445000	17454999	Dole7;Mystik Canada;Pronutrix+ Belgium	3	False	-2.095398896
0.05	5%	farmed_and_wild	Farmed + wild	3	17455000	17464999	Dole7;Pronutrix+ Belgium	2	True	-2.029238905
0.05	5%	farmed_and_wild	Farmed + wild	3	17465000	17474999	Dole7;Pronutrix+ Belgium	2	True	-2.251853288
0.05	5%	farmed_only	Farmed only	3	17485000	17494999	Dole7;Pronutrix+ Belgium	2	False	-1.834670378
0.05	5%	farmed_and_wild	Farmed + wild	3	17495000	17504999	Dole7;Pronutrix+ Belgium	2	True	-1.929739339
0.05	5%	farmed_only	Farmed only	3	17505000	17514999	Dole7;Pronutrix+ Belgium	2	False	-2.102362264
0.05	5%	farmed_only	Farmed only	3	17515000	17524999	Dole7;Mystik Canada	2	False	-1.862124102
0.05	5%	farmed_only	Farmed only	3	17525000	17534999	Dole7;Pronutrix+ Belgium	2	False	-1.816247546
0.05	5%	farmed_and_wild	Farmed + wild	3	17535000	17544999	Dole7;Mystik Canada;Papek Czechia;Pronutrix+ Belgium;Starfood Holland	5	True	-2.259351285
0.05	5%	farmed_and_wild	Farmed + wild	3	17545000	17554999	Dole7;Pronutrix+ Belgium	2	True	-2.12978298
0.05	5%	farmed_and_wild	Farmed + wild	3	17555000	17564999	Dole7;Mystik Canada;Papek Czechia;Pronutrix+ Belgium	4	True	-2.250873648
0.05	5%	farmed_and_wild	Farmed + wild	3	17565000	17574999	Dole7;Mystik Canada;Papek Czechia;Starfood Holland	4	True	-2.147873008
0.05	5%	farmed_and_wild	Farmed + wild	3	17575000	17584999	Dole7;Pronutrix+ Belgium	2	True	-2.182738052
0.05	5%	farmed_and_wild	Farmed + wild	3	17585000	17594999	Dole7;Mystik Canada;Papek Czechia;Pronutrix+ Belgium;Starfood Holland	5	True	-2.205164623
0.05	5%	farmed_and_wild	Farmed + wild	3	17605000	17614999	Dole7;Mystik Canada;Papek Czechia;Pronutrix+ Belgium	4	True	-2.099110161
0.05	5%	farmed_and_wild	Farmed + wild	3	17615000	17624999	Dole7;Mystik Canada;Pronutrix+ Belgium	3	True	-2.137856973
0.05	5%	wild_only	Wild only	3	17635000	17644999		0	True	-2.109606068
0.05	5%	farmed_and_wild	Farmed + wild	3	17645000	17654999	Dole7;Mystik Canada	2	True	-2.371046988
0.05	5%	wild_only	Wild only	3	17655000	17664999		0	True	-1.607314451
0.05	5%	wild_only	Wild only	3	17685000	17694999		0	True	-1.863652835
0.05	5%	farmed_only	Farmed only	3	17690000	17699999	Kingsect Belgium	1	False	-1.734968204
0.05	5%	farmed_and_wild	Farmed + wild	3	17695000	17704999	Dole7;Mystik Canada;Papek Czechia;Pronutrix+ Belgium;Starfood Holland	5	True	-2.366023041
0.05	5%	farmed_only	Farmed only	3	17700000	17709999	Kingsect Belgium	1	False	-1.67309745
0.05	5%	farmed_and_wild	Farmed + wild	3	17705000	17714999	Dole7;Mystik Canada;Papek Czechia;Pronutrix+ Belgium;Starfood Holland	5	True	-2.833334535
0.05	5%	farmed_and_wild	Farmed + wild	3	17715000	17724999	Dole7;Mystik Canada;Papek Czechia;Pronutrix+ Belgium;Starfood Holland	5	True	-2.493889309
0.05	5%	farmed_and_wild	Farmed + wild	3	17735000	17744999	Dole7;Mystik Canada;Papek Czechia;Pronutrix+ Belgium;Starfood Holland	5	True	-2.23899736
0.05	5%	farmed_and_wild	Farmed + wild	3	17775000	17784999	Dole7;Mystik Canada;Pronutrix+ Belgium;Starfood Holland	4	True	-2.094066831
0.05	5%	farmed_and_wild	Farmed + wild	3	17785000	17794999	Dole7	1	True	-2.014652706
0.05	5%	farmed_and_wild	Farmed + wild	3	17795000	17804999	Dole7;Mystik Canada	2	True	-2.033945328
0.05	5%	farmed_and_wild	Farmed + wild	3	17805000	17814999	Dole7;Papek Czechia;Pronutrix+ Belgium;Starfood Holland	4	True	-2.255903839
0.05	5%	wild_only	Wild only	3	17815000	17824999		0	True	-1.559511329
0.05	5%	farmed_and_wild	Farmed + wild	3	17825000	17834999	Dole7;Mystik Canada;Papek Czechia;Pronutrix+ Belgium;Starfood Holland	5	True	-2.515412663
0.05	5%	wild_only	Wild only	3	17835000	17844999		0	True	-2.000530883
0.05	5%	wild_only	Wild only	3	17865000	17874999		0	True	-1.605619026
0.05	5%	wild_only	Wild only	3	17885000	17894999		0	True	-1.786706809
0.05	5%	wild_only	Wild only	3	17895000	17904999		0	True	-1.67334253
0.05	5%	farmed_only	Farmed only	3	17915000	17924999	Dole7	1	False	-1.906662651
0.05	5%	farmed_and_wild	Farmed + wild	3	17925000	17934999	Dole7	1	True	-1.847377932
0.05	5%	farmed_only	Farmed only	3	17955000	17964999	Dole7	1	False	-1.908076069
0.05	5%	farmed_only	Farmed only	3	17965000	17974999	Dole7;Mystik Canada	2	False	-1.934694161
0.05	5%	farmed_only	Farmed only	3	17975000	17984999	Mystik Canada;Pronutrix+ Belgium	2	False	-1.655685846
0.05	5%	farmed_only	Farmed only	3	18015000	18024999	Dole7;Mystik Canada;Papek Czechia;Pronutrix+ Belgium;Starfood Holland	5	False	-2.356608712
0.05	5%	farmed_only	Farmed only	3	18025000	18034999	Dole7;Mystik Canada;Papek Czechia;Pronutrix+ Belgium;Starfood Holland	5	False	-2.452298429
0.05	5%	farmed_only	Farmed only	3	18035000	18044999	Dole7;Mystik Canada;Papek Czechia;Pronutrix+ Belgium;Starfood Holland	5	False	-2.182022311
0.05	5%	farmed_only	Farmed only	3	18055000	18064999	Dole7;Starfood Holland	2	False	-2.138391321
0.05	5%	farmed_only	Farmed only	3	18108622	18118621	Dole7;Pronutrix+ Belgium	2	False	-1.854597174
0.05	5%	farmed_only	Farmed only	3	18118622	18128621	Dole7;Pronutrix+ Belgium;Starfood Holland	3	False	-2.168061005
0.05	5%	farmed_only	Farmed only	3	18128622	18138621	Mystik Canada	1	False	-1.577720798
0.05	5%	wild_only	Wild only	3	18328622	18338621		0	True	-1.92042616
0.05	5%	wild_only	Wild only	3	18338622	18348621		0	True	-1.592378227
0.05	5%	wild_only	Wild only	3	18358622	18368621		0	True	-1.99927678
0.05	5%	farmed_only	Farmed only	3	18368622	18378621	Dole7;Pronutrix+ Belgium	2	False	-1.806376341
0.05	5%	wild_only	Wild only	3	18388622	18398621		0	True	-1.635809086
0.05	5%	wild_only	Wild only	3	18398622	18408621		0	True	-1.95646987
0.05	5%	wild_only	Wild only	3	18408622	18418621		0	True	-1.916219575
0.05	5%	wild_only	Wild only	3	18418622	18428621		0	True	-1.759169942
0.05	5%	wild_only	Wild only	3	18438622	18448621		0	True	-1.671351603
0.05	5%	wild_only	Wild only	3	18458622	18468621		0	True	-1.588559191
0.05	5%	wild_only	Wild only	3	18478622	18488621		0	True	-1.75346229
0.05	5%	wild_only	Wild only	3	18488622	18498621		0	True	-1.58484418
0.05	5%	wild_only	Wild only	3	18498622	18508621		0	True	-1.687957103
0.05	5%	farmed_and_wild	Farmed + wild	3	18528622	18538621	Dole7;Pronutrix+ Belgium;Starfood Holland	3	True	-2.166976132
0.05	5%	wild_only	Wild only	3	18538622	18548621		0	True	-1.670339513
0.05	5%	wild_only	Wild only	3	18548622	18558621		0	True	-1.828660609
0.05	5%	wild_only	Wild only	3	18558622	18568621		0	True	-1.776102855
0.05	5%	wild_only	Wild only	3	18658622	18668621		0	True	-1.697186772
0.05	5%	wild_only	Wild only	3	18678622	18688621		0	True	-2.013690515
0.05	5%	wild_only	Wild only	3	18708622	18718621		0	True	-1.837874617
0.05	5%	wild_only	Wild only	3	18728622	18738621		0	True	-1.956508523
0.05	5%	wild_only	Wild only	3	18778622	18788621		0	True	-1.902041104
0.05	5%	wild_only	Wild only	3	18848622	18858621		0	True	-1.605973312
0.05	5%	farmed_only	Farmed only	3	18948622	18958621	Dole7	1	False	-1.970613704
0.05	5%	farmed_only	Farmed only	3	19098622	19108621	Dole7	1	False	-1.915707264
0.05	5%	farmed_and_wild	Farmed + wild	3	19108622	19118621	Dole7;Mystik Canada;Papek Czechia;Pronutrix+ Belgium;Starfood Holland	5	True	-2.422735501
0.05	5%	farmed_only	Farmed only	3	19118622	19128621	Dole7	1	False	-1.813489966
0.05	5%	farmed_only	Farmed only	3	19128622	19138621	Dole7	1	False	-1.963306184
0.05	5%	farmed_only	Farmed only	3	19158622	19168621	Dole7	1	False	-1.798623427
0.05	5%	farmed_only	Farmed only	3	19198622	19208621	Dole7	1	False	-1.90285701
0.05	5%	wild_only	Wild only	3	19298622	19308621		0	True	-1.56024268
0.05	5%	wild_only	Wild only	3	19398622	19408621		0	True	-1.627071373
0.05	5%	farmed_and_wild	Farmed + wild	3	19408622	19418621	Dole7;Mystik Canada;Papek Czechia;Pronutrix+ Belgium;Starfood Holland	5	True	-2.361504876
0.05	5%	farmed_and_wild	Farmed + wild	3	19418622	19428621	Dole7;Mystik Canada	2	True	-1.858766921
0.05	5%	farmed_and_wild	Farmed + wild	3	19428622	19438621	Dole7	1	True	-1.913958536
0.05	5%	wild_only	Wild only	3	19448622	19458621		0	True	-1.568771855
0.05	5%	farmed_and_wild	Farmed + wild	3	19528622	19538621	Mystik Canada;Pronutrix+ Belgium	2	True	-1.673645254
0.05	5%	farmed_and_wild	Farmed + wild	3	19698622	19708621	Dole7;Mystik Canada;Pronutrix+ Belgium	3	True	-1.811567194
0.05	5%	farmed_and_wild	Farmed + wild	3	19708622	19718621	Pronutrix+ Belgium	1	True	-1.885852397
0.05	5%	wild_only	Wild only	3	19788622	19798621		0	True	-1.587120887
0.05	5%	wild_only	Wild only	3	19908622	19918621		0	True	-1.595962345
0.05	5%	wild_only	Wild only	3	20148622	20158621		0	True	-2.122774786
0.05	5%	farmed_only	Farmed only	3	20218622	20228621	Dole7;Mystik Canada	2	False	-1.831908567
0.05	5%	farmed_only	Farmed only	3	20228622	20238621	Dole7;Mystik Canada;Papek Czechia;Pronutrix+ Belgium;Starfood Holland	5	False	-2.131858549
0.05	5%	farmed_only	Farmed only	3	20268622	20278621	Dole7;Mystik Canada;Pronutrix+ Belgium;Starfood Holland	4	False	-2.068880584
0.05	5%	farmed_only	Farmed only	3	20288622	20298621	Dole7;Mystik Canada;Papek Czechia;Starfood Holland	4	False	-2.312460956
0.05	5%	farmed_and_wild	Farmed + wild	3	20328622	20338621	Dole7;Mystik Canada;Papek Czechia;Pronutrix+ Belgium;Starfood Holland	5	True	-2.494699582
0.05	5%	farmed_and_wild	Farmed + wild	3	20358622	20368621	Dole7	1	True	-1.912762415
0.05	5%	wild_only	Wild only	3	20388622	20398621		0	True	-1.681176054
0.05	5%	farmed_and_wild	Farmed + wild	3	20438622	20448621	Dole7;Mystik Canada;Papek Czechia;Starfood Holland	4	True	-2.124939927
0.05	5%	farmed_only	Farmed only	3	20668622	20678621	Dole7	1	False	-1.862617198
0.05	5%	farmed_and_wild	Farmed + wild	3	20988622	20998621	Dole7;Mystik Canada;Papek Czechia;Pronutrix+ Belgium;Starfood Holland	5	True	-2.262242628
0.05	5%	farmed_and_wild	Farmed + wild	3	20998622	21008621	Dole7;Mystik Canada;Papek Czechia;Pronutrix+ Belgium;Starfood Holland	5	True	-2.955826292
0.05	5%	farmed_only	Farmed only	3	21168622	21178621	Dole7	1	False	-1.847870471
0.05	5%	farmed_and_wild	Farmed + wild	3	21178622	21188621	Dole7;Pronutrix+ Belgium	2	True	-1.979590998
0.05	5%	farmed_and_wild	Farmed + wild	3	21688622	21698621	Dole7	1	True	-1.812385668
0.05	5%	farmed_only	Farmed only	3	21738622	21748621	Mystik Canada	1	False	-1.20661278
0.05	5%	farmed_only	Farmed only	3	21748622	21758621	Mystik Canada;Pronutrix+ Belgium	2	False	-1.743256418
0.05	5%	farmed_only	Farmed only	3	21968622	21978621	Dole7;Mystik Canada;Pronutrix+ Belgium	3	False	-1.862531824
0.05	5%	farmed_only	Farmed only	3	22028622	22038621	Dole7;Pronutrix+ Belgium	2	False	-1.803697882
0.05	5%	farmed_only	Farmed only	3	22088622	22098621	Dole7	1	False	-1.969626043
0.05	5%	farmed_only	Farmed only	3	22098622	22108621	Dole7	1	False	-1.967959017
0.05	5%	farmed_and_wild	Farmed + wild	3	22108622	22118621	Dole7;Mystik Canada;Starfood Holland	3	True	-2.207027262
0.05	5%	farmed_only	Farmed only	3	22338622	22348621	Mystik Canada	1	False	-1.221053187
0.05	5%	farmed_only	Farmed only	3	22418622	22428621	Mystik Canada	1	False	-1.444317455
0.05	5%	farmed_and_wild	Farmed + wild	3	22948622	22958621	Dole7;Papek Czechia;Pronutrix+ Belgium;Starfood Holland	4	True	-2.111245715
0.05	5%	farmed_and_wild	Farmed + wild	3	22958622	22968621	Dole7;Mystik Canada;Pronutrix+ Belgium	3	True	-2.015497805
0.05	5%	farmed_only	Farmed only	3	23208622	23218621	Dole7	1	False	-1.833887795
0.05	5%	wild_only	Wild only	3	23418622	23428621		0	True	-1.598734968
0.05	5%	farmed_and_wild	Farmed + wild	3	23428622	23438621	Dole7;Starfood Holland	2	True	-2.048900293
0.05	5%	wild_only	Wild only	3	23708622	23718621		0	True	-1.62418478
0.05	5%	farmed_only	Farmed only	3	24058622	24068621	Dole7	1	False	-1.945778073
0.05	5%	farmed_only	Farmed only	3	24178622	24188621	Dole7;Pronutrix+ Belgium;Starfood Holland	3	False	-2.110442911
0.05	5%	farmed_only	Farmed only	3	24203622	24213621	Kingsect Belgium	1	False	-1.75926185
0.05	5%	farmed_only	Farmed only	3	24208622	24218621	Dole7	1	False	-1.856332213
0.05	5%	farmed_only	Farmed only	3	24213622	24223621	Kingsect Belgium	1	False	-1.789278892
0.05	5%	farmed_only	Farmed only	3	24218622	24228621	Dole7;Starfood Holland	2	False	-2.027866422
0.05	5%	farmed_only	Farmed only	3	24223622	24233621	Kingsect Belgium	1	False	-1.776602512
0.05	5%	farmed_and_wild	Farmed + wild	3	24228622	24238621	Dole7;Papek Czechia;Pronutrix+ Belgium;Starfood Holland	4	True	-2.065950034
0.05	5%	farmed_only	Farmed only	3	24233622	24243621	Kingsect Belgium	1	False	-1.687294343
0.05	5%	farmed_and_wild	Farmed + wild	3	24248622	24258621	Dole7;Papek Czechia	2	True	-1.984274047
0.05	5%	wild_only	Wild only	3	24278622	24288621		0	True	-1.697801719
0.05	5%	farmed_only	Farmed only	3	24408622	24418621	Dole7;Mystik Canada;Papek Czechia;Pronutrix+ Belgium	4	False	-1.933903179
0.05	5%	farmed_only	Farmed only	3	24478622	24488621	Dole7;Pronutrix+ Belgium;Starfood Holland	3	False	-2.208699973
0.05	5%	farmed_only	Farmed only	3	24488622	24498621	Dole7	1	False	-1.899100046
0.05	5%	farmed_only	Farmed only	3	24508622	24518621	Dole7;Papek Czechia	2	False	-1.900535471
0.05	5%	farmed_only	Farmed only	3	25188622	25198621	Dole7	1	False	-1.926372157
0.05	5%	farmed_only	Farmed only	3	25198622	25208621	Dole7;Papek Czechia	2	False	-1.836037766
0.05	5%	farmed_only	Farmed only	3	25208622	25218621	Dole7	1	False	-1.857035549
0.05	5%	farmed_and_wild	Farmed + wild	3	25218622	25228621	Dole7;Mystik Canada;Papek Czechia;Pronutrix+ Belgium;Starfood Holland	5	True	-2.196749566
0.05	5%	farmed_only	Farmed only	3	25238622	25248621	Pronutrix+ Belgium	1	False	-1.470293559
0.05	5%	farmed_and_wild	Farmed + wild	3	25778622	25788621	Dole7	1	True	-2.015186138
0.05	5%	wild_only	Wild only	3	26208622	26218621		0	True	-1.672380995
0.05	5%	farmed_and_wild	Farmed + wild	3	26568622	26578621	Dole7;Papek Czechia;Pronutrix+ Belgium	3	True	-2.395819677
0.05	5%	farmed_and_wild	Farmed + wild	3	26578622	26588621	Dole7;Papek Czechia;Pronutrix+ Belgium;Starfood Holland	4	True	-2.50420601
0.05	5%	farmed_and_wild	Farmed + wild	3	26588622	26598621	Dole7;Pronutrix+ Belgium;Starfood Holland	3	True	-2.297526091
0.05	5%	farmed_only	Farmed only	3	27758622	27768621	Mystik Canada	1	False	-1.28534308
0.05	5%	farmed_only	Farmed only	3	27888622	27898621	Dole7	1	False	-1.938576303
0.05	5%	farmed_only	Farmed only	3	28328622	28338621	Dole7;Mystik Canada;Papek Czechia;Pronutrix+ Belgium	4	False	-1.996952614
0.05	5%	farmed_only	Farmed only	3	29198622	29208621	Pronutrix+ Belgium;Starfood Holland	2	False	-2.115043236
0.05	5%	farmed_only	Farmed only	3	29228622	29238621	Dole7;Mystik Canada;Papek Czechia;Pronutrix+ Belgium;Starfood Holland	5	False	-2.667809272
0.05	5%	farmed_only	Farmed only	3	29318622	29328621	Pronutrix+ Belgium	1	False	-1.607932361
0.05	5%	farmed_only	Farmed only	3	31013622	31023621	Kingsect Belgium	1	False	-1.728643922
0.05	5%	farmed_and_wild	Farmed + wild	3	31038622	31048621	Dole7;Mystik Canada;Papek Czechia;Pronutrix+ Belgium;Starfood Holland	5	True	-2.699782473
0.05	5%	farmed_and_wild	Farmed + wild	3	31048622	31058621	Dole7;Papek Czechia;Pronutrix+ Belgium;Starfood Holland	4	True	-2.942360355
0.05	5%	farmed_and_wild	Farmed + wild	3	31058622	31068621	Dole7;Mystik Canada;Papek Czechia;Pronutrix+ Belgium;Starfood Holland	5	True	-3.137225103
0.05	5%	farmed_only	Farmed only	3	31068622	31078621	Mystik Canada	1	False	-2.673211037
0.05	5%	farmed_only	Farmed only	4	205000	214999	Mystik Canada	1	False	-1.170351757
0.05	5%	farmed_and_wild	Farmed + wild	4	845000	854999	Dole7;Mystik Canada;Papek Czechia;Pronutrix+ Belgium;Starfood Holland	5	True	-2.383268385
0.05	5%	farmed_and_wild	Farmed + wild	4	1405000	1414999	Dole7;Mystik Canada;Pronutrix+ Belgium	3	True	-1.920903978
0.05	5%	farmed_only	Farmed only	4	2235000	2244999	Dole7;Starfood Holland	2	False	-2.166010489
0.05	5%	farmed_only	Farmed only	4	2255000	2264999	Dole7;Starfood Holland	2	False	-2.344579058
0.05	5%	farmed_and_wild	Farmed + wild	4	3275000	3284999	Mystik Canada;Papek Czechia;Pronutrix+ Belgium;Starfood Holland	4	True	-2.623257808
0.05	5%	farmed_only	Farmed only	4	3525000	3534999	Pronutrix+ Belgium	1	False	-1.536515179
0.05	5%	farmed_only	Farmed only	4	3575000	3584999	Starfood Holland	1	False	-2.044706023
0.05	5%	farmed_and_wild	Farmed + wild	4	4045000	4054999	Mystik Canada;Papek Czechia;Pronutrix+ Belgium;Starfood Holland	4	True	-2.259250111
0.05	5%	farmed_only	Farmed only	4	4085000	4094999	Mystik Canada	1	False	-1.472740025
0.05	5%	farmed_and_wild	Farmed + wild	4	5155000	5164999	Papek Czechia	1	True	-1.768778576
0.05	5%	farmed_and_wild	Farmed + wild	4	5675000	5684999	Pronutrix+ Belgium	1	True	-1.557939237
0.05	5%	farmed_and_wild	Farmed + wild	4	5705000	5714999	Mystik Canada;Papek Czechia;Pronutrix+ Belgium;Starfood Holland	4	True	-2.855072008
0.05	5%	farmed_and_wild	Farmed + wild	4	5715000	5724999	Mystik Canada;Papek Czechia;Pronutrix+ Belgium;Starfood Holland	4	True	-3.246901538
0.05	5%	farmed_only	Farmed only	4	5885000	5894999	Mystik Canada;Pronutrix+ Belgium	2	False	-1.506468095
0.05	5%	wild_only	Wild only	4	5945000	5954999		0	True	-1.829206315
0.05	5%	farmed_only	Farmed only	4	6035000	6044999	Pronutrix+ Belgium	1	False	-1.542416892
0.05	5%	farmed_only	Farmed only	4	7225000	7234999	Pronutrix+ Belgium	1	False	-1.550096523
0.05	5%	farmed_only	Farmed only	4	7565000	7574999	Mystik Canada;Papek Czechia;Pronutrix+ Belgium;Starfood Holland	4	False	-2.467835555
0.05	5%	farmed_only	Farmed only	4	7570000	7579999	Kingsect Belgium	1	False	-1.737778849
0.05	5%	farmed_and_wild	Farmed + wild	4	7575000	7584999	Mystik Canada;Papek Czechia;Pronutrix+ Belgium;Starfood Holland	4	True	-2.689595112
0.05	5%	farmed_only	Farmed only	4	7580000	7589999	Kingsect Belgium	1	False	-1.984338478
0.05	5%	farmed_and_wild	Farmed + wild	4	7585000	7594999	Mystik Canada;Papek Czechia;Pronutrix+ Belgium;Starfood Holland	4	True	-2.475520752
0.05	5%	farmed_only	Farmed only	4	7590000	7599999	Kingsect Belgium	1	False	-2.103488021
0.05	5%	farmed_and_wild	Farmed + wild	4	7595000	7604999	Mystik Canada;Papek Czechia;Pronutrix+ Belgium;Starfood Holland	4	True	-2.869874889
0.05	5%	farmed_only	Farmed only	4	7600000	7609999	Kingsect Belgium	1	False	-2.25489267
0.05	5%	farmed_and_wild	Farmed + wild	4	7605000	7614999	Mystik Canada;Papek Czechia;Pronutrix+ Belgium;Starfood Holland	4	True	-2.275709665
0.05	5%	farmed_only	Farmed only	4	7610000	7619999	Kingsect Belgium	1	False	-2.506561322
0.05	5%	farmed_and_wild	Farmed + wild	4	7615000	7624999	Mystik Canada;Papek Czechia;Pronutrix+ Belgium;Starfood Holland	4	True	-2.521074689
0.05	5%	farmed_only	Farmed only	4	7620000	7629999	Kingsect Belgium	1	False	-2.463603524
0.05	5%	farmed_and_wild	Farmed + wild	4	7625000	7634999	Mystik Canada;Papek Czechia;Pronutrix+ Belgium;Starfood Holland	4	True	-2.430348945
0.05	5%	farmed_only	Farmed only	4	7630000	7639999	Kingsect Belgium	1	False	-2.239729925
0.05	5%	farmed_only	Farmed only	4	7640000	7649999	Kingsect Belgium	1	False	-2.021852994
0.05	5%	farmed_and_wild	Farmed + wild	4	7645000	7654999	Mystik Canada;Papek Czechia;Pronutrix+ Belgium;Starfood Holland	4	True	-2.371669451
0.05	5%	farmed_only	Farmed only	4	7650000	7659999	Kingsect Belgium	1	False	-1.746740755
0.05	5%	farmed_and_wild	Farmed + wild	4	7655000	7664999	Mystik Canada;Papek Czechia;Pronutrix+ Belgium;Starfood Holland	4	True	-2.127538584
0.05	5%	farmed_only	Farmed only	4	7665000	7674999	Mystik Canada;Papek Czechia;Pronutrix+ Belgium;Starfood Holland	4	False	-2.218650321
0.05	5%	farmed_only	Farmed only	4	7855000	7864999	Mystik Canada;Papek Czechia;Pronutrix+ Belgium;Starfood Holland	4	False	-2.174251525
0.05	5%	farmed_only	Farmed only	4	7915000	7924999	Pronutrix+ Belgium	1	False	-1.571388844
0.05	5%	farmed_and_wild	Farmed + wild	4	10358144	10368143	Mystik Canada;Papek Czechia;Pronutrix+ Belgium	3	True	-2.055305443
0.05	5%	farmed_and_wild	Farmed + wild	4	10428144	10438143	Mystik Canada;Pronutrix+ Belgium;Starfood Holland	3	True	-2.104250199
0.05	5%	farmed_only	Farmed only	4	10528144	10538143	Pronutrix+ Belgium	1	False	-1.485767963
0.05	5%	farmed_and_wild	Farmed + wild	4	10538144	10548143	Starfood Holland	1	True	-2.043447598
0.05	5%	farmed_only	Farmed only	4	10668144	10678143	Papek Czechia;Pronutrix+ Belgium	2	False	-1.868233102
0.05	5%	farmed_and_wild	Farmed + wild	4	10698144	10708143	Starfood Holland	1	True	-2.090559998
0.05	5%	wild_only	Wild only	4	10948144	10958143		0	True	-1.582372672
0.05	5%	farmed_only	Farmed only	4	11008144	11018143	Starfood Holland	1	False	-2.027156542
0.05	5%	farmed_only	Farmed only	4	11138144	11148143	Pronutrix+ Belgium	1	False	-1.472631927
0.05	5%	farmed_only	Farmed only	4	11148144	11158143	Mystik Canada;Starfood Holland	2	False	-2.071835156
0.05	5%	farmed_only	Farmed only	4	11173144	11183143	Kingsect Belgium	1	False	-1.713363343
0.05	5%	farmed_only	Farmed only	4	11183144	11193143	Kingsect Belgium	1	False	-1.881238777
0.05	5%	farmed_and_wild	Farmed + wild	4	11188144	11198143	Pronutrix+ Belgium;Starfood Holland	2	True	-2.134185171
0.05	5%	farmed_only	Farmed only	4	11193144	11203143	Kingsect Belgium	1	False	-1.858267645
0.05	5%	farmed_and_wild	Farmed + wild	4	11198144	11208143	Mystik Canada;Papek Czechia;Pronutrix+ Belgium;Starfood Holland	4	True	-2.33785767
0.05	5%	farmed_only	Farmed only	4	11203144	11213143	Kingsect Belgium	1	False	-1.808936389
0.05	5%	farmed_and_wild	Farmed + wild	4	11208144	11218143	Mystik Canada;Papek Czechia;Pronutrix+ Belgium;Starfood Holland	4	True	-2.672930987
0.05	5%	farmed_only	Farmed only	4	11213144	11223143	Kingsect Belgium	1	False	-1.871905011
0.05	5%	farmed_and_wild	Farmed + wild	4	11218144	11228143	Mystik Canada;Papek Czechia;Pronutrix+ Belgium;Starfood Holland	4	True	-2.474522819
0.05	5%	farmed_only	Farmed only	4	11223144	11233143	Kingsect Belgium	1	False	-1.920762163
0.05	5%	farmed_and_wild	Farmed + wild	4	11228144	11238143	Mystik Canada;Papek Czechia;Pronutrix+ Belgium;Starfood Holland	4	True	-2.157861952
0.05	5%	farmed_only	Farmed only	4	11233144	11243143	Kingsect Belgium	1	False	-1.869124662
0.05	5%	farmed_only	Farmed only	4	11243144	11253143	Kingsect Belgium	1	False	-1.741945335
0.05	5%	wild_only	Wild only	4	11268144	11278143		0	True	-1.667416991
0.05	5%	wild_only	Wild only	4	11588144	11598143		0	True	-1.692501725
0.05	5%	farmed_and_wild	Farmed + wild	4	12098144	12108143	Mystik Canada;Papek Czechia;Pronutrix+ Belgium;Starfood Holland	4	True	-2.620555603
0.05	5%	farmed_only	Farmed only	4	12378144	12388143	Pronutrix+ Belgium	1	False	-1.478209142
0.05	5%	farmed_only	Farmed only	4	12393144	12403143	Kingsect Belgium	1	False	-1.673494016
0.05	5%	farmed_only	Farmed only	4	12403144	12413143	Kingsect Belgium	1	False	-1.680174018
0.05	5%	farmed_only	Farmed only	4	12413144	12423143	Kingsect Belgium	1	False	-1.673897
0.05	5%	wild_only	Wild only	4	12418144	12428143		0	True	-1.627243379
0.05	5%	farmed_only	Farmed only	4	12423144	12433143	Kingsect Belgium	1	False	-1.773573728
0.05	5%	farmed_only	Farmed only	4	12433144	12443143	Kingsect Belgium	1	False	-1.699196248
0.05	5%	farmed_only	Farmed only	4	12443144	12453143	Kingsect Belgium	1	False	-1.684195317
0.05	5%	farmed_only	Farmed only	4	12463144	12473143	Kingsect Belgium	1	False	-1.735503119
0.05	5%	farmed_only	Farmed only	4	12468144	12478143	Starfood Holland	1	False	-2.048429785
0.05	5%	farmed_only	Farmed only	4	12473144	12483143	Kingsect Belgium	1	False	-1.76454335
0.05	5%	farmed_only	Farmed only	4	12483144	12493143	Kingsect Belgium	1	False	-1.818056544
0.05	5%	farmed_only	Farmed only	4	12493144	12503143	Kingsect Belgium	1	False	-1.759226205
0.05	5%	farmed_only	Farmed only	4	12503144	12513143	Kingsect Belgium	1	False	-1.778265952
0.05	5%	farmed_and_wild	Farmed + wild	4	12508144	12518143	Mystik Canada;Papek Czechia;Pronutrix+ Belgium;Starfood Holland	4	True	-2.27417414
0.05	5%	farmed_only	Farmed only	4	12513144	12523143	Kingsect Belgium	1	False	-1.814977304
0.05	5%	farmed_only	Farmed only	4	12518144	12528143	Mystik Canada;Pronutrix+ Belgium;Starfood Holland	3	False	-2.121104736
0.05	5%	farmed_only	Farmed only	4	12523144	12533143	Kingsect Belgium	1	False	-1.781625903
0.05	5%	farmed_only	Farmed only	4	12528144	12538143	Mystik Canada;Pronutrix+ Belgium;Starfood Holland	3	False	-2.133487905
0.05	5%	farmed_only	Farmed only	4	12533144	12543143	Kingsect Belgium	1	False	-1.825641878
0.05	5%	farmed_only	Farmed only	4	12543144	12553143	Kingsect Belgium	1	False	-1.790362831
0.05	5%	farmed_only	Farmed only	4	12553144	12563143	Kingsect Belgium	1	False	-1.817272609
0.05	5%	farmed_and_wild	Farmed + wild	4	12558144	12568143	Mystik Canada;Papek Czechia;Pronutrix+ Belgium;Starfood Holland	4	True	-2.471863895
0.05	5%	wild_only	Wild only	4	12968144	12978143		0	True	-1.570604227
0.05	5%	farmed_and_wild	Farmed + wild	4	12988144	12998143	Mystik Canada;Pronutrix+ Belgium;Starfood Holland	3	True	-2.125142501
0.05	5%	wild_only	Wild only	4	13008144	13018143		0	True	-1.576162961
0.05	5%	wild_only	Wild only	4	13018144	13028143		0	True	-1.858527004
0.05	5%	farmed_and_wild	Farmed + wild	4	13048144	13058143	Pronutrix+ Belgium	1	True	-2.067523314
0.05	5%	farmed_and_wild	Farmed + wild	4	13058144	13068143	Pronutrix+ Belgium	1	True	-1.773796214
0.05	5%	farmed_and_wild	Farmed + wild	4	13068144	13078143	Pronutrix+ Belgium	1	True	-1.599962909
0.05	5%	farmed_only	Farmed only	4	13138144	13148143	Pronutrix+ Belgium;Starfood Holland	2	False	-2.042975503
0.05	5%	wild_only	Wild only	4	13148144	13158143		0	True	-1.610328758
0.05	5%	farmed_and_wild	Farmed + wild	4	13168144	13178143	Pronutrix+ Belgium	1	True	-2.476801314
0.05	5%	farmed_only	Farmed only	4	13308144	13318143	Mystik Canada;Papek Czechia;Pronutrix+ Belgium;Starfood Holland	4	False	-2.134237662
0.05	5%	farmed_and_wild	Farmed + wild	4	13668144	13678143	Mystik Canada;Papek Czechia;Pronutrix+ Belgium;Starfood Holland	4	True	-2.399645632
0.05	5%	farmed_only	Farmed only	4	13718144	13728143	Mystik Canada;Papek Czechia;Pronutrix+ Belgium;Starfood Holland	4	False	-2.0955456
0.05	5%	farmed_and_wild	Farmed + wild	4	13978144	13988143	Mystik Canada;Papek Czechia;Pronutrix+ Belgium;Starfood Holland	4	True	-2.382456461
0.05	5%	farmed_only	Farmed only	4	13988144	13998143	Mystik Canada;Pronutrix+ Belgium;Starfood Holland	3	False	-2.194597821
0.05	5%	farmed_only	Farmed only	4	13998144	14008143	Mystik Canada;Pronutrix+ Belgium	2	False	-1.663575122
0.05	5%	wild_only	Wild only	4	14358144	14368143		0	True	-1.583870307
0.05	5%	farmed_only	Farmed only	4	14398144	14408143	Starfood Holland	1	False	-2.077472436
0.05	5%	farmed_only	Farmed only	4	14658144	14668143	Papek Czechia;Pronutrix+ Belgium	2	False	-1.715121657
0.05	5%	farmed_and_wild	Farmed + wild	4	15178144	15188143	Papek Czechia;Pronutrix+ Belgium;Starfood Holland	3	True	-2.516683173
0.05	5%	farmed_and_wild	Farmed + wild	4	15568243	15578242	Mystik Canada;Papek Czechia;Starfood Holland	3	True	-2.90724173
0.05	5%	farmed_only	Farmed only	4	15578243	15588242	Mystik Canada	1	False	-2.705100826
0.05	5%	farmed_and_wild	Farmed + wild	4	15598243	15608242	Mystik Canada;Papek Czechia;Starfood Holland	3	True	-2.647478647
0.05	5%	farmed_and_wild	Farmed + wild	4	15608243	15618242	Mystik Canada;Papek Czechia;Starfood Holland	3	True	-2.227110741
0.05	5%	farmed_and_wild	Farmed + wild	4	15618243	15628242	Mystik Canada;Papek Czechia;Starfood Holland	3	True	-2.5603338
0.05	5%	farmed_and_wild	Farmed + wild	4	15628243	15638242	Mystik Canada;Papek Czechia;Starfood Holland	3	True	-2.503725338
0.05	5%	farmed_only	Farmed only	4	15643243	15653242	Kingsect Belgium	1	False	-1.703393148
0.05	5%	farmed_only	Farmed only	4	15934214	15944213	Mystik Canada	1	False	-1.192783352
0.05	5%	farmed_only	Farmed only	4	16014214	16024213	Mystik Canada;Pronutrix+ Belgium	2	False	-1.481847262
0.05	5%	wild_only	Wild only	4	16034214	16044213		0	True	-1.654961002
0.05	5%	farmed_only	Farmed only	4	16074214	16084213	Papek Czechia	1	False	-1.76747187
0.05	5%	wild_only	Wild only	4	16114214	16124213		0	True	-1.558997783
0.05	5%	farmed_only	Farmed only	4	16184214	16194213	Papek Czechia	1	False	-1.738695642
0.05	5%	farmed_only	Farmed only	4	16879214	16889213	Kingsect Belgium	1	False	-1.791209198
0.05	5%	farmed_only	Farmed only	4	16889214	16899213	Kingsect Belgium	1	False	-1.903720539
0.05	5%	farmed_only	Farmed only	4	16899214	16909213	Kingsect Belgium	1	False	-1.981948313
0.05	5%	farmed_only	Farmed only	4	16904214	16914213	Pronutrix+ Belgium	1	False	-1.517873608
0.05	5%	farmed_only	Farmed only	4	16909214	16919213	Kingsect Belgium	1	False	-1.904395237
0.05	5%	farmed_only	Farmed only	4	16919214	16929213	Kingsect Belgium	1	False	-1.895081495
0.05	5%	farmed_only	Farmed only	4	16924214	16934213	Pronutrix+ Belgium;Starfood Holland	2	False	-2.124271749
0.05	5%	farmed_only	Farmed only	4	16929214	16939213	Kingsect Belgium	1	False	-1.979885276
0.05	5%	farmed_and_wild	Farmed + wild	4	16934214	16944213	Mystik Canada;Pronutrix+ Belgium;Starfood Holland	3	True	-2.223175484
0.05	5%	farmed_only	Farmed only	4	16939214	16949213	Kingsect Belgium	1	False	-2.001374917
0.05	5%	farmed_and_wild	Farmed + wild	4	16944214	16954213	Mystik Canada;Pronutrix+ Belgium;Starfood Holland	3	True	-2.029426701
0.05	5%	farmed_only	Farmed only	4	16949214	16959213	Kingsect Belgium	1	False	-1.890682253
0.05	5%	farmed_only	Farmed only	4	16959214	16969213	Kingsect Belgium	1	False	-1.782229038
0.05	5%	farmed_only	Farmed only	4	16974214	16984213	Mystik Canada;Papek Czechia;Pronutrix+ Belgium;Starfood Holland	4	False	-2.135345534
0.05	5%	farmed_only	Farmed only	4	16984214	16994213	Pronutrix+ Belgium;Starfood Holland	2	False	-2.053009437
0.05	5%	farmed_and_wild	Farmed + wild	4	17974214	17984213	Mystik Canada;Papek Czechia;Pronutrix+ Belgium	3	True	-1.812445865
0.05	5%	wild_only	Wild only	4	18324214	18334213		0	True	-1.773495006
0.05	5%	wild_only	Wild only	4	18484214	18494213		0	True	-1.622420664
0.05	5%	farmed_and_wild	Farmed + wild	4	18634214	18644213	Mystik Canada;Papek Czechia;Pronutrix+ Belgium;Starfood Holland	4	True	-2.709341891
0.05	5%	farmed_and_wild	Farmed + wild	4	18644214	18654213	Mystik Canada;Papek Czechia;Pronutrix+ Belgium;Starfood Holland	4	True	-2.557342198
0.05	5%	wild_only	Wild only	4	18824214	18834213		0	True	-1.604946088
0.05	5%	farmed_only	Farmed only	4	19334214	19344213	Mystik Canada	1	False	-1.247110612
0.05	5%	wild_only	Wild only	4	19594214	19604213		0	True	-1.605386282
0.05	5%	farmed_and_wild	Farmed + wild	4	19874214	19884213	Papek Czechia;Pronutrix+ Belgium	2	True	-1.72813674
0.05	5%	farmed_and_wild	Farmed + wild	4	20104214	20114213	Starfood Holland	1	True	-2.116601031
0.05	5%	farmed_only	Farmed only	4	20264214	20274213	Starfood Holland	1	False	-2.09949982
0.05	5%	farmed_only	Farmed only	4	20354214	20364213	Mystik Canada;Papek Czechia	2	False	-1.746817197
0.05	5%	farmed_only	Farmed only	4	20379214	20389213	Kingsect Belgium	1	False	-1.674057723
0.05	5%	farmed_and_wild	Farmed + wild	4	20394214	20404213	Papek Czechia;Pronutrix+ Belgium;Starfood Holland	3	True	-2.145568674
0.05	5%	farmed_only	Farmed only	4	20404214	20414213	Mystik Canada	1	False	-1.259493093
0.05	5%	farmed_only	Farmed only	4	20474214	20484213	Mystik Canada	1	False	-1.205179183
0.05	5%	farmed_only	Farmed only	4	20564214	20574213	Mystik Canada	1	False	-1.169222621
0.05	5%	farmed_and_wild	Farmed + wild	4	20634214	20644213	Mystik Canada;Papek Czechia;Pronutrix+ Belgium;Starfood Holland	4	True	-2.02598623
0.05	5%	farmed_only	Farmed only	4	20684214	20694213	Pronutrix+ Belgium	1	False	-1.558948172
0.05	5%	farmed_and_wild	Farmed + wild	4	20694214	20704213	Mystik Canada;Papek Czechia;Pronutrix+ Belgium;Starfood Holland	4	True	-2.097977725
0.05	5%	farmed_only	Farmed only	4	20699214	20709213	Kingsect Belgium	1	False	-1.800429566
0.05	5%	farmed_and_wild	Farmed + wild	4	20704214	20714213	Mystik Canada;Papek Czechia;Pronutrix+ Belgium;Starfood Holland	4	True	-2.272594504
0.05	5%	farmed_only	Farmed only	4	20709214	20719213	Kingsect Belgium	1	False	-1.83927188
0.05	5%	farmed_only	Farmed only	4	20719214	20729213	Kingsect Belgium	1	False	-1.87326327
0.05	5%	farmed_only	Farmed only	4	20729214	20739213	Kingsect Belgium	1	False	-1.724465163
0.05	5%	farmed_only	Farmed only	4	20739214	20749213	Kingsect Belgium	1	False	-1.712871527
0.05	5%	farmed_and_wild	Farmed + wild	4	20744214	20754213	Mystik Canada;Papek Czechia;Pronutrix+ Belgium;Starfood Holland	4	True	-2.671792918
0.05	5%	farmed_only	Farmed only	4	20784214	20794213	Starfood Holland	1	False	-2.075818555
0.05	5%	farmed_only	Farmed only	4	20789214	20799213	Kingsect Belgium	1	False	-1.693349065
0.05	5%	farmed_and_wild	Farmed + wild	4	20794214	20804213	Papek Czechia;Pronutrix+ Belgium;Starfood Holland	3	True	-2.170852358
0.05	5%	farmed_only	Farmed only	4	20819214	20829213	Kingsect Belgium	1	False	-1.73212004
0.05	5%	farmed_only	Farmed only	4	20824214	20834213	Papek Czechia;Pronutrix+ Belgium;Starfood Holland	3	False	-2.085572114
0.05	5%	farmed_only	Farmed only	4	20829214	20839213	Kingsect Belgium	1	False	-1.869779339
0.05	5%	farmed_only	Farmed only	4	20839214	20849213	Kingsect Belgium	1	False	-1.902718513
0.05	5%	farmed_only	Farmed only	4	20849214	20859213	Kingsect Belgium	1	False	-1.955057727
0.05	5%	farmed_only	Farmed only	4	20854214	20864213	Mystik Canada;Pronutrix+ Belgium	2	False	-1.606954388
0.05	5%	farmed_only	Farmed only	4	20859214	20869213	Kingsect Belgium	1	False	-1.961660121
0.05	5%	farmed_and_wild	Farmed + wild	4	20864214	20874213	Papek Czechia;Pronutrix+ Belgium;Starfood Holland	3	True	-2.324860883
0.05	5%	farmed_only	Farmed only	4	20869214	20879213	Kingsect Belgium	1	False	-2.00514238
0.05	5%	farmed_only	Farmed only	4	20879214	20889213	Kingsect Belgium	1	False	-2.042984409
0.05	5%	farmed_and_wild	Farmed + wild	4	20884214	20894213	Mystik Canada;Papek Czechia;Pronutrix+ Belgium;Starfood Holland	4	True	-2.416643194
0.05	5%	farmed_only	Farmed only	4	20889214	20899213	Kingsect Belgium	1	False	-2.084226851
0.05	5%	farmed_and_wild	Farmed + wild	4	20894214	20904213	Mystik Canada;Papek Czechia;Pronutrix+ Belgium;Starfood Holland	4	True	-2.558739102
0.05	5%	farmed_only	Farmed only	4	20899214	20909213	Kingsect Belgium	1	False	-2.130842931
0.05	5%	farmed_only	Farmed only	4	20904214	20914213	Mystik Canada;Pronutrix+ Belgium;Starfood Holland	3	False	-2.096881796
0.05	5%	farmed_only	Farmed only	4	20909214	20919213	Kingsect Belgium	1	False	-2.22223394
0.05	5%	farmed_only	Farmed only	4	20914214	20924213	Starfood Holland	1	False	-2.04922404
0.05	5%	farmed_only	Farmed only	4	20919214	20929213	Kingsect Belgium	1	False	-2.274306234
0.05	5%	farmed_and_wild	Farmed + wild	4	20924214	20934213	Mystik Canada;Papek Czechia;Pronutrix+ Belgium;Starfood Holland	4	True	-2.175168461
0.05	5%	farmed_only	Farmed only	4	20929214	20939213	Kingsect Belgium	1	False	-2.302383243
0.05	5%	farmed_and_wild	Farmed + wild	4	20934214	20944213	Mystik Canada;Papek Czechia;Pronutrix+ Belgium;Starfood Holland	4	True	-2.169379991
0.05	5%	farmed_only	Farmed only	4	20939214	20949213	Kingsect Belgium	1	False	-2.211756006
0.05	5%	farmed_and_wild	Farmed + wild	4	20944214	20954213	Papek Czechia;Pronutrix+ Belgium	2	True	-1.969633475
0.05	5%	farmed_only	Farmed only	4	20949214	20959213	Kingsect Belgium	1	False	-2.107912851
0.05	5%	farmed_and_wild	Farmed + wild	4	20954214	20964213	Mystik Canada;Papek Czechia;Pronutrix+ Belgium;Starfood Holland	4	True	-2.489909708
0.05	5%	farmed_only	Farmed only	4	20959214	20969213	Kingsect Belgium	1	False	-2.057494051
0.05	5%	farmed_and_wild	Farmed + wild	4	20964214	20974213	Mystik Canada;Papek Czechia;Pronutrix+ Belgium;Starfood Holland	4	True	-2.529336152
0.05	5%	farmed_only	Farmed only	4	20969214	20979213	Kingsect Belgium	1	False	-2.042134172
0.05	5%	farmed_and_wild	Farmed + wild	4	20974214	20984213	Mystik Canada;Papek Czechia;Pronutrix+ Belgium;Starfood Holland	4	True	-2.296054777
0.05	5%	farmed_only	Farmed only	4	20979214	20989213	Kingsect Belgium	1	False	-2.052679809
0.05	5%	farmed_only	Farmed only	4	20989214	20999213	Kingsect Belgium	1	False	-2.02387153
0.05	5%	farmed_only	Farmed only	4	20999214	21009213	Kingsect Belgium	1	False	-2.079484076
0.05	5%	farmed_only	Farmed only	4	21009214	21019213	Kingsect Belgium	1	False	-1.875562334
0.05	5%	farmed_and_wild	Farmed + wild	4	21014214	21024213	Pronutrix+ Belgium;Starfood Holland	2	True	-2.148296215
0.05	5%	farmed_only	Farmed only	4	21019214	21029213	Kingsect Belgium	1	False	-1.815092274
0.05	5%	farmed_and_wild	Farmed + wild	4	21024214	21034213	Mystik Canada;Papek Czechia;Pronutrix+ Belgium;Starfood Holland	4	True	-2.404185186
0.05	5%	farmed_only	Farmed only	4	21029214	21039213	Kingsect Belgium	1	False	-1.737546004
0.05	5%	farmed_and_wild	Farmed + wild	4	21034214	21044213	Mystik Canada;Pronutrix+ Belgium;Starfood Holland	3	True	-2.186815519
0.05	5%	farmed_only	Farmed only	4	21039214	21049213	Kingsect Belgium	1	False	-1.715326495
0.05	5%	farmed_and_wild	Farmed + wild	4	21044214	21054213	Mystik Canada;Papek Czechia;Pronutrix+ Belgium;Starfood Holland	4	True	-2.59338415
0.05	5%	farmed_only	Farmed only	4	21049214	21059213	Kingsect Belgium	1	False	-1.704410203
0.05	5%	farmed_only	Farmed only	4	21059214	21069213	Kingsect Belgium	1	False	-1.733002481
0.05	5%	wild_only	Wild only	4	21064214	21074213		0	True	-1.81175488
0.05	5%	farmed_and_wild	Farmed + wild	4	21374214	21384213	Papek Czechia;Pronutrix+ Belgium	2	True	-1.983808673
0.05	5%	farmed_and_wild	Farmed + wild	4	21384214	21394213	Mystik Canada;Papek Czechia;Pronutrix+ Belgium;Starfood Holland	4	True	-2.348113035
0.05	5%	farmed_and_wild	Farmed + wild	4	21544214	21554213	Mystik Canada;Papek Czechia;Pronutrix+ Belgium;Starfood Holland	4	True	-2.50149878
0.05	5%	farmed_and_wild	Farmed + wild	4	21554214	21564213	Mystik Canada;Pronutrix+ Belgium;Starfood Holland	3	True	-2.17337898
0.05	5%	wild_only	Wild only	4	21564214	21574213		0	True	-1.739175703
0.05	5%	farmed_only	Farmed only	4	21569214	21579213	Kingsect Belgium	1	False	-1.881559351
0.05	5%	wild_only	Wild only	4	21574214	21584213		0	True	-1.588134359
0.05	5%	farmed_only	Farmed only	4	21579214	21589213	Kingsect Belgium	1	False	-2.024508335
0.05	5%	farmed_and_wild	Farmed + wild	4	21584214	21594213	Mystik Canada;Papek Czechia;Pronutrix+ Belgium;Starfood Holland	4	True	-2.362179029
0.05	5%	farmed_only	Farmed only	4	21589214	21599213	Kingsect Belgium	1	False	-2.14147155
0.05	5%	farmed_and_wild	Farmed + wild	4	21594214	21604213	Mystik Canada;Papek Czechia;Pronutrix+ Belgium;Starfood Holland	4	True	-2.269168734
0.05	5%	farmed_only	Farmed only	4	21599214	21609213	Kingsect Belgium	1	False	-2.080838793
0.05	5%	farmed_only	Farmed only	4	21609214	21619213	Kingsect Belgium	1	False	-2.098790976
0.05	5%	farmed_and_wild	Farmed + wild	4	21614214	21624213	Mystik Canada;Pronutrix+ Belgium;Starfood Holland	3	True	-2.107047677
0.05	5%	farmed_only	Farmed only	4	21619214	21629213	Kingsect Belgium	1	False	-2.154395884
0.05	5%	farmed_only	Farmed only	4	21624214	21634213	Mystik Canada;Pronutrix+ Belgium;Starfood Holland	3	False	-2.053612593
0.05	5%	farmed_only	Farmed only	4	21629214	21639213	Kingsect Belgium	1	False	-2.199784162
0.05	5%	farmed_and_wild	Farmed + wild	4	21634214	21644213	Mystik Canada;Papek Czechia;Pronutrix+ Belgium;Starfood Holland	4	True	-2.562317725
0.05	5%	farmed_only	Farmed only	4	21639214	21649213	Kingsect Belgium	1	False	-2.139891921
0.05	5%	farmed_and_wild	Farmed + wild	4	21644214	21654213	Mystik Canada;Papek Czechia;Pronutrix+ Belgium;Starfood Holland	4	True	-2.270031013
0.05	5%	farmed_only	Farmed only	4	21649214	21659213	Kingsect Belgium	1	False	-2.054813105
0.05	5%	farmed_and_wild	Farmed + wild	4	21654214	21664213	Mystik Canada;Papek Czechia;Pronutrix+ Belgium;Starfood Holland	4	True	-2.259550612
0.05	5%	farmed_only	Farmed only	4	21659214	21669213	Kingsect Belgium	1	False	-2.019857514
0.05	5%	farmed_and_wild	Farmed + wild	4	21664214	21674213	Mystik Canada;Papek Czechia;Pronutrix+ Belgium;Starfood Holland	4	True	-2.489954877
0.05	5%	farmed_only	Farmed only	4	21669214	21679213	Kingsect Belgium	1	False	-1.994890079
0.05	5%	farmed_and_wild	Farmed + wild	4	21674214	21684213	Mystik Canada;Papek Czechia;Pronutrix+ Belgium;Starfood Holland	4	True	-2.450729677
0.05	5%	farmed_only	Farmed only	4	21679214	21689213	Kingsect Belgium	1	False	-1.974115972
0.05	5%	farmed_and_wild	Farmed + wild	4	21684214	21694213	Mystik Canada;Pronutrix+ Belgium	2	True	-1.836064848
0.05	5%	farmed_only	Farmed only	4	21689214	21699213	Kingsect Belgium	1	False	-1.867835207
0.05	5%	farmed_only	Farmed only	4	21699214	21709213	Kingsect Belgium	1	False	-1.705366162
0.05	5%	farmed_only	Farmed only	4	21724214	21734213	Starfood Holland	1	False	-2.052969106
0.05	5%	farmed_and_wild	Farmed + wild	4	21814214	21824213	Mystik Canada;Papek Czechia;Pronutrix+ Belgium;Starfood Holland	4	True	-2.137699265
0.05	5%	farmed_only	Farmed only	4	21819214	21829213	Kingsect Belgium	1	False	-1.69682109
0.05	5%	farmed_only	Farmed only	4	21824214	21834213	Mystik Canada	1	False	-1.165950138
0.05	5%	farmed_only	Farmed only	4	21829214	21839213	Kingsect Belgium	1	False	-1.769364266
0.05	5%	farmed_and_wild	Farmed + wild	4	21834214	21844213	Mystik Canada;Papek Czechia;Pronutrix+ Belgium;Starfood Holland	4	True	-2.21986023
0.05	5%	farmed_only	Farmed only	4	21839214	21849213	Kingsect Belgium	1	False	-1.906221449
0.05	5%	wild_only	Wild only	4	21844214	21854213		0	True	-1.703031888
0.05	5%	farmed_only	Farmed only	4	21849214	21859213	Kingsect Belgium	1	False	-1.967463654
0.05	5%	farmed_and_wild	Farmed + wild	4	21854214	21864213	Pronutrix+ Belgium;Starfood Holland	2	True	-2.129575889
0.05	5%	farmed_only	Farmed only	4	21859214	21869213	Kingsect Belgium	1	False	-2.07528394
0.05	5%	farmed_only	Farmed only	4	21869214	21879213	Kingsect Belgium	1	False	-2.064768353
0.05	5%	farmed_only	Farmed only	4	21874214	21884213	Pronutrix+ Belgium;Starfood Holland	2	False	-2.196848872
0.05	5%	farmed_only	Farmed only	4	21879214	21889213	Kingsect Belgium	1	False	-2.147229701
0.05	5%	farmed_only	Farmed only	4	21889214	21899213	Kingsect Belgium	1	False	-2.151730001
0.05	5%	farmed_only	Farmed only	4	21894214	21904213	Papek Czechia;Pronutrix+ Belgium;Starfood Holland	3	False	-2.080752787
0.05	5%	farmed_only	Farmed only	4	21899214	21909213	Kingsect Belgium	1	False	-2.159428507
0.05	5%	farmed_only	Farmed only	4	21904214	21914213	Mystik Canada;Papek Czechia;Pronutrix+ Belgium;Starfood Holland	4	False	-2.125312289
0.05	5%	farmed_only	Farmed only	4	21909214	21919213	Kingsect Belgium	1	False	-2.154364427
0.05	5%	farmed_only	Farmed only	4	21919214	21929213	Kingsect Belgium	1	False	-2.161373289
0.05	5%	farmed_and_wild	Farmed + wild	4	21924214	21934213	Mystik Canada;Papek Czechia;Pronutrix+ Belgium;Starfood Holland	4	True	-2.614845651
0.05	5%	farmed_only	Farmed only	4	21929214	21939213	Kingsect Belgium	1	False	-2.049578287
0.05	5%	farmed_and_wild	Farmed + wild	4	21934214	21944213	Mystik Canada;Papek Czechia;Pronutrix+ Belgium;Starfood Holland	4	True	-2.237667902
0.05	5%	farmed_only	Farmed only	4	21939214	21949213	Kingsect Belgium	1	False	-2.066639497
0.05	5%	farmed_and_wild	Farmed + wild	4	21944214	21954213	Pronutrix+ Belgium;Starfood Holland	2	True	-2.171172409
0.05	5%	farmed_only	Farmed only	4	21949214	21959213	Kingsect Belgium	1	False	-1.932263625
0.05	5%	farmed_and_wild	Farmed + wild	4	21954214	21964213	Mystik Canada;Papek Czechia;Pronutrix+ Belgium;Starfood Holland	4	True	-2.309636714
0.05	5%	farmed_only	Farmed only	4	21959214	21969213	Kingsect Belgium	1	False	-1.885441432
0.05	5%	farmed_only	Farmed only	4	21984214	21994213	Papek Czechia;Pronutrix+ Belgium	2	False	-1.742350772
0.05	5%	farmed_and_wild	Farmed + wild	4	22044214	22054213	Mystik Canada;Papek Czechia;Pronutrix+ Belgium	3	True	-1.851223517
0.05	5%	farmed_only	Farmed only	4	22054214	22064213	Mystik Canada;Papek Czechia;Pronutrix+ Belgium	3	False	-1.732443489
0.05	5%	farmed_only	Farmed only	4	22064214	22074213	Mystik Canada	1	False	-1.406757794
0.05	5%	farmed_only	Farmed only	4	22074214	22084213	Mystik Canada;Papek Czechia;Pronutrix+ Belgium	3	False	-1.774154777
0.05	5%	farmed_and_wild	Farmed + wild	4	22258801	22268800	Mystik Canada;Papek Czechia;Pronutrix+ Belgium	3	True	-1.866145922
0.05	5%	farmed_and_wild	Farmed + wild	4	22418801	22428800	Mystik Canada;Papek Czechia;Pronutrix+ Belgium;Starfood Holland	4	True	-3.416126666
0.05	5%	farmed_only	Farmed only	4	22428801	22438800	Mystik Canada;Papek Czechia;Pronutrix+ Belgium	3	False	-1.863795165
0.05	5%	farmed_and_wild	Farmed + wild	4	22538801	22548800	Mystik Canada;Papek Czechia	2	True	-1.98285857
0.05	5%	farmed_only	Farmed only	4	22848801	22858800	Mystik Canada	1	False	-1.198015852
0.05	5%	farmed_and_wild	Farmed + wild	4	22878801	22888800	Mystik Canada;Papek Czechia;Pronutrix+ Belgium;Starfood Holland	4	True	-2.263349326
0.05	5%	farmed_only	Farmed only	4	22883801	22893800	Kingsect Belgium	1	False	-1.681191343
0.05	5%	farmed_only	Farmed only	4	22888801	22898800	Mystik Canada;Papek Czechia;Pronutrix+ Belgium;Starfood Holland	4	False	-2.113985599
0.05	5%	farmed_only	Farmed only	4	22893801	22903800	Kingsect Belgium	1	False	-1.768073489
0.05	5%	farmed_and_wild	Farmed + wild	4	22898801	22908800	Mystik Canada;Papek Czechia;Pronutrix+ Belgium	3	True	-1.947708675
0.05	5%	farmed_only	Farmed only	4	22903801	22913800	Kingsect Belgium	1	False	-1.801365885
0.05	5%	farmed_and_wild	Farmed + wild	4	22908801	22918800	Mystik Canada;Papek Czechia;Pronutrix+ Belgium;Starfood Holland	4	True	-2.072019567
0.05	5%	farmed_only	Farmed only	4	22913801	22923800	Kingsect Belgium	1	False	-1.959355414
0.05	5%	farmed_and_wild	Farmed + wild	4	22918801	22928800	Mystik Canada;Papek Czechia;Pronutrix+ Belgium;Starfood Holland	4	True	-2.37525331
0.05	5%	farmed_only	Farmed only	4	22923801	22933800	Kingsect Belgium	1	False	-2.175656311
0.05	5%	farmed_only	Farmed only	4	22928801	22938800	Mystik Canada;Papek Czechia;Pronutrix+ Belgium;Starfood Holland	4	False	-2.134462809
0.05	5%	farmed_only	Farmed only	4	22933801	22943800	Kingsect Belgium	1	False	-2.158589756
0.05	5%	farmed_only	Farmed only	4	22938801	22948800	Papek Czechia;Pronutrix+ Belgium	2	False	-1.788581288
0.05	5%	farmed_only	Farmed only	4	22943801	22953800	Kingsect Belgium	1	False	-2.132530644
0.05	5%	farmed_only	Farmed only	4	22948801	22958800	Papek Czechia;Pronutrix+ Belgium;Starfood Holland	3	False	-2.050400956
0.05	5%	farmed_only	Farmed only	4	22953801	22963800	Kingsect Belgium	1	False	-2.185500484
0.05	5%	farmed_only	Farmed only	4	22963801	22973800	Kingsect Belgium	1	False	-2.203424712
0.05	5%	farmed_and_wild	Farmed + wild	4	22968801	22978800	Papek Czechia;Pronutrix+ Belgium;Starfood Holland	3	True	-2.245831307
0.05	5%	farmed_only	Farmed only	4	22973801	22983800	Kingsect Belgium	1	False	-2.164584821
0.05	5%	farmed_only	Farmed only	4	22978801	22988800	Mystik Canada;Papek Czechia;Pronutrix+ Belgium;Starfood Holland	4	False	-2.37685555
0.05	5%	farmed_only	Farmed only	4	22983801	22993800	Kingsect Belgium	1	False	-2.107612999
0.05	5%	farmed_and_wild	Farmed + wild	4	22988801	22998800	Pronutrix+ Belgium	1	True	-1.955519189
0.05	5%	farmed_only	Farmed only	4	22993801	23003800	Kingsect Belgium	1	False	-2.169318076
0.05	5%	farmed_and_wild	Farmed + wild	4	22998801	23008800	Mystik Canada;Papek Czechia;Pronutrix+ Belgium;Starfood Holland	4	True	-2.304264093
0.05	5%	farmed_only	Farmed only	4	23003801	23013800	Kingsect Belgium	1	False	-2.166669527
0.05	5%	farmed_and_wild	Farmed + wild	4	23008801	23018800	Mystik Canada;Papek Czechia;Pronutrix+ Belgium;Starfood Holland	4	True	-2.215783105
0.05	5%	farmed_only	Farmed only	4	23013801	23023800	Kingsect Belgium	1	False	-2.185853941
0.05	5%	farmed_only	Farmed only	4	23018801	23028800	Mystik Canada	1	False	-1.201653803
0.05	5%	farmed_only	Farmed only	4	23023801	23033800	Kingsect Belgium	1	False	-2.187663065
0.05	5%	farmed_only	Farmed only	4	23033801	23043800	Kingsect Belgium	1	False	-2.21796504
0.05	5%	farmed_and_wild	Farmed + wild	4	23038801	23048800	Mystik Canada;Papek Czechia;Pronutrix+ Belgium;Starfood Holland	4	True	-2.592970881
0.05	5%	farmed_only	Farmed only	4	23043801	23053800	Kingsect Belgium	1	False	-2.241304826
0.05	5%	farmed_and_wild	Farmed + wild	4	23048801	23058800	Mystik Canada;Papek Czechia;Pronutrix+ Belgium;Starfood Holland	4	True	-2.255729405
0.05	5%	farmed_only	Farmed only	4	23053801	23063800	Kingsect Belgium	1	False	-2.172599314
0.05	5%	farmed_and_wild	Farmed + wild	4	23058801	23068800	Mystik Canada;Papek Czechia;Pronutrix+ Belgium;Starfood Holland	4	True	-2.125929694
0.05	5%	farmed_only	Farmed only	4	23063801	23073800	Kingsect Belgium	1	False	-2.140396699
0.05	5%	farmed_and_wild	Farmed + wild	4	23068801	23078800	Mystik Canada;Papek Czechia;Pronutrix+ Belgium;Starfood Holland	4	True	-2.203869277
0.05	5%	farmed_only	Farmed only	4	23073801	23083800	Kingsect Belgium	1	False	-2.018200232
0.05	5%	farmed_and_wild	Farmed + wild	4	23078801	23088800	Mystik Canada;Papek Czechia;Pronutrix+ Belgium;Starfood Holland	4	True	-2.456175888
0.05	5%	farmed_only	Farmed only	4	23083801	23093800	Kingsect Belgium	1	False	-2.056349708
0.05	5%	farmed_and_wild	Farmed + wild	4	23088801	23098800	Mystik Canada;Papek Czechia;Pronutrix+ Belgium;Starfood Holland	4	True	-2.243528346
0.05	5%	farmed_only	Farmed only	4	23093801	23103800	Kingsect Belgium	1	False	-1.9703639
0.05	5%	farmed_only	Farmed only	4	23103801	23113800	Kingsect Belgium	1	False	-1.965497992
0.05	5%	farmed_only	Farmed only	4	23108801	23118800	Pronutrix+ Belgium	1	False	-1.471976895
0.05	5%	farmed_only	Farmed only	4	23113801	23123800	Kingsect Belgium	1	False	-1.941658524
0.05	5%	farmed_only	Farmed only	4	23123801	23133800	Kingsect Belgium	1	False	-1.906094421
0.05	5%	farmed_only	Farmed only	4	23128801	23138800	Papek Czechia;Pronutrix+ Belgium;Starfood Holland	3	False	-2.125609286
0.05	5%	farmed_only	Farmed only	4	23133801	23143800	Kingsect Belgium	1	False	-1.885564287
0.05	5%	farmed_only	Farmed only	4	23143801	23153800	Kingsect Belgium	1	False	-1.900824214
0.05	5%	farmed_and_wild	Farmed + wild	4	23148801	23158800	Mystik Canada;Papek Czechia;Pronutrix+ Belgium;Starfood Holland	4	True	-2.271058302
0.05	5%	farmed_only	Farmed only	4	23153801	23163800	Kingsect Belgium	1	False	-1.966698996
0.05	5%	farmed_only	Farmed only	4	23158801	23168800	Mystik Canada	1	False	-1.216675958
0.05	5%	farmed_only	Farmed only	4	23163801	23173800	Kingsect Belgium	1	False	-1.89676219
0.05	5%	farmed_only	Farmed only	4	23173801	23183800	Kingsect Belgium	1	False	-1.924282261
0.05	5%	farmed_and_wild	Farmed + wild	4	23178801	23188800	Mystik Canada;Papek Czechia;Pronutrix+ Belgium;Starfood Holland	4	True	-2.066610618
0.05	5%	farmed_only	Farmed only	4	23183801	23193800	Kingsect Belgium	1	False	-1.89774539
0.05	5%	farmed_and_wild	Farmed + wild	4	23188801	23198800	Mystik Canada;Papek Czechia;Pronutrix+ Belgium;Starfood Holland	4	True	-2.389363603
0.05	5%	farmed_only	Farmed only	4	23193801	23203800	Kingsect Belgium	1	False	-1.879462676
0.05	5%	farmed_and_wild	Farmed + wild	4	23198801	23208800	Mystik Canada;Papek Czechia;Pronutrix+ Belgium;Starfood Holland	4	True	-2.193503154
0.05	5%	farmed_only	Farmed only	4	23203801	23213800	Kingsect Belgium	1	False	-1.889262913
0.05	5%	farmed_only	Farmed only	4	23213801	23223800	Kingsect Belgium	1	False	-1.951394235
0.05	5%	farmed_only	Farmed only	4	23223801	23233800	Kingsect Belgium	1	False	-1.983171059
0.05	5%	farmed_only	Farmed only	4	23228801	23238800	Papek Czechia;Starfood Holland	2	False	-2.141657258
0.05	5%	farmed_only	Farmed only	4	23233801	23243800	Kingsect Belgium	1	False	-1.992645771
0.05	5%	farmed_only	Farmed only	4	23238801	23248800	Mystik Canada;Pronutrix+ Belgium	2	False	-1.491403446
0.05	5%	farmed_only	Farmed only	4	23243801	23253800	Kingsect Belgium	1	False	-1.907659998
0.05	5%	farmed_and_wild	Farmed + wild	4	23248801	23258800	Mystik Canada;Papek Czechia;Pronutrix+ Belgium;Starfood Holland	4	True	-2.294536909
0.05	5%	farmed_only	Farmed only	4	23253801	23263800	Kingsect Belgium	1	False	-1.891272785
0.05	5%	farmed_and_wild	Farmed + wild	4	23258801	23268800	Mystik Canada;Papek Czechia;Pronutrix+ Belgium;Starfood Holland	4	True	-2.17993178
0.05	5%	farmed_only	Farmed only	4	23263801	23273800	Kingsect Belgium	1	False	-1.920389509
0.05	5%	farmed_and_wild	Farmed + wild	4	23268801	23278800	Mystik Canada;Pronutrix+ Belgium;Starfood Holland	3	True	-2.166811437
0.05	5%	farmed_only	Farmed only	4	23273801	23283800	Kingsect Belgium	1	False	-1.892458659
0.05	5%	farmed_and_wild	Farmed + wild	4	23278801	23288800	Mystik Canada;Papek Czechia;Pronutrix+ Belgium;Starfood Holland	4	True	-2.466183929
0.05	5%	farmed_only	Farmed only	4	23283801	23293800	Kingsect Belgium	1	False	-1.856003113
0.05	5%	farmed_only	Farmed only	4	23293801	23303800	Kingsect Belgium	1	False	-1.943632818
0.05	5%	farmed_and_wild	Farmed + wild	4	23298801	23308800	Mystik Canada;Papek Czechia;Pronutrix+ Belgium;Starfood Holland	4	True	-2.360977632
0.05	5%	farmed_only	Farmed only	4	23303801	23313800	Kingsect Belgium	1	False	-1.920008569
0.05	5%	farmed_only	Farmed only	4	23313801	23323800	Kingsect Belgium	1	False	-1.860209764
0.05	5%	farmed_only	Farmed only	4	23323801	23333800	Kingsect Belgium	1	False	-1.817812542
0.05	5%	farmed_only	Farmed only	4	23333801	23343800	Kingsect Belgium	1	False	-1.738856462
0.05	5%	farmed_and_wild	Farmed + wild	4	23338801	23348800	Mystik Canada;Papek Czechia;Pronutrix+ Belgium;Starfood Holland	4	True	-2.293066282
0.05	5%	farmed_only	Farmed only	4	23343801	23353800	Kingsect Belgium	1	False	-1.823568207
0.05	5%	farmed_only	Farmed only	4	23348801	23358800	Papek Czechia;Pronutrix+ Belgium	2	False	-1.758735926
0.05	5%	farmed_only	Farmed only	4	23353801	23363800	Kingsect Belgium	1	False	-1.783478348
0.05	5%	farmed_only	Farmed only	4	23358801	23368800	Papek Czechia;Starfood Holland	2	False	-2.063748158
0.05	5%	farmed_only	Farmed only	4	23363801	23373800	Kingsect Belgium	1	False	-1.857538396
0.05	5%	farmed_only	Farmed only	4	23368801	23378800	Pronutrix+ Belgium	1	False	-1.508225905
0.05	5%	farmed_only	Farmed only	4	23373801	23383800	Kingsect Belgium	1	False	-1.934532685
0.05	5%	farmed_only	Farmed only	4	23383801	23393800	Kingsect Belgium	1	False	-1.994924421
0.05	5%	farmed_and_wild	Farmed + wild	4	23388801	23398800	Mystik Canada;Papek Czechia;Pronutrix+ Belgium;Starfood Holland	4	True	-2.350627312
0.05	5%	farmed_only	Farmed only	4	23393801	23403800	Kingsect Belgium	1	False	-1.971999694
0.05	5%	farmed_only	Farmed only	4	23403801	23413800	Kingsect Belgium	1	False	-1.996906235
0.05	5%	farmed_and_wild	Farmed + wild	4	23408801	23418800	Mystik Canada;Papek Czechia;Pronutrix+ Belgium;Starfood Holland	4	True	-2.341803685
0.05	5%	farmed_and_wild	Farmed + wild	4	23418801	23428800	Starfood Holland	1	True	-2.043645355
0.05	5%	farmed_and_wild	Farmed + wild	4	23428801	23438800	Mystik Canada;Papek Czechia;Pronutrix+ Belgium	3	True	-1.868664633
0.05	5%	farmed_and_wild	Farmed + wild	4	23438801	23448800	Mystik Canada;Papek Czechia;Pronutrix+ Belgium;Starfood Holland	4	True	-2.038000096
0.05	5%	farmed_and_wild	Farmed + wild	4	23448801	23458800	Mystik Canada;Papek Czechia;Pronutrix+ Belgium	3	True	-2.050467796
0.05	5%	farmed_and_wild	Farmed + wild	4	23688900	23698899	Papek Czechia;Pronutrix+ Belgium	2	True	-1.913315614
0.05	5%	farmed_only	Farmed only	4	23693900	23703899	Kingsect Belgium	1	False	-1.704734837
0.05	5%	wild_only	Wild only	4	23698900	23708899		0	True	-1.605056449
0.05	5%	farmed_only	Farmed only	4	23703900	23713899	Kingsect Belgium	1	False	-1.783402359
0.05	5%	farmed_and_wild	Farmed + wild	4	23708900	23718899	Mystik Canada;Papek Czechia;Pronutrix+ Belgium;Starfood Holland	4	True	-2.220519761
0.05	5%	farmed_only	Farmed only	4	23713900	23723899	Kingsect Belgium	1	False	-1.920922253
0.05	5%	farmed_only	Farmed only	4	23723900	23733899	Kingsect Belgium	1	False	-2.108315283
0.05	5%	farmed_and_wild	Farmed + wild	4	23728900	23738899	Papek Czechia;Pronutrix+ Belgium;Starfood Holland	3	True	-2.050541638
0.05	5%	farmed_only	Farmed only	4	23733900	23743899	Kingsect Belgium	1	False	-2.125020891
0.05	5%	farmed_only	Farmed only	4	23738900	23748899	Pronutrix+ Belgium	1	False	-1.557594335
0.05	5%	farmed_only	Farmed only	4	23743900	23753899	Kingsect Belgium	1	False	-2.115601396
0.05	5%	farmed_only	Farmed only	4	23748900	23758899	Pronutrix+ Belgium	1	False	-1.590544417
0.05	5%	farmed_only	Farmed only	4	23753900	23763899	Kingsect Belgium	1	False	-2.148462528
0.05	5%	farmed_only	Farmed only	4	23758900	23768899	Papek Czechia;Pronutrix+ Belgium;Starfood Holland	3	False	-2.240239599
0.05	5%	farmed_only	Farmed only	4	23763900	23773899	Kingsect Belgium	1	False	-2.205418477
0.05	5%	farmed_only	Farmed only	4	23768900	23778899	Starfood Holland	1	False	-2.18601375
0.05	5%	farmed_only	Farmed only	4	23773900	23783899	Kingsect Belgium	1	False	-2.225900462
0.05	5%	farmed_and_wild	Farmed + wild	4	23778900	23788899	Mystik Canada;Papek Czechia;Pronutrix+ Belgium;Starfood Holland	4	True	-2.127377061
0.05	5%	farmed_only	Farmed only	4	23783900	23793899	Kingsect Belgium	1	False	-2.218768865
0.05	5%	farmed_and_wild	Farmed + wild	4	23788900	23798899	Pronutrix+ Belgium;Starfood Holland	2	True	-2.354116964
0.05	5%	farmed_only	Farmed only	4	23793900	23803899	Kingsect Belgium	1	False	-2.169002626
0.05	5%	farmed_and_wild	Farmed + wild	4	23798900	23808899	Pronutrix+ Belgium;Starfood Holland	2	True	-2.250882189
0.05	5%	farmed_only	Farmed only	4	23803900	23813899	Kingsect Belgium	1	False	-2.089693372
0.05	5%	farmed_and_wild	Farmed + wild	4	23808900	23818899	Mystik Canada;Papek Czechia;Pronutrix+ Belgium;Starfood Holland	4	True	-2.550983654
0.05	5%	farmed_only	Farmed only	4	23813900	23823899	Kingsect Belgium	1	False	-1.82144356
0.05	5%	farmed_and_wild	Farmed + wild	4	23828900	23838899	Papek Czechia;Pronutrix+ Belgium;Starfood Holland	3	True	-2.232672384
0.05	5%	farmed_and_wild	Farmed + wild	4	24378900	24388899	Pronutrix+ Belgium;Starfood Holland	2	True	-2.224734993
0.05	5%	wild_only	Wild only	4	24808900	24818899		0	True	-1.585658815
0.05	5%	farmed_only	Farmed only	4	24813900	24823899	Kingsect Belgium	1	False	-1.744100428
0.05	5%	farmed_only	Farmed only	4	24823900	24833899	Kingsect Belgium	1	False	-1.893457937
0.05	5%	farmed_only	Farmed only	4	24833900	24843899	Kingsect Belgium	1	False	-2.004391534
0.05	5%	farmed_only	Farmed only	4	24838900	24848899	Mystik Canada;Papek Czechia;Pronutrix+ Belgium;Starfood Holland	4	False	-2.320828449
0.05	5%	farmed_only	Farmed only	4	24843900	24853899	Kingsect Belgium	1	False	-2.002430251
0.05	5%	farmed_only	Farmed only	4	24848900	24858899	Mystik Canada;Papek Czechia;Starfood Holland	3	False	-2.169609124
0.05	5%	farmed_only	Farmed only	4	24853900	24863899	Kingsect Belgium	1	False	-2.182073925
0.05	5%	farmed_only	Farmed only	4	24863900	24873899	Kingsect Belgium	1	False	-2.198705039
0.05	5%	farmed_and_wild	Farmed + wild	4	24868900	24878899	Mystik Canada;Papek Czechia;Pronutrix+ Belgium;Starfood Holland	4	True	-2.389164515
0.05	5%	farmed_only	Farmed only	4	24873900	24883899	Kingsect Belgium	1	False	-2.287790799
0.05	5%	farmed_only	Farmed only	4	24878900	24888899	Papek Czechia;Starfood Holland	2	False	-2.175243012
0.05	5%	farmed_only	Farmed only	4	24883900	24893899	Kingsect Belgium	1	False	-2.289357269
0.05	5%	farmed_only	Farmed only	4	24888900	24898899	Papek Czechia;Pronutrix+ Belgium;Starfood Holland	3	False	-2.157890994
0.05	5%	farmed_only	Farmed only	4	24893900	24903899	Kingsect Belgium	1	False	-2.307425203
0.05	5%	farmed_and_wild	Farmed + wild	4	24898900	24908899	Mystik Canada;Papek Czechia;Pronutrix+ Belgium;Starfood Holland	4	True	-2.754877753
0.05	5%	farmed_only	Farmed only	4	24903900	24913899	Kingsect Belgium	1	False	-2.316800276
0.05	5%	farmed_only	Farmed only	4	24908900	24918899	Mystik Canada;Papek Czechia;Pronutrix+ Belgium;Starfood Holland	4	False	-2.279544442
0.05	5%	farmed_only	Farmed only	4	24913900	24923899	Kingsect Belgium	1	False	-2.347827184
0.05	5%	farmed_only	Farmed only	4	24918900	24928899	Mystik Canada;Pronutrix+ Belgium	2	False	-1.549915903
0.05	5%	farmed_only	Farmed only	4	24923900	24933899	Kingsect Belgium	1	False	-2.31729452
0.05	5%	farmed_only	Farmed only	4	24928900	24938899	Starfood Holland	1	False	-2.037662647
0.05	5%	farmed_only	Farmed only	4	24933900	24943899	Kingsect Belgium	1	False	-2.305379015
0.05	5%	farmed_and_wild	Farmed + wild	4	24938900	24948899	Mystik Canada;Papek Czechia;Pronutrix+ Belgium;Starfood Holland	4	True	-2.557672728
0.05	5%	farmed_only	Farmed only	4	24943900	24953899	Kingsect Belgium	1	False	-2.297447345
0.05	5%	farmed_and_wild	Farmed + wild	4	24948900	24958899	Mystik Canada;Papek Czechia;Pronutrix+ Belgium;Starfood Holland	4	True	-2.38010828
0.05	5%	farmed_only	Farmed only	4	24953900	24963899	Kingsect Belgium	1	False	-2.183708527
0.05	5%	farmed_only	Farmed only	4	24958900	24968899	Mystik Canada;Papek Czechia;Pronutrix+ Belgium;Starfood Holland	4	False	-2.264101273
0.05	5%	farmed_only	Farmed only	4	24963900	24973899	Kingsect Belgium	1	False	-2.09564999
0.05	5%	farmed_only	Farmed only	4	24968900	24978899	Mystik Canada;Papek Czechia;Pronutrix+ Belgium;Starfood Holland	4	False	-2.294425848
0.05	5%	farmed_only	Farmed only	4	24973900	24983899	Kingsect Belgium	1	False	-2.0462003
0.05	5%	farmed_only	Farmed only	4	24978900	24988899	Mystik Canada;Papek Czechia;Pronutrix+ Belgium;Starfood Holland	4	False	-2.129422957
0.05	5%	farmed_only	Farmed only	4	24983900	24993899	Kingsect Belgium	1	False	-1.991701836
0.05	5%	farmed_only	Farmed only	4	24988900	24998899	Mystik Canada;Papek Czechia;Pronutrix+ Belgium;Starfood Holland	4	False	-2.131526534
0.05	5%	farmed_only	Farmed only	4	24993900	25003899	Kingsect Belgium	1	False	-1.931980551
0.05	5%	farmed_only	Farmed only	4	25003900	25013899	Kingsect Belgium	1	False	-1.888989563
0.05	5%	wild_only	Wild only	4	25038900	25048899		0	True	-1.603656801
0.05	5%	farmed_only	Farmed only	4	25538900	25548899	Pronutrix+ Belgium	1	False	-1.659872153
0.05	5%	wild_only	Wild only	4	26598900	26608899		0	True	-1.747411939
0.05	5%	wild_only	Wild only	4	26648900	26658899		0	True	-1.784875266
0.05	5%	farmed_and_wild	Farmed + wild	4	26688900	26698899	Mystik Canada;Pronutrix+ Belgium;Starfood Holland	3	True	-2.160672226
0.05	5%	farmed_and_wild	Farmed + wild	4	26698900	26708899	Mystik Canada;Pronutrix+ Belgium;Starfood Holland	3	True	-2.026084863
0.05	5%	farmed_only	Farmed only	4	26708900	26718899	Starfood Holland	1	False	-2.0855033
0.05	5%	farmed_only	Farmed only	4	26718900	26728899	Mystik Canada;Pronutrix+ Belgium;Starfood Holland	3	False	-2.150559256
0.05	5%	farmed_only	Farmed only	4	26723900	26733899	Kingsect Belgium	1	False	-1.781374171
0.05	5%	farmed_only	Farmed only	4	26733900	26743899	Kingsect Belgium	1	False	-1.841294471
0.05	5%	farmed_and_wild	Farmed + wild	4	26738900	26748899	Mystik Canada;Papek Czechia;Pronutrix+ Belgium;Starfood Holland	4	True	-2.150256522
0.05	5%	farmed_only	Farmed only	4	26743900	26753899	Kingsect Belgium	1	False	-1.808547372
0.05	5%	farmed_only	Farmed only	4	26753900	26763899	Kingsect Belgium	1	False	-1.710056271
0.05	5%	farmed_only	Farmed only	4	26763900	26773899	Kingsect Belgium	1	False	-1.779532886
0.05	5%	farmed_and_wild	Farmed + wild	4	26768900	26778899	Mystik Canada	1	True	-1.866753135
0.05	5%	farmed_and_wild	Farmed + wild	4	26788900	26798899	Mystik Canada	1	True	-1.800597667
0.05	5%	farmed_and_wild	Farmed + wild	4	26808900	26818899	Mystik Canada;Papek Czechia;Pronutrix+ Belgium;Starfood Holland	4	True	-2.084867372
0.05	5%	farmed_only	Farmed only	4	26938900	26948899	Mystik Canada;Papek Czechia;Pronutrix+ Belgium;Starfood Holland	4	False	-2.133936933
0.05	5%	farmed_and_wild	Farmed + wild	4	27028900	27038899	Mystik Canada;Papek Czechia;Pronutrix+ Belgium;Starfood Holland	4	True	-2.509430802
0.05	5%	farmed_and_wild	Farmed + wild	4	27038900	27048899	Mystik Canada;Papek Czechia;Pronutrix+ Belgium;Starfood Holland	4	True	-2.408475073
0.05	5%	farmed_only	Farmed only	4	27058900	27068899	Mystik Canada	1	False	-1.239826184
0.05	5%	wild_only	Wild only	4	27068900	27078899		0	True	-1.763466749
0.05	5%	farmed_and_wild	Farmed + wild	4	27378900	27388899	Mystik Canada;Papek Czechia;Pronutrix+ Belgium;Starfood Holland	4	True	-2.485857419
0.05	5%	farmed_and_wild	Farmed + wild	4	28308900	28318899	Mystik Canada;Papek Czechia;Pronutrix+ Belgium	3	True	-2.281036695
0.05	5%	farmed_only	Farmed only	4	28318900	28328899	Papek Czechia;Pronutrix+ Belgium	2	False	-2.511779478
0.05	5%	farmed_and_wild	Farmed + wild	4	28328900	28338899	Papek Czechia;Starfood Holland	2	True	-2.153370381
0.05	5%	farmed_and_wild	Farmed + wild	4	28358900	28368899	Pronutrix+ Belgium	1	True	-2.203966422
0.05	5%	farmed_only	Farmed only	4	29728900	29738899	Mystik Canada	1	False	-1.464988822
0.05	5%	farmed_and_wild	Farmed + wild	4	29748900	29758899	Mystik Canada;Papek Czechia;Pronutrix+ Belgium;Starfood Holland	4	True	-2.751743493
0.05	5%	farmed_and_wild	Farmed + wild	4	29768900	29778899	Mystik Canada;Papek Czechia;Pronutrix+ Belgium;Starfood Holland	4	True	-2.711491946
0.05	5%	farmed_and_wild	Farmed + wild	4	29778900	29788899	Papek Czechia;Pronutrix+ Belgium	2	True	-2.666354805
0.05	5%	farmed_only	Farmed only	5	25000	34999	Dole7	1	False	-1.890274393
0.05	5%	farmed_only	Farmed only	5	255000	264999	Pronutrix+ Belgium	1	False	-1.9571984
0.05	5%	farmed_only	Farmed only	5	265000	274999	Pronutrix+ Belgium	1	False	-1.571019284
0.05	5%	farmed_only	Farmed only	5	415000	424999	Mystik Canada	1	False	-1.262461
0.05	5%	farmed_only	Farmed only	5	555000	564999	Pronutrix+ Belgium	1	False	-1.658964797
0.05	5%	farmed_only	Farmed only	5	575000	584999	Dole7;Mystik Canada;Pronutrix+ Belgium;Starfood Holland	4	False	-2.069772331
0.05	5%	farmed_only	Farmed only	5	595000	604999	Pronutrix+ Belgium	1	False	-1.53088856
0.05	5%	farmed_only	Farmed only	5	605000	614999	Pronutrix+ Belgium	1	False	-1.606556713
0.05	5%	farmed_and_wild	Farmed + wild	5	855000	864999	Dole7;Mystik Canada;Papek Czechia;Pronutrix+ Belgium;Starfood Holland	5	True	-2.041432505
0.05	5%	farmed_only	Farmed only	5	1190000	1199999	Kingsect Belgium	1	False	-1.682653243
0.05	5%	farmed_only	Farmed only	5	1200000	1209999	Kingsect Belgium	1	False	-1.683253796
0.05	5%	farmed_only	Farmed only	5	1210000	1219999	Kingsect Belgium	1	False	-1.742470789
0.05	5%	farmed_only	Farmed only	5	1220000	1229999	Kingsect Belgium	1	False	-1.824449969
0.05	5%	farmed_only	Farmed only	5	1230000	1239999	Kingsect Belgium	1	False	-1.882069545
0.05	5%	farmed_only	Farmed only	5	1240000	1249999	Kingsect Belgium	1	False	-1.822127906
0.05	5%	farmed_only	Farmed only	5	1250000	1259999	Kingsect Belgium	1	False	-1.874771501
0.05	5%	farmed_only	Farmed only	5	1260000	1269999	Kingsect Belgium	1	False	-1.873509425
0.05	5%	farmed_only	Farmed only	5	1270000	1279999	Kingsect Belgium	1	False	-1.885127254
0.05	5%	farmed_only	Farmed only	5	1275000	1284999	Mystik Canada	1	False	-1.220540642
0.05	5%	farmed_only	Farmed only	5	1280000	1289999	Kingsect Belgium	1	False	-1.818415816
0.05	5%	farmed_only	Farmed only	5	1290000	1299999	Kingsect Belgium	1	False	-1.816031704
0.05	5%	farmed_only	Farmed only	5	1300000	1309999	Kingsect Belgium	1	False	-1.867907244
0.05	5%	farmed_only	Farmed only	5	1310000	1319999	Kingsect Belgium	1	False	-1.862265605
0.05	5%	farmed_only	Farmed only	5	1320000	1329999	Kingsect Belgium	1	False	-1.798837061
0.05	5%	farmed_only	Farmed only	5	1995000	2004999	Dole7;Mystik Canada;Papek Czechia;Pronutrix+ Belgium;Starfood Holland	5	False	-2.339581482
0.05	5%	farmed_only	Farmed only	5	2025000	2034999	Dole7	1	False	-1.944149665
0.05	5%	farmed_only	Farmed only	5	2045000	2054999	Mystik Canada;Pronutrix+ Belgium	2	False	-1.509599475
0.05	5%	farmed_only	Farmed only	5	2085000	2094999	Papek Czechia	1	False	-1.71967841
0.05	5%	farmed_only	Farmed only	5	2095000	2104999	Papek Czechia;Pronutrix+ Belgium	2	False	-1.939238793
0.05	5%	farmed_only	Farmed only	5	2105000	2114999	Dole7;Mystik Canada;Papek Czechia;Pronutrix+ Belgium;Starfood Holland	5	False	-2.195659033
0.05	5%	farmed_only	Farmed only	5	2115000	2124999	Dole7;Mystik Canada;Papek Czechia;Pronutrix+ Belgium;Starfood Holland	5	False	-2.234245049
0.05	5%	farmed_only	Farmed only	5	2120000	2129999	Kingsect Belgium	1	False	-1.715915156
0.05	5%	farmed_only	Farmed only	5	2125000	2134999	Dole7;Mystik Canada;Papek Czechia;Pronutrix+ Belgium;Starfood Holland	5	False	-2.261196247
0.05	5%	farmed_only	Farmed only	5	2130000	2139999	Kingsect Belgium	1	False	-1.908372153
0.05	5%	farmed_only	Farmed only	5	2135000	2144999	Dole7;Mystik Canada;Papek Czechia;Pronutrix+ Belgium;Starfood Holland	5	False	-2.329147944
0.05	5%	farmed_only	Farmed only	5	2140000	2149999	Kingsect Belgium	1	False	-1.93389561
0.05	5%	farmed_only	Farmed only	5	2145000	2154999	Dole7;Mystik Canada;Pronutrix+ Belgium	3	False	-1.881410758
0.05	5%	farmed_only	Farmed only	5	2150000	2159999	Kingsect Belgium	1	False	-1.855369795
0.05	5%	farmed_only	Farmed only	5	2155000	2164999	Mystik Canada;Pronutrix+ Belgium	2	False	-1.53148089
0.05	5%	farmed_only	Farmed only	5	2160000	2169999	Kingsect Belgium	1	False	-1.802530145
0.05	5%	farmed_only	Farmed only	5	2165000	2174999	Dole7;Papek Czechia;Pronutrix+ Belgium	3	False	-1.99965478
0.05	5%	farmed_only	Farmed only	5	2170000	2179999	Kingsect Belgium	1	False	-1.720486787
0.05	5%	farmed_only	Farmed only	5	2175000	2184999	Dole7;Pronutrix+ Belgium	2	False	-1.942487048
0.05	5%	farmed_only	Farmed only	5	2180000	2189999	Kingsect Belgium	1	False	-1.688872024
0.05	5%	farmed_only	Farmed only	5	2185000	2194999	Dole7;Mystik Canada;Papek Czechia;Pronutrix+ Belgium;Starfood Holland	5	False	-2.228299639
0.05	5%	farmed_only	Farmed only	5	2205000	2214999	Dole7	1	False	-1.890060339
0.05	5%	farmed_only	Farmed only	5	2255000	2264999	Dole7;Pronutrix+ Belgium	2	False	-1.922971486
0.05	5%	farmed_only	Farmed only	5	2265000	2274999	Dole7	1	False	-1.925564717
0.05	5%	farmed_only	Farmed only	5	2875000	2884999	Mystik Canada;Pronutrix+ Belgium	2	False	-1.485423328
0.05	5%	farmed_and_wild	Farmed + wild	5	2885000	2894999	Dole7;Mystik Canada;Papek Czechia;Pronutrix+ Belgium;Starfood Holland	5	True	-2.722224571
0.05	5%	farmed_and_wild	Farmed + wild	5	3055000	3064999	Dole7;Pronutrix+ Belgium;Starfood Holland	3	True	-2.029300391
0.05	5%	farmed_and_wild	Farmed + wild	5	4045000	4054999	Dole7;Mystik Canada;Papek Czechia;Pronutrix+ Belgium;Starfood Holland	5	True	-3.333201165
0.05	5%	wild_only	Wild only	5	4265000	4274999		0	True	-1.687420332
0.05	5%	farmed_only	Farmed only	5	4345000	4354999	Dole7;Mystik Canada;Pronutrix+ Belgium	3	False	-1.809153817
0.05	5%	farmed_and_wild	Farmed + wild	5	4475000	4484999	Dole7;Mystik Canada;Papek Czechia;Pronutrix+ Belgium;Starfood Holland	5	True	-2.351327862
0.05	5%	wild_only	Wild only	5	5135000	5144999		0	True	-1.851841117
0.05	5%	farmed_only	Farmed only	5	5205000	5214999	Dole7	1	False	-1.901261465
0.05	5%	farmed_and_wild	Farmed + wild	5	5235000	5244999	Dole7;Mystik Canada;Papek Czechia;Pronutrix+ Belgium;Starfood Holland	5	True	-2.269916564
0.05	5%	farmed_only	Farmed only	5	5245000	5254999	Dole7;Papek Czechia	2	False	-1.878571418
0.05	5%	farmed_only	Farmed only	5	5250000	5259999	Kingsect Belgium	1	False	-1.67536175
0.05	5%	farmed_only	Farmed only	5	5260000	5269999	Kingsect Belgium	1	False	-1.724608732
0.05	5%	farmed_only	Farmed only	5	5270000	5279999	Kingsect Belgium	1	False	-1.798371518
0.05	5%	farmed_only	Farmed only	5	5275000	5284999	Dole7	1	False	-2.075079743
0.05	5%	farmed_only	Farmed only	5	5280000	5289999	Kingsect Belgium	1	False	-1.867118435
0.05	5%	farmed_and_wild	Farmed + wild	5	5285000	5294999	Dole7	1	True	-1.82196089
0.05	5%	farmed_only	Farmed only	5	5290000	5299999	Kingsect Belgium	1	False	-1.793734578
0.05	5%	farmed_only	Farmed only	5	5300000	5309999	Kingsect Belgium	1	False	-1.809986885
0.05	5%	farmed_and_wild	Farmed + wild	5	5305000	5314999	Dole7;Mystik Canada;Papek Czechia;Pronutrix+ Belgium;Starfood Holland	5	True	-2.429281054
0.05	5%	farmed_only	Farmed only	5	5310000	5319999	Kingsect Belgium	1	False	-1.89407157
0.05	5%	farmed_and_wild	Farmed + wild	5	5315000	5324999	Dole7	1	True	-2.047540878
0.05	5%	farmed_only	Farmed only	5	5320000	5329999	Kingsect Belgium	1	False	-1.994556209
0.05	5%	farmed_and_wild	Farmed + wild	5	5325000	5334999	Dole7;Papek Czechia;Starfood Holland	3	True	-2.15852999
0.05	5%	farmed_only	Farmed only	5	5330000	5339999	Kingsect Belgium	1	False	-2.041387142
0.05	5%	farmed_only	Farmed only	5	5340000	5349999	Kingsect Belgium	1	False	-2.138618772
0.05	5%	farmed_and_wild	Farmed + wild	5	5345000	5354999	Dole7;Mystik Canada;Papek Czechia;Pronutrix+ Belgium;Starfood Holland	5	True	-2.355757936
0.05	5%	farmed_only	Farmed only	5	5350000	5359999	Kingsect Belgium	1	False	-2.172435213
0.05	5%	farmed_only	Farmed only	5	5360000	5369999	Kingsect Belgium	1	False	-2.113920458
0.05	5%	farmed_and_wild	Farmed + wild	5	5365000	5374999	Dole7;Papek Czechia;Pronutrix+ Belgium;Starfood Holland	4	True	-2.346389392
0.05	5%	farmed_only	Farmed only	5	5370000	5379999	Kingsect Belgium	1	False	-2.090716979
0.05	5%	farmed_and_wild	Farmed + wild	5	5375000	5384999	Dole7;Mystik Canada;Papek Czechia;Pronutrix+ Belgium;Starfood Holland	5	True	-2.523308566
0.05	5%	farmed_only	Farmed only	5	5380000	5389999	Kingsect Belgium	1	False	-2.114951413
0.05	5%	farmed_and_wild	Farmed + wild	5	5385000	5394999	Dole7;Mystik Canada;Papek Czechia;Pronutrix+ Belgium;Starfood Holland	5	True	-2.672581525
0.05	5%	farmed_only	Farmed only	5	5390000	5399999	Kingsect Belgium	1	False	-2.218089649
0.05	5%	farmed_and_wild	Farmed + wild	5	5395000	5404999	Dole7;Papek Czechia;Starfood Holland	3	True	-2.130956095
0.05	5%	farmed_only	Farmed only	5	5400000	5409999	Kingsect Belgium	1	False	-2.185246224
0.05	5%	farmed_and_wild	Farmed + wild	5	5405000	5414999	Dole7;Mystik Canada;Papek Czechia;Pronutrix+ Belgium;Starfood Holland	5	True	-2.051653267
0.05	5%	farmed_only	Farmed only	5	5410000	5419999	Kingsect Belgium	1	False	-2.264322923
0.05	5%	farmed_only	Farmed only	5	5420000	5429999	Kingsect Belgium	1	False	-2.21190131
0.05	5%	farmed_and_wild	Farmed + wild	5	5425000	5434999	Dole7;Mystik Canada;Papek Czechia;Pronutrix+ Belgium;Starfood Holland	5	True	-2.438478323
0.05	5%	farmed_only	Farmed only	5	5430000	5439999	Kingsect Belgium	1	False	-2.140429054
0.05	5%	farmed_and_wild	Farmed + wild	5	5435000	5444999	Dole7;Mystik Canada;Papek Czechia;Pronutrix+ Belgium;Starfood Holland	5	True	-2.511141472
0.05	5%	farmed_only	Farmed only	5	5440000	5449999	Kingsect Belgium	1	False	-2.14523438
0.05	5%	farmed_only	Farmed only	5	5445000	5454999	Dole7	1	False	-1.878997921
0.05	5%	farmed_only	Farmed only	5	5450000	5459999	Kingsect Belgium	1	False	-2.160063161
0.05	5%	farmed_and_wild	Farmed + wild	5	5455000	5464999	Dole7;Papek Czechia;Pronutrix+ Belgium;Starfood Holland	4	True	-2.655570096
0.05	5%	farmed_only	Farmed only	5	5460000	5469999	Kingsect Belgium	1	False	-1.918463553
0.05	5%	farmed_only	Farmed only	5	5465000	5474999	Dole7	1	False	-1.837813702
0.05	5%	farmed_only	Farmed only	5	5470000	5479999	Kingsect Belgium	1	False	-1.855725377
0.05	5%	farmed_only	Farmed only	5	5480000	5489999	Kingsect Belgium	1	False	-1.6887621
0.05	5%	farmed_and_wild	Farmed + wild	5	5485000	5494999	Dole7;Mystik Canada;Papek Czechia;Pronutrix+ Belgium;Starfood Holland	5	True	-2.509028344
0.05	5%	farmed_only	Farmed only	5	5495000	5504999	Dole7;Mystik Canada;Papek Czechia;Pronutrix+ Belgium;Starfood Holland	5	False	-2.245967403
0.05	5%	farmed_and_wild	Farmed + wild	5	5735000	5744999	Dole7;Papek Czechia;Pronutrix+ Belgium;Starfood Holland	4	True	-2.327662163
0.05	5%	farmed_only	Farmed only	5	5745000	5754999	Dole7	1	False	-1.827205075
0.05	5%	farmed_only	Farmed only	5	5755000	5764999	Dole7	1	False	-1.907909441
0.05	5%	farmed_only	Farmed only	5	6015000	6024999	Dole7	1	False	-1.840514772
0.05	5%	farmed_and_wild	Farmed + wild	5	6105000	6114999	Dole7;Mystik Canada;Papek Czechia	3	True	-1.821974146
0.05	5%	farmed_only	Farmed only	5	6125000	6134999	Dole7;Pronutrix+ Belgium	2	False	-1.858457804
0.05	5%	farmed_only	Farmed only	5	6145000	6154999	Mystik Canada	1	False	-1.328162003
0.05	5%	farmed_only	Farmed only	5	6245000	6254999	Mystik Canada;Pronutrix+ Belgium	2	False	-1.528688398
0.05	5%	wild_only	Wild only	5	7385000	7394999		0	True	-1.610074606
0.05	5%	farmed_only	Farmed only	5	7855000	7864999	Dole7	1	False	-1.851242769
0.05	5%	farmed_only	Farmed only	5	8185000	8194999	Dole7;Mystik Canada;Starfood Holland	3	False	-2.124704164
0.05	5%	farmed_only	Farmed only	5	8495000	8504999	Dole7;Papek Czechia;Pronutrix+ Belgium	3	False	-1.854404383
0.05	5%	farmed_and_wild	Farmed + wild	5	8515000	8524999	Dole7;Mystik Canada;Papek Czechia;Pronutrix+ Belgium;Starfood Holland	5	True	-2.303325317
0.05	5%	farmed_only	Farmed only	5	8535000	8544999	Dole7;Papek Czechia;Pronutrix+ Belgium;Starfood Holland	4	False	-2.336732958
0.05	5%	farmed_only	Farmed only	5	8595000	8604999	Dole7	1	False	-1.845186064
0.05	5%	wild_only	Wild only	5	8685000	8694999		0	True	-1.62012606
0.05	5%	farmed_only	Farmed only	5	9275000	9284999	Dole7;Mystik Canada;Pronutrix+ Belgium	3	False	-1.920857775
0.05	5%	wild_only	Wild only	5	10785000	10794999		0	True	-1.673366753
0.05	5%	farmed_only	Farmed only	5	16020000	16029999	Kingsect Belgium	1	False	-1.743526555
0.05	5%	farmed_only	Farmed only	5	16030000	16039999	Kingsect Belgium	1	False	-1.786702963
0.05	5%	farmed_only	Farmed only	5	16040000	16049999	Kingsect Belgium	1	False	-1.829872981
0.05	5%	farmed_only	Farmed only	5	16050000	16059999	Kingsect Belgium	1	False	-1.876686874
0.05	5%	farmed_only	Farmed only	5	16060000	16069999	Kingsect Belgium	1	False	-2.058817405
0.05	5%	farmed_only	Farmed only	5	16070000	16079999	Kingsect Belgium	1	False	-2.140229772
0.05	5%	farmed_only	Farmed only	5	16080000	16089999	Kingsect Belgium	1	False	-2.092310001
0.05	5%	farmed_only	Farmed only	5	16090000	16099999	Kingsect Belgium	1	False	-2.117981743
0.05	5%	farmed_only	Farmed only	5	16100000	16109999	Kingsect Belgium	1	False	-2.143004673
0.05	5%	farmed_only	Farmed only	5	16110000	16119999	Kingsect Belgium	1	False	-2.11572995
0.05	5%	farmed_only	Farmed only	5	16120000	16129999	Kingsect Belgium	1	False	-1.814581227
0.05	5%	farmed_only	Farmed only	5	16130000	16139999	Kingsect Belgium	1	False	-1.678495841
0.05	5%	farmed_and_wild	Farmed + wild	5	16635000	16644999	Mystik Canada;Pronutrix+ Belgium	2	True	-1.843879859
0.05	5%	farmed_and_wild	Farmed + wild	5	16645000	16654999	Dole7;Mystik Canada;Papek Czechia;Pronutrix+ Belgium;Starfood Holland	5	True	-2.263573589
0.05	5%	farmed_only	Farmed only	5	17315000	17324999	Dole7;Starfood Holland	2	False	-2.033543714
0.05	5%	farmed_only	Farmed only	5	17325000	17334999	Dole7	1	False	-2.107724785
0.05	5%	farmed_only	Farmed only	5	17755000	17764999	Pronutrix+ Belgium	1	False	-1.500955013
0.05	5%	farmed_and_wild	Farmed + wild	5	17765000	17774999	Pronutrix+ Belgium	1	True	-2.133770392
0.05	5%	wild_only	Wild only	5	18125000	18134999		0	True	-1.646512586
0.05	5%	wild_only	Wild only	5	18135000	18144999		0	True	-1.659101007
0.05	5%	farmed_only	Farmed only	5	18535000	18544999	Mystik Canada	1	False	-1.86813296
0.05	5%	farmed_and_wild	Farmed + wild	5	18545000	18554999	Dole7;Mystik Canada;Papek Czechia;Pronutrix+ Belgium;Starfood Holland	5	True	-2.411626122
0.05	5%	farmed_and_wild	Farmed + wild	5	18555000	18564999	Dole7;Mystik Canada;Papek Czechia;Pronutrix+ Belgium;Starfood Holland	5	True	-2.285837451
0.05	5%	farmed_only	Farmed only	5	18675000	18684999	Dole7;Mystik Canada;Papek Czechia;Pronutrix+ Belgium;Starfood Holland	5	False	-2.10645336
0.05	5%	farmed_only	Farmed only	5	18775000	18784999	Dole7;Mystik Canada;Papek Czechia;Pronutrix+ Belgium	4	False	-1.924880814
0.05	5%	wild_only	Wild only	5	18955000	18964999		0	True	-1.615006972
0.05	5%	farmed_only	Farmed only	5	18995000	19004999	Pronutrix+ Belgium	1	False	-1.515891392
0.05	5%	farmed_and_wild	Farmed + wild	5	19825000	19834999	Dole7	1	True	-2.137838436
0.05	5%	wild_only	Wild only	5	19855000	19864999		0	True	-1.812915051
0.05	5%	farmed_only	Farmed only	5	19875000	19884999	Dole7	1	False	-1.825389084
0.05	5%	farmed_only	Farmed only	5	20095000	20104999	Pronutrix+ Belgium	1	False	-1.650814984
0.05	5%	farmed_and_wild	Farmed + wild	5	20135000	20144999	Dole7;Mystik Canada;Papek Czechia;Pronutrix+ Belgium;Starfood Holland	5	True	-2.275755585
0.05	5%	farmed_only	Farmed only	5	20345000	20354999	Mystik Canada;Papek Czechia;Pronutrix+ Belgium	3	False	-1.822623593
0.05	5%	farmed_only	Farmed only	5	21230000	21239999	Kingsect Belgium	1	False	-1.827129628
0.05	5%	farmed_and_wild	Farmed + wild	5	21235000	21244999	Dole7;Mystik Canada;Papek Czechia;Pronutrix+ Belgium;Starfood Holland	5	True	-2.71669719
0.05	5%	farmed_only	Farmed only	5	21240000	21249999	Kingsect Belgium	1	False	-1.968980376
0.05	5%	farmed_only	Farmed only	5	21250000	21259999	Kingsect Belgium	1	False	-2.119475155
0.05	5%	farmed_only	Farmed only	5	21260000	21269999	Kingsect Belgium	1	False	-2.147421147
0.05	5%	farmed_and_wild	Farmed + wild	5	21265000	21274999	Dole7;Mystik Canada;Papek Czechia;Pronutrix+ Belgium;Starfood Holland	5	True	-2.751434635
0.05	5%	farmed_only	Farmed only	5	21270000	21279999	Kingsect Belgium	1	False	-2.055184623
0.05	5%	farmed_and_wild	Farmed + wild	5	21275000	21284999	Dole7;Mystik Canada;Papek Czechia;Pronutrix+ Belgium;Starfood Holland	5	True	-2.517197143
0.05	5%	farmed_only	Farmed only	5	21280000	21289999	Kingsect Belgium	1	False	-2.036506059
0.05	5%	farmed_and_wild	Farmed + wild	5	21285000	21294999	Dole7;Mystik Canada;Papek Czechia;Pronutrix+ Belgium;Starfood Holland	5	True	-2.723057484
0.05	5%	farmed_only	Farmed only	5	21290000	21299999	Kingsect Belgium	1	False	-1.715489455
0.05	5%	farmed_only	Farmed only	5	21295000	21304999	Dole7;Starfood Holland	2	False	-2.572033389
0.05	5%	farmed_and_wild	Farmed + wild	5	22135000	22144999	Mystik Canada	1	True	-1.572304839
0.05	5%	farmed_only	Farmed only	5	22145000	22154999	Mystik Canada	1	False	-1.338927822
0.05	5%	farmed_and_wild	Farmed + wild	5	22525000	22534999	Dole7;Mystik Canada;Papek Czechia;Pronutrix+ Belgium;Starfood Holland	5	True	-2.187672945
0.05	5%	farmed_and_wild	Farmed + wild	5	22535000	22544999	Dole7;Mystik Canada;Papek Czechia;Pronutrix+ Belgium;Starfood Holland	5	True	-2.355659563
0.05	5%	farmed_and_wild	Farmed + wild	5	22545000	22554999	Dole7;Pronutrix+ Belgium;Starfood Holland	3	True	-2.031368494
0.05	5%	farmed_and_wild	Farmed + wild	5	22635000	22644999	Mystik Canada;Papek Czechia;Pronutrix+ Belgium	3	True	-2.242535469
0.05	5%	farmed_and_wild	Farmed + wild	5	22645000	22654999	Dole7;Mystik Canada;Papek Czechia;Pronutrix+ Belgium;Starfood Holland	5	True	-2.205145478
0.05	5%	farmed_only	Farmed only	5	22655000	22664999	Dole7	1	False	-1.84486589
0.05	5%	farmed_only	Farmed only	5	23135000	23144999	Dole7;Starfood Holland	2	False	-2.282787198
0.05	5%	farmed_and_wild	Farmed + wild	5	23145000	23154999	Dole7;Papek Czechia;Pronutrix+ Belgium	3	True	-1.997178863
0.05	5%	farmed_only	Farmed only	5	23755000	23764999	Dole7;Mystik Canada;Papek Czechia	3	False	-2.133852826
0.05	5%	farmed_and_wild	Farmed + wild	5	23875000	23884999	Dole7;Pronutrix+ Belgium;Starfood Holland	3	True	-2.273435158
0.05	5%	farmed_and_wild	Farmed + wild	5	23915000	23924999	Dole7;Mystik Canada;Papek Czechia;Pronutrix+ Belgium;Starfood Holland	5	True	-2.586202711
0.05	5%	farmed_and_wild	Farmed + wild	5	23925000	23934999	Dole7;Mystik Canada;Papek Czechia;Pronutrix+ Belgium;Starfood Holland	5	True	-2.191073552
0.05	5%	wild_only	Wild only	5	24875000	24884999		0	True	-1.613826544
0.05	5%	farmed_and_wild	Farmed + wild	5	25785000	25794999	Mystik Canada;Papek Czechia;Pronutrix+ Belgium;Starfood Holland	4	True	-2.681276118
0.05	5%	farmed_and_wild	Farmed + wild	6	5000	14999	Dole7;Papek Czechia;Starfood Holland	3	True	-2.726398896
0.05	5%	farmed_and_wild	Farmed + wild	6	15000	24999	Dole7;Mystik Canada;Papek Czechia;Pronutrix+ Belgium;Starfood Holland	5	True	-3.006387006
0.05	5%	farmed_and_wild	Farmed + wild	6	25000	34999	Dole7;Mystik Canada;Papek Czechia;Pronutrix+ Belgium;Starfood Holland	5	True	-3.05674097
0.05	5%	wild_only	Wild only	6	35000	44999		0	True	-1.66950262
0.05	5%	farmed_and_wild	Farmed + wild	6	45000	54999	Dole7;Papek Czechia;Pronutrix+ Belgium	3	True	-1.963875281
0.05	5%	farmed_and_wild	Farmed + wild	6	55000	64999	Mystik Canada;Papek Czechia;Pronutrix+ Belgium	3	True	-2.483917422
0.05	5%	farmed_and_wild	Farmed + wild	6	65000	74999	Mystik Canada;Papek Czechia;Pronutrix+ Belgium	3	True	-2.45243708
0.05	5%	farmed_and_wild	Farmed + wild	6	75000	84999	Dole7;Mystik Canada;Papek Czechia;Pronutrix+ Belgium;Starfood Holland	5	True	-2.444606956
0.05	5%	farmed_and_wild	Farmed + wild	6	85000	94999	Mystik Canada;Papek Czechia;Pronutrix+ Belgium	3	True	-2.154567462
0.05	5%	farmed_only	Farmed only	6	95000	104999	Dole7;Mystik Canada;Pronutrix+ Belgium;Starfood Holland	4	False	-2.167731771
0.05	5%	farmed_only	Farmed only	6	105000	114999	Papek Czechia	1	False	-2.375346507
0.05	5%	farmed_only	Farmed only	6	115000	124999	Dole7;Papek Czechia;Starfood Holland	3	False	-2.249120631
0.05	5%	farmed_and_wild	Farmed + wild	6	125000	134999	Dole7;Mystik Canada;Papek Czechia;Pronutrix+ Belgium;Starfood Holland	5	True	-2.482713558
0.05	5%	farmed_and_wild	Farmed + wild	6	135000	144999	Papek Czechia	1	True	-2.350564623
0.05	5%	farmed_and_wild	Farmed + wild	6	145000	154999	Mystik Canada;Starfood Holland	2	True	-2.902286809
0.05	5%	farmed_only	Farmed only	6	155000	164999	Dole7;Mystik Canada;Papek Czechia;Pronutrix+ Belgium;Starfood Holland	5	False	-2.321817405
0.05	5%	wild_only	Wild only	6	165000	174999		0	True	-2.156197493
0.05	5%	farmed_and_wild	Farmed + wild	6	175000	184999	Mystik Canada;Starfood Holland	2	True	-2.311242723
0.05	5%	farmed_and_wild	Farmed + wild	6	185000	194999	Mystik Canada;Pronutrix+ Belgium;Starfood Holland	3	True	-2.8544134
0.05	5%	farmed_and_wild	Farmed + wild	6	195000	204999	Dole7;Mystik Canada;Papek Czechia;Pronutrix+ Belgium;Starfood Holland	5	True	-3.222035893
0.05	5%	farmed_only	Farmed only	6	910000	919999	Kingsect Belgium	1	False	-1.883788085
0.05	5%	farmed_and_wild	Farmed + wild	6	915000	924999	Dole7;Mystik Canada;Papek Czechia;Pronutrix+ Belgium;Starfood Holland	5	True	-2.71581174
0.05	5%	farmed_only	Farmed only	6	920000	929999	Kingsect Belgium	1	False	-1.994924312
0.05	5%	farmed_and_wild	Farmed + wild	6	925000	934999	Dole7;Papek Czechia;Pronutrix+ Belgium;Starfood Holland	4	True	-3.007925349
0.05	5%	farmed_only	Farmed only	6	930000	939999	Kingsect Belgium	1	False	-2.155635656
0.05	5%	farmed_only	Farmed only	6	935000	944999	Dole7	1	False	-2.496337388
0.05	5%	farmed_only	Farmed only	6	940000	949999	Kingsect Belgium	1	False	-2.278382831
0.05	5%	farmed_only	Farmed only	6	950000	959999	Kingsect Belgium	1	False	-2.268371199
0.05	5%	farmed_only	Farmed only	6	955000	964999	Dole7;Starfood Holland	2	False	-2.607448186
0.05	5%	farmed_only	Farmed only	6	960000	969999	Kingsect Belgium	1	False	-2.272227045
0.05	5%	farmed_only	Farmed only	6	970000	979999	Kingsect Belgium	1	False	-2.002859999
0.05	5%	farmed_and_wild	Farmed + wild	6	1685000	1694999	Dole7;Mystik Canada;Papek Czechia;Pronutrix+ Belgium	4	True	-2.64203349
0.05	5%	farmed_only	Farmed only	6	1695000	1704999	Dole7	1	False	-1.940805985
0.05	5%	farmed_and_wild	Farmed + wild	6	1705000	1714999	Dole7;Papek Czechia;Pronutrix+ Belgium;Starfood Holland	4	True	-2.337519286
0.05	5%	farmed_and_wild	Farmed + wild	6	1865000	1874999	Dole7;Pronutrix+ Belgium	2	True	-1.838992877
0.05	5%	farmed_only	Farmed only	6	1875000	1884999	Dole7	1	False	-1.814640624
0.05	5%	farmed_only	Farmed only	6	3805000	3814999	Dole7;Starfood Holland	2	False	-2.348623916
0.05	5%	farmed_only	Farmed only	6	3825000	3834999	Dole7	1	False	-2.110050012
0.05	5%	farmed_and_wild	Farmed + wild	6	3835000	3844999	Dole7;Mystik Canada;Papek Czechia;Pronutrix+ Belgium;Starfood Holland	5	True	-2.238771588
0.05	5%	farmed_and_wild	Farmed + wild	6	3845000	3854999	Dole7;Mystik Canada;Papek Czechia;Pronutrix+ Belgium;Starfood Holland	5	True	-2.362159343
0.05	5%	farmed_and_wild	Farmed + wild	6	5105000	5114999	Dole7;Mystik Canada;Papek Czechia;Pronutrix+ Belgium;Starfood Holland	5	True	-3.167359616
0.05	5%	farmed_only	Farmed only	6	5705000	5714999	Dole7;Mystik Canada;Pronutrix+ Belgium	3	False	-2.039980347
0.05	5%	wild_only	Wild only	6	6645000	6654999		0	True	-1.960349832
0.05	5%	farmed_only	Farmed only	6	7225000	7234999	Dole7;Papek Czechia;Starfood Holland	3	False	-2.382474596
0.05	5%	farmed_only	Farmed only	6	7235000	7244999	Dole7;Mystik Canada;Papek Czechia;Pronutrix+ Belgium;Starfood Holland	5	False	-2.588461223
0.05	5%	farmed_and_wild	Farmed + wild	6	7245000	7254999	Dole7;Mystik Canada;Papek Czechia;Pronutrix+ Belgium;Starfood Holland	5	True	-2.611582564
0.05	5%	farmed_only	Farmed only	6	7275000	7284999	Dole7;Mystik Canada;Papek Czechia	3	False	-1.933883231
0.05	5%	farmed_only	Farmed only	6	7285000	7294999	Dole7;Papek Czechia;Starfood Holland	3	False	-2.247698966
0.05	5%	farmed_only	Farmed only	6	7295000	7304999	Dole7;Mystik Canada;Papek Czechia;Starfood Holland	4	False	-2.150008974
0.05	5%	farmed_only	Farmed only	6	7315000	7324999	Dole7;Papek Czechia;Starfood Holland	3	False	-2.074292874
0.05	5%	farmed_only	Farmed only	6	7325000	7334999	Dole7;Papek Czechia;Pronutrix+ Belgium	3	False	-2.109367084
0.05	5%	farmed_only	Farmed only	6	7345000	7354999	Dole7	1	False	-1.848258714
0.05	5%	farmed_only	Farmed only	6	7365000	7374999	Dole7;Mystik Canada;Papek Czechia;Pronutrix+ Belgium;Starfood Holland	5	False	-2.597798636
0.05	5%	farmed_and_wild	Farmed + wild	6	7375000	7384999	Dole7;Mystik Canada;Papek Czechia;Pronutrix+ Belgium;Starfood Holland	5	True	-2.305135155
0.05	5%	farmed_only	Farmed only	6	7385000	7394999	Dole7;Mystik Canada;Papek Czechia;Pronutrix+ Belgium;Starfood Holland	5	False	-2.2869042
0.05	5%	farmed_only	Farmed only	6	7395000	7404999	Dole7;Mystik Canada;Papek Czechia;Pronutrix+ Belgium;Starfood Holland	5	False	-2.162330358
0.05	5%	farmed_only	Farmed only	6	7405000	7414999	Dole7;Papek Czechia;Pronutrix+ Belgium;Starfood Holland	4	False	-2.266273158
0.05	5%	farmed_only	Farmed only	6	7905000	7914999	Dole7;Pronutrix+ Belgium	2	False	-1.910617085
0.05	5%	wild_only	Wild only	6	8635000	8644999		0	True	-2.003263166
0.05	5%	wild_only	Wild only	6	8645000	8654999		0	True	-1.989750785
0.05	5%	wild_only	Wild only	6	9485000	9494999		0	True	-1.681883801
0.05	5%	farmed_only	Farmed only	6	9615000	9624999	Mystik Canada	1	False	-2.554310455
0.05	5%	farmed_and_wild	Farmed + wild	6	9625000	9634999	Dole7;Mystik Canada;Papek Czechia;Pronutrix+ Belgium;Starfood Holland	5	True	-2.917385028
0.05	5%	farmed_and_wild	Farmed + wild	6	9635000	9644999	Dole7;Mystik Canada;Papek Czechia;Pronutrix+ Belgium;Starfood Holland	5	True	-2.855916455
0.05	5%	farmed_only	Farmed only	6	9645000	9654999	Mystik Canada	1	False	-2.079550315
0.05	5%	farmed_only	Farmed only	6	9685000	9694999	Dole7	1	False	-1.912772107
0.05	5%	farmed_only	Farmed only	6	11315000	11324999	Pronutrix+ Belgium	1	False	-1.597035079
0.05	5%	farmed_only	Farmed only	6	13675000	13684999	Pronutrix+ Belgium	1	False	-1.514822845
0.05	5%	farmed_only	Farmed only	6	13845000	13854999	Dole7	1	False	-1.814879666
0.05	5%	farmed_only	Farmed only	6	13855000	13864999	Dole7;Mystik Canada;Papek Czechia;Pronutrix+ Belgium;Starfood Holland	5	False	-2.298082439
0.05	5%	farmed_only	Farmed only	6	13895000	13904999	Dole7;Mystik Canada	2	False	-1.973898901
0.05	5%	farmed_only	Farmed only	6	13905000	13914999	Mystik Canada	1	False	-1.284681283
0.05	5%	farmed_only	Farmed only	6	13925000	13934999	Dole7	1	False	-1.825209122
0.05	5%	farmed_and_wild	Farmed + wild	6	13935000	13944999	Dole7;Mystik Canada;Papek Czechia;Pronutrix+ Belgium;Starfood Holland	5	True	-2.474362646
0.05	5%	farmed_only	Farmed only	6	13945000	13954999	Dole7	1	False	-1.932323283
0.05	5%	wild_only	Wild only	6	14455000	14464999		0	True	-1.986198712
0.05	5%	farmed_and_wild	Farmed + wild	6	14465000	14474999	Dole7	1	True	-1.958844759
0.05	5%	farmed_only	Farmed only	6	14575000	14584999	Mystik Canada	1	False	-1.167102632
0.05	5%	wild_only	Wild only	6	14625000	14634999		0	True	-2.36413019
0.05	5%	wild_only	Wild only	6	14675000	14684999		0	True	-1.920948208
0.05	5%	wild_only	Wild only	6	15585000	15594999		0	True	-1.653872879
0.05	5%	wild_only	Wild only	6	17505000	17514999		0	True	-1.577681659
0.05	5%	farmed_and_wild	Farmed + wild	6	17715000	17724999	Dole7	1	True	-1.818606976
0.05	5%	farmed_only	Farmed only	6	17725000	17734999	Dole7	1	False	-1.846995365
0.05	5%	farmed_only	Farmed only	6	17735000	17744999	Dole7;Mystik Canada	2	False	-2.045079364
0.05	5%	farmed_and_wild	Farmed + wild	6	17745000	17754999	Dole7;Mystik Canada;Papek Czechia;Pronutrix+ Belgium;Starfood Holland	5	True	-2.305118018
0.05	5%	farmed_and_wild	Farmed + wild	6	17755000	17764999	Dole7;Papek Czechia;Pronutrix+ Belgium;Starfood Holland	4	True	-2.341799939
0.05	5%	farmed_only	Farmed only	6	17855000	17864999	Dole7;Mystik Canada;Papek Czechia;Pronutrix+ Belgium	4	False	-2.00376084
0.05	5%	farmed_only	Farmed only	6	17865000	17874999	Dole7;Pronutrix+ Belgium	2	False	-1.915007698
0.05	5%	farmed_only	Farmed only	6	17875000	17884999	Dole7;Mystik Canada;Papek Czechia;Pronutrix+ Belgium	4	False	-1.906450191
0.05	5%	farmed_only	Farmed only	6	17885000	17894999	Mystik Canada	1	False	-1.263625897
0.05	5%	farmed_and_wild	Farmed + wild	6	17895000	17904999	Dole7;Mystik Canada;Pronutrix+ Belgium	3	True	-1.880878662
0.05	5%	farmed_only	Farmed only	6	17905000	17914999	Dole7;Mystik Canada;Papek Czechia;Pronutrix+ Belgium	4	False	-1.934419921
0.05	5%	farmed_only	Farmed only	6	18065000	18074999	Dole7	1	False	-1.834601952
0.05	5%	farmed_only	Farmed only	6	18095000	18104999	Dole7	1	False	-1.884252093
0.05	5%	wild_only	Wild only	6	18415000	18424999		0	True	-1.579350847
0.05	5%	wild_only	Wild only	6	18585000	18594999		0	True	-1.582808126
0.05	5%	wild_only	Wild only	6	18765000	18774999		0	True	-1.596290006
0.05	5%	farmed_and_wild	Farmed + wild	6	18865000	18874999	Dole7;Mystik Canada;Papek Czechia;Pronutrix+ Belgium;Starfood Holland	5	True	-2.199873751
0.05	5%	wild_only	Wild only	6	18895000	18904999		0	True	-1.590952737
0.05	5%	farmed_and_wild	Farmed + wild	6	19255000	19264999	Pronutrix+ Belgium	1	True	-1.587354568
0.05	5%	farmed_only	Farmed only	6	19575000	19584999	Dole7;Mystik Canada;Papek Czechia;Pronutrix+ Belgium;Starfood Holland	5	False	-2.148501306
0.05	5%	farmed_only	Farmed only	6	19775000	19784999	Papek Czechia;Pronutrix+ Belgium	2	False	-1.762742457
0.05	5%	farmed_and_wild	Farmed + wild	6	19985000	19994999	Dole7;Papek Czechia;Pronutrix+ Belgium	3	True	-2.090692779
0.05	5%	farmed_and_wild	Farmed + wild	6	19995000	20004999	Dole7;Mystik Canada;Papek Czechia;Pronutrix+ Belgium;Starfood Holland	5	True	-2.304060403
0.05	5%	farmed_only	Farmed only	6	20005000	20014999	Dole7;Pronutrix+ Belgium	2	False	-1.798859004
0.05	5%	farmed_only	Farmed only	6	20025000	20034999	Dole7;Pronutrix+ Belgium;Starfood Holland	3	False	-2.03054332
0.05	5%	farmed_only	Farmed only	6	20085000	20094999	Dole7;Mystik Canada;Papek Czechia;Pronutrix+ Belgium;Starfood Holland	5	False	-2.2065953
0.05	5%	farmed_only	Farmed only	6	20095000	20104999	Dole7;Mystik Canada;Pronutrix+ Belgium	3	False	-1.844700588
0.05	5%	farmed_only	Farmed only	6	20125000	20134999	Dole7	1	False	-1.830244037
0.05	5%	farmed_only	Farmed only	6	20165000	20174999	Dole7	1	False	-1.92603319
0.05	5%	farmed_only	Farmed only	6	20180000	20189999	Kingsect Belgium	1	False	-1.67059017
0.05	5%	farmed_and_wild	Farmed + wild	6	20185000	20194999	Dole7;Papek Czechia;Pronutrix+ Belgium;Starfood Holland	4	True	-2.185731445
0.05	5%	farmed_only	Farmed only	6	20190000	20199999	Kingsect Belgium	1	False	-1.744339273
0.05	5%	farmed_only	Farmed only	6	20200000	20209999	Kingsect Belgium	1	False	-1.754621535
0.05	5%	farmed_only	Farmed only	6	20210000	20219999	Kingsect Belgium	1	False	-1.775617842
0.05	5%	farmed_only	Farmed only	6	20220000	20229999	Kingsect Belgium	1	False	-1.772765851
0.05	5%	farmed_only	Farmed only	6	20395000	20404999	Dole7;Papek Czechia;Starfood Holland	3	False	-2.068227025
0.05	5%	farmed_only	Farmed only	6	20405000	20414999	Dole7;Papek Czechia;Pronutrix+ Belgium	3	False	-1.815436098
0.05	5%	farmed_and_wild	Farmed + wild	6	20615000	20624999	Dole7;Mystik Canada;Papek Czechia;Pronutrix+ Belgium;Starfood Holland	5	True	-2.07732077
0.05	5%	farmed_only	Farmed only	6	21285000	21294999	Dole7	1	False	-1.802405096
0.05	5%	farmed_only	Farmed only	6	21515000	21524999	Dole7	1	False	-1.837885676
0.05	5%	farmed_only	Farmed only	6	21665000	21674999	Dole7;Mystik Canada;Papek Czechia;Pronutrix+ Belgium	4	False	-1.867774797
0.05	5%	wild_only	Wild only	6	21735000	21744999		0	True	-1.752247495
0.05	5%	farmed_only	Farmed only	6	21895000	21904999	Dole7;Mystik Canada;Pronutrix+ Belgium	3	False	-1.813330577
0.05	5%	farmed_and_wild	Farmed + wild	6	21965000	21974999	Dole7;Mystik Canada;Pronutrix+ Belgium	3	True	-1.826477957
0.05	5%	farmed_and_wild	Farmed + wild	6	22145000	22154999	Dole7	1	True	-1.874920738
0.05	5%	farmed_and_wild	Farmed + wild	6	22185000	22194999	Dole7;Mystik Canada;Pronutrix+ Belgium	3	True	-2.09761659
0.05	5%	farmed_only	Farmed only	6	22190000	22199999	Kingsect Belgium	1	False	-1.68517547
0.05	5%	farmed_only	Farmed only	6	22210000	22219999	Kingsect Belgium	1	False	-1.769247688
0.05	5%	farmed_only	Farmed only	6	22220000	22229999	Kingsect Belgium	1	False	-1.76568975
0.05	5%	farmed_and_wild	Farmed + wild	6	22225000	22234999	Dole7;Mystik Canada;Papek Czechia;Pronutrix+ Belgium;Starfood Holland	5	True	-2.304481194
0.05	5%	farmed_only	Farmed only	6	22230000	22239999	Kingsect Belgium	1	False	-1.71503797
0.05	5%	wild_only	Wild only	6	22235000	22244999		0	True	-1.662837154
0.05	5%	farmed_and_wild	Farmed + wild	6	22255000	22264999	Dole7;Mystik Canada;Papek Czechia;Pronutrix+ Belgium;Starfood Holland	5	True	-2.228617222
0.05	5%	farmed_only	Farmed only	6	22335000	22344999	Mystik Canada	1	False	-1.166180861
0.05	5%	farmed_only	Farmed only	6	22495000	22504999	Dole7;Mystik Canada;Pronutrix+ Belgium	3	False	-1.887661819
0.05	5%	farmed_only	Farmed only	6	22515000	22524999	Pronutrix+ Belgium	1	False	-1.483345511
0.05	5%	farmed_only	Farmed only	6	22520000	22529999	Kingsect Belgium	1	False	-1.715067542
0.05	5%	farmed_only	Farmed only	6	22525000	22534999	Dole7	1	False	-1.817271899
0.05	5%	farmed_only	Farmed only	6	22535000	22544999	Dole7	1	False	-1.847122131
0.05	5%	farmed_only	Farmed only	6	22570000	22579999	Kingsect Belgium	1	False	-1.670230095
0.05	5%	farmed_only	Farmed only	6	22580000	22589999	Kingsect Belgium	1	False	-1.693841783
0.05	5%	farmed_and_wild	Farmed + wild	6	22605000	22614999	Dole7;Mystik Canada;Pronutrix+ Belgium	3	True	-2.054734598
0.05	5%	farmed_only	Farmed only	6	22615000	22624999	Dole7;Pronutrix+ Belgium	2	False	-1.795133188
0.05	5%	farmed_and_wild	Farmed + wild	6	22625000	22634999	Dole7;Mystik Canada;Papek Czechia;Pronutrix+ Belgium;Starfood Holland	5	True	-2.221202075
0.05	5%	farmed_only	Farmed only	7	5000	14999	Dole7	1	False	-1.890724471
0.05	5%	farmed_and_wild	Farmed + wild	7	35000	44999	Dole7;Papek Czechia;Pronutrix+ Belgium;Starfood Holland	4	True	-2.734950436
0.05	5%	farmed_and_wild	Farmed + wild	7	75000	84999	Dole7;Mystik Canada;Papek Czechia;Pronutrix+ Belgium;Starfood Holland	5	True	-2.312446752
0.05	5%	farmed_and_wild	Farmed + wild	7	795000	804999	Dole7;Mystik Canada;Papek Czechia;Pronutrix+ Belgium;Starfood Holland	5	True	-2.599702266
0.05	5%	wild_only	Wild only	7	895000	904999		0	True	-1.557928405
0.05	5%	farmed_only	Farmed only	7	1235000	1244999	Dole7;Starfood Holland	2	False	-2.341938679
0.05	5%	farmed_only	Farmed only	7	1245000	1254999	Dole7	1	False	-2.208678492
0.05	5%	farmed_only	Farmed only	7	1855000	1864999	Dole7;Papek Czechia;Pronutrix+ Belgium;Starfood Holland	4	False	-2.787818644
0.05	5%	farmed_and_wild	Farmed + wild	7	1865000	1874999	Dole7;Mystik Canada;Papek Czechia;Pronutrix+ Belgium;Starfood Holland	5	True	-2.297627458
0.05	5%	farmed_only	Farmed only	7	2725000	2734999	Dole7	1	False	-1.942023505
0.05	5%	farmed_only	Farmed only	7	2745000	2754999	Dole7	1	False	-1.981603907
0.05	5%	farmed_only	Farmed only	7	2750000	2759999	Kingsect Belgium	1	False	-1.700959725
0.05	5%	farmed_and_wild	Farmed + wild	7	2755000	2764999	Dole7;Mystik Canada;Papek Czechia;Pronutrix+ Belgium;Starfood Holland	5	True	-2.510393056
0.05	5%	farmed_and_wild	Farmed + wild	7	2765000	2774999	Dole7;Mystik Canada;Papek Czechia;Pronutrix+ Belgium;Starfood Holland	5	True	-2.387975441
0.05	5%	farmed_only	Farmed only	7	2845000	2854999	Mystik Canada;Starfood Holland	2	False	-2.0620406
0.05	5%	farmed_only	Farmed only	7	2865000	2874999	Pronutrix+ Belgium;Starfood Holland	2	False	-2.135297163
0.05	5%	farmed_only	Farmed only	7	3485000	3494999	Dole7;Pronutrix+ Belgium;Starfood Holland	3	False	-2.190046883
0.05	5%	farmed_only	Farmed only	7	3765000	3774999	Dole7;Mystik Canada;Starfood Holland	3	False	-2.164327414
0.05	5%	farmed_only	Farmed only	7	3775000	3784999	Dole7;Pronutrix+ Belgium;Starfood Holland	3	False	-2.58655602
0.05	5%	farmed_and_wild	Farmed + wild	7	3785000	3794999	Dole7;Mystik Canada;Papek Czechia;Pronutrix+ Belgium;Starfood Holland	5	True	-2.282879319
0.05	5%	farmed_only	Farmed only	7	4745000	4754999	Starfood Holland	1	False	-2.261225417
0.05	5%	farmed_and_wild	Farmed + wild	7	4765000	4774999	Dole7;Mystik Canada;Pronutrix+ Belgium;Starfood Holland	4	True	-2.031592275
0.05	5%	wild_only	Wild only	7	5595000	5604999		0	True	-1.780657219
0.05	5%	farmed_only	Farmed only	7	5615000	5624999	Mystik Canada	1	False	-2.03576526
0.05	5%	farmed_only	Farmed only	7	6615000	6624999	Mystik Canada;Pronutrix+ Belgium	2	False	-2.372241525
0.05	5%	farmed_only	Farmed only	7	6625000	6634999	Mystik Canada;Papek Czechia;Pronutrix+ Belgium	3	False	-2.099918234
0.05	5%	farmed_only	Farmed only	7	7805000	7814999	Papek Czechia;Starfood Holland	2	False	-2.282720436
0.05	5%	farmed_only	Farmed only	7	10155000	10164999	Dole7;Papek Czechia;Pronutrix+ Belgium	3	False	-1.950475907
0.05	5%	farmed_only	Farmed only	7	10165000	10174999	Papek Czechia;Pronutrix+ Belgium;Starfood Holland	3	False	-2.343111739
0.05	5%	farmed_only	Farmed only	7	10175000	10184999	Papek Czechia	1	False	-1.724512658
0.05	5%	farmed_only	Farmed only	7	10195000	10204999	Pronutrix+ Belgium	1	False	-1.489998725
0.05	5%	wild_only	Wild only	7	11495000	11504999		0	True	-1.63924016
0.05	5%	farmed_and_wild	Farmed + wild	7	12845000	12854999	Mystik Canada	1	True	-1.60495753
0.05	5%	farmed_and_wild	Farmed + wild	7	12855000	12864999	Dole7;Mystik Canada;Papek Czechia;Pronutrix+ Belgium;Starfood Holland	5	True	-3.01519368
0.05	5%	farmed_only	Farmed only	7	16025000	16034999	Pronutrix+ Belgium	1	False	-1.47726426
0.05	5%	farmed_only	Farmed only	7	16315000	16324999	Mystik Canada	1	False	-3.077371549
0.05	5%	wild_only	Wild only	7	17725000	17734999		0	True	-1.653715379
0.05	5%	farmed_only	Farmed only	7	18115000	18124999	Dole7;Pronutrix+ Belgium	2	False	-1.819554831
0.05	5%	wild_only	Wild only	7	18365000	18374999		0	True	-1.653476264
0.05	5%	wild_only	Wild only	7	18485000	18494999		0	True	-1.770254753
0.05	5%	wild_only	Wild only	7	18495000	18504999		0	True	-1.753022992
0.05	5%	farmed_and_wild	Farmed + wild	7	18835000	18844999	Dole7	1	True	-1.913054941
0.05	5%	farmed_only	Farmed only	7	18895000	18904999	Dole7	1	False	-1.915585336
0.05	5%	farmed_only	Farmed only	7	18925000	18934999	Dole7	1	False	-1.81854307
0.05	5%	farmed_and_wild	Farmed + wild	7	18935000	18944999	Dole7;Mystik Canada;Papek Czechia;Pronutrix+ Belgium;Starfood Holland	5	True	-2.693254196
0.05	5%	farmed_and_wild	Farmed + wild	7	18945000	18954999	Dole7;Mystik Canada;Papek Czechia;Pronutrix+ Belgium;Starfood Holland	5	True	-2.633382188
0.05	5%	farmed_and_wild	Farmed + wild	7	18955000	18964999	Dole7;Mystik Canada;Papek Czechia;Starfood Holland	4	True	-2.465295281
0.05	5%	farmed_only	Farmed only	7	18965000	18974999	Dole7	1	False	-1.849275271
0.05	5%	farmed_and_wild	Farmed + wild	7	19245000	19254999	Dole7;Mystik Canada;Papek Czechia;Pronutrix+ Belgium;Starfood Holland	5	True	-2.192728311
0.05	5%	farmed_only	Farmed only	7	19335000	19344999	Dole7	1	False	-1.824735742
0.05	5%	farmed_only	Farmed only	7	19605000	19614999	Mystik Canada	1	False	-1.230091899
0.05	5%	farmed_only	Farmed only	7	19615000	19624999	Dole7;Mystik Canada;Pronutrix+ Belgium	3	False	-1.903719364
0.05	5%	farmed_and_wild	Farmed + wild	7	19825000	19834999	Dole7;Papek Czechia;Pronutrix+ Belgium	3	True	-2.008201741
0.05	5%	farmed_only	Farmed only	7	19885000	19894999	Dole7	1	False	-1.799319253
0.05	5%	farmed_only	Farmed only	7	19895000	19904999	Dole7;Mystik Canada;Papek Czechia;Starfood Holland	4	False	-2.124104043
0.05	5%	farmed_only	Farmed only	7	19900000	19909999	Kingsect Belgium	1	False	-1.739605392
0.05	5%	farmed_only	Farmed only	7	19905000	19914999	Dole7;Mystik Canada;Papek Czechia;Pronutrix+ Belgium;Starfood Holland	5	False	-2.037356203
0.05	5%	farmed_only	Farmed only	7	19910000	19919999	Kingsect Belgium	1	False	-1.78172846
0.05	5%	farmed_only	Farmed only	7	19915000	19924999	Dole7;Mystik Canada;Pronutrix+ Belgium	3	False	-1.922999576
0.05	5%	farmed_only	Farmed only	7	19920000	19929999	Kingsect Belgium	1	False	-1.812277876
0.05	5%	farmed_only	Farmed only	7	19930000	19939999	Kingsect Belgium	1	False	-1.738374098
0.05	5%	farmed_only	Farmed only	7	19940000	19949999	Kingsect Belgium	1	False	-1.713939118
0.05	5%	farmed_only	Farmed only	7	19955000	19964999	Dole7	1	False	-1.871125288
0.05	5%	farmed_only	Farmed only	7	20025000	20034999	Papek Czechia;Pronutrix+ Belgium	2	False	-1.737970002
0.05	5%	farmed_and_wild	Farmed + wild	7	20085000	20094999	Dole7;Mystik Canada;Papek Czechia;Pronutrix+ Belgium;Starfood Holland	5	True	-2.247864601
0.05	5%	farmed_and_wild	Farmed + wild	7	20095000	20104999	Dole7;Mystik Canada;Papek Czechia;Pronutrix+ Belgium;Starfood Holland	5	True	-2.221128069
0.05	5%	wild_only	Wild only	7	20105000	20114999		0	True	-1.885707599
0.05	5%	farmed_only	Farmed only	7	20130000	20139999	Kingsect Belgium	1	False	-1.673632232
0.05	5%	farmed_only	Farmed only	7	20135000	20144999	Dole7	1	False	-1.858888236
0.05	5%	farmed_only	Farmed only	7	20140000	20149999	Kingsect Belgium	1	False	-1.670450503
0.05	5%	farmed_and_wild	Farmed + wild	7	20155000	20164999	Dole7;Mystik Canada;Papek Czechia;Pronutrix+ Belgium;Starfood Holland	5	True	-2.147131016
0.05	5%	farmed_only	Farmed only	7	20160000	20169999	Kingsect Belgium	1	False	-1.776928241
0.05	5%	wild_only	Wild only	7	20165000	20174999		0	True	-1.5690746
0.05	5%	farmed_only	Farmed only	7	20170000	20179999	Kingsect Belgium	1	False	-1.88208173
0.05	5%	farmed_and_wild	Farmed + wild	7	20175000	20184999	Dole7;Mystik Canada;Papek Czechia;Pronutrix+ Belgium	4	True	-1.896439852
0.05	5%	farmed_only	Farmed only	7	20180000	20189999	Kingsect Belgium	1	False	-1.943638371
0.05	5%	farmed_only	Farmed only	7	20185000	20194999	Dole7;Papek Czechia;Pronutrix+ Belgium;Starfood Holland	4	False	-2.131702844
0.05	5%	farmed_only	Farmed only	7	20190000	20199999	Kingsect Belgium	1	False	-1.949253969
0.05	5%	farmed_and_wild	Farmed + wild	7	20195000	20204999	Dole7;Mystik Canada;Papek Czechia;Pronutrix+ Belgium;Starfood Holland	5	True	-2.082386031
0.05	5%	farmed_only	Farmed only	7	20200000	20209999	Kingsect Belgium	1	False	-2.003471713
0.05	5%	farmed_and_wild	Farmed + wild	7	20205000	20214999	Dole7;Mystik Canada;Papek Czechia;Pronutrix+ Belgium;Starfood Holland	5	True	-2.453349016
0.05	5%	farmed_only	Farmed only	7	20210000	20219999	Kingsect Belgium	1	False	-2.022800655
0.05	5%	farmed_only	Farmed only	7	20215000	20224999	Dole7;Papek Czechia;Pronutrix+ Belgium	3	False	-2.085666193
0.05	5%	farmed_only	Farmed only	7	20220000	20229999	Kingsect Belgium	1	False	-1.972337984
0.05	5%	farmed_only	Farmed only	7	20230000	20239999	Kingsect Belgium	1	False	-1.957807271
0.05	5%	farmed_only	Farmed only	7	20235000	20244999	Dole7;Papek Czechia	2	False	-1.904082498
0.05	5%	farmed_only	Farmed only	7	20240000	20249999	Kingsect Belgium	1	False	-1.883359976
0.05	5%	farmed_and_wild	Farmed + wild	7	20245000	20254999	Dole7;Papek Czechia;Pronutrix+ Belgium;Starfood Holland	4	True	-2.320456292
0.05	5%	farmed_only	Farmed only	7	20250000	20259999	Kingsect Belgium	1	False	-1.745617427
0.05	5%	farmed_and_wild	Farmed + wild	7	20255000	20264999	Dole7;Mystik Canada;Papek Czechia;Pronutrix+ Belgium;Starfood Holland	5	True	-2.13991365
0.05	5%	farmed_only	Farmed only	7	20275000	20284999	Dole7;Mystik Canada;Papek Czechia;Pronutrix+ Belgium	4	False	-2.044810608
0.05	5%	wild_only	Wild only	7	20305000	20314999		0	True	-1.849863472
0.05	5%	farmed_only	Farmed only	7	20325000	20334999	Dole7	1	False	-1.862314486
0.05	5%	farmed_only	Farmed only	7	20335000	20344999	Dole7;Mystik Canada;Papek Czechia;Pronutrix+ Belgium	4	False	-1.831974872
0.05	5%	farmed_and_wild	Farmed + wild	7	20345000	20354999	Dole7;Papek Czechia;Starfood Holland	3	True	-2.206781498
0.05	5%	farmed_only	Farmed only	7	20385000	20394999	Dole7;Mystik Canada;Pronutrix+ Belgium	3	False	-1.909349067
0.05	5%	farmed_only	Farmed only	7	20420000	20429999	Kingsect Belgium	1	False	-1.673839378
0.05	5%	farmed_and_wild	Farmed + wild	7	20425000	20434999	Dole7;Papek Czechia;Pronutrix+ Belgium;Starfood Holland	4	True	-2.114697779
0.05	5%	farmed_and_wild	Farmed + wild	7	20445000	20454999	Dole7;Pronutrix+ Belgium	2	True	-1.93319768
0.05	5%	farmed_only	Farmed only	7	20450000	20459999	Kingsect Belgium	1	False	-1.802916526
0.05	5%	farmed_only	Farmed only	7	20460000	20469999	Kingsect Belgium	1	False	-1.833359173
0.05	5%	farmed_only	Farmed only	7	20470000	20479999	Kingsect Belgium	1	False	-1.815543606
0.05	5%	farmed_only	Farmed only	7	20480000	20489999	Kingsect Belgium	1	False	-1.717083701
0.05	5%	farmed_only	Farmed only	7	20485000	20494999	Dole7;Pronutrix+ Belgium	2	False	-2.123380227
0.05	5%	farmed_only	Farmed only	7	20490000	20499999	Kingsect Belgium	1	False	-1.766936579
0.05	5%	farmed_and_wild	Farmed + wild	7	20495000	20504999	Dole7;Mystik Canada;Papek Czechia;Pronutrix+ Belgium;Starfood Holland	5	True	-2.379533497
0.05	5%	farmed_only	Farmed only	7	20530000	20539999	Kingsect Belgium	1	False	-1.690351544
0.05	5%	farmed_only	Farmed only	7	20535000	20544999	Dole7	1	False	-1.857359991
0.05	5%	farmed_only	Farmed only	7	20540000	20549999	Kingsect Belgium	1	False	-1.692622921
0.05	5%	farmed_only	Farmed only	7	20565000	20574999	Dole7	1	False	-1.88268377
0.05	5%	farmed_and_wild	Farmed + wild	7	20575000	20584999	Dole7;Mystik Canada;Papek Czechia;Pronutrix+ Belgium;Starfood Holland	5	True	-2.172071782
0.05	5%	farmed_only	Farmed only	7	20580000	20589999	Kingsect Belgium	1	False	-1.695450488
0.05	5%	farmed_only	Farmed only	7	20585000	20594999	Dole7;Papek Czechia	2	False	-1.860241039
0.05	5%	farmed_only	Farmed only	7	20600000	20609999	Kingsect Belgium	1	False	-1.676225142
0.05	5%	farmed_only	Farmed only	7	20610000	20619999	Kingsect Belgium	1	False	-1.786350212
0.05	5%	farmed_only	Farmed only	7	20615000	20624999	Dole7;Pronutrix+ Belgium	2	False	-2.170377178
0.05	5%	farmed_only	Farmed only	7	20620000	20629999	Kingsect Belgium	1	False	-1.785435726
0.05	5%	farmed_and_wild	Farmed + wild	7	20625000	20634999	Dole7;Mystik Canada;Papek Czechia;Pronutrix+ Belgium;Starfood Holland	5	True	-2.262891386
0.05	5%	farmed_only	Farmed only	7	20630000	20639999	Kingsect Belgium	1	False	-1.725644323
0.05	5%	farmed_only	Farmed only	7	20640000	20649999	Kingsect Belgium	1	False	-1.733003469
0.05	5%	farmed_only	Farmed only	7	20650000	20659999	Kingsect Belgium	1	False	-1.830976727
0.05	5%	farmed_only	Farmed only	7	20655000	20664999	Dole7;Pronutrix+ Belgium	2	False	-1.828511506
0.05	5%	farmed_only	Farmed only	7	20660000	20669999	Kingsect Belgium	1	False	-1.873386347
0.05	5%	farmed_only	Farmed only	7	20665000	20674999	Dole7;Pronutrix+ Belgium	2	False	-1.903318661
0.05	5%	farmed_only	Farmed only	7	20670000	20679999	Kingsect Belgium	1	False	-1.899415733
0.05	5%	farmed_only	Farmed only	7	20675000	20684999	Dole7;Mystik Canada;Pronutrix+ Belgium	3	False	-1.952395624
0.05	5%	farmed_only	Farmed only	7	20680000	20689999	Kingsect Belgium	1	False	-1.82289653
0.05	5%	farmed_only	Farmed only	7	20685000	20694999	Dole7	1	False	-1.816895379
0.05	5%	farmed_only	Farmed only	7	20690000	20699999	Kingsect Belgium	1	False	-1.90885411
0.05	5%	farmed_and_wild	Farmed + wild	7	20695000	20704999	Dole7;Mystik Canada;Papek Czechia;Pronutrix+ Belgium;Starfood Holland	5	True	-2.397095083
0.05	5%	farmed_only	Farmed only	7	20700000	20709999	Kingsect Belgium	1	False	-1.882302164
0.05	5%	farmed_and_wild	Farmed + wild	7	20705000	20714999	Dole7;Mystik Canada;Papek Czechia;Pronutrix+ Belgium	4	True	-2.197146366
0.05	5%	farmed_only	Farmed only	7	20710000	20719999	Kingsect Belgium	1	False	-1.90082837
0.05	5%	farmed_and_wild	Farmed + wild	7	20715000	20724999	Dole7;Mystik Canada;Papek Czechia;Pronutrix+ Belgium;Starfood Holland	5	True	-2.365613442
0.05	5%	farmed_only	Farmed only	7	20720000	20729999	Kingsect Belgium	1	False	-1.933460225
0.05	5%	farmed_only	Farmed only	7	20725000	20734999	Pronutrix+ Belgium	1	False	-1.55901313
0.05	5%	farmed_only	Farmed only	7	20730000	20739999	Kingsect Belgium	1	False	-1.980215783
0.05	5%	farmed_and_wild	Farmed + wild	7	20735000	20744999	Dole7;Mystik Canada;Papek Czechia;Pronutrix+ Belgium;Starfood Holland	5	True	-2.401878753
0.05	5%	farmed_only	Farmed only	7	20740000	20749999	Kingsect Belgium	1	False	-2.030676417
0.05	5%	farmed_only	Farmed only	7	20750000	20759999	Kingsect Belgium	1	False	-1.990939358
0.05	5%	farmed_and_wild	Farmed + wild	7	20755000	20764999	Dole7;Pronutrix+ Belgium	2	True	-1.950869503
0.05	5%	farmed_only	Farmed only	7	20760000	20769999	Kingsect Belgium	1	False	-2.030276592
0.05	5%	farmed_only	Farmed only	7	20765000	20774999	Dole7;Pronutrix+ Belgium	2	False	-1.946555816
0.05	5%	farmed_only	Farmed only	7	20770000	20779999	Kingsect Belgium	1	False	-2.008470727
0.05	5%	farmed_and_wild	Farmed + wild	7	20775000	20784999	Dole7;Mystik Canada;Papek Czechia;Pronutrix+ Belgium;Starfood Holland	5	True	-2.219531014
0.05	5%	farmed_only	Farmed only	7	20780000	20789999	Kingsect Belgium	1	False	-2.033531021
0.05	5%	farmed_only	Farmed only	7	20785000	20794999	Dole7;Mystik Canada;Papek Czechia;Pronutrix+ Belgium;Starfood Holland	5	False	-2.432485693
0.05	5%	farmed_only	Farmed only	7	20790000	20799999	Kingsect Belgium	1	False	-2.083165348
0.05	5%	farmed_and_wild	Farmed + wild	7	20795000	20804999	Dole7	1	True	-1.880090524
0.05	5%	farmed_only	Farmed only	7	20800000	20809999	Kingsect Belgium	1	False	-2.208863862
0.05	5%	farmed_and_wild	Farmed + wild	7	20805000	20814999	Dole7;Mystik Canada;Papek Czechia;Pronutrix+ Belgium;Starfood Holland	5	True	-2.274193559
0.05	5%	farmed_only	Farmed only	7	20810000	20819999	Kingsect Belgium	1	False	-2.079855999
0.05	5%	farmed_only	Farmed only	7	20815000	20824999	Dole7;Pronutrix+ Belgium	2	False	-1.796149653
0.05	5%	farmed_only	Farmed only	7	20820000	20829999	Kingsect Belgium	1	False	-2.033024982
0.05	5%	farmed_only	Farmed only	7	20825000	20834999	Mystik Canada	1	False	-1.247056279
0.05	5%	farmed_only	Farmed only	7	20830000	20839999	Kingsect Belgium	1	False	-2.001798686
0.05	5%	farmed_and_wild	Farmed + wild	7	20835000	20844999	Dole7;Papek Czechia;Pronutrix+ Belgium;Starfood Holland	4	True	-2.076116458
0.05	5%	farmed_only	Farmed only	7	20840000	20849999	Kingsect Belgium	1	False	-1.893320888
0.05	5%	farmed_and_wild	Farmed + wild	7	20845000	20854999	Dole7;Mystik Canada;Papek Czechia;Pronutrix+ Belgium;Starfood Holland	5	True	-2.707300658
0.05	5%	farmed_only	Farmed only	7	20850000	20859999	Kingsect Belgium	1	False	-1.912987412
0.05	5%	wild_only	Wild only	7	20855000	20864999		0	True	-1.619351078
0.05	5%	farmed_only	Farmed only	7	20860000	20869999	Kingsect Belgium	1	False	-1.870353696
0.05	5%	wild_only	Wild only	7	20865000	20874999		0	True	-1.861709171
0.05	5%	farmed_only	Farmed only	7	20870000	20879999	Kingsect Belgium	1	False	-1.945130061
0.05	5%	farmed_only	Farmed only	7	20875000	20884999	Dole7;Mystik Canada	2	False	-1.978451119
0.05	5%	farmed_only	Farmed only	7	20880000	20889999	Kingsect Belgium	1	False	-1.960474131
0.05	5%	farmed_only	Farmed only	7	20890000	20899999	Kingsect Belgium	1	False	-1.941724754
0.05	5%	farmed_only	Farmed only	7	20900000	20909999	Kingsect Belgium	1	False	-1.970787997
0.05	5%	farmed_only	Farmed only	7	20905000	20914999	Dole7;Mystik Canada;Papek Czechia;Pronutrix+ Belgium	4	False	-2.154861226
0.05	5%	farmed_only	Farmed only	7	20910000	20919999	Kingsect Belgium	1	False	-2.172982435
0.05	5%	farmed_and_wild	Farmed + wild	7	20915000	20924999	Dole7;Mystik Canada;Papek Czechia;Pronutrix+ Belgium;Starfood Holland	5	True	-2.521180911
0.05	5%	farmed_only	Farmed only	7	20920000	20929999	Kingsect Belgium	1	False	-2.19133598
0.05	5%	farmed_only	Farmed only	7	20930000	20939999	Kingsect Belgium	1	False	-2.265812149
0.05	5%	farmed_only	Farmed only	7	20935000	20944999	Dole7	1	False	-2.128706405
0.05	5%	farmed_only	Farmed only	7	20940000	20949999	Kingsect Belgium	1	False	-2.349396833
0.05	5%	farmed_and_wild	Farmed + wild	7	20945000	20954999	Dole7;Mystik Canada;Papek Czechia;Pronutrix+ Belgium;Starfood Holland	5	True	-2.492208635
0.05	5%	farmed_only	Farmed only	7	20950000	20959999	Kingsect Belgium	1	False	-2.403026517
0.05	5%	farmed_and_wild	Farmed + wild	7	20955000	20964999	Dole7;Mystik Canada;Papek Czechia;Pronutrix+ Belgium;Starfood Holland	5	True	-2.738721162
0.05	5%	farmed_only	Farmed only	7	20960000	20969999	Kingsect Belgium	1	False	-2.410341424
0.05	5%	farmed_only	Farmed only	7	20965000	20974999	Dole7	1	False	-2.034230085
0.05	5%	farmed_only	Farmed only	7	20970000	20979999	Kingsect Belgium	1	False	-2.404821897
0.05	5%	farmed_and_wild	Farmed + wild	7	20975000	20984999	Dole7;Mystik Canada;Papek Czechia;Pronutrix+ Belgium;Starfood Holland	5	True	-2.503043093
0.05	5%	farmed_only	Farmed only	7	20980000	20989999	Kingsect Belgium	1	False	-2.426193021
0.05	5%	farmed_and_wild	Farmed + wild	7	20985000	20994999	Dole7;Mystik Canada;Pronutrix+ Belgium;Starfood Holland	4	True	-2.127915218
0.05	5%	farmed_only	Farmed only	7	20990000	20999999	Kingsect Belgium	1	False	-2.332825211
0.05	5%	farmed_and_wild	Farmed + wild	7	20995000	21004999	Dole7;Mystik Canada;Papek Czechia;Pronutrix+ Belgium;Starfood Holland	5	True	-2.543696723
0.05	5%	farmed_only	Farmed only	7	21000000	21009999	Kingsect Belgium	1	False	-2.321413732
0.05	5%	farmed_and_wild	Farmed + wild	7	21005000	21014999	Dole7;Mystik Canada;Papek Czechia;Pronutrix+ Belgium;Starfood Holland	5	True	-2.196701524
0.05	5%	farmed_only	Farmed only	7	21010000	21019999	Kingsect Belgium	1	False	-2.275864795
0.05	5%	farmed_and_wild	Farmed + wild	7	21015000	21024999	Dole7;Mystik Canada;Papek Czechia;Pronutrix+ Belgium;Starfood Holland	5	True	-2.514479703
0.05	5%	farmed_only	Farmed only	7	21020000	21029999	Kingsect Belgium	1	False	-2.278660644
0.05	5%	farmed_only	Farmed only	7	21025000	21034999	Dole7;Pronutrix+ Belgium;Starfood Holland	3	False	-2.175891935
0.05	5%	farmed_only	Farmed only	7	21030000	21039999	Kingsect Belgium	1	False	-2.249988769
0.05	5%	farmed_only	Farmed only	7	21040000	21049999	Kingsect Belgium	1	False	-2.243173016
0.05	5%	farmed_and_wild	Farmed + wild	7	21045000	21054999	Dole7;Mystik Canada;Papek Czechia;Pronutrix+ Belgium;Starfood Holland	5	True	-2.302947086
0.05	5%	farmed_only	Farmed only	7	21050000	21059999	Kingsect Belgium	1	False	-2.17188348
0.05	5%	farmed_and_wild	Farmed + wild	7	21055000	21064999	Dole7;Mystik Canada;Papek Czechia;Pronutrix+ Belgium;Starfood Holland	5	True	-2.369964518
0.05	5%	farmed_only	Farmed only	7	21060000	21069999	Kingsect Belgium	1	False	-2.174381685
0.05	5%	farmed_only	Farmed only	7	21065000	21074999	Dole7;Mystik Canada;Pronutrix+ Belgium	3	False	-1.818338886
0.05	5%	farmed_only	Farmed only	7	21070000	21079999	Kingsect Belgium	1	False	-2.036430331
0.05	5%	farmed_and_wild	Farmed + wild	7	21075000	21084999	Dole7;Mystik Canada;Papek Czechia;Pronutrix+ Belgium;Starfood Holland	5	True	-2.33650052
0.05	5%	farmed_only	Farmed only	7	21080000	21089999	Kingsect Belgium	1	False	-2.013622834
0.05	5%	farmed_and_wild	Farmed + wild	7	21085000	21094999	Dole7;Mystik Canada;Papek Czechia;Pronutrix+ Belgium;Starfood Holland	5	True	-2.283075752
0.05	5%	farmed_only	Farmed only	7	21090000	21099999	Kingsect Belgium	1	False	-2.087518952
0.05	5%	farmed_only	Farmed only	7	21100000	21109999	Kingsect Belgium	1	False	-2.058498029
0.05	5%	farmed_and_wild	Farmed + wild	7	21105000	21114999	Dole7;Mystik Canada;Papek Czechia;Pronutrix+ Belgium;Starfood Holland	5	True	-2.414223691
0.05	5%	farmed_only	Farmed only	7	21110000	21119999	Kingsect Belgium	1	False	-2.082754722
0.05	5%	farmed_only	Farmed only	7	21120000	21129999	Kingsect Belgium	1	False	-2.160393113
0.05	5%	farmed_only	Farmed only	7	21125000	21134999	Pronutrix+ Belgium	1	False	-1.504407994
0.05	5%	farmed_only	Farmed only	7	21130000	21139999	Kingsect Belgium	1	False	-2.127741714
0.05	5%	farmed_and_wild	Farmed + wild	7	21135000	21144999	Dole7;Mystik Canada;Pronutrix+ Belgium;Starfood Holland	4	True	-2.132780718
0.05	5%	farmed_only	Farmed only	7	21140000	21149999	Kingsect Belgium	1	False	-2.140174128
0.05	5%	farmed_only	Farmed only	7	21145000	21154999	Dole7	1	False	-1.906912729
0.05	5%	farmed_only	Farmed only	7	21150000	21159999	Kingsect Belgium	1	False	-2.144137342
0.05	5%	farmed_and_wild	Farmed + wild	7	21155000	21164999	Dole7;Mystik Canada;Papek Czechia;Pronutrix+ Belgium;Starfood Holland	5	True	-2.251885272
0.05	5%	farmed_only	Farmed only	7	21160000	21169999	Kingsect Belgium	1	False	-2.090837897
0.05	5%	farmed_and_wild	Farmed + wild	7	21165000	21174999	Dole7;Mystik Canada;Papek Czechia;Pronutrix+ Belgium;Starfood Holland	5	True	-2.64817398
0.05	5%	farmed_only	Farmed only	7	21170000	21179999	Kingsect Belgium	1	False	-2.219846224
0.05	5%	farmed_only	Farmed only	7	21175000	21184999	Pronutrix+ Belgium	1	False	-1.637718321
0.05	5%	farmed_only	Farmed only	7	21180000	21189999	Kingsect Belgium	1	False	-2.288344153
0.05	5%	farmed_and_wild	Farmed + wild	7	21185000	21194999	Dole7;Mystik Canada;Papek Czechia;Pronutrix+ Belgium;Starfood Holland	5	True	-2.316427964
0.05	5%	farmed_only	Farmed only	7	21190000	21199999	Kingsect Belgium	1	False	-2.32361428
0.05	5%	farmed_only	Farmed only	7	21200000	21209999	Kingsect Belgium	1	False	-2.389589066
0.05	5%	farmed_only	Farmed only	7	21205000	21214999	Dole7;Starfood Holland	2	False	-2.121044502
0.05	5%	farmed_only	Farmed only	7	21210000	21219999	Kingsect Belgium	1	False	-2.344207615
0.05	5%	farmed_only	Farmed only	7	21215000	21224999	Dole7;Mystik Canada;Papek Czechia;Pronutrix+ Belgium;Starfood Holland	5	False	-2.368611576
0.05	5%	farmed_only	Farmed only	7	21220000	21229999	Kingsect Belgium	1	False	-2.2419275
0.05	5%	farmed_and_wild	Farmed + wild	7	21225000	21234999	Dole7;Mystik Canada;Papek Czechia;Pronutrix+ Belgium;Starfood Holland	5	True	-2.754130398
0.05	5%	farmed_only	Farmed only	7	21230000	21239999	Kingsect Belgium	1	False	-2.246356798
0.05	5%	farmed_only	Farmed only	7	21235000	21244999	Dole7;Mystik Canada;Papek Czechia;Pronutrix+ Belgium;Starfood Holland	5	False	-2.490589269
0.05	5%	farmed_only	Farmed only	7	21240000	21249999	Kingsect Belgium	1	False	-2.258403323
0.05	5%	farmed_and_wild	Farmed + wild	7	21245000	21254999	Dole7;Mystik Canada;Papek Czechia;Pronutrix+ Belgium;Starfood Holland	5	True	-2.597274779
0.05	5%	farmed_only	Farmed only	7	21250000	21259999	Kingsect Belgium	1	False	-2.321981033
0.05	5%	farmed_only	Farmed only	7	21255000	21264999	Dole7;Papek Czechia;Pronutrix+ Belgium	3	False	-1.883768122
0.05	5%	farmed_only	Farmed only	7	21260000	21269999	Kingsect Belgium	1	False	-2.352895962
0.05	5%	farmed_only	Farmed only	7	21265000	21274999	Dole7;Papek Czechia;Pronutrix+ Belgium	3	False	-1.805158442
0.05	5%	farmed_only	Farmed only	7	21270000	21279999	Kingsect Belgium	1	False	-2.290128287
0.05	5%	farmed_only	Farmed only	7	21275000	21284999	Dole7;Papek Czechia;Pronutrix+ Belgium;Starfood Holland	4	False	-2.32846791
0.05	5%	farmed_only	Farmed only	7	21280000	21289999	Kingsect Belgium	1	False	-2.240810924
0.05	5%	farmed_and_wild	Farmed + wild	7	21285000	21294999	Dole7;Mystik Canada;Papek Czechia;Pronutrix+ Belgium;Starfood Holland	5	True	-2.358596567
0.05	5%	farmed_only	Farmed only	7	21290000	21299999	Kingsect Belgium	1	False	-2.21900457
0.05	5%	farmed_only	Farmed only	7	21295000	21304999	Dole7;Pronutrix+ Belgium	2	False	-1.837887374
0.05	5%	farmed_only	Farmed only	7	21300000	21309999	Kingsect Belgium	1	False	-2.150628148
0.05	5%	farmed_and_wild	Farmed + wild	7	21305000	21314999	Dole7;Mystik Canada;Papek Czechia;Pronutrix+ Belgium;Starfood Holland	5	True	-2.267641732
0.05	5%	farmed_only	Farmed only	7	21310000	21319999	Kingsect Belgium	1	False	-2.154177727
0.05	5%	farmed_only	Farmed only	7	21320000	21329999	Kingsect Belgium	1	False	-2.124055517
0.05	5%	farmed_and_wild	Farmed + wild	7	21325000	21334999	Dole7;Mystik Canada;Pronutrix+ Belgium;Starfood Holland	4	True	-2.037357997
0.05	5%	farmed_only	Farmed only	7	21330000	21339999	Kingsect Belgium	1	False	-2.103284087
0.05	5%	farmed_only	Farmed only	7	21335000	21344999	Dole7;Mystik Canada;Papek Czechia;Pronutrix+ Belgium;Starfood Holland	5	False	-2.296460335
0.05	5%	farmed_only	Farmed only	7	21340000	21349999	Kingsect Belgium	1	False	-2.046860938
0.05	5%	farmed_and_wild	Farmed + wild	7	21345000	21354999	Dole7;Papek Czechia;Starfood Holland	3	True	-2.061323732
0.05	5%	farmed_only	Farmed only	7	21350000	21359999	Kingsect Belgium	1	False	-2.013468776
0.05	5%	farmed_only	Farmed only	7	21355000	21364999	Dole7;Starfood Holland	2	False	-2.154551859
0.05	5%	farmed_only	Farmed only	7	21360000	21369999	Kingsect Belgium	1	False	-1.965959599
0.05	5%	farmed_only	Farmed only	7	21370000	21379999	Kingsect Belgium	1	False	-2.028739636
0.05	5%	farmed_only	Farmed only	7	21375000	21384999	Papek Czechia;Starfood Holland	2	False	-2.044462554
0.05	5%	farmed_only	Farmed only	7	21380000	21389999	Kingsect Belgium	1	False	-1.935692209
0.05	5%	farmed_only	Farmed only	7	21385000	21394999	Dole7;Mystik Canada;Papek Czechia;Pronutrix+ Belgium;Starfood Holland	5	False	-2.166877619
0.05	5%	farmed_only	Farmed only	7	21390000	21399999	Kingsect Belgium	1	False	-1.867666275
0.05	5%	farmed_only	Farmed only	7	21395000	21404999	Dole7	1	False	-1.827283251
0.05	5%	farmed_only	Farmed only	7	21400000	21409999	Kingsect Belgium	1	False	-1.854702858
0.05	5%	farmed_only	Farmed only	7	21405000	21414999	Dole7;Pronutrix+ Belgium;Starfood Holland	3	False	-2.111946384
0.05	5%	farmed_only	Farmed only	7	21410000	21419999	Kingsect Belgium	1	False	-1.819679609
0.05	5%	farmed_and_wild	Farmed + wild	7	21415000	21424999	Dole7;Mystik Canada;Papek Czechia;Pronutrix+ Belgium;Starfood Holland	5	True	-2.384215604
0.05	5%	farmed_only	Farmed only	7	21420000	21429999	Kingsect Belgium	1	False	-1.854142947
0.05	5%	farmed_only	Farmed only	7	21430000	21439999	Kingsect Belgium	1	False	-1.834008843
0.05	5%	farmed_only	Farmed only	7	21435000	21444999	Dole7;Pronutrix+ Belgium;Starfood Holland	3	False	-2.080586225
0.05	5%	farmed_only	Farmed only	7	21440000	21449999	Kingsect Belgium	1	False	-1.824963108
0.05	5%	farmed_only	Farmed only	7	21450000	21459999	Kingsect Belgium	1	False	-1.824651639
0.05	5%	farmed_only	Farmed only	7	21460000	21469999	Kingsect Belgium	1	False	-1.795856499
0.05	5%	farmed_only	Farmed only	7	21470000	21479999	Kingsect Belgium	1	False	-1.734658737
0.05	5%	farmed_only	Farmed only	7	21480000	21489999	Kingsect Belgium	1	False	-1.764489752
0.05	5%	farmed_only	Farmed only	7	21490000	21499999	Kingsect Belgium	1	False	-1.755024173
0.05	5%	farmed_only	Farmed only	7	21500000	21509999	Kingsect Belgium	1	False	-1.7095151
0.05	5%	farmed_only	Farmed only	7	21505000	21514999	Pronutrix+ Belgium	1	False	-1.476802598
0.05	5%	farmed_only	Farmed only	7	21510000	21519999	Kingsect Belgium	1	False	-1.772408154
0.05	5%	farmed_only	Farmed only	7	21520000	21529999	Kingsect Belgium	1	False	-1.767404215
0.05	5%	farmed_only	Farmed only	7	21530000	21539999	Kingsect Belgium	1	False	-1.782119145
0.05	5%	farmed_only	Farmed only	7	21540000	21549999	Kingsect Belgium	1	False	-1.73051763
0.05	5%	farmed_only	Farmed only	7	21550000	21559999	Kingsect Belgium	1	False	-1.725044959
0.05	5%	farmed_and_wild	Farmed + wild	7	21555000	21564999	Dole7;Papek Czechia;Pronutrix+ Belgium;Starfood Holland	4	True	-2.150546769
0.05	5%	farmed_only	Farmed only	7	21560000	21569999	Kingsect Belgium	1	False	-1.733607165
0.05	5%	farmed_only	Farmed only	7	21570000	21579999	Kingsect Belgium	1	False	-1.714515951
0.05	5%	wild_only	Wild only	7	21595000	21604999		0	True	-1.596257627
0.05	5%	farmed_only	Farmed only	7	21600000	21609999	Kingsect Belgium	1	False	-1.753220109
0.05	5%	farmed_and_wild	Farmed + wild	7	21605000	21614999	Dole7;Papek Czechia;Pronutrix+ Belgium	3	True	-1.890636027
0.05	5%	farmed_only	Farmed only	7	21610000	21619999	Kingsect Belgium	1	False	-1.765019638
0.05	5%	farmed_only	Farmed only	7	21620000	21629999	Kingsect Belgium	1	False	-1.727578065
0.05	5%	farmed_only	Farmed only	7	21630000	21639999	Kingsect Belgium	1	False	-1.685009301
0.05	5%	farmed_only	Farmed only	7	21645000	21654999	Dole7;Pronutrix+ Belgium	2	False	-1.979928245
0.05	5%	farmed_and_wild	Farmed + wild	7	21655000	21664999	Dole7;Mystik Canada;Papek Czechia;Pronutrix+ Belgium;Starfood Holland	5	True	-2.563422019
0.05	5%	farmed_only	Farmed only	7	21835000	21844999	Dole7	1	False	-2.071675436
0.05	5%	farmed_and_wild	Farmed + wild	7	21845000	21854999	Dole7;Mystik Canada;Papek Czechia;Pronutrix+ Belgium;Starfood Holland	5	True	-2.840245991
0.05	5%	farmed_and_wild	Farmed + wild	7	21855000	21864999	Dole7;Mystik Canada;Papek Czechia;Pronutrix+ Belgium;Starfood Holland	5	True	-3.148130428
0.05	5%	farmed_only	Farmed only	8	455000	464999	Papek Czechia;Pronutrix+ Belgium;Starfood Holland	3	False	-2.456187826
0.05	5%	farmed_only	Farmed only	8	465000	474999	Papek Czechia;Pronutrix+ Belgium;Starfood Holland	3	False	-2.463709556
0.05	5%	farmed_only	Farmed only	8	485000	494999	Papek Czechia	1	False	-2.581161091
0.05	5%	farmed_and_wild	Farmed + wild	8	565000	574999	Papek Czechia	1	True	-2.48435606
0.05	5%	farmed_only	Farmed only	8	775000	784999	Mystik Canada;Papek Czechia;Pronutrix+ Belgium;Starfood Holland	4	False	-2.929177924
0.05	5%	farmed_and_wild	Farmed + wild	8	955000	964999	Mystik Canada;Papek Czechia;Pronutrix+ Belgium;Starfood Holland	4	True	-3.02339573
0.05	5%	farmed_and_wild	Farmed + wild	8	1153615	1163614	Dole7;Mystik Canada;Papek Czechia;Pronutrix+ Belgium;Starfood Holland	5	True	-2.546257077
0.05	5%	farmed_and_wild	Farmed + wild	8	1513615	1523614	Dole7;Mystik Canada;Papek Czechia;Pronutrix+ Belgium;Starfood Holland	5	True	-2.662222119
0.05	5%	farmed_and_wild	Farmed + wild	8	1773615	1783614	Dole7;Pronutrix+ Belgium	2	True	-2.02358973
0.05	5%	farmed_and_wild	Farmed + wild	8	5063615	5073614	Dole7	1	True	-1.845311193
0.05	5%	farmed_and_wild	Farmed + wild	8	5163615	5173614	Dole7;Mystik Canada;Papek Czechia;Pronutrix+ Belgium;Starfood Holland	5	True	-2.175956113
0.05	5%	farmed_and_wild	Farmed + wild	8	5173615	5183614	Dole7;Mystik Canada;Papek Czechia;Pronutrix+ Belgium;Starfood Holland	5	True	-2.539286761
0.05	5%	farmed_only	Farmed only	8	5178615	5188614	Kingsect Belgium	1	False	-1.774965228
0.05	5%	farmed_only	Farmed only	8	5188615	5198614	Kingsect Belgium	1	False	-1.921169039
0.05	5%	farmed_only	Farmed only	8	5198615	5208614	Kingsect Belgium	1	False	-1.948226943
0.05	5%	wild_only	Wild only	8	5203615	5213614		0	True	-1.627813428
0.05	5%	farmed_only	Farmed only	8	5208615	5218614	Kingsect Belgium	1	False	-1.93841105
0.05	5%	farmed_only	Farmed only	8	5218615	5228614	Kingsect Belgium	1	False	-1.901316274
0.05	5%	farmed_and_wild	Farmed + wild	8	5223615	5233614	Dole7;Papek Czechia;Pronutrix+ Belgium;Starfood Holland	4	True	-2.224709131
0.05	5%	farmed_only	Farmed only	8	5228615	5238614	Kingsect Belgium	1	False	-1.871696865
0.05	5%	farmed_only	Farmed only	8	5233615	5243614	Dole7	1	False	-1.877661358
0.05	5%	farmed_only	Farmed only	8	5238615	5248614	Kingsect Belgium	1	False	-1.928338296
0.05	5%	farmed_and_wild	Farmed + wild	8	5243615	5253614	Dole7;Mystik Canada;Pronutrix+ Belgium;Starfood Holland	4	True	-2.151400378
0.05	5%	farmed_only	Farmed only	8	5248615	5258614	Kingsect Belgium	1	False	-1.86778165
0.05	5%	farmed_only	Farmed only	8	5258615	5268614	Kingsect Belgium	1	False	-1.747948518
0.05	5%	farmed_only	Farmed only	8	5268615	5278614	Kingsect Belgium	1	False	-1.731714937
0.05	5%	farmed_only	Farmed only	8	5273615	5283614	Dole7	1	False	-1.856372469
0.05	5%	farmed_only	Farmed only	8	5373615	5383614	Dole7;Mystik Canada;Papek Czechia;Pronutrix+ Belgium;Starfood Holland	5	False	-2.128165614
0.05	5%	farmed_and_wild	Farmed + wild	8	5933615	5943614	Dole7;Pronutrix+ Belgium	2	True	-1.835809045
0.05	5%	farmed_only	Farmed only	8	6523615	6533614	Dole7	1	False	-1.916283149
0.05	5%	wild_only	Wild only	8	6643615	6653614		0	True	-1.615072839
0.05	5%	farmed_only	Farmed only	8	7783615	7793614	Pronutrix+ Belgium	1	False	-1.603877933
0.05	5%	farmed_and_wild	Farmed + wild	8	8733615	8743614	Dole7	1	True	-1.828571988
0.05	5%	wild_only	Wild only	8	8743615	8753614		0	True	-1.799064738
0.05	5%	wild_only	Wild only	8	8803615	8813614		0	True	-1.578179199
0.05	5%	wild_only	Wild only	8	8823615	8833614		0	True	-1.861148653
0.05	5%	wild_only	Wild only	8	8833615	8843614		0	True	-2.103655901
0.05	5%	wild_only	Wild only	8	8843615	8853614		0	True	-1.958373878
0.05	5%	wild_only	Wild only	8	8853615	8863614		0	True	-1.953115109
0.05	5%	wild_only	Wild only	8	8863615	8873614		0	True	-2.331718106
0.05	5%	wild_only	Wild only	8	8873615	8883614		0	True	-1.880414364
0.05	5%	farmed_only	Farmed only	8	9103615	9113614	Dole7;Mystik Canada;Pronutrix+ Belgium	3	False	-2.120139913
0.05	5%	farmed_and_wild	Farmed + wild	8	9113615	9123614	Dole7;Mystik Canada;Papek Czechia;Pronutrix+ Belgium;Starfood Holland	5	True	-2.272329528
0.05	5%	farmed_only	Farmed only	8	9118615	9128614	Kingsect Belgium	1	False	-1.770458998
0.05	5%	farmed_and_wild	Farmed + wild	8	9123615	9133614	Dole7;Pronutrix+ Belgium	2	True	-2.017261398
0.05	5%	farmed_only	Farmed only	8	9128615	9138614	Kingsect Belgium	1	False	-1.936214204
0.05	5%	farmed_and_wild	Farmed + wild	8	9133615	9143614	Dole7;Mystik Canada;Papek Czechia;Pronutrix+ Belgium;Starfood Holland	5	True	-2.317748851
0.05	5%	farmed_only	Farmed only	8	9138615	9148614	Kingsect Belgium	1	False	-2.110511596
0.05	5%	farmed_and_wild	Farmed + wild	8	9143615	9153614	Dole7;Mystik Canada;Papek Czechia;Pronutrix+ Belgium;Starfood Holland	5	True	-2.336089965
0.05	5%	farmed_only	Farmed only	8	9148615	9158614	Kingsect Belgium	1	False	-2.124541478
0.05	5%	farmed_and_wild	Farmed + wild	8	9153615	9163614	Dole7;Mystik Canada;Papek Czechia;Pronutrix+ Belgium;Starfood Holland	5	True	-2.269829652
0.05	5%	farmed_only	Farmed only	8	9158615	9168614	Kingsect Belgium	1	False	-2.003466674
0.05	5%	farmed_and_wild	Farmed + wild	8	9163615	9173614	Dole7;Mystik Canada;Papek Czechia;Pronutrix+ Belgium;Starfood Holland	5	True	-2.318755292
0.05	5%	farmed_only	Farmed only	8	9168615	9178614	Kingsect Belgium	1	False	-1.75334255
0.05	5%	farmed_and_wild	Farmed + wild	8	9173615	9183614	Dole7;Mystik Canada;Papek Czechia;Pronutrix+ Belgium;Starfood Holland	5	True	-2.424442209
0.05	5%	farmed_only	Farmed only	8	9178615	9188614	Kingsect Belgium	1	False	-1.686775894
0.05	5%	wild_only	Wild only	8	9233615	9243614		0	True	-2.082760389
0.05	5%	wild_only	Wild only	8	9263615	9273614		0	True	-1.780617147
0.05	5%	wild_only	Wild only	8	9273615	9283614		0	True	-1.799641503
0.05	5%	wild_only	Wild only	8	9283615	9293614		0	True	-1.745174833
0.05	5%	farmed_and_wild	Farmed + wild	8	9323615	9333614	Mystik Canada	1	True	-1.714920217
0.05	5%	farmed_and_wild	Farmed + wild	8	9333615	9343614	Dole7;Mystik Canada;Papek Czechia;Pronutrix+ Belgium;Starfood Holland	5	True	-2.100387986
0.05	5%	farmed_and_wild	Farmed + wild	8	9343615	9353614	Dole7;Mystik Canada;Starfood Holland	3	True	-2.075636078
0.05	5%	farmed_only	Farmed only	8	9348615	9358614	Kingsect Belgium	1	False	-1.748819405
0.05	5%	farmed_only	Farmed only	8	9358615	9368614	Kingsect Belgium	1	False	-1.803454285
0.05	5%	farmed_only	Farmed only	8	9368615	9378614	Kingsect Belgium	1	False	-1.914529486
0.05	5%	farmed_and_wild	Farmed + wild	8	9373615	9383614	Dole7;Papek Czechia;Pronutrix+ Belgium;Starfood Holland	4	True	-2.219006448
0.05	5%	farmed_only	Farmed only	8	9378615	9388614	Kingsect Belgium	1	False	-1.950949802
0.05	5%	farmed_and_wild	Farmed + wild	8	9383615	9393614	Dole7;Pronutrix+ Belgium	2	True	-2.033397251
0.05	5%	farmed_only	Farmed only	8	9388615	9398614	Kingsect Belgium	1	False	-1.971181537
0.05	5%	farmed_and_wild	Farmed + wild	8	9393615	9403614	Dole7;Mystik Canada;Papek Czechia;Pronutrix+ Belgium;Starfood Holland	5	True	-2.183202093
0.05	5%	farmed_only	Farmed only	8	9398615	9408614	Kingsect Belgium	1	False	-1.942583217
0.05	5%	farmed_and_wild	Farmed + wild	8	9403615	9413614	Dole7;Mystik Canada;Papek Czechia;Pronutrix+ Belgium;Starfood Holland	5	True	-2.187134955
0.05	5%	farmed_only	Farmed only	8	9408615	9418614	Kingsect Belgium	1	False	-2.040616256
0.05	5%	farmed_and_wild	Farmed + wild	8	9413615	9423614	Dole7;Mystik Canada;Papek Czechia;Pronutrix+ Belgium;Starfood Holland	5	True	-2.28451957
0.05	5%	farmed_only	Farmed only	8	9418615	9428614	Kingsect Belgium	1	False	-2.15805001
0.05	5%	farmed_only	Farmed only	8	9423615	9433614	Papek Czechia;Pronutrix+ Belgium	2	False	-1.721943537
0.05	5%	farmed_only	Farmed only	8	9428615	9438614	Kingsect Belgium	1	False	-2.153940398
0.05	5%	farmed_and_wild	Farmed + wild	8	9433615	9443614	Dole7;Papek Czechia;Pronutrix+ Belgium	3	True	-1.922186035
0.05	5%	farmed_only	Farmed only	8	9438615	9448614	Kingsect Belgium	1	False	-2.166179895
0.05	5%	farmed_and_wild	Farmed + wild	8	9443615	9453614	Dole7;Mystik Canada;Papek Czechia;Pronutrix+ Belgium	4	True	-1.920497931
0.05	5%	farmed_only	Farmed only	8	9448615	9458614	Kingsect Belgium	1	False	-2.195374526
0.05	5%	farmed_and_wild	Farmed + wild	8	9453615	9463614	Dole7;Mystik Canada;Papek Czechia;Pronutrix+ Belgium;Starfood Holland	5	True	-2.442633319
0.05	5%	farmed_only	Farmed only	8	9458615	9468614	Kingsect Belgium	1	False	-2.204161714
0.05	5%	farmed_and_wild	Farmed + wild	8	9463615	9473614	Dole7;Mystik Canada;Papek Czechia;Pronutrix+ Belgium;Starfood Holland	5	True	-2.587080979
0.05	5%	farmed_only	Farmed only	8	9468615	9478614	Kingsect Belgium	1	False	-2.205099382
0.05	5%	farmed_and_wild	Farmed + wild	8	9473615	9483614	Dole7;Mystik Canada;Papek Czechia;Pronutrix+ Belgium;Starfood Holland	5	True	-2.188013326
0.05	5%	farmed_only	Farmed only	8	9478615	9488614	Kingsect Belgium	1	False	-2.21570625
0.05	5%	farmed_and_wild	Farmed + wild	8	9483615	9493614	Dole7;Mystik Canada;Papek Czechia;Pronutrix+ Belgium;Starfood Holland	5	True	-2.396393486
0.05	5%	farmed_only	Farmed only	8	9488615	9498614	Kingsect Belgium	1	False	-2.186032288
0.05	5%	farmed_and_wild	Farmed + wild	8	9493615	9503614	Dole7;Mystik Canada;Papek Czechia;Pronutrix+ Belgium;Starfood Holland	5	True	-2.747692866
0.05	5%	farmed_only	Farmed only	8	9498615	9508614	Kingsect Belgium	1	False	-2.082369506
0.05	5%	farmed_and_wild	Farmed + wild	8	9503615	9513614	Dole7;Mystik Canada;Papek Czechia;Pronutrix+ Belgium;Starfood Holland	5	True	-2.215703657
0.05	5%	farmed_only	Farmed only	8	9508615	9518614	Kingsect Belgium	1	False	-1.838940907
0.05	5%	farmed_only	Farmed only	8	9513615	9523614	Mystik Canada;Pronutrix+ Belgium	2	False	-2.207447357
0.05	5%	farmed_only	Farmed only	8	9523615	9533614	Pronutrix+ Belgium	1	False	-1.615083107
0.05	5%	farmed_and_wild	Farmed + wild	8	9533615	9543614	Dole7;Mystik Canada;Papek Czechia;Pronutrix+ Belgium	4	True	-2.063903698
0.05	5%	wild_only	Wild only	8	9563615	9573614		0	True	-1.673814421
0.05	5%	wild_only	Wild only	8	9573615	9583614		0	True	-1.704200082
0.05	5%	farmed_and_wild	Farmed + wild	8	9583615	9593614	Dole7	1	True	-2.043925293
0.05	5%	wild_only	Wild only	8	9593615	9603614		0	True	-1.760147523
0.05	5%	wild_only	Wild only	8	9603615	9613614		0	True	-1.687372502
0.05	5%	farmed_and_wild	Farmed + wild	8	9663615	9673614	Dole7;Papek Czechia;Pronutrix+ Belgium;Starfood Holland	4	True	-2.168273541
0.05	5%	wild_only	Wild only	8	9833615	9843614		0	True	-1.853596416
0.05	5%	wild_only	Wild only	8	9843615	9853614		0	True	-1.845287756
0.05	5%	farmed_only	Farmed only	8	9863615	9873614	Dole7;Papek Czechia	2	False	-1.840369994
0.05	5%	farmed_only	Farmed only	8	9873615	9883614	Dole7;Mystik Canada;Papek Czechia;Pronutrix+ Belgium	4	False	-2.082318603
0.05	5%	farmed_and_wild	Farmed + wild	8	9913615	9923614	Dole7;Mystik Canada;Papek Czechia;Pronutrix+ Belgium;Starfood Holland	5	True	-2.09976367
0.05	5%	farmed_only	Farmed only	8	9963615	9973614	Dole7;Papek Czechia	2	False	-2.024468317
0.05	5%	farmed_only	Farmed only	8	10083615	10093614	Dole7;Mystik Canada;Papek Czechia;Pronutrix+ Belgium	4	False	-1.893932617
0.05	5%	farmed_and_wild	Farmed + wild	8	10103615	10113614	Dole7;Mystik Canada;Papek Czechia;Pronutrix+ Belgium;Starfood Holland	5	True	-2.142121076
0.05	5%	farmed_only	Farmed only	8	10138615	10148614	Kingsect Belgium	1	False	-1.677040179
0.05	5%	farmed_only	Farmed only	8	10148615	10158614	Kingsect Belgium	1	False	-1.782474475
0.05	5%	farmed_only	Farmed only	8	10168615	10178614	Kingsect Belgium	1	False	-1.683300506
0.05	5%	farmed_only	Farmed only	8	10178615	10188614	Kingsect Belgium	1	False	-1.753638805
0.05	5%	farmed_only	Farmed only	8	10188615	10198614	Kingsect Belgium	1	False	-1.798129533
0.05	5%	farmed_only	Farmed only	8	10198615	10208614	Kingsect Belgium	1	False	-1.844848456
0.05	5%	farmed_only	Farmed only	8	10208615	10218614	Kingsect Belgium	1	False	-1.818792507
0.05	5%	farmed_and_wild	Farmed + wild	8	10213615	10223614	Dole7;Papek Czechia;Pronutrix+ Belgium;Starfood Holland	4	True	-2.272064452
0.05	5%	farmed_only	Farmed only	8	10218615	10228614	Kingsect Belgium	1	False	-1.805512093
0.05	5%	farmed_only	Farmed only	8	10223615	10233614	Dole7;Mystik Canada;Papek Czechia;Pronutrix+ Belgium	4	False	-1.960381731
0.05	5%	farmed_only	Farmed only	8	10228615	10238614	Kingsect Belgium	1	False	-1.760639581
0.05	5%	farmed_only	Farmed only	8	10233615	10243614	Dole7;Mystik Canada;Papek Czechia;Pronutrix+ Belgium	4	False	-1.997142054
0.05	5%	farmed_only	Farmed only	8	10238615	10248614	Kingsect Belgium	1	False	-1.76937712
0.05	5%	farmed_only	Farmed only	8	10248615	10258614	Kingsect Belgium	1	False	-1.735533292
0.05	5%	farmed_only	Farmed only	8	10258615	10268614	Kingsect Belgium	1	False	-1.803900648
0.05	5%	farmed_only	Farmed only	8	10283615	10293614	Mystik Canada	1	False	-1.181692273
0.05	5%	farmed_only	Farmed only	8	10318615	10328614	Kingsect Belgium	1	False	-1.693010971
0.05	5%	farmed_only	Farmed only	8	10328615	10338614	Kingsect Belgium	1	False	-1.722824968
0.05	5%	farmed_only	Farmed only	8	10333615	10343614	Dole7	1	False	-1.99654718
0.05	5%	farmed_only	Farmed only	8	10338615	10348614	Kingsect Belgium	1	False	-1.698905213
0.05	5%	farmed_only	Farmed only	8	10343615	10353614	Dole7;Papek Czechia;Pronutrix+ Belgium;Starfood Holland	4	False	-2.281778206
0.05	5%	farmed_only	Farmed only	8	10348615	10358614	Kingsect Belgium	1	False	-1.796603236
0.05	5%	farmed_only	Farmed only	8	10358615	10368614	Kingsect Belgium	1	False	-1.772943958
0.05	5%	farmed_only	Farmed only	8	10368615	10378614	Kingsect Belgium	1	False	-1.897793775
0.05	5%	farmed_only	Farmed only	8	10373615	10383614	Pronutrix+ Belgium	1	False	-1.478195829
0.05	5%	farmed_only	Farmed only	8	10378615	10388614	Kingsect Belgium	1	False	-1.945729673
0.05	5%	farmed_only	Farmed only	8	10388615	10398614	Kingsect Belgium	1	False	-1.992320293
0.05	5%	farmed_only	Farmed only	8	10393615	10403614	Dole7;Mystik Canada;Pronutrix+ Belgium	3	False	-1.865571631
0.05	5%	farmed_only	Farmed only	8	10398615	10408614	Kingsect Belgium	1	False	-1.991417146
0.05	5%	farmed_only	Farmed only	8	10408615	10418614	Kingsect Belgium	1	False	-2.083433601
0.05	5%	farmed_only	Farmed only	8	10418615	10428614	Kingsect Belgium	1	False	-2.125363201
0.05	5%	farmed_only	Farmed only	8	10423615	10433614	Dole7;Mystik Canada;Papek Czechia;Pronutrix+ Belgium	4	False	-1.957206649
0.05	5%	farmed_only	Farmed only	8	10428615	10438614	Kingsect Belgium	1	False	-2.190472233
0.05	5%	farmed_and_wild	Farmed + wild	8	10433615	10443614	Dole7;Mystik Canada;Papek Czechia;Pronutrix+ Belgium;Starfood Holland	5	True	-2.314491229
0.05	5%	farmed_only	Farmed only	8	10438615	10448614	Kingsect Belgium	1	False	-2.262100205
0.05	5%	farmed_only	Farmed only	8	10443615	10453614	Dole7;Papek Czechia;Starfood Holland	3	False	-2.171807796
0.05	5%	farmed_only	Farmed only	8	10448615	10458614	Kingsect Belgium	1	False	-2.288319854
0.05	5%	farmed_only	Farmed only	8	10453615	10463614	Dole7;Pronutrix+ Belgium;Starfood Holland	3	False	-2.089685257
0.05	5%	farmed_only	Farmed only	8	10458615	10468614	Kingsect Belgium	1	False	-2.227856948
0.05	5%	farmed_and_wild	Farmed + wild	8	10463615	10473614	Dole7;Mystik Canada;Papek Czechia;Pronutrix+ Belgium;Starfood Holland	5	True	-2.541434515
0.05	5%	farmed_only	Farmed only	8	10468615	10478614	Kingsect Belgium	1	False	-2.229923365
0.05	5%	farmed_and_wild	Farmed + wild	8	10473615	10483614	Dole7;Mystik Canada;Papek Czechia;Pronutrix+ Belgium;Starfood Holland	5	True	-2.452276012
0.05	5%	farmed_only	Farmed only	8	10478615	10488614	Kingsect Belgium	1	False	-2.201515746
0.05	5%	farmed_and_wild	Farmed + wild	8	10483615	10493614	Dole7;Mystik Canada;Papek Czechia;Pronutrix+ Belgium;Starfood Holland	5	True	-2.521044713
0.05	5%	farmed_only	Farmed only	8	10488615	10498614	Kingsect Belgium	1	False	-2.164774554
0.05	5%	farmed_and_wild	Farmed + wild	8	10493615	10503614	Dole7;Mystik Canada;Papek Czechia;Pronutrix+ Belgium;Starfood Holland	5	True	-2.420711911
0.05	5%	farmed_only	Farmed only	8	10498615	10508614	Kingsect Belgium	1	False	-1.988702991
0.05	5%	farmed_only	Farmed only	8	10508615	10518614	Kingsect Belgium	1	False	-1.961079453
0.05	5%	farmed_only	Farmed only	8	10518615	10528614	Kingsect Belgium	1	False	-1.807927915
0.05	5%	farmed_only	Farmed only	8	10528615	10538614	Kingsect Belgium	1	False	-1.692560552
0.05	5%	farmed_only	Farmed only	8	10553615	10563614	Pronutrix+ Belgium;Starfood Holland	2	False	-2.05640117
0.05	5%	farmed_only	Farmed only	8	10558615	10568614	Kingsect Belgium	1	False	-1.717282151
0.05	5%	farmed_only	Farmed only	8	10568615	10578614	Kingsect Belgium	1	False	-1.753006706
0.05	5%	farmed_only	Farmed only	8	10578615	10588614	Kingsect Belgium	1	False	-1.789283454
0.05	5%	farmed_only	Farmed only	8	10588615	10598614	Kingsect Belgium	1	False	-1.779206334
0.05	5%	farmed_only	Farmed only	8	10598615	10608614	Kingsect Belgium	1	False	-1.978630753
0.05	5%	farmed_only	Farmed only	8	10608615	10618614	Kingsect Belgium	1	False	-1.973758975
0.05	5%	farmed_only	Farmed only	8	10618615	10628614	Kingsect Belgium	1	False	-1.997310986
0.05	5%	farmed_only	Farmed only	8	10623615	10633614	Dole7;Papek Czechia	2	False	-1.932978754
0.05	5%	farmed_only	Farmed only	8	10628615	10638614	Kingsect Belgium	1	False	-1.993388177
0.05	5%	farmed_only	Farmed only	8	10638615	10648614	Kingsect Belgium	1	False	-1.938355098
0.05	5%	farmed_and_wild	Farmed + wild	8	10643615	10653614	Dole7;Mystik Canada;Pronutrix+ Belgium;Starfood Holland	4	True	-2.125627121
0.05	5%	farmed_only	Farmed only	8	10648615	10658614	Kingsect Belgium	1	False	-1.894659379
0.05	5%	farmed_only	Farmed only	8	10653615	10663614	Dole7	1	False	-1.857231091
0.05	5%	farmed_only	Farmed only	8	10658615	10668614	Kingsect Belgium	1	False	-1.909387959
0.05	5%	farmed_only	Farmed only	8	10668615	10678614	Kingsect Belgium	1	False	-1.850072804
0.05	5%	farmed_only	Farmed only	8	10678615	10688614	Kingsect Belgium	1	False	-1.782568232
0.05	5%	farmed_only	Farmed only	8	10688615	10698614	Kingsect Belgium	1	False	-1.790205224
0.05	5%	farmed_only	Farmed only	8	10698615	10708614	Kingsect Belgium	1	False	-1.700236286
0.05	5%	farmed_and_wild	Farmed + wild	8	10703615	10713614	Dole7;Mystik Canada;Papek Czechia;Pronutrix+ Belgium;Starfood Holland	5	True	-2.202524423
0.05	5%	farmed_only	Farmed only	8	10718615	10728614	Kingsect Belgium	1	False	-1.675745514
0.05	5%	farmed_only	Farmed only	8	10728615	10738614	Kingsect Belgium	1	False	-1.691441475
0.05	5%	farmed_and_wild	Farmed + wild	8	10733615	10743614	Mystik Canada;Papek Czechia;Pronutrix+ Belgium	3	True	-1.791965635
0.05	5%	farmed_only	Farmed only	8	10763615	10773614	Dole7;Mystik Canada	2	False	-1.853380488
0.05	5%	farmed_only	Farmed only	8	10773615	10783614	Dole7;Mystik Canada;Papek Czechia;Pronutrix+ Belgium;Starfood Holland	5	False	-2.4263178
0.05	5%	farmed_only	Farmed only	8	10783615	10793614	Dole7	1	False	-1.877079657
0.05	5%	farmed_only	Farmed only	8	10813615	10823614	Dole7;Mystik Canada;Papek Czechia;Pronutrix+ Belgium;Starfood Holland	5	False	-2.360130645
0.05	5%	farmed_only	Farmed only	8	10823615	10833614	Dole7;Mystik Canada;Papek Czechia;Pronutrix+ Belgium;Starfood Holland	5	False	-2.307546856
0.05	5%	farmed_only	Farmed only	8	10833615	10843614	Dole7;Mystik Canada	2	False	-2.12861986
0.05	5%	farmed_only	Farmed only	8	10843615	10853614	Dole7;Mystik Canada;Papek Czechia;Pronutrix+ Belgium;Starfood Holland	5	False	-2.312449606
0.05	5%	farmed_only	Farmed only	8	10858615	10868614	Kingsect Belgium	1	False	-1.84558087
0.05	5%	farmed_only	Farmed only	8	10868615	10878614	Kingsect Belgium	1	False	-1.821321554
0.05	5%	farmed_only	Farmed only	8	10878615	10888614	Kingsect Belgium	1	False	-1.694230841
0.05	5%	farmed_only	Farmed only	8	10883615	10893614	Mystik Canada	1	False	-1.206700263
0.05	5%	farmed_only	Farmed only	8	10888615	10898614	Kingsect Belgium	1	False	-1.695249152
0.05	5%	farmed_only	Farmed only	8	10893615	10903614	Dole7;Papek Czechia;Pronutrix+ Belgium;Starfood Holland	4	False	-2.273580989
0.05	5%	farmed_only	Farmed only	8	10908615	10918614	Kingsect Belgium	1	False	-1.746158388
0.05	5%	farmed_only	Farmed only	8	10913615	10923614	Dole7;Mystik Canada;Papek Czechia	3	False	-1.82277188
0.05	5%	farmed_only	Farmed only	8	10918615	10928614	Kingsect Belgium	1	False	-1.86919338
0.05	5%	farmed_only	Farmed only	8	10928615	10938614	Kingsect Belgium	1	False	-1.852519312
0.05	5%	farmed_and_wild	Farmed + wild	8	10933615	10943614	Dole7;Papek Czechia;Pronutrix+ Belgium	3	True	-1.965199115
0.05	5%	farmed_only	Farmed only	8	10938615	10948614	Kingsect Belgium	1	False	-1.844486199
0.05	5%	farmed_and_wild	Farmed + wild	8	10943615	10953614	Dole7;Mystik Canada;Papek Czechia;Starfood Holland	4	True	-2.183485823
0.05	5%	farmed_and_wild	Farmed + wild	8	10953615	10963614	Dole7;Mystik Canada;Papek Czechia;Pronutrix+ Belgium;Starfood Holland	5	True	-2.294562442
0.05	5%	farmed_only	Farmed only	8	10958615	10968614	Kingsect Belgium	1	False	-1.72582843
0.05	5%	farmed_and_wild	Farmed + wild	8	10963615	10973614	Dole7;Mystik Canada;Papek Czechia;Pronutrix+ Belgium;Starfood Holland	5	True	-2.366512091
0.05	5%	farmed_only	Farmed only	8	10968615	10978614	Kingsect Belgium	1	False	-1.77473881
0.05	5%	farmed_only	Farmed only	8	10973615	10983614	Mystik Canada	1	False	-1.414300586
0.05	5%	farmed_only	Farmed only	8	10978615	10988614	Kingsect Belgium	1	False	-1.903300512
0.05	5%	farmed_only	Farmed only	8	10983615	10993614	Dole7	1	False	-1.822894551
0.05	5%	farmed_only	Farmed only	8	10988615	10998614	Kingsect Belgium	1	False	-1.9274714
0.05	5%	farmed_only	Farmed only	8	10998615	11008614	Kingsect Belgium	1	False	-1.941833706
0.05	5%	farmed_and_wild	Farmed + wild	8	11003615	11013614	Dole7;Mystik Canada;Papek Czechia;Pronutrix+ Belgium;Starfood Holland	5	True	-2.510255709
0.05	5%	farmed_only	Farmed only	8	11008615	11018614	Kingsect Belgium	1	False	-2.004459385
0.05	5%	farmed_and_wild	Farmed + wild	8	11013615	11023614	Dole7;Mystik Canada;Papek Czechia;Pronutrix+ Belgium;Starfood Holland	5	True	-2.238651186
0.05	5%	farmed_only	Farmed only	8	11018615	11028614	Kingsect Belgium	1	False	-2.0179613
0.05	5%	farmed_and_wild	Farmed + wild	8	11023615	11033614	Dole7;Mystik Canada;Papek Czechia;Pronutrix+ Belgium;Starfood Holland	5	True	-2.255093878
0.05	5%	farmed_and_wild	Farmed + wild	8	11033615	11043614	Dole7;Mystik Canada;Papek Czechia	3	True	-1.808121534
0.05	5%	farmed_and_wild	Farmed + wild	8	11043615	11053614	Dole7;Mystik Canada;Papek Czechia;Pronutrix+ Belgium;Starfood Holland	5	True	-2.234186257
0.05	5%	farmed_and_wild	Farmed + wild	8	11053615	11063614	Dole7;Mystik Canada;Papek Czechia;Pronutrix+ Belgium;Starfood Holland	5	True	-2.881270237
0.05	5%	farmed_and_wild	Farmed + wild	8	11063615	11073614	Dole7;Mystik Canada;Papek Czechia;Pronutrix+ Belgium;Starfood Holland	5	True	-2.889537447
0.05	5%	farmed_and_wild	Farmed + wild	8	11082042	11092041	Mystik Canada;Papek Czechia;Pronutrix+ Belgium;Starfood Holland	4	True	-2.762952754
0.05	5%	farmed_and_wild	Farmed + wild	8	11092042	11102041	Mystik Canada;Papek Czechia;Pronutrix+ Belgium;Starfood Holland	4	True	-2.322170529
0.05	5%	farmed_and_wild	Farmed + wild	8	11102042	11112041	Mystik Canada;Papek Czechia;Pronutrix+ Belgium;Starfood Holland	4	True	-2.740521414
0.05	5%	farmed_and_wild	Farmed + wild	8	11112042	11122041	Pronutrix+ Belgium	1	True	-1.662505142
0.05	5%	wild_only	Wild only	8	11122042	11132041		0	True	-1.5604147
0.05	5%	farmed_only	Farmed only	8	11127042	11137041	Kingsect Belgium	1	False	-2.316341152
0.05	5%	farmed_and_wild	Farmed + wild	8	11132042	11142041	Mystik Canada;Papek Czechia;Pronutrix+ Belgium;Starfood Holland	4	True	-2.340155605
0.05	5%	farmed_only	Farmed only	8	11137042	11147041	Kingsect Belgium	1	False	-2.287572307
0.05	5%	farmed_and_wild	Farmed + wild	8	11142042	11152041	Mystik Canada;Papek Czechia;Pronutrix+ Belgium;Starfood Holland	4	True	-2.746023417
0.05	5%	farmed_only	Farmed only	8	11147042	11157041	Kingsect Belgium	1	False	-2.369653614
0.05	5%	farmed_and_wild	Farmed + wild	8	11152042	11162041	Mystik Canada;Papek Czechia;Pronutrix+ Belgium;Starfood Holland	4	True	-2.849578608
0.05	5%	farmed_only	Farmed only	8	11157042	11167041	Kingsect Belgium	1	False	-2.401952999
0.05	5%	farmed_and_wild	Farmed + wild	8	11162042	11172041	Mystik Canada;Papek Czechia;Pronutrix+ Belgium;Starfood Holland	4	True	-2.393900499
0.05	5%	farmed_only	Farmed only	8	11167042	11177041	Kingsect Belgium	1	False	-2.486209867
0.05	5%	farmed_and_wild	Farmed + wild	8	11172042	11182041	Mystik Canada;Papek Czechia;Pronutrix+ Belgium;Starfood Holland	4	True	-2.227401414
0.05	5%	farmed_only	Farmed only	8	11177042	11187041	Kingsect Belgium	1	False	-2.576064686
0.05	5%	farmed_and_wild	Farmed + wild	8	11182042	11192041	Mystik Canada;Papek Czechia;Pronutrix+ Belgium;Starfood Holland	4	True	-2.527143206
0.05	5%	farmed_only	Farmed only	8	11187042	11197041	Kingsect Belgium	1	False	-2.463000671
0.05	5%	farmed_and_wild	Farmed + wild	8	11192042	11202041	Mystik Canada;Papek Czechia;Pronutrix+ Belgium;Starfood Holland	4	True	-2.650916399
0.05	5%	farmed_only	Farmed only	8	11197042	11207041	Kingsect Belgium	1	False	-2.404107924
0.05	5%	farmed_and_wild	Farmed + wild	8	11202042	11212041	Mystik Canada;Papek Czechia;Pronutrix+ Belgium;Starfood Holland	4	True	-2.678739844
0.05	5%	farmed_only	Farmed only	8	11207042	11217041	Kingsect Belgium	1	False	-2.272391755
0.05	5%	farmed_and_wild	Farmed + wild	8	11212042	11222041	Mystik Canada;Papek Czechia;Pronutrix+ Belgium;Starfood Holland	4	True	-2.533150314
0.05	5%	farmed_only	Farmed only	8	11217042	11227041	Kingsect Belgium	1	False	-2.241590508
0.05	5%	farmed_and_wild	Farmed + wild	8	11222042	11232041	Mystik Canada;Pronutrix+ Belgium	2	True	-1.713448772
0.05	5%	farmed_only	Farmed only	8	11227042	11237041	Kingsect Belgium	1	False	-2.268285431
0.05	5%	farmed_only	Farmed only	8	11237042	11247041	Kingsect Belgium	1	False	-2.263173708
0.05	5%	farmed_only	Farmed only	8	11247042	11257041	Kingsect Belgium	1	False	-2.21808747
0.05	5%	farmed_only	Farmed only	8	11252042	11262041	Pronutrix+ Belgium;Starfood Holland	2	False	-2.140291982
0.05	5%	farmed_only	Farmed only	8	11257042	11267041	Kingsect Belgium	1	False	-2.239352765
0.05	5%	farmed_and_wild	Farmed + wild	8	11262042	11272041	Papek Czechia;Pronutrix+ Belgium;Starfood Holland	3	True	-2.206682483
0.05	5%	farmed_only	Farmed only	8	11267042	11277041	Kingsect Belgium	1	False	-2.20671784
0.05	5%	farmed_and_wild	Farmed + wild	8	11272042	11282041	Mystik Canada;Papek Czechia;Pronutrix+ Belgium;Starfood Holland	4	True	-2.32498479
0.05	5%	farmed_only	Farmed only	8	11277042	11287041	Kingsect Belgium	1	False	-2.182827695
0.05	5%	farmed_and_wild	Farmed + wild	8	11282042	11292041	Mystik Canada;Papek Czechia;Pronutrix+ Belgium;Starfood Holland	4	True	-2.384293665
0.05	5%	farmed_only	Farmed only	8	11287042	11297041	Kingsect Belgium	1	False	-2.206240445
0.05	5%	farmed_and_wild	Farmed + wild	8	11292042	11302041	Mystik Canada;Papek Czechia;Pronutrix+ Belgium;Starfood Holland	4	True	-2.559507797
0.05	5%	farmed_only	Farmed only	8	11297042	11307041	Kingsect Belgium	1	False	-2.11174548
0.05	5%	farmed_and_wild	Farmed + wild	8	11302042	11312041	Mystik Canada;Papek Czechia;Pronutrix+ Belgium;Starfood Holland	4	True	-2.777571199
0.05	5%	farmed_only	Farmed only	8	11307042	11317041	Kingsect Belgium	1	False	-2.124858113
0.05	5%	farmed_only	Farmed only	8	11312042	11322041	Papek Czechia;Pronutrix+ Belgium;Starfood Holland	3	False	-2.095654704
0.05	5%	farmed_only	Farmed only	8	11317042	11327041	Kingsect Belgium	1	False	-2.092053231
0.05	5%	farmed_and_wild	Farmed + wild	8	11322042	11332041	Mystik Canada;Pronutrix+ Belgium;Starfood Holland	3	True	-2.142220812
0.05	5%	farmed_only	Farmed only	8	11327042	11337041	Kingsect Belgium	1	False	-2.082471369
0.05	5%	farmed_only	Farmed only	8	11332042	11342041	Mystik Canada;Papek Czechia;Pronutrix+ Belgium;Starfood Holland	4	False	-2.119297345
0.05	5%	farmed_only	Farmed only	8	11337042	11347041	Kingsect Belgium	1	False	-2.095201879
0.05	5%	farmed_only	Farmed only	8	11347042	11357041	Kingsect Belgium	1	False	-1.96527595
0.05	5%	farmed_only	Farmed only	8	11357042	11367041	Kingsect Belgium	1	False	-1.921677285
0.05	5%	farmed_only	Farmed only	8	11367042	11377041	Kingsect Belgium	1	False	-1.87292132
0.05	5%	farmed_and_wild	Farmed + wild	8	11372042	11382041	Starfood Holland	1	True	-2.084530745
0.05	5%	farmed_only	Farmed only	8	11377042	11387041	Kingsect Belgium	1	False	-1.816237732
0.05	5%	farmed_and_wild	Farmed + wild	8	11382042	11392041	Mystik Canada;Papek Czechia;Pronutrix+ Belgium;Starfood Holland	4	True	-2.734095838
0.05	5%	farmed_only	Farmed only	8	11387042	11397041	Kingsect Belgium	1	False	-1.805064746
0.05	5%	farmed_only	Farmed only	8	11397042	11407041	Kingsect Belgium	1	False	-1.813413224
0.05	5%	farmed_only	Farmed only	8	11402042	11412041	Mystik Canada;Papek Czechia;Pronutrix+ Belgium;Starfood Holland	4	False	-2.138228335
0.05	5%	farmed_only	Farmed only	8	11407042	11417041	Kingsect Belgium	1	False	-1.798717253
0.05	5%	farmed_only	Farmed only	8	11417042	11427041	Kingsect Belgium	1	False	-1.74729032
0.05	5%	farmed_only	Farmed only	8	11427042	11437041	Kingsect Belgium	1	False	-1.730504834
0.05	5%	farmed_only	Farmed only	8	11432042	11442041	Papek Czechia;Pronutrix+ Belgium;Starfood Holland	3	False	-2.094247393
0.05	5%	farmed_only	Farmed only	8	11437042	11447041	Kingsect Belgium	1	False	-1.727539961
0.05	5%	farmed_only	Farmed only	8	11447042	11457041	Kingsect Belgium	1	False	-1.782148847
0.05	5%	farmed_only	Farmed only	8	11457042	11467041	Kingsect Belgium	1	False	-1.761038789
0.05	5%	farmed_only	Farmed only	8	11467042	11477041	Kingsect Belgium	1	False	-1.757916979
0.05	5%	farmed_only	Farmed only	8	11477042	11487041	Kingsect Belgium	1	False	-1.80771988
0.05	5%	farmed_only	Farmed only	8	11487042	11497041	Kingsect Belgium	1	False	-1.827304904
0.05	5%	farmed_only	Farmed only	8	11497042	11507041	Kingsect Belgium	1	False	-1.870729752
0.05	5%	farmed_only	Farmed only	8	11507042	11517041	Kingsect Belgium	1	False	-1.865958794
0.05	5%	farmed_only	Farmed only	8	11517042	11527041	Kingsect Belgium	1	False	-1.927393385
0.05	5%	farmed_only	Farmed only	8	11522042	11532041	Papek Czechia;Pronutrix+ Belgium;Starfood Holland	3	False	-2.224288351
0.05	5%	farmed_only	Farmed only	8	11527042	11537041	Kingsect Belgium	1	False	-1.792502488
0.05	5%	farmed_and_wild	Farmed + wild	8	11532042	11542041	Mystik Canada;Papek Czechia;Pronutrix+ Belgium;Starfood Holland	4	True	-2.24516561
0.05	5%	farmed_only	Farmed only	8	11537042	11547041	Kingsect Belgium	1	False	-1.670633412
0.05	5%	farmed_and_wild	Farmed + wild	8	11562042	11572041	Mystik Canada;Papek Czechia	2	True	-1.771355756
0.05	5%	farmed_and_wild	Farmed + wild	8	12052042	12062041	Pronutrix+ Belgium	1	True	-1.758555653
0.05	5%	farmed_only	Farmed only	8	12382042	12392041	Starfood Holland	1	False	-2.044091504
0.05	5%	farmed_only	Farmed only	8	12482042	12492041	Starfood Holland	1	False	-2.109876947
0.05	5%	farmed_only	Farmed only	8	12512042	12522041	Mystik Canada;Pronutrix+ Belgium;Starfood Holland	3	False	-2.079030656
0.05	5%	farmed_only	Farmed only	8	12527042	12537041	Kingsect Belgium	1	False	-1.700884625
0.05	5%	farmed_only	Farmed only	8	12547042	12557041	Kingsect Belgium	1	False	-1.69893746
0.05	5%	farmed_only	Farmed only	8	12557042	12567041	Kingsect Belgium	1	False	-1.794902252
0.05	5%	farmed_only	Farmed only	8	12562042	12572041	Pronutrix+ Belgium	1	False	-1.472655632
0.05	5%	farmed_and_wild	Farmed + wild	8	12602042	12612041	Mystik Canada	1	True	-1.716682805
0.05	5%	farmed_and_wild	Farmed + wild	8	12692042	12702041	Mystik Canada;Papek Czechia;Pronutrix+ Belgium;Starfood Holland	4	True	-2.539341157
0.05	5%	farmed_and_wild	Farmed + wild	8	13072042	13082041	Mystik Canada;Papek Czechia;Pronutrix+ Belgium;Starfood Holland	4	True	-3.343704324
0.05	5%	farmed_only	Farmed only	8	13082042	13092041	Mystik Canada	1	False	-1.190301879
0.05	5%	farmed_only	Farmed only	8	13542042	13552041	Pronutrix+ Belgium	1	False	-2.094926075
0.05	5%	farmed_only	Farmed only	8	13552042	13562041	Mystik Canada;Papek Czechia;Pronutrix+ Belgium;Starfood Holland	4	False	-2.623738635
0.05	5%	farmed_only	Farmed only	8	13562042	13572041	Mystik Canada;Papek Czechia;Pronutrix+ Belgium;Starfood Holland	4	False	-2.455103197
0.05	5%	farmed_only	Farmed only	8	13572042	13582041	Mystik Canada;Papek Czechia;Pronutrix+ Belgium;Starfood Holland	4	False	-2.319581394
0.05	5%	farmed_only	Farmed only	8	13582042	13592041	Mystik Canada;Papek Czechia;Pronutrix+ Belgium;Starfood Holland	4	False	-2.53597888
0.05	5%	farmed_only	Farmed only	8	13592042	13602041	Mystik Canada;Papek Czechia;Pronutrix+ Belgium	3	False	-1.764936955
0.05	5%	farmed_only	Farmed only	8	13602042	13612041	Mystik Canada;Papek Czechia;Pronutrix+ Belgium;Starfood Holland	4	False	-2.397759459
0.05	5%	farmed_only	Farmed only	8	13612042	13622041	Pronutrix+ Belgium	1	False	-1.510281934
0.05	5%	farmed_only	Farmed only	8	13632042	13642041	Mystik Canada;Papek Czechia;Pronutrix+ Belgium;Starfood Holland	4	False	-2.180288419
0.05	5%	farmed_only	Farmed only	8	13642042	13652041	Mystik Canada;Papek Czechia;Pronutrix+ Belgium;Starfood Holland	4	False	-2.689627656
0.05	5%	wild_only	Wild only	8	13692042	13702041		0	True	-1.917861652
0.05	5%	farmed_and_wild	Farmed + wild	8	13712042	13722041	Mystik Canada;Papek Czechia;Pronutrix+ Belgium;Starfood Holland	4	True	-2.679040856
0.05	5%	wild_only	Wild only	8	13762042	13772041		0	True	-1.591504293
0.05	5%	wild_only	Wild only	8	14582042	14592041		0	True	-1.700771497
0.05	5%	farmed_and_wild	Farmed + wild	8	14832042	14842041	Pronutrix+ Belgium	1	True	-2.395455042
0.05	5%	farmed_only	Farmed only	8	16442042	16452041	Pronutrix+ Belgium	1	False	-1.484966293
0.05	5%	farmed_only	Farmed only	8	16652042	16662041	Mystik Canada	1	False	-1.236308057
0.05	5%	wild_only	Wild only	8	17062042	17072041		0	True	-1.586132171
0.05	5%	farmed_only	Farmed only	8	17572042	17582041	Papek Czechia;Pronutrix+ Belgium	2	False	-1.833783701
0.05	5%	farmed_and_wild	Farmed + wild	8	17652042	17662041	Pronutrix+ Belgium;Starfood Holland	2	True	-2.030631546
0.05	5%	farmed_only	Farmed only	8	18022042	18032041	Mystik Canada;Pronutrix+ Belgium	2	False	-1.627725726
0.05	5%	farmed_only	Farmed only	8	18912042	18922041	Mystik Canada;Papek Czechia	2	False	-1.711267821
0.05	5%	farmed_only	Farmed only	8	18917042	18927041	Kingsect Belgium	1	False	-1.81861868
0.05	5%	farmed_only	Farmed only	8	18922042	18932041	Mystik Canada;Papek Czechia;Pronutrix+ Belgium;Starfood Holland	4	False	-2.255307942
0.05	5%	farmed_only	Farmed only	8	18927042	18937041	Kingsect Belgium	1	False	-1.922876649
0.05	5%	farmed_and_wild	Farmed + wild	8	18932042	18942041	Mystik Canada;Papek Czechia;Pronutrix+ Belgium;Starfood Holland	4	True	-3.167682242
0.05	5%	farmed_only	Farmed only	8	18937042	18947041	Kingsect Belgium	1	False	-2.073488913
0.05	5%	farmed_and_wild	Farmed + wild	8	18942042	18952041	Mystik Canada;Papek Czechia;Pronutrix+ Belgium;Starfood Holland	4	True	-3.059079721
0.05	5%	farmed_only	Farmed only	8	18947042	18957041	Kingsect Belgium	1	False	-1.944435968
0.05	5%	farmed_and_wild	Farmed + wild	8	18952042	18962041	Mystik Canada;Papek Czechia;Pronutrix+ Belgium;Starfood Holland	4	True	-2.57021935
0.05	5%	farmed_only	Farmed only	8	18957042	18967041	Kingsect Belgium	1	False	-1.672267493
0.05	5%	farmed_and_wild	Farmed + wild	8	18982042	18992041	Mystik Canada;Papek Czechia;Pronutrix+ Belgium;Starfood Holland	4	True	-2.305396604
0.05	5%	farmed_and_wild	Farmed + wild	9	28786	38785	Dole7;Mystik Canada	2	True	-1.849261133
0.05	5%	farmed_and_wild	Farmed + wild	9	38786	48785	Dole7;Mystik Canada;Papek Czechia;Pronutrix+ Belgium;Starfood Holland	5	True	-2.317634286
0.05	5%	farmed_only	Farmed only	9	58786	68785	Mystik Canada	1	False	-1.184359152
0.05	5%	farmed_and_wild	Farmed + wild	9	68786	78785	Mystik Canada;Papek Czechia;Pronutrix+ Belgium	3	True	-1.975082266
0.05	5%	farmed_and_wild	Farmed + wild	9	108786	118785	Dole7	1	True	-1.874106693
0.05	5%	wild_only	Wild only	9	128786	138785		0	True	-1.710597363
0.05	5%	farmed_only	Farmed only	9	178786	188785	Dole7	1	False	-1.967606065
0.05	5%	farmed_and_wild	Farmed + wild	9	258786	268785	Dole7;Mystik Canada;Papek Czechia;Pronutrix+ Belgium;Starfood Holland	5	True	-2.325266996
0.05	5%	farmed_and_wild	Farmed + wild	9	268786	278785	Dole7;Mystik Canada;Papek Czechia;Pronutrix+ Belgium;Starfood Holland	5	True	-2.258705838
0.05	5%	wild_only	Wild only	9	478786	488785		0	True	-1.802368697
0.05	5%	farmed_only	Farmed only	9	508786	518785	Pronutrix+ Belgium	1	False	-1.615992656
0.05	5%	farmed_only	Farmed only	9	528786	538785	Dole7;Mystik Canada;Pronutrix+ Belgium	3	False	-1.896814998
0.05	5%	farmed_only	Farmed only	9	553786	563785	Kingsect Belgium	1	False	-1.727031413
0.05	5%	farmed_only	Farmed only	9	568786	578785	Dole7;Papek Czechia;Pronutrix+ Belgium;Starfood Holland	4	False	-2.231201159
0.05	5%	farmed_only	Farmed only	9	573786	583785	Kingsect Belgium	1	False	-1.683012
0.05	5%	farmed_only	Farmed only	9	588786	598785	Dole7	1	False	-1.926622482
0.05	5%	farmed_only	Farmed only	9	598786	608785	Dole7	1	False	-1.819289911
0.05	5%	farmed_only	Farmed only	9	603786	613785	Kingsect Belgium	1	False	-1.691943753
0.05	5%	farmed_only	Farmed only	9	613786	623785	Kingsect Belgium	1	False	-1.673772431
0.05	5%	farmed_and_wild	Farmed + wild	9	618786	628785	Pronutrix+ Belgium	1	True	-1.578462446
0.05	5%	wild_only	Wild only	9	628786	638785		0	True	-1.647618352
0.05	5%	farmed_only	Farmed only	9	638786	648785	Dole7;Mystik Canada;Pronutrix+ Belgium;Starfood Holland	4	False	-2.141051954
0.05	5%	farmed_and_wild	Farmed + wild	9	648786	658785	Dole7;Papek Czechia;Pronutrix+ Belgium;Starfood Holland	4	True	-2.379825118
0.05	5%	farmed_only	Farmed only	9	728786	738785	Dole7;Pronutrix+ Belgium	2	False	-1.928925529
0.05	5%	farmed_only	Farmed only	9	798786	808785	Dole7	1	False	-1.837817683
0.05	5%	wild_only	Wild only	9	818786	828785		0	True	-1.562971273
0.05	5%	farmed_only	Farmed only	9	848786	858785	Dole7	1	False	-1.811759948
0.05	5%	farmed_only	Farmed only	9	868786	878785	Pronutrix+ Belgium	1	False	-1.479893798
0.05	5%	farmed_only	Farmed only	9	908786	918785	Dole7;Pronutrix+ Belgium;Starfood Holland	3	False	-2.041406532
0.05	5%	farmed_only	Farmed only	9	928786	938785	Dole7;Pronutrix+ Belgium;Starfood Holland	3	False	-2.183951631
0.05	5%	wild_only	Wild only	9	1068786	1078785		0	True	-1.640985356
0.05	5%	farmed_and_wild	Farmed + wild	9	1768786	1778785	Dole7;Papek Czechia;Starfood Holland	3	True	-2.135429065
0.05	5%	farmed_and_wild	Farmed + wild	9	1798786	1808785	Dole7;Pronutrix+ Belgium;Starfood Holland	3	True	-2.074637601
0.05	5%	farmed_and_wild	Farmed + wild	9	1818786	1828785	Dole7;Mystik Canada;Papek Czechia;Pronutrix+ Belgium;Starfood Holland	5	True	-2.22384213
0.05	5%	farmed_and_wild	Farmed + wild	9	1848786	1858785	Dole7;Papek Czechia;Pronutrix+ Belgium;Starfood Holland	4	True	-2.139370485
0.05	5%	farmed_only	Farmed only	9	1888786	1898785	Dole7;Starfood Holland	2	False	-2.113296045
0.05	5%	farmed_only	Farmed only	9	2088786	2098785	Dole7	1	False	-1.872264907
0.05	5%	farmed_and_wild	Farmed + wild	9	2498786	2508785	Dole7;Mystik Canada;Papek Czechia;Pronutrix+ Belgium;Starfood Holland	5	True	-2.830479416
0.05	5%	farmed_and_wild	Farmed + wild	9	3498786	3508785	Dole7;Papek Czechia	2	True	-2.089052946
0.05	5%	wild_only	Wild only	9	3538786	3548785		0	True	-1.793578598
0.05	5%	farmed_only	Farmed only	9	4878786	4888785	Dole7;Mystik Canada;Papek Czechia;Pronutrix+ Belgium	4	False	-1.864155715
0.05	5%	farmed_only	Farmed only	9	4928786	4938785	Dole7;Starfood Holland	2	False	-2.067089816
0.05	5%	farmed_and_wild	Farmed + wild	9	5258786	5268785	Dole7;Mystik Canada;Papek Czechia;Pronutrix+ Belgium;Starfood Holland	5	True	-2.279750703
0.05	5%	farmed_and_wild	Farmed + wild	9	5738786	5748785	Mystik Canada;Pronutrix+ Belgium	2	True	-1.608849295
0.05	5%	farmed_only	Farmed only	9	6378786	6388785	Dole7	1	False	-1.795117916
0.05	5%	farmed_only	Farmed only	9	6388786	6398785	Dole7;Papek Czechia;Pronutrix+ Belgium	3	False	-2.194957461
0.05	5%	farmed_and_wild	Farmed + wild	9	6458786	6468785	Dole7;Papek Czechia;Pronutrix+ Belgium;Starfood Holland	4	True	-2.099444782
0.05	5%	farmed_only	Farmed only	9	6648786	6658785	Dole7	1	False	-1.818374659
0.05	5%	farmed_only	Farmed only	9	8828786	8838785	Dole7	1	False	-1.810706264
0.05	5%	wild_only	Wild only	9	9428786	9438785		0	True	-1.682536834
0.05	5%	farmed_and_wild	Farmed + wild	9	10418786	10428785	Papek Czechia;Pronutrix+ Belgium	2	True	-1.986044131
0.05	5%	farmed_and_wild	Farmed + wild	9	11068786	11078785	Dole7;Mystik Canada;Papek Czechia;Pronutrix+ Belgium;Starfood Holland	5	True	-3.160575711
0.05	5%	farmed_only	Farmed only	9	11668786	11678785	Dole7	1	False	-1.856884742
0.05	5%	farmed_and_wild	Farmed + wild	9	12838786	12848785	Dole7	1	True	-1.937853805
0.05	5%	wild_only	Wild only	9	12888786	12898785		0	True	-1.903034727
0.05	5%	wild_only	Wild only	9	12898786	12908785		0	True	-2.26925031
0.05	5%	wild_only	Wild only	9	12908786	12918785		0	True	-1.744318986
0.05	5%	farmed_and_wild	Farmed + wild	9	14378786	14388785	Dole7;Papek Czechia;Pronutrix+ Belgium;Starfood Holland	4	True	-2.190356829
0.05	5%	farmed_only	Farmed only	9	14738786	14748785	Dole7;Pronutrix+ Belgium	2	False	-1.986650643
0.05	5%	farmed_only	Farmed only	9	14988786	14998785	Mystik Canada	1	False	-1.218127091
0.05	5%	farmed_and_wild	Farmed + wild	9	16178786	16188785	Dole7;Papek Czechia;Pronutrix+ Belgium	3	True	-2.294695634
0.05	5%	farmed_only	Farmed only	9	16478786	16488785	Mystik Canada	1	False	-1.185725096
0.05	5%	farmed_and_wild	Farmed + wild	9	16798786	16808785	Dole7;Papek Czechia;Starfood Holland	3	True	-2.44768686
0.05	5%	wild_only	Wild only	9	16808786	16818785		0	True	-2.209833566
0.05	5%	farmed_and_wild	Farmed + wild	9	16818786	16828785	Dole7;Mystik Canada;Papek Czechia;Pronutrix+ Belgium;Starfood Holland	5	True	-2.451857307
0.05	5%	wild_only	Wild only	9	18308885	18318884		0	True	-1.735136606
0.05	5%	farmed_and_wild	Farmed + wild	9	18358885	18368884	Mystik Canada;Papek Czechia;Pronutrix+ Belgium;Starfood Holland	4	True	-2.274305505
0.05	5%	farmed_and_wild	Farmed + wild	9	18368885	18378884	Mystik Canada;Papek Czechia;Pronutrix+ Belgium;Starfood Holland	4	True	-2.255974136
0.05	5%	wild_only	Wild only	9	18888885	18898884		0	True	-1.713659386
0.05	5%	farmed_and_wild	Farmed + wild	Tmol_scf_101	5000	14999	Mystik Canada;Papek Czechia;Starfood Holland	3	True	-2.685778956
0.05	5%	farmed_and_wild	Farmed + wild	Tmol_scf_101	15000	24999	Mystik Canada;Papek Czechia	2	True	-2.503622485
0.05	5%	farmed_only	Farmed only	Tmol_scf_101	25000	34999	Mystik Canada;Papek Czechia	2	False	-2.6531116
0.05	5%	farmed_and_wild	Farmed + wild	Tmol_scf_101	35000	44999	Mystik Canada;Papek Czechia;Starfood Holland	3	True	-2.571770806
0.05	5%	farmed_and_wild	Farmed + wild	Tmol_scf_101	45000	54999	Mystik Canada;Papek Czechia;Starfood Holland	3	True	-3.077917249
0.05	5%	farmed_only	Farmed only	Tmol_scf_101	55000	64999	Starfood Holland	1	False	-2.29918186
0.05	5%	farmed_only	Farmed only	Tmol_scf_101	65000	74999	Starfood Holland	1	False	-2.806118761
0.05	5%	farmed_only	Farmed only	Tmol_scf_103	45000	54999	Papek Czechia	1	False	-1.822618642
0.05	5%	farmed_and_wild	Farmed + wild	Tmol_scf_103	55000	64999	Papek Czechia;Starfood Holland	2	True	-3.071257346
0.05	5%	farmed_only	Farmed only	Tmol_scf_106	5000	14999	Mystik Canada;Papek Czechia	2	False	-2.206325201
0.05	5%	farmed_only	Farmed only	Tmol_scf_106	15000	24999	Mystik Canada;Papek Czechia	2	False	-1.903159723
0.05	5%	farmed_and_wild	Farmed + wild	Tmol_scf_106	25000	34999	Mystik Canada;Papek Czechia;Starfood Holland	3	True	-3.354251569
0.05	5%	farmed_only	Farmed only	Tmol_scf_106	35000	44999	Mystik Canada	1	False	-2.147172424
0.05	5%	farmed_and_wild	Farmed + wild	Tmol_scf_106	45000	54999	Mystik Canada;Papek Czechia;Starfood Holland	3	True	-3.1660986
0.05	5%	farmed_and_wild	Farmed + wild	Tmol_scf_107	15000	24999	Papek Czechia;Starfood Holland	2	True	-2.261172113
0.05	5%	farmed_and_wild	Farmed + wild	Tmol_scf_107	25000	34999	Mystik Canada;Papek Czechia;Starfood Holland	3	True	-2.742950386
0.05	5%	farmed_and_wild	Farmed + wild	Tmol_scf_107	35000	44999	Mystik Canada;Papek Czechia;Starfood Holland	3	True	-2.68282648
0.05	5%	farmed_only	Farmed only	Tmol_scf_108	25000	34999	Papek Czechia;Starfood Holland	2	False	-2.149850943
0.05	5%	farmed_and_wild	Farmed + wild	Tmol_scf_108	35000	44999	Mystik Canada;Papek Czechia;Starfood Holland	3	True	-2.261260898
0.05	5%	farmed_and_wild	Farmed + wild	Tmol_scf_109	5000	14999	Mystik Canada;Papek Czechia;Starfood Holland	3	True	-2.264025895
0.05	5%	farmed_and_wild	Farmed + wild	Tmol_scf_109	15000	24999	Mystik Canada;Papek Czechia	2	True	-1.975648081
0.05	5%	farmed_only	Farmed only	Tmol_scf_109	25000	34999	Mystik Canada;Papek Czechia;Starfood Holland	3	False	-2.42277218
0.05	5%	farmed_only	Farmed only	Tmol_scf_112	15000	24999	Papek Czechia	1	False	-2.246493021
0.05	5%	farmed_only	Farmed only	Tmol_scf_18	85000	94999	Papek Czechia;Starfood Holland	2	False	-2.103066754
0.05	5%	farmed_only	Farmed only	Tmol_scf_18	165000	174999	Mystik Canada;Starfood Holland	2	False	-2.118659269
0.05	5%	farmed_and_wild	Farmed + wild	Tmol_scf_18	205000	214999	Mystik Canada;Papek Czechia;Pronutrix+ Belgium;Starfood Holland	4	True	-2.370139773
0.05	5%	farmed_only	Farmed only	Tmol_scf_18	235000	244999	Papek Czechia;Pronutrix+ Belgium;Starfood Holland	3	False	-2.18282833
0.05	5%	farmed_only	Farmed only	Tmol_scf_18	280000	289999	Kingsect Belgium	1	False	-1.692379188
0.05	5%	farmed_only	Farmed only	Tmol_scf_18	295000	304999	Starfood Holland	1	False	-2.157261528
0.05	5%	farmed_only	Farmed only	Tmol_scf_18	325000	334999	Pronutrix+ Belgium;Starfood Holland	2	False	-2.282050625
0.05	5%	farmed_and_wild	Farmed + wild	Tmol_scf_18	375000	384999	Mystik Canada;Papek Czechia;Pronutrix+ Belgium;Starfood Holland	4	True	-2.05977815
0.05	5%	farmed_only	Farmed only	Tmol_scf_18	395000	404999	Pronutrix+ Belgium	1	False	-1.636683236
0.05	5%	farmed_and_wild	Farmed + wild	Tmol_scf_18	405000	414999	Mystik Canada;Papek Czechia;Pronutrix+ Belgium;Starfood Holland	4	True	-2.337309109
0.05	5%	farmed_and_wild	Farmed + wild	Tmol_scf_18	455000	464999	Mystik Canada;Papek Czechia;Pronutrix+ Belgium	3	True	-1.82764244
0.05	5%	farmed_and_wild	Farmed + wild	Tmol_scf_18	485000	494999	Mystik Canada;Papek Czechia;Pronutrix+ Belgium;Starfood Holland	4	True	-2.249275257
0.05	5%	farmed_only	Farmed only	Tmol_scf_18	490000	499999	Kingsect Belgium	1	False	-1.765927699
0.05	5%	farmed_only	Farmed only	Tmol_scf_18	495000	504999	Papek Czechia;Pronutrix+ Belgium;Starfood Holland	3	False	-2.377029905
0.05	5%	farmed_only	Farmed only	Tmol_scf_18	500000	509999	Kingsect Belgium	1	False	-1.758955588
0.05	5%	farmed_only	Farmed only	Tmol_scf_18	505000	514999	Starfood Holland	1	False	-2.055507837
0.05	5%	farmed_and_wild	Farmed + wild	Tmol_scf_18	535000	544999	Mystik Canada;Papek Czechia;Pronutrix+ Belgium;Starfood Holland	4	True	-2.292731714
0.05	5%	farmed_and_wild	Farmed + wild	Tmol_scf_18	605000	614999	Mystik Canada;Papek Czechia;Pronutrix+ Belgium;Starfood Holland	4	True	-2.436008301
0.05	5%	farmed_and_wild	Farmed + wild	Tmol_scf_18	615000	624999	Papek Czechia;Pronutrix+ Belgium;Starfood Holland	3	True	-2.349703006
0.05	5%	farmed_only	Farmed only	Tmol_scf_18	665000	674999	Mystik Canada	1	False	-1.346820559
0.05	5%	farmed_and_wild	Farmed + wild	Tmol_scf_18	675000	684999	Mystik Canada;Pronutrix+ Belgium;Starfood Holland	3	True	-2.070224938
0.05	5%	farmed_only	Farmed only	Tmol_scf_18	695000	704999	Pronutrix+ Belgium	1	False	-1.494620501
0.05	5%	farmed_and_wild	Farmed + wild	Tmol_scf_18	705000	714999	Mystik Canada;Papek Czechia;Pronutrix+ Belgium;Starfood Holland	4	True	-2.150309389
0.05	5%	farmed_and_wild	Farmed + wild	Tmol_scf_18	795000	804999	Mystik Canada;Papek Czechia;Pronutrix+ Belgium;Starfood Holland	4	True	-2.429568551
0.05	5%	farmed_only	Farmed only	Tmol_scf_18	805000	814999	Starfood Holland	1	False	-2.063145419
0.05	5%	farmed_only	Farmed only	Tmol_scf_18	810000	819999	Kingsect Belgium	1	False	-1.700933372
0.05	5%	farmed_only	Farmed only	Tmol_scf_18	815000	824999	Mystik Canada;Papek Czechia;Pronutrix+ Belgium;Starfood Holland	4	False	-2.040074551
0.05	5%	farmed_only	Farmed only	Tmol_scf_18	820000	829999	Kingsect Belgium	1	False	-1.890817969
0.05	5%	farmed_and_wild	Farmed + wild	Tmol_scf_18	825000	834999	Pronutrix+ Belgium	1	True	-1.922907654
0.05	5%	farmed_only	Farmed only	Tmol_scf_18	830000	839999	Kingsect Belgium	1	False	-1.830832866
0.05	5%	farmed_only	Farmed only	Tmol_scf_18	835000	844999	Papek Czechia;Pronutrix+ Belgium;Starfood Holland	3	False	-2.064104987
0.05	5%	farmed_only	Farmed only	Tmol_scf_18	840000	849999	Kingsect Belgium	1	False	-1.852412052
0.05	5%	farmed_only	Farmed only	Tmol_scf_18	850000	859999	Kingsect Belgium	1	False	-1.912037112
0.05	5%	farmed_only	Farmed only	Tmol_scf_18	860000	869999	Kingsect Belgium	1	False	-1.889949471
0.05	5%	farmed_only	Farmed only	Tmol_scf_18	865000	874999	Pronutrix+ Belgium	1	False	-1.576839552
0.05	5%	farmed_only	Farmed only	Tmol_scf_18	870000	879999	Kingsect Belgium	1	False	-1.791413658
0.05	5%	farmed_only	Farmed only	Tmol_scf_18	880000	889999	Kingsect Belgium	1	False	-1.818510293
0.05	5%	farmed_only	Farmed only	Tmol_scf_18	885000	894999	Papek Czechia;Pronutrix+ Belgium;Starfood Holland	3	False	-2.480697116
0.05	5%	farmed_only	Farmed only	Tmol_scf_18	890000	899999	Kingsect Belgium	1	False	-1.720310709
0.05	5%	farmed_and_wild	Farmed + wild	Tmol_scf_18	895000	904999	Mystik Canada;Papek Czechia;Pronutrix+ Belgium;Starfood Holland	4	True	-2.501470577
0.05	5%	farmed_only	Farmed only	Tmol_scf_18	900000	909999	Kingsect Belgium	1	False	-1.690875488
0.05	5%	farmed_only	Farmed only	Tmol_scf_18	910000	919999	Kingsect Belgium	1	False	-1.701263962
0.05	5%	farmed_only	Farmed only	Tmol_scf_18	920000	929999	Kingsect Belgium	1	False	-1.682644892
0.05	5%	farmed_and_wild	Farmed + wild	Tmol_scf_18	925000	934999	Mystik Canada;Papek Czechia;Pronutrix+ Belgium;Starfood Holland	4	True	-2.314854023
0.05	5%	farmed_only	Farmed only	Tmol_scf_18	930000	939999	Kingsect Belgium	1	False	-1.86636655
0.05	5%	farmed_only	Farmed only	Tmol_scf_18	940000	949999	Kingsect Belgium	1	False	-1.852727144
0.05	5%	farmed_only	Farmed only	Tmol_scf_18	950000	959999	Kingsect Belgium	1	False	-1.7998078
0.05	5%	farmed_only	Farmed only	Tmol_scf_18	960000	969999	Kingsect Belgium	1	False	-1.802300527
0.05	5%	farmed_only	Farmed only	Tmol_scf_18	970000	979999	Kingsect Belgium	1	False	-1.812070838
0.05	5%	farmed_only	Farmed only	Tmol_scf_18	975000	984999	Mystik Canada;Pronutrix+ Belgium;Starfood Holland	3	False	-2.137388637
0.05	5%	farmed_only	Farmed only	Tmol_scf_18	980000	989999	Kingsect Belgium	1	False	-1.758887
0.05	5%	farmed_and_wild	Farmed + wild	Tmol_scf_18	985000	994999	Pronutrix+ Belgium;Starfood Holland	2	True	-2.055851708
0.05	5%	farmed_only	Farmed only	Tmol_scf_18	990000	999999	Kingsect Belgium	1	False	-1.795955896
0.05	5%	farmed_and_wild	Farmed + wild	Tmol_scf_18	995000	1004999	Mystik Canada;Papek Czechia;Pronutrix+ Belgium;Starfood Holland	4	True	-2.253042765
0.05	5%	farmed_only	Farmed only	Tmol_scf_18	1000000	1009999	Kingsect Belgium	1	False	-1.876576924
0.05	5%	farmed_and_wild	Farmed + wild	Tmol_scf_18	1005000	1014999	Papek Czechia;Starfood Holland	2	True	-2.059091007
0.05	5%	farmed_only	Farmed only	Tmol_scf_18	1010000	1019999	Kingsect Belgium	1	False	-1.953374526
0.05	5%	farmed_only	Farmed only	Tmol_scf_18	1020000	1029999	Kingsect Belgium	1	False	-2.062131123
0.05	5%	farmed_only	Farmed only	Tmol_scf_18	1025000	1034999	Pronutrix+ Belgium	1	False	-1.526394989
0.05	5%	farmed_only	Farmed only	Tmol_scf_18	1030000	1039999	Kingsect Belgium	1	False	-1.931468786
0.05	5%	farmed_only	Farmed only	Tmol_scf_18	1035000	1044999	Pronutrix+ Belgium	1	False	-1.46657544
0.05	5%	farmed_only	Farmed only	Tmol_scf_18	1040000	1049999	Kingsect Belgium	1	False	-1.92584043
0.05	5%	farmed_only	Farmed only	Tmol_scf_18	1045000	1054999	Pronutrix+ Belgium;Starfood Holland	2	False	-2.15383863
0.05	5%	farmed_only	Farmed only	Tmol_scf_18	1050000	1059999	Kingsect Belgium	1	False	-1.876354608
0.05	5%	farmed_and_wild	Farmed + wild	Tmol_scf_18	1055000	1064999	Mystik Canada;Papek Czechia;Pronutrix+ Belgium;Starfood Holland	4	True	-2.458902387
0.05	5%	farmed_only	Farmed only	Tmol_scf_18	1060000	1069999	Kingsect Belgium	1	False	-1.871334623
0.05	5%	farmed_and_wild	Farmed + wild	Tmol_scf_18	1065000	1074999	Mystik Canada;Papek Czechia;Pronutrix+ Belgium;Starfood Holland	4	True	-2.937063812
0.05	5%	farmed_only	Farmed only	Tmol_scf_18	1070000	1079999	Kingsect Belgium	1	False	-1.927835748
0.05	5%	farmed_only	Farmed only	Tmol_scf_18	1080000	1089999	Kingsect Belgium	1	False	-1.992596099
0.05	5%	farmed_only	Farmed only	Tmol_scf_18	1090000	1099999	Kingsect Belgium	1	False	-2.102004139
0.05	5%	farmed_only	Farmed only	Tmol_scf_18	1100000	1109999	Kingsect Belgium	1	False	-2.141876247
0.05	5%	farmed_only	Farmed only	Tmol_scf_18	1110000	1119999	Kingsect Belgium	1	False	-2.001775298
0.05	5%	farmed_only	Farmed only	Tmol_scf_18	1115000	1124999	Papek Czechia;Pronutrix+ Belgium	2	False	-1.868513983
0.05	5%	farmed_only	Farmed only	Tmol_scf_18	1120000	1129999	Kingsect Belgium	1	False	-1.816101092
0.05	5%	farmed_and_wild	Farmed + wild	Tmol_scf_18	1125000	1134999	Papek Czechia;Pronutrix+ Belgium;Starfood Holland	3	True	-2.199920205
0.05	5%	farmed_only	Farmed only	Tmol_scf_18	1130000	1139999	Kingsect Belgium	1	False	-1.765936079
0.05	5%	farmed_and_wild	Farmed + wild	Tmol_scf_18	1135000	1144999	Mystik Canada;Papek Czechia;Pronutrix+ Belgium;Starfood Holland	4	True	-2.071280368
0.05	5%	farmed_only	Farmed only	Tmol_scf_18	1140000	1149999	Kingsect Belgium	1	False	-1.730533155
0.05	5%	farmed_and_wild	Farmed + wild	Tmol_scf_18	1145000	1154999	Mystik Canada;Papek Czechia;Pronutrix+ Belgium;Starfood Holland	4	True	-2.346203201
0.05	5%	farmed_only	Farmed only	Tmol_scf_18	1150000	1159999	Kingsect Belgium	1	False	-1.671941315
0.05	5%	farmed_only	Farmed only	Tmol_scf_18	1160000	1169999	Kingsect Belgium	1	False	-1.674269864
0.05	5%	farmed_only	Farmed only	Tmol_scf_18	1320000	1329999	Kingsect Belgium	1	False	-1.707195167
0.05	5%	farmed_only	Farmed only	Tmol_scf_18	1330000	1339999	Kingsect Belgium	1	False	-1.774661145
0.05	5%	farmed_only	Farmed only	Tmol_scf_18	1340000	1349999	Kingsect Belgium	1	False	-1.775624892
0.05	5%	farmed_and_wild	Farmed + wild	Tmol_scf_18	1345000	1354999	Papek Czechia	1	True	-1.735920842
0.05	5%	farmed_only	Farmed only	Tmol_scf_18	1350000	1359999	Kingsect Belgium	1	False	-1.723737921
0.05	5%	farmed_and_wild	Farmed + wild	Tmol_scf_18	1355000	1364999	Mystik Canada;Papek Czechia;Pronutrix+ Belgium	3	True	-1.73032138
0.05	5%	farmed_only	Farmed only	Tmol_scf_18	1360000	1369999	Kingsect Belgium	1	False	-1.794010004
0.05	5%	farmed_only	Farmed only	Tmol_scf_18	1365000	1374999	Papek Czechia	1	False	-1.768274224
0.05	5%	farmed_only	Farmed only	Tmol_scf_18	1370000	1379999	Kingsect Belgium	1	False	-1.876506635
0.05	5%	farmed_only	Farmed only	Tmol_scf_18	1380000	1389999	Kingsect Belgium	1	False	-1.958427872
0.05	5%	farmed_only	Farmed only	Tmol_scf_18	1390000	1399999	Kingsect Belgium	1	False	-1.962321256
0.05	5%	farmed_only	Farmed only	Tmol_scf_18	1400000	1409999	Kingsect Belgium	1	False	-1.999286516
0.05	5%	farmed_only	Farmed only	Tmol_scf_18	1410000	1419999	Kingsect Belgium	1	False	-2.059840337
0.05	5%	farmed_and_wild	Farmed + wild	Tmol_scf_18	1415000	1424999	Papek Czechia;Pronutrix+ Belgium	2	True	-1.785514918
0.05	5%	farmed_only	Farmed only	Tmol_scf_18	1420000	1429999	Kingsect Belgium	1	False	-2.085200934
0.05	5%	farmed_and_wild	Farmed + wild	Tmol_scf_18	1425000	1434999	Mystik Canada;Papek Czechia;Pronutrix+ Belgium;Starfood Holland	4	True	-2.286862052
0.05	5%	farmed_only	Farmed only	Tmol_scf_18	1430000	1439999	Kingsect Belgium	1	False	-2.122259487
0.05	5%	farmed_only	Farmed only	Tmol_scf_18	1440000	1449999	Kingsect Belgium	1	False	-2.14141207
0.05	5%	farmed_only	Farmed only	Tmol_scf_18	1450000	1459999	Kingsect Belgium	1	False	-2.159045527
0.05	5%	farmed_and_wild	Farmed + wild	Tmol_scf_18	1455000	1464999	Mystik Canada;Papek Czechia;Pronutrix+ Belgium;Starfood Holland	4	True	-2.298725838
0.05	5%	farmed_only	Farmed only	Tmol_scf_18	1460000	1469999	Kingsect Belgium	1	False	-2.140942816
0.05	5%	farmed_and_wild	Farmed + wild	Tmol_scf_18	1465000	1474999	Mystik Canada;Papek Czechia;Pronutrix+ Belgium	3	True	-1.922817035
0.05	5%	farmed_only	Farmed only	Tmol_scf_18	1470000	1479999	Kingsect Belgium	1	False	-2.095218021
0.05	5%	farmed_only	Farmed only	Tmol_scf_18	1475000	1484999	Mystik Canada;Papek Czechia;Pronutrix+ Belgium;Starfood Holland	4	False	-2.15447937
0.05	5%	farmed_only	Farmed only	Tmol_scf_18	1480000	1489999	Kingsect Belgium	1	False	-2.005864541
0.05	5%	farmed_only	Farmed only	Tmol_scf_18	1485000	1494999	Starfood Holland	1	False	-2.034647066
0.05	5%	farmed_only	Farmed only	Tmol_scf_18	1490000	1499999	Kingsect Belgium	1	False	-1.973010837
0.05	5%	farmed_only	Farmed only	Tmol_scf_18	1500000	1509999	Kingsect Belgium	1	False	-1.983710102
0.05	5%	farmed_only	Farmed only	Tmol_scf_18	1505000	1514999	Pronutrix+ Belgium	1	False	-1.567554226
0.05	5%	farmed_only	Farmed only	Tmol_scf_18	1510000	1519999	Kingsect Belgium	1	False	-1.959323244
0.05	5%	farmed_and_wild	Farmed + wild	Tmol_scf_18	1515000	1524999	Mystik Canada;Papek Czechia	2	True	-1.7205469
0.05	5%	farmed_and_wild	Farmed + wild	Tmol_scf_18	1545000	1554999	Mystik Canada;Papek Czechia;Pronutrix+ Belgium;Starfood Holland	4	True	-2.263211826
0.05	5%	farmed_only	Farmed only	Tmol_scf_21	15000	24999	Papek Czechia;Pronutrix+ Belgium;Starfood Holland	3	False	-2.254665579
0.05	5%	farmed_only	Farmed only	Tmol_scf_21	35000	44999	Papek Czechia;Starfood Holland	2	False	-2.174959939
0.05	5%	farmed_only	Farmed only	Tmol_scf_21	85000	94999	Pronutrix+ Belgium	1	False	-1.512388257
0.05	5%	farmed_only	Farmed only	Tmol_scf_21	355000	364999	Mystik Canada	1	False	-1.322186314
0.05	5%	farmed_only	Farmed only	Tmol_scf_21	395000	404999	Mystik Canada	1	False	-1.468689665
0.05	5%	farmed_only	Farmed only	Tmol_scf_21	445000	454999	Mystik Canada;Pronutrix+ Belgium	2	False	-1.506269304
0.05	5%	farmed_and_wild	Farmed + wild	Tmol_scf_21	485000	494999	Mystik Canada;Pronutrix+ Belgium	2	True	-1.703051159
0.05	5%	farmed_only	Farmed only	Tmol_scf_21	665000	674999	Starfood Holland	1	False	-2.0329452
0.05	5%	farmed_only	Farmed only	Tmol_scf_21	765000	774999	Pronutrix+ Belgium	1	False	-1.57842322
0.05	5%	farmed_and_wild	Farmed + wild	Tmol_scf_21	815000	824999	Mystik Canada;Pronutrix+ Belgium	2	True	-1.690912382
0.05	5%	farmed_only	Farmed only	Tmol_scf_21	830000	839999	Kingsect Belgium	1	False	-1.679942859
0.05	5%	farmed_only	Farmed only	Tmol_scf_21	840000	849999	Kingsect Belgium	1	False	-1.730651821
0.05	5%	farmed_only	Farmed only	Tmol_scf_21	845000	854999	Pronutrix+ Belgium	1	False	-1.552481381
0.05	5%	farmed_only	Farmed only	Tmol_scf_21	850000	859999	Kingsect Belgium	1	False	-1.804594282
0.05	5%	farmed_only	Farmed only	Tmol_scf_21	860000	869999	Kingsect Belgium	1	False	-1.880514193
0.05	5%	farmed_only	Farmed only	Tmol_scf_21	865000	874999	Papek Czechia;Pronutrix+ Belgium	2	False	-1.945792965
0.05	5%	farmed_only	Farmed only	Tmol_scf_21	870000	879999	Kingsect Belgium	1	False	-1.895169233
0.05	5%	farmed_only	Farmed only	Tmol_scf_21	880000	889999	Kingsect Belgium	1	False	-1.944063569
0.05	5%	farmed_only	Farmed only	Tmol_scf_21	885000	894999	Papek Czechia	1	False	-1.797248266
0.05	5%	farmed_only	Farmed only	Tmol_scf_21	890000	899999	Kingsect Belgium	1	False	-1.990671138
0.05	5%	farmed_and_wild	Farmed + wild	Tmol_scf_21	895000	904999	Mystik Canada;Papek Czechia;Pronutrix+ Belgium;Starfood Holland	4	True	-2.308945479
0.05	5%	farmed_only	Farmed only	Tmol_scf_21	900000	909999	Kingsect Belgium	1	False	-1.946657117
0.05	5%	farmed_only	Farmed only	Tmol_scf_21	910000	919999	Kingsect Belgium	1	False	-1.947263263
0.05	5%	farmed_and_wild	Farmed + wild	Tmol_scf_21	915000	924999	Mystik Canada;Papek Czechia;Pronutrix+ Belgium;Starfood Holland	4	True	-2.28665125
0.05	5%	farmed_only	Farmed only	Tmol_scf_21	920000	929999	Kingsect Belgium	1	False	-1.967945885
0.05	5%	farmed_and_wild	Farmed + wild	Tmol_scf_21	925000	934999	Mystik Canada;Papek Czechia;Starfood Holland	3	True	-2.044947152
0.05	5%	farmed_only	Farmed only	Tmol_scf_21	930000	939999	Kingsect Belgium	1	False	-1.938984512
0.05	5%	farmed_only	Farmed only	Tmol_scf_21	940000	949999	Kingsect Belgium	1	False	-1.996104423
0.05	5%	farmed_only	Farmed only	Tmol_scf_21	950000	959999	Kingsect Belgium	1	False	-1.974807002
0.05	5%	farmed_only	Farmed only	Tmol_scf_21	960000	969999	Kingsect Belgium	1	False	-1.942630218
0.05	5%	farmed_only	Farmed only	Tmol_scf_21	965000	974999	Mystik Canada;Papek Czechia;Pronutrix+ Belgium	3	False	-1.832361832
0.05	5%	farmed_only	Farmed only	Tmol_scf_21	970000	979999	Kingsect Belgium	1	False	-1.949745369
0.05	5%	farmed_only	Farmed only	Tmol_scf_21	980000	989999	Kingsect Belgium	1	False	-2.006878412
0.05	5%	farmed_and_wild	Farmed + wild	Tmol_scf_21	985000	994999	Mystik Canada;Papek Czechia;Pronutrix+ Belgium;Starfood Holland	4	True	-2.608720031
0.05	5%	farmed_only	Farmed only	Tmol_scf_21	990000	999999	Kingsect Belgium	1	False	-2.099851647
0.05	5%	farmed_only	Farmed only	Tmol_scf_21	1000000	1009999	Kingsect Belgium	1	False	-2.111646898
0.05	5%	farmed_only	Farmed only	Tmol_scf_21	1010000	1019999	Kingsect Belgium	1	False	-2.167575884
0.05	5%	farmed_and_wild	Farmed + wild	Tmol_scf_21	1015000	1024999	Mystik Canada;Papek Czechia;Pronutrix+ Belgium;Starfood Holland	4	True	-2.73486546
0.05	5%	farmed_and_wild	Farmed + wild	Tmol_scf_21	1025000	1034999	Mystik Canada;Papek Czechia;Pronutrix+ Belgium;Starfood Holland	4	True	-2.764662459
0.05	5%	farmed_and_wild	Farmed + wild	Tmol_scf_21	1035000	1044999	Mystik Canada;Papek Czechia;Pronutrix+ Belgium;Starfood Holland	4	True	-2.522151722
0.05	5%	farmed_and_wild	Farmed + wild	Tmol_scf_22	15000	24999	Starfood Holland	1	True	-2.065864499
0.05	5%	wild_only	Wild only	Tmol_scf_22	55000	64999		0	True	-1.682410602
0.05	5%	farmed_only	Farmed only	Tmol_scf_22	65000	74999	Mystik Canada;Papek Czechia;Pronutrix+ Belgium;Starfood Holland	4	False	-2.068650563
0.05	5%	farmed_and_wild	Farmed + wild	Tmol_scf_22	115000	124999	Mystik Canada;Papek Czechia;Pronutrix+ Belgium;Starfood Holland	4	True	-2.929262954
0.05	5%	farmed_and_wild	Farmed + wild	Tmol_scf_22	125000	134999	Mystik Canada;Papek Czechia;Pronutrix+ Belgium;Starfood Holland	4	True	-2.660955984
0.05	5%	farmed_and_wild	Farmed + wild	Tmol_scf_22	135000	144999	Mystik Canada;Papek Czechia;Pronutrix+ Belgium;Starfood Holland	4	True	-2.438085213
0.05	5%	farmed_only	Farmed only	Tmol_scf_22	145000	154999	Starfood Holland	1	False	-2.086033554
0.05	5%	farmed_only	Farmed only	Tmol_scf_22	150000	159999	Kingsect Belgium	1	False	-1.815783967
0.05	5%	farmed_only	Farmed only	Tmol_scf_22	155000	164999	Pronutrix+ Belgium;Starfood Holland	2	False	-2.103516018
0.05	5%	farmed_only	Farmed only	Tmol_scf_22	160000	169999	Kingsect Belgium	1	False	-1.922423604
0.05	5%	farmed_only	Farmed only	Tmol_scf_22	170000	179999	Kingsect Belgium	1	False	-1.890388107
0.05	5%	farmed_and_wild	Farmed + wild	Tmol_scf_22	175000	184999	Pronutrix+ Belgium;Starfood Holland	2	True	-2.074263152
0.05	5%	farmed_only	Farmed only	Tmol_scf_22	180000	189999	Kingsect Belgium	1	False	-1.832503946
0.05	5%	farmed_only	Farmed only	Tmol_scf_22	190000	199999	Kingsect Belgium	1	False	-1.838899609
0.05	5%	farmed_only	Farmed only	Tmol_scf_22	195000	204999	Mystik Canada	1	False	-1.174677791
0.05	5%	farmed_only	Farmed only	Tmol_scf_22	200000	209999	Kingsect Belgium	1	False	-1.877314426
0.05	5%	wild_only	Wild only	Tmol_scf_22	205000	214999		0	True	-1.565335637
0.05	5%	farmed_only	Farmed only	Tmol_scf_22	210000	219999	Kingsect Belgium	1	False	-1.866212997
0.05	5%	farmed_and_wild	Farmed + wild	Tmol_scf_22	215000	224999	Papek Czechia;Pronutrix+ Belgium;Starfood Holland	3	True	-2.098232604
0.05	5%	farmed_only	Farmed only	Tmol_scf_22	220000	229999	Kingsect Belgium	1	False	-1.9029039
0.05	5%	farmed_only	Farmed only	Tmol_scf_22	230000	239999	Kingsect Belgium	1	False	-1.842722097
0.05	5%	farmed_only	Farmed only	Tmol_scf_22	240000	249999	Kingsect Belgium	1	False	-1.874026083
0.05	5%	farmed_and_wild	Farmed + wild	Tmol_scf_22	245000	254999	Mystik Canada;Papek Czechia;Pronutrix+ Belgium;Starfood Holland	4	True	-2.324200682
0.05	5%	farmed_only	Farmed only	Tmol_scf_22	250000	259999	Kingsect Belgium	1	False	-1.877006794
0.05	5%	farmed_only	Farmed only	Tmol_scf_22	260000	269999	Kingsect Belgium	1	False	-1.921032865
0.05	5%	farmed_only	Farmed only	Tmol_scf_22	270000	279999	Kingsect Belgium	1	False	-1.965809837
0.05	5%	farmed_only	Farmed only	Tmol_scf_22	280000	289999	Kingsect Belgium	1	False	-2.013095626
0.05	5%	farmed_only	Farmed only	Tmol_scf_22	290000	299999	Kingsect Belgium	1	False	-1.951274444
0.05	5%	farmed_only	Farmed only	Tmol_scf_22	295000	304999	Starfood Holland	1	False	-2.187453177
0.05	5%	farmed_only	Farmed only	Tmol_scf_22	300000	309999	Kingsect Belgium	1	False	-1.906251849
0.05	5%	farmed_only	Farmed only	Tmol_scf_22	310000	319999	Kingsect Belgium	1	False	-1.916838584
0.05	5%	farmed_and_wild	Farmed + wild	Tmol_scf_22	315000	324999	Mystik Canada;Papek Czechia;Pronutrix+ Belgium;Starfood Holland	4	True	-2.430301725
0.05	5%	farmed_only	Farmed only	Tmol_scf_22	320000	329999	Kingsect Belgium	1	False	-1.941708151
0.05	5%	farmed_only	Farmed only	Tmol_scf_22	325000	334999	Mystik Canada;Papek Czechia;Pronutrix+ Belgium;Starfood Holland	4	False	-2.366152814
0.05	5%	farmed_only	Farmed only	Tmol_scf_22	330000	339999	Kingsect Belgium	1	False	-2.035080867
0.05	5%	farmed_only	Farmed only	Tmol_scf_22	340000	349999	Kingsect Belgium	1	False	-2.08296056
0.05	5%	farmed_only	Farmed only	Tmol_scf_22	350000	359999	Kingsect Belgium	1	False	-2.07652772
0.05	5%	farmed_only	Farmed only	Tmol_scf_22	360000	369999	Kingsect Belgium	1	False	-2.033654003
0.05	5%	farmed_only	Farmed only	Tmol_scf_22	365000	374999	Pronutrix+ Belgium	1	False	-1.467303018
0.05	5%	farmed_only	Farmed only	Tmol_scf_22	370000	379999	Kingsect Belgium	1	False	-1.944027443
0.05	5%	farmed_only	Farmed only	Tmol_scf_22	375000	384999	Mystik Canada;Papek Czechia;Pronutrix+ Belgium;Starfood Holland	4	False	-2.120078894
0.05	5%	farmed_only	Farmed only	Tmol_scf_22	380000	389999	Kingsect Belgium	1	False	-1.844559391
0.05	5%	farmed_only	Farmed only	Tmol_scf_22	385000	394999	Starfood Holland	1	False	-2.094403866
0.05	5%	farmed_only	Farmed only	Tmol_scf_22	390000	399999	Kingsect Belgium	1	False	-1.849519459
0.05	5%	farmed_only	Farmed only	Tmol_scf_22	395000	404999	Papek Czechia;Pronutrix+ Belgium	2	False	-1.823586607
0.05	5%	farmed_only	Farmed only	Tmol_scf_22	400000	409999	Kingsect Belgium	1	False	-1.818683753
0.05	5%	farmed_only	Farmed only	Tmol_scf_22	405000	414999	Pronutrix+ Belgium	1	False	-1.613916824
0.05	5%	farmed_only	Farmed only	Tmol_scf_22	410000	419999	Kingsect Belgium	1	False	-1.807935731
0.05	5%	farmed_only	Farmed only	Tmol_scf_22	420000	429999	Kingsect Belgium	1	False	-1.818035212
0.05	5%	farmed_only	Farmed only	Tmol_scf_22	430000	439999	Kingsect Belgium	1	False	-1.735736836
0.05	5%	farmed_only	Farmed only	Tmol_scf_22	440000	449999	Kingsect Belgium	1	False	-1.732931951
0.05	5%	farmed_only	Farmed only	Tmol_scf_22	450000	459999	Kingsect Belgium	1	False	-1.745107014
0.05	5%	farmed_only	Farmed only	Tmol_scf_22	460000	469999	Kingsect Belgium	1	False	-1.808114247
0.05	5%	farmed_only	Farmed only	Tmol_scf_22	465000	474999	Mystik Canada;Pronutrix+ Belgium;Starfood Holland	3	False	-2.116692599
0.05	5%	farmed_only	Farmed only	Tmol_scf_22	470000	479999	Kingsect Belgium	1	False	-1.836108103
0.05	5%	farmed_only	Farmed only	Tmol_scf_22	480000	489999	Kingsect Belgium	1	False	-1.936254971
0.05	5%	farmed_only	Farmed only	Tmol_scf_22	485000	494999	Mystik Canada;Papek Czechia	2	False	-1.721358339
0.05	5%	farmed_only	Farmed only	Tmol_scf_22	490000	499999	Kingsect Belgium	1	False	-2.0280114
0.05	5%	farmed_only	Farmed only	Tmol_scf_22	495000	504999	Mystik Canada;Starfood Holland	2	False	-2.031110624
0.05	5%	farmed_only	Farmed only	Tmol_scf_22	500000	509999	Kingsect Belgium	1	False	-2.248066857
0.05	5%	farmed_and_wild	Farmed + wild	Tmol_scf_22	505000	514999	Mystik Canada;Papek Czechia;Pronutrix+ Belgium;Starfood Holland	4	True	-2.381245017
0.05	5%	farmed_only	Farmed only	Tmol_scf_22	510000	519999	Kingsect Belgium	1	False	-2.356925607
0.05	5%	farmed_only	Farmed only	Tmol_scf_22	515000	524999	Papek Czechia;Pronutrix+ Belgium;Starfood Holland	3	False	-2.09341657
0.05	5%	farmed_only	Farmed only	Tmol_scf_22	520000	529999	Kingsect Belgium	1	False	-2.376727084
0.05	5%	farmed_only	Farmed only	Tmol_scf_22	530000	539999	Kingsect Belgium	1	False	-2.39381997
0.05	5%	farmed_only	Farmed only	Tmol_scf_22	540000	549999	Kingsect Belgium	1	False	-2.360766021
0.05	5%	farmed_and_wild	Farmed + wild	Tmol_scf_22	545000	554999	Mystik Canada;Papek Czechia;Pronutrix+ Belgium;Starfood Holland	4	True	-2.84218707
0.05	5%	farmed_only	Farmed only	Tmol_scf_22	550000	559999	Kingsect Belgium	1	False	-2.329494647
0.05	5%	farmed_and_wild	Farmed + wild	Tmol_scf_22	555000	564999	Mystik Canada;Papek Czechia;Pronutrix+ Belgium;Starfood Holland	4	True	-2.39972607
0.05	5%	farmed_only	Farmed only	Tmol_scf_22	560000	569999	Kingsect Belgium	1	False	-2.245099791
0.05	5%	farmed_only	Farmed only	Tmol_scf_22	565000	574999	Mystik Canada	1	False	-1.201097633
0.05	5%	farmed_only	Farmed only	Tmol_scf_22	570000	579999	Kingsect Belgium	1	False	-2.264691001
0.05	5%	farmed_only	Farmed only	Tmol_scf_22	575000	584999	Papek Czechia	1	False	-1.770998508
0.05	5%	farmed_only	Farmed only	Tmol_scf_22	580000	589999	Kingsect Belgium	1	False	-2.226602592
0.05	5%	farmed_only	Farmed only	Tmol_scf_22	590000	599999	Kingsect Belgium	1	False	-2.25056969
0.05	5%	farmed_only	Farmed only	Tmol_scf_22	600000	609999	Kingsect Belgium	1	False	-2.078620998
0.05	5%	farmed_only	Farmed only	Tmol_scf_22	610000	619999	Kingsect Belgium	1	False	-1.964602427
0.05	5%	farmed_only	Farmed only	Tmol_scf_22	615000	624999	Papek Czechia;Pronutrix+ Belgium;Starfood Holland	3	False	-2.170111915
0.05	5%	farmed_only	Farmed only	Tmol_scf_22	620000	629999	Kingsect Belgium	1	False	-1.915574291
0.05	5%	farmed_only	Farmed only	Tmol_scf_22	630000	639999	Kingsect Belgium	1	False	-1.992653442
0.05	5%	farmed_and_wild	Farmed + wild	Tmol_scf_22	635000	644999	Mystik Canada;Papek Czechia;Pronutrix+ Belgium;Starfood Holland	4	True	-2.550027686
0.05	5%	farmed_only	Farmed only	Tmol_scf_22	640000	649999	Kingsect Belgium	1	False	-1.98541352
0.05	5%	farmed_only	Farmed only	Tmol_scf_22	650000	659999	Kingsect Belgium	1	False	-2.013025996
0.05	5%	farmed_only	Farmed only	Tmol_scf_22	660000	669999	Kingsect Belgium	1	False	-1.999589206
0.05	5%	farmed_only	Farmed only	Tmol_scf_22	670000	679999	Kingsect Belgium	1	False	-1.993805052
0.05	5%	farmed_and_wild	Farmed + wild	Tmol_scf_22	675000	684999	Mystik Canada;Papek Czechia;Pronutrix+ Belgium;Starfood Holland	4	True	-2.307550992
0.05	5%	farmed_only	Farmed only	Tmol_scf_22	680000	689999	Kingsect Belgium	1	False	-2.073026767
0.05	5%	farmed_only	Farmed only	Tmol_scf_22	690000	699999	Kingsect Belgium	1	False	-2.101101168
0.05	5%	farmed_and_wild	Farmed + wild	Tmol_scf_22	695000	704999	Papek Czechia;Pronutrix+ Belgium	2	True	-2.065506978
0.05	5%	farmed_only	Farmed only	Tmol_scf_22	700000	709999	Kingsect Belgium	1	False	-2.22725874
0.05	5%	farmed_only	Farmed only	Tmol_scf_22	705000	714999	Mystik Canada	1	False	-1.249305682
0.05	5%	farmed_only	Farmed only	Tmol_scf_22	710000	719999	Kingsect Belgium	1	False	-2.358437419
0.05	5%	farmed_and_wild	Farmed + wild	Tmol_scf_22	715000	724999	Mystik Canada;Papek Czechia;Pronutrix+ Belgium;Starfood Holland	4	True	-2.440258011
0.05	5%	farmed_only	Farmed only	Tmol_scf_22	720000	729999	Kingsect Belgium	1	False	-2.330798828
0.05	5%	farmed_and_wild	Farmed + wild	Tmol_scf_22	725000	734999	Mystik Canada;Papek Czechia;Pronutrix+ Belgium;Starfood Holland	4	True	-2.579322914
0.05	5%	farmed_and_wild	Farmed + wild	Tmol_scf_22	735000	744999	Mystik Canada;Papek Czechia;Pronutrix+ Belgium;Starfood Holland	4	True	-2.571765045
0.05	5%	farmed_and_wild	Farmed + wild	Tmol_scf_22	745000	754999	Mystik Canada;Papek Czechia;Pronutrix+ Belgium;Starfood Holland	4	True	-2.55997867
0.05	5%	farmed_and_wild	Farmed + wild	Tmol_scf_22	755000	764999	Mystik Canada;Papek Czechia;Pronutrix+ Belgium;Starfood Holland	4	True	-3.190009331
0.05	5%	farmed_only	Farmed only	Tmol_scf_23	305000	314999	Mystik Canada;Pronutrix+ Belgium	2	False	-1.480710867
0.05	5%	farmed_and_wild	Farmed + wild	Tmol_scf_23	485000	494999	Mystik Canada;Papek Czechia;Pronutrix+ Belgium;Starfood Holland	4	True	-2.524992599
0.05	5%	wild_only	Wild only	Tmol_scf_23	495000	504999		0	True	-1.575701924
0.05	5%	wild_only	Wild only	Tmol_scf_23	545000	554999		0	True	-1.601114476
0.05	5%	wild_only	Wild only	Tmol_scf_23	585000	594999		0	True	-1.672600863
0.05	5%	wild_only	Wild only	Tmol_scf_23	605000	614999		0	True	-1.749300153
0.05	5%	farmed_and_wild	Farmed + wild	Tmol_scf_23	615000	624999	Mystik Canada;Papek Czechia;Pronutrix+ Belgium;Starfood Holland	4	True	-2.475396419
0.05	5%	farmed_only	Farmed only	Tmol_scf_23	625000	634999	Mystik Canada;Papek Czechia;Pronutrix+ Belgium;Starfood Holland	4	False	-2.625734227
0.05	5%	farmed_and_wild	Farmed + wild	Tmol_scf_23	635000	644999	Pronutrix+ Belgium;Starfood Holland	2	True	-2.732189827
0.05	5%	farmed_and_wild	Farmed + wild	Tmol_scf_23	645000	654999	Mystik Canada;Papek Czechia;Pronutrix+ Belgium;Starfood Holland	4	True	-2.898986761
0.05	5%	farmed_and_wild	Farmed + wild	Tmol_scf_23	655000	664999	Papek Czechia;Pronutrix+ Belgium;Starfood Holland	3	True	-2.948661009
0.05	5%	farmed_and_wild	Farmed + wild	Tmol_scf_23	665000	674999	Papek Czechia;Starfood Holland	2	True	-2.926874106
0.05	5%	farmed_and_wild	Farmed + wild	Tmol_scf_24	355000	364999	Pronutrix+ Belgium	1	True	-1.579605041
0.05	5%	farmed_only	Farmed only	Tmol_scf_24	570000	579999	Kingsect Belgium	1	False	-1.73938839
0.05	5%	farmed_only	Farmed only	Tmol_scf_24	580000	589999	Kingsect Belgium	1	False	-1.998615302
0.05	5%	farmed_only	Farmed only	Tmol_scf_24	590000	599999	Kingsect Belgium	1	False	-2.087642929
0.05	5%	farmed_only	Farmed only	Tmol_scf_24	600000	609999	Kingsect Belgium	1	False	-2.107826307
0.05	5%	farmed_only	Farmed only	Tmol_scf_24	610000	619999	Kingsect Belgium	1	False	-2.092456332
0.05	5%	farmed_and_wild	Farmed + wild	Tmol_scf_24	615000	624999	Mystik Canada;Papek Czechia;Pronutrix+ Belgium;Starfood Holland	4	True	-2.335387049
0.05	5%	farmed_and_wild	Farmed + wild	Tmol_scf_24	625000	634999	Mystik Canada;Papek Czechia;Pronutrix+ Belgium;Starfood Holland	4	True	-2.918524723
0.05	5%	farmed_and_wild	Farmed + wild	Tmol_scf_24	635000	644999	Mystik Canada;Papek Czechia;Pronutrix+ Belgium;Starfood Holland	4	True	-2.625803839
0.05	5%	farmed_and_wild	Farmed + wild	Tmol_scf_25	155000	164999	Mystik Canada	1	True	-1.580970633
0.05	5%	wild_only	Wild only	Tmol_scf_25	165000	174999		0	True	-1.618239411
0.05	5%	farmed_and_wild	Farmed + wild	Tmol_scf_25	195000	204999	Pronutrix+ Belgium	1	True	-1.704226071
0.05	5%	farmed_and_wild	Farmed + wild	Tmol_scf_25	435000	444999	Papek Czechia;Pronutrix+ Belgium;Starfood Holland	3	True	-2.056822718
0.05	5%	wild_only	Wild only	Tmol_scf_25	515000	524999		0	True	-1.561911968
0.05	5%	farmed_only	Farmed only	Tmol_scf_28	15000	24999	Mystik Canada;Papek Czechia;Pronutrix+ Belgium;Starfood Holland	4	False	-2.7411235
0.05	5%	farmed_and_wild	Farmed + wild	Tmol_scf_28	25000	34999	Mystik Canada;Papek Czechia;Pronutrix+ Belgium;Starfood Holland	4	True	-2.493663133
0.05	5%	farmed_only	Farmed only	Tmol_scf_28	35000	44999	Pronutrix+ Belgium	1	False	-1.78977622
0.05	5%	farmed_only	Farmed only	Tmol_scf_28	45000	54999	Pronutrix+ Belgium;Starfood Holland	2	False	-2.411029134
0.05	5%	farmed_only	Farmed only	Tmol_scf_28	50000	59999	Kingsect Belgium	1	False	-2.195493859
0.05	5%	farmed_only	Farmed only	Tmol_scf_28	60000	69999	Kingsect Belgium	1	False	-2.276530122
0.05	5%	farmed_and_wild	Farmed + wild	Tmol_scf_28	65000	74999	Mystik Canada;Papek Czechia;Pronutrix+ Belgium;Starfood Holland	4	True	-2.365976897
0.05	5%	farmed_only	Farmed only	Tmol_scf_28	70000	79999	Kingsect Belgium	1	False	-2.259041708
0.05	5%	farmed_only	Farmed only	Tmol_scf_28	80000	89999	Kingsect Belgium	1	False	-2.213790443
0.05	5%	farmed_only	Farmed only	Tmol_scf_28	85000	94999	Pronutrix+ Belgium	1	False	-1.844242853
0.05	5%	farmed_only	Farmed only	Tmol_scf_28	90000	99999	Kingsect Belgium	1	False	-2.176816105
0.05	5%	farmed_and_wild	Farmed + wild	Tmol_scf_28	95000	104999	Mystik Canada;Papek Czechia;Pronutrix+ Belgium;Starfood Holland	4	True	-2.333497142
0.05	5%	farmed_only	Farmed only	Tmol_scf_28	100000	109999	Kingsect Belgium	1	False	-2.17580248
0.05	5%	farmed_only	Farmed only	Tmol_scf_28	105000	114999	Mystik Canada;Papek Czechia;Pronutrix+ Belgium;Starfood Holland	4	False	-2.401423171
0.05	5%	farmed_only	Farmed only	Tmol_scf_28	110000	119999	Kingsect Belgium	1	False	-2.158925374
0.05	5%	farmed_only	Farmed only	Tmol_scf_28	115000	124999	Mystik Canada;Pronutrix+ Belgium	2	False	-1.985469783
0.05	5%	farmed_only	Farmed only	Tmol_scf_28	120000	129999	Kingsect Belgium	1	False	-1.988681083
0.05	5%	farmed_only	Farmed only	Tmol_scf_28	125000	134999	Pronutrix+ Belgium	1	False	-2.00135738
0.05	5%	farmed_only	Farmed only	Tmol_scf_28	130000	139999	Kingsect Belgium	1	False	-1.981716761
0.05	5%	farmed_only	Farmed only	Tmol_scf_28	135000	144999	Mystik Canada;Pronutrix+ Belgium;Starfood Holland	3	False	-2.089209425
0.05	5%	farmed_only	Farmed only	Tmol_scf_28	140000	149999	Kingsect Belgium	1	False	-1.985134526
0.05	5%	farmed_only	Farmed only	Tmol_scf_28	145000	154999	Mystik Canada;Papek Czechia;Pronutrix+ Belgium;Starfood Holland	4	False	-2.518579056
0.05	5%	farmed_only	Farmed only	Tmol_scf_28	150000	159999	Kingsect Belgium	1	False	-1.910703715
0.05	5%	farmed_only	Farmed only	Tmol_scf_28	155000	164999	Papek Czechia	1	False	-1.839437042
0.05	5%	farmed_only	Farmed only	Tmol_scf_28	160000	169999	Kingsect Belgium	1	False	-1.887001759
0.05	5%	farmed_only	Farmed only	Tmol_scf_28	165000	174999	Pronutrix+ Belgium	1	False	-1.590295047
0.05	5%	farmed_only	Farmed only	Tmol_scf_28	170000	179999	Kingsect Belgium	1	False	-1.903395351
0.05	5%	farmed_only	Farmed only	Tmol_scf_28	175000	184999	Mystik Canada;Pronutrix+ Belgium;Starfood Holland	3	False	-2.206878252
0.05	5%	farmed_only	Farmed only	Tmol_scf_28	180000	189999	Kingsect Belgium	1	False	-1.978453393
0.05	5%	farmed_only	Farmed only	Tmol_scf_28	185000	194999	Mystik Canada;Pronutrix+ Belgium	2	False	-1.582363362
0.05	5%	farmed_only	Farmed only	Tmol_scf_28	190000	199999	Kingsect Belgium	1	False	-2.025820316
0.05	5%	farmed_only	Farmed only	Tmol_scf_28	200000	209999	Kingsect Belgium	1	False	-2.013990858
0.05	5%	farmed_only	Farmed only	Tmol_scf_28	205000	214999	Pronutrix+ Belgium;Starfood Holland	2	False	-2.186221672
0.05	5%	farmed_only	Farmed only	Tmol_scf_28	210000	219999	Kingsect Belgium	1	False	-2.005856711
0.05	5%	farmed_only	Farmed only	Tmol_scf_28	215000	224999	Mystik Canada;Pronutrix+ Belgium;Starfood Holland	3	False	-2.244280491
0.05	5%	farmed_only	Farmed only	Tmol_scf_28	220000	229999	Kingsect Belgium	1	False	-2.090712604
0.05	5%	farmed_only	Farmed only	Tmol_scf_28	225000	234999	Papek Czechia;Pronutrix+ Belgium;Starfood Holland	3	False	-2.675736069
0.05	5%	farmed_only	Farmed only	Tmol_scf_28	230000	239999	Kingsect Belgium	1	False	-2.117763072
0.05	5%	farmed_only	Farmed only	Tmol_scf_28	235000	244999	Starfood Holland	1	False	-2.184020069
0.05	5%	farmed_only	Farmed only	Tmol_scf_28	240000	249999	Kingsect Belgium	1	False	-2.179630337
0.05	5%	farmed_and_wild	Farmed + wild	Tmol_scf_28	245000	254999	Papek Czechia;Pronutrix+ Belgium	2	True	-2.11513064
0.05	5%	farmed_only	Farmed only	Tmol_scf_28	250000	259999	Kingsect Belgium	1	False	-2.226540754
0.05	5%	farmed_only	Farmed only	Tmol_scf_28	255000	264999	Mystik Canada;Pronutrix+ Belgium	2	False	-1.663183864
0.05	5%	farmed_only	Farmed only	Tmol_scf_28	260000	269999	Kingsect Belgium	1	False	-2.254746612
0.05	5%	farmed_and_wild	Farmed + wild	Tmol_scf_28	265000	274999	Papek Czechia;Pronutrix+ Belgium	2	True	-2.370362265
0.05	5%	farmed_only	Farmed only	Tmol_scf_28	270000	279999	Kingsect Belgium	1	False	-2.199111112
0.05	5%	farmed_only	Farmed only	Tmol_scf_28	275000	284999	Pronutrix+ Belgium	1	False	-1.582974878
0.05	5%	farmed_only	Farmed only	Tmol_scf_28	280000	289999	Kingsect Belgium	1	False	-2.147015264
0.05	5%	farmed_only	Farmed only	Tmol_scf_28	285000	294999	Pronutrix+ Belgium;Starfood Holland	2	False	-2.370542984
0.05	5%	farmed_only	Farmed only	Tmol_scf_28	305000	314999	Mystik Canada;Papek Czechia;Pronutrix+ Belgium;Starfood Holland	4	False	-2.34924935
0.05	5%	farmed_only	Farmed only	Tmol_scf_28	325000	334999	Pronutrix+ Belgium	1	False	-2.199799503
0.05	5%	farmed_and_wild	Farmed + wild	Tmol_scf_28	355000	364999	Mystik Canada;Papek Czechia;Pronutrix+ Belgium;Starfood Holland	4	True	-2.439511931
0.05	5%	farmed_only	Farmed only	Tmol_scf_28	365000	374999	Pronutrix+ Belgium	1	False	-1.750530738
0.05	5%	farmed_only	Farmed only	Tmol_scf_28	375000	384999	Pronutrix+ Belgium	1	False	-1.779361115
0.05	5%	farmed_only	Farmed only	Tmol_scf_28	385000	394999	Mystik Canada;Papek Czechia;Pronutrix+ Belgium;Starfood Holland	4	False	-2.540282117
0.05	5%	farmed_only	Farmed only	Tmol_scf_28	390000	399999	Kingsect Belgium	1	False	-1.963914474
0.05	5%	farmed_only	Farmed only	Tmol_scf_28	400000	409999	Kingsect Belgium	1	False	-2.019147921
0.05	5%	farmed_only	Farmed only	Tmol_scf_28	405000	414999	Papek Czechia	1	False	-1.858043077
0.05	5%	farmed_only	Farmed only	Tmol_scf_28	410000	419999	Kingsect Belgium	1	False	-1.911628262
0.05	5%	farmed_only	Farmed only	Tmol_scf_28	415000	424999	Pronutrix+ Belgium	1	False	-1.734656828
0.05	5%	farmed_only	Farmed only	Tmol_scf_28	420000	429999	Kingsect Belgium	1	False	-1.880592019
0.05	5%	farmed_only	Farmed only	Tmol_scf_28	430000	439999	Kingsect Belgium	1	False	-1.927126801
0.05	5%	farmed_and_wild	Farmed + wild	Tmol_scf_28	435000	444999	Mystik Canada;Papek Czechia;Starfood Holland	3	True	-2.481337573
0.05	5%	farmed_only	Farmed only	Tmol_scf_28	445000	454999	Mystik Canada	1	False	-1.359893029
0.05	5%	farmed_only	Farmed only	Tmol_scf_28	455000	464999	Pronutrix+ Belgium	1	False	-2.287950707
0.05	5%	farmed_only	Farmed only	Tmol_scf_29	15000	24999	Starfood Holland	1	False	-2.071786403
0.05	5%	farmed_only	Farmed only	Tmol_scf_29	25000	34999	Starfood Holland	1	False	-2.696951299
0.05	5%	farmed_only	Farmed only	Tmol_scf_29	35000	44999	Starfood Holland	1	False	-2.824136601
0.05	5%	farmed_only	Farmed only	Tmol_scf_29	45000	54999	Starfood Holland	1	False	-2.598836969
0.05	5%	farmed_only	Farmed only	Tmol_scf_29	65000	74999	Mystik Canada;Papek Czechia;Pronutrix+ Belgium;Starfood Holland	4	False	-3.228022821
0.05	5%	farmed_and_wild	Farmed + wild	Tmol_scf_29	75000	84999	Mystik Canada	1	True	-1.889489412
0.05	5%	farmed_and_wild	Farmed + wild	Tmol_scf_29	85000	94999	Papek Czechia;Starfood Holland	2	True	-2.564228508
0.05	5%	wild_only	Wild only	Tmol_scf_29	115000	124999		0	True	-1.731095082
0.05	5%	farmed_and_wild	Farmed + wild	Tmol_scf_29	155000	164999	Mystik Canada;Pronutrix+ Belgium	2	True	-1.78089458
0.05	5%	farmed_and_wild	Farmed + wild	Tmol_scf_29	165000	174999	Mystik Canada;Papek Czechia;Pronutrix+ Belgium;Starfood Holland	4	True	-2.281530477
0.05	5%	farmed_only	Farmed only	Tmol_scf_29	175000	184999	Papek Czechia	1	False	-1.916269119
0.05	5%	farmed_only	Farmed only	Tmol_scf_29	180000	189999	Kingsect Belgium	1	False	-1.743165307
0.05	5%	farmed_only	Farmed only	Tmol_scf_29	185000	194999	Pronutrix+ Belgium	1	False	-1.720288545
0.05	5%	farmed_only	Farmed only	Tmol_scf_29	190000	199999	Kingsect Belgium	1	False	-1.737200069
0.05	5%	farmed_and_wild	Farmed + wild	Tmol_scf_29	215000	224999	Mystik Canada;Papek Czechia;Pronutrix+ Belgium;Starfood Holland	4	True	-3.151543646
0.05	5%	farmed_only	Farmed only	Tmol_scf_29	275000	284999	Mystik Canada;Papek Czechia;Pronutrix+ Belgium;Starfood Holland	4	False	-2.538617233
0.05	5%	farmed_and_wild	Farmed + wild	Tmol_scf_29	295000	304999	Mystik Canada;Papek Czechia;Pronutrix+ Belgium;Starfood Holland	4	True	-3.029251934
0.05	5%	farmed_only	Farmed only	Tmol_scf_29	300000	309999	Kingsect Belgium	1	False	-1.840206824
0.05	5%	farmed_and_wild	Farmed + wild	Tmol_scf_29	305000	314999	Mystik Canada;Papek Czechia;Pronutrix+ Belgium;Starfood Holland	4	True	-3.012374012
0.05	5%	farmed_only	Farmed only	Tmol_scf_29	310000	319999	Kingsect Belgium	1	False	-2.561396217
0.05	5%	farmed_and_wild	Farmed + wild	Tmol_scf_29	315000	324999	Mystik Canada;Papek Czechia;Pronutrix+ Belgium;Starfood Holland	4	True	-3.147992608
0.05	5%	farmed_only	Farmed only	Tmol_scf_29	320000	329999	Kingsect Belgium	1	False	-2.86087848
0.05	5%	farmed_and_wild	Farmed + wild	Tmol_scf_29	325000	334999	Mystik Canada;Papek Czechia;Pronutrix+ Belgium;Starfood Holland	4	True	-2.97217345
0.05	5%	farmed_only	Farmed only	Tmol_scf_29	330000	339999	Kingsect Belgium	1	False	-2.909523762
0.05	5%	farmed_and_wild	Farmed + wild	Tmol_scf_29	335000	344999	Mystik Canada;Papek Czechia;Pronutrix+ Belgium;Starfood Holland	4	True	-3.066097754
0.05	5%	farmed_only	Farmed only	Tmol_scf_29	340000	349999	Kingsect Belgium	1	False	-3.099019245
0.05	5%	farmed_and_wild	Farmed + wild	Tmol_scf_29	345000	354999	Mystik Canada;Papek Czechia;Pronutrix+ Belgium;Starfood Holland	4	True	-3.472158828
0.05	5%	farmed_only	Farmed only	Tmol_scf_29	350000	359999	Kingsect Belgium	1	False	-3.092297319
0.05	5%	farmed_and_wild	Farmed + wild	Tmol_scf_29	355000	364999	Mystik Canada;Papek Czechia;Pronutrix+ Belgium;Starfood Holland	4	True	-3.127310783
0.05	5%	farmed_only	Farmed only	Tmol_scf_29	360000	369999	Kingsect Belgium	1	False	-2.921825769
0.05	5%	farmed_and_wild	Farmed + wild	Tmol_scf_29	365000	374999	Mystik Canada;Papek Czechia;Pronutrix+ Belgium;Starfood Holland	4	True	-3.046798591
0.05	5%	farmed_only	Farmed only	Tmol_scf_29	370000	379999	Kingsect Belgium	1	False	-2.802059622
0.05	5%	farmed_and_wild	Farmed + wild	Tmol_scf_29	375000	384999	Mystik Canada;Papek Czechia;Pronutrix+ Belgium;Starfood Holland	4	True	-3.301868097
0.05	5%	farmed_only	Farmed only	Tmol_scf_29	380000	389999	Kingsect Belgium	1	False	-2.56058051
0.05	5%	farmed_and_wild	Farmed + wild	Tmol_scf_29	385000	394999	Mystik Canada;Papek Czechia;Pronutrix+ Belgium;Starfood Holland	4	True	-3.005318821
0.05	5%	farmed_only	Farmed only	Tmol_scf_29	390000	399999	Kingsect Belgium	1	False	-2.416454738
0.05	5%	farmed_and_wild	Farmed + wild	Tmol_scf_29	395000	404999	Mystik Canada;Papek Czechia;Pronutrix+ Belgium;Starfood Holland	4	True	-3.051970357
0.05	5%	farmed_only	Farmed only	Tmol_scf_29	400000	409999	Kingsect Belgium	1	False	-2.396648756
0.05	5%	farmed_and_wild	Farmed + wild	Tmol_scf_29	405000	414999	Mystik Canada;Papek Czechia;Pronutrix+ Belgium;Starfood Holland	4	True	-2.054157699
0.05	5%	farmed_and_wild	Farmed + wild	Tmol_scf_29	415000	424999	Pronutrix+ Belgium;Starfood Holland	2	True	-2.194108254
0.05	5%	farmed_only	Farmed only	Tmol_scf_29	425000	434999	Pronutrix+ Belgium	1	False	-1.593771599
0.05	5%	farmed_only	Farmed only	Tmol_scf_30	385000	394999	Papek Czechia;Pronutrix+ Belgium;Starfood Holland	3	False	-2.086643178
0.05	5%	farmed_only	Farmed only	Tmol_scf_31	5000	14999	Starfood Holland	1	False	-2.337117335
0.05	5%	farmed_and_wild	Farmed + wild	Tmol_scf_31	25000	34999	Mystik Canada;Papek Czechia;Pronutrix+ Belgium;Starfood Holland	4	True	-2.423009476
0.05	5%	farmed_only	Farmed only	Tmol_scf_31	35000	44999	Papek Czechia;Pronutrix+ Belgium;Starfood Holland	3	False	-2.271656986
0.05	5%	farmed_and_wild	Farmed + wild	Tmol_scf_31	45000	54999	Mystik Canada;Papek Czechia;Pronutrix+ Belgium;Starfood Holland	4	True	-2.913903194
0.05	5%	farmed_only	Farmed only	Tmol_scf_31	115000	124999	Pronutrix+ Belgium	1	False	-1.572767223
0.05	5%	farmed_and_wild	Farmed + wild	Tmol_scf_31	135000	144999	Mystik Canada;Papek Czechia;Pronutrix+ Belgium	3	True	-2.120805282
0.05	5%	farmed_and_wild	Farmed + wild	Tmol_scf_31	165000	174999	Mystik Canada;Papek Czechia;Pronutrix+ Belgium	3	True	-1.722165494
0.05	5%	farmed_only	Farmed only	Tmol_scf_31	170000	179999	Kingsect Belgium	1	False	-1.761499346
0.05	5%	farmed_and_wild	Farmed + wild	Tmol_scf_31	175000	184999	Papek Czechia;Pronutrix+ Belgium;Starfood Holland	3	True	-2.623363288
0.05	5%	farmed_only	Farmed only	Tmol_scf_31	180000	189999	Kingsect Belgium	1	False	-2.041915331
0.05	5%	farmed_and_wild	Farmed + wild	Tmol_scf_31	185000	194999	Papek Czechia;Pronutrix+ Belgium;Starfood Holland	3	True	-2.416591183
0.05	5%	farmed_only	Farmed only	Tmol_scf_31	190000	199999	Kingsect Belgium	1	False	-2.020134616
0.05	5%	farmed_and_wild	Farmed + wild	Tmol_scf_31	195000	204999	Mystik Canada;Papek Czechia;Pronutrix+ Belgium;Starfood Holland	4	True	-3.116887172
0.05	5%	farmed_only	Farmed only	Tmol_scf_31	200000	209999	Kingsect Belgium	1	False	-2.094611022
0.05	5%	farmed_and_wild	Farmed + wild	Tmol_scf_31	205000	214999	Mystik Canada;Papek Czechia;Pronutrix+ Belgium;Starfood Holland	4	True	-2.507798635
0.05	5%	farmed_only	Farmed only	Tmol_scf_31	210000	219999	Kingsect Belgium	1	False	-2.206788465
0.05	5%	farmed_only	Farmed only	Tmol_scf_31	215000	224999	Mystik Canada;Papek Czechia;Pronutrix+ Belgium;Starfood Holland	4	False	-2.20710791
0.05	5%	farmed_only	Farmed only	Tmol_scf_31	220000	229999	Kingsect Belgium	1	False	-2.255725652
0.05	5%	farmed_only	Farmed only	Tmol_scf_31	225000	234999	Papek Czechia;Pronutrix+ Belgium;Starfood Holland	3	False	-2.781805293
0.05	5%	farmed_only	Farmed only	Tmol_scf_31	230000	239999	Kingsect Belgium	1	False	-2.202992435
0.05	5%	farmed_only	Farmed only	Tmol_scf_31	240000	249999	Kingsect Belgium	1	False	-2.157414335
0.05	5%	farmed_only	Farmed only	Tmol_scf_31	245000	254999	Pronutrix+ Belgium	1	False	-1.57920641
0.05	5%	farmed_only	Farmed only	Tmol_scf_31	250000	259999	Kingsect Belgium	1	False	-1.974670261
0.05	5%	farmed_only	Farmed only	Tmol_scf_31	260000	269999	Kingsect Belgium	1	False	-1.915961382
0.05	5%	farmed_only	Farmed only	Tmol_scf_31	270000	279999	Kingsect Belgium	1	False	-1.923210111
0.05	5%	farmed_only	Farmed only	Tmol_scf_31	275000	284999	Papek Czechia;Pronutrix+ Belgium;Starfood Holland	3	False	-2.061827395
0.05	5%	farmed_only	Farmed only	Tmol_scf_31	280000	289999	Kingsect Belgium	1	False	-1.937126207
0.05	5%	farmed_and_wild	Farmed + wild	Tmol_scf_31	285000	294999	Mystik Canada;Papek Czechia;Pronutrix+ Belgium;Starfood Holland	4	True	-2.940189335
0.05	5%	farmed_only	Farmed only	Tmol_scf_31	290000	299999	Kingsect Belgium	1	False	-1.948422992
0.05	5%	farmed_only	Farmed only	Tmol_scf_31	295000	304999	Pronutrix+ Belgium	1	False	-1.479986458
0.05	5%	farmed_only	Farmed only	Tmol_scf_31	300000	309999	Kingsect Belgium	1	False	-2.139443126
0.05	5%	farmed_only	Farmed only	Tmol_scf_31	305000	314999	Papek Czechia;Pronutrix+ Belgium;Starfood Holland	3	False	-2.356785932
0.05	5%	farmed_only	Farmed only	Tmol_scf_31	310000	319999	Kingsect Belgium	1	False	-2.165359471
0.05	5%	farmed_only	Farmed only	Tmol_scf_31	315000	324999	Papek Czechia;Pronutrix+ Belgium;Starfood Holland	3	False	-2.56602155
0.05	5%	farmed_only	Farmed only	Tmol_scf_31	320000	329999	Kingsect Belgium	1	False	-2.214205573
0.05	5%	farmed_and_wild	Farmed + wild	Tmol_scf_31	325000	334999	Mystik Canada;Papek Czechia;Pronutrix+ Belgium;Starfood Holland	4	True	-2.837630929
0.05	5%	farmed_only	Farmed only	Tmol_scf_31	330000	339999	Kingsect Belgium	1	False	-2.198773404
0.05	5%	farmed_only	Farmed only	Tmol_scf_31	335000	344999	Pronutrix+ Belgium	1	False	-2.320772747
0.05	5%	farmed_only	Farmed only	Tmol_scf_31	340000	349999	Kingsect Belgium	1	False	-2.186147075
0.05	5%	farmed_only	Farmed only	Tmol_scf_31	345000	354999	Pronutrix+ Belgium;Starfood Holland	2	False	-2.107956054
0.05	5%	farmed_only	Farmed only	Tmol_scf_31	350000	359999	Kingsect Belgium	1	False	-2.107413942
0.05	5%	farmed_and_wild	Farmed + wild	Tmol_scf_31	355000	364999	Mystik Canada;Papek Czechia;Pronutrix+ Belgium;Starfood Holland	4	True	-3.258185045
0.05	5%	farmed_only	Farmed only	Tmol_scf_31	360000	369999	Kingsect Belgium	1	False	-2.128856794
0.05	5%	farmed_only	Farmed only	Tmol_scf_31	365000	374999	Pronutrix+ Belgium	1	False	-1.83963006
0.05	5%	farmed_only	Farmed only	Tmol_scf_31	370000	379999	Kingsect Belgium	1	False	-2.133254618
0.05	5%	farmed_only	Farmed only	Tmol_scf_31	375000	384999	Papek Czechia;Pronutrix+ Belgium;Starfood Holland	3	False	-2.318033997
0.05	5%	farmed_and_wild	Farmed + wild	Tmol_scf_31	385000	394999	Pronutrix+ Belgium;Starfood Holland	2	True	-2.752639017
0.05	5%	farmed_only	Farmed only	Tmol_scf_31	405000	414999	Pronutrix+ Belgium;Starfood Holland	2	False	-2.386045417
0.05	5%	farmed_only	Farmed only	Tmol_scf_32	5000	14999	Mystik Canada;Papek Czechia;Pronutrix+ Belgium;Starfood Holland	4	False	-2.363752837
0.05	5%	farmed_and_wild	Farmed + wild	Tmol_scf_32	15000	24999	Mystik Canada;Starfood Holland	2	True	-2.105560794
0.05	5%	farmed_only	Farmed only	Tmol_scf_32	25000	34999	Pronutrix+ Belgium;Starfood Holland	2	False	-2.351447382
0.05	5%	farmed_only	Farmed only	Tmol_scf_32	35000	44999	Mystik Canada	1	False	-1.294138733
0.05	5%	farmed_only	Farmed only	Tmol_scf_32	50000	59999	Kingsect Belgium	1	False	-2.225670067
0.05	5%	farmed_and_wild	Farmed + wild	Tmol_scf_32	55000	64999	Mystik Canada;Papek Czechia;Pronutrix+ Belgium;Starfood Holland	4	True	-2.765258316
0.05	5%	farmed_only	Farmed only	Tmol_scf_32	60000	69999	Kingsect Belgium	1	False	-2.194956046
0.05	5%	farmed_only	Farmed only	Tmol_scf_32	65000	74999	Mystik Canada;Papek Czechia;Pronutrix+ Belgium;Starfood Holland	4	False	-2.096672511
0.05	5%	farmed_only	Farmed only	Tmol_scf_32	70000	79999	Kingsect Belgium	1	False	-2.232118027
0.05	5%	farmed_and_wild	Farmed + wild	Tmol_scf_32	75000	84999	Mystik Canada;Papek Czechia;Pronutrix+ Belgium;Starfood Holland	4	True	-2.594929834
0.05	5%	farmed_only	Farmed only	Tmol_scf_32	80000	89999	Kingsect Belgium	1	False	-2.243617186
0.05	5%	farmed_only	Farmed only	Tmol_scf_32	85000	94999	Pronutrix+ Belgium	1	False	-1.499407381
0.05	5%	farmed_only	Farmed only	Tmol_scf_32	90000	99999	Kingsect Belgium	1	False	-2.246800326
0.05	5%	farmed_and_wild	Farmed + wild	Tmol_scf_32	95000	104999	Mystik Canada;Papek Czechia;Starfood Holland	3	True	-2.45057975
0.05	5%	farmed_only	Farmed only	Tmol_scf_32	100000	109999	Kingsect Belgium	1	False	-2.365789083
0.05	5%	farmed_and_wild	Farmed + wild	Tmol_scf_32	105000	114999	Pronutrix+ Belgium	1	True	-2.108754959
0.05	5%	farmed_only	Farmed only	Tmol_scf_32	110000	119999	Kingsect Belgium	1	False	-2.418909384
0.05	5%	farmed_and_wild	Farmed + wild	Tmol_scf_32	115000	124999	Mystik Canada;Papek Czechia;Pronutrix+ Belgium;Starfood Holland	4	True	-2.567498268
0.05	5%	farmed_only	Farmed only	Tmol_scf_32	120000	129999	Kingsect Belgium	1	False	-2.446889806
0.05	5%	farmed_only	Farmed only	Tmol_scf_32	125000	134999	Papek Czechia;Pronutrix+ Belgium;Starfood Holland	3	False	-2.292099848
0.05	5%	farmed_only	Farmed only	Tmol_scf_32	130000	139999	Kingsect Belgium	1	False	-2.405451072
0.05	5%	farmed_only	Farmed only	Tmol_scf_32	135000	144999	Mystik Canada	1	False	-1.368696485
0.05	5%	farmed_only	Farmed only	Tmol_scf_32	140000	149999	Kingsect Belgium	1	False	-2.520883325
0.05	5%	farmed_and_wild	Farmed + wild	Tmol_scf_32	145000	154999	Mystik Canada;Papek Czechia;Pronutrix+ Belgium;Starfood Holland	4	True	-2.934881135
0.05	5%	farmed_only	Farmed only	Tmol_scf_32	150000	159999	Kingsect Belgium	1	False	-2.523453776
0.05	5%	farmed_and_wild	Farmed + wild	Tmol_scf_32	155000	164999	Mystik Canada;Papek Czechia;Pronutrix+ Belgium;Starfood Holland	4	True	-3.062157707
0.05	5%	farmed_only	Farmed only	Tmol_scf_32	160000	169999	Kingsect Belgium	1	False	-2.50508827
0.05	5%	farmed_only	Farmed only	Tmol_scf_32	165000	174999	Papek Czechia;Starfood Holland	2	False	-2.298474757
0.05	5%	farmed_only	Farmed only	Tmol_scf_32	170000	179999	Kingsect Belgium	1	False	-2.484786129
0.05	5%	farmed_only	Farmed only	Tmol_scf_32	180000	189999	Kingsect Belgium	1	False	-2.523550624
0.05	5%	farmed_and_wild	Farmed + wild	Tmol_scf_32	185000	194999	Mystik Canada;Papek Czechia;Pronutrix+ Belgium;Starfood Holland	4	True	-2.661228506
0.05	5%	farmed_only	Farmed only	Tmol_scf_32	190000	199999	Kingsect Belgium	1	False	-2.557136351
0.05	5%	farmed_and_wild	Farmed + wild	Tmol_scf_32	195000	204999	Pronutrix+ Belgium	1	True	-1.683192154
0.05	5%	farmed_only	Farmed only	Tmol_scf_32	200000	209999	Kingsect Belgium	1	False	-2.467403397
0.05	5%	farmed_only	Farmed only	Tmol_scf_32	210000	219999	Kingsect Belgium	1	False	-2.294528578
0.05	5%	farmed_and_wild	Farmed + wild	Tmol_scf_32	215000	224999	Mystik Canada;Papek Czechia;Pronutrix+ Belgium;Starfood Holland	4	True	-2.467093483
0.05	5%	farmed_only	Farmed only	Tmol_scf_32	220000	229999	Kingsect Belgium	1	False	-2.180344079
0.05	5%	farmed_and_wild	Farmed + wild	Tmol_scf_32	225000	234999	Mystik Canada;Papek Czechia;Pronutrix+ Belgium;Starfood Holland	4	True	-2.7758577
0.05	5%	farmed_only	Farmed only	Tmol_scf_32	230000	239999	Kingsect Belgium	1	False	-2.199226635
0.05	5%	farmed_only	Farmed only	Tmol_scf_32	235000	244999	Mystik Canada	1	False	-1.527767316
0.05	5%	farmed_only	Farmed only	Tmol_scf_32	240000	249999	Kingsect Belgium	1	False	-2.082601196
0.05	5%	farmed_only	Farmed only	Tmol_scf_32	250000	259999	Kingsect Belgium	1	False	-1.991244844
0.05	5%	farmed_and_wild	Farmed + wild	Tmol_scf_32	255000	264999	Mystik Canada;Papek Czechia;Pronutrix+ Belgium;Starfood Holland	4	True	-2.588827738
0.05	5%	farmed_only	Farmed only	Tmol_scf_32	260000	269999	Kingsect Belgium	1	False	-1.86880506
0.05	5%	farmed_only	Farmed only	Tmol_scf_32	270000	279999	Kingsect Belgium	1	False	-1.789327967
0.05	5%	farmed_and_wild	Farmed + wild	Tmol_scf_32	275000	284999	Mystik Canada;Papek Czechia;Pronutrix+ Belgium;Starfood Holland	4	True	-2.364896972
0.05	5%	farmed_only	Farmed only	Tmol_scf_32	280000	289999	Kingsect Belgium	1	False	-1.676801843
0.05	5%	farmed_only	Farmed only	Tmol_scf_32	300000	309999	Kingsect Belgium	1	False	-1.684094488
0.05	5%	farmed_only	Farmed only	Tmol_scf_32	345000	354999	Papek Czechia;Starfood Holland	2	False	-2.149773482
0.05	5%	farmed_and_wild	Farmed + wild	Tmol_scf_33	145000	154999	Papek Czechia;Starfood Holland	2	True	-2.174547523
0.05	5%	farmed_only	Farmed only	Tmol_scf_34	15000	24999	Mystik Canada;Papek Czechia;Pronutrix+ Belgium;Starfood Holland	4	False	-2.778054357
0.05	5%	farmed_and_wild	Farmed + wild	Tmol_scf_34	25000	34999	Mystik Canada;Papek Czechia;Pronutrix+ Belgium;Starfood Holland	4	True	-2.937425743
0.05	5%	farmed_only	Farmed only	Tmol_scf_34	35000	44999	Mystik Canada;Papek Czechia;Pronutrix+ Belgium;Starfood Holland	4	False	-2.913373355
0.05	5%	farmed_and_wild	Farmed + wild	Tmol_scf_34	45000	54999	Mystik Canada;Papek Czechia;Pronutrix+ Belgium;Starfood Holland	4	True	-3.0176108
0.05	5%	farmed_and_wild	Farmed + wild	Tmol_scf_34	55000	64999	Mystik Canada;Papek Czechia;Pronutrix+ Belgium;Starfood Holland	4	True	-2.616272286
0.05	5%	farmed_and_wild	Farmed + wild	Tmol_scf_34	65000	74999	Mystik Canada;Papek Czechia;Pronutrix+ Belgium;Starfood Holland	4	True	-2.969574968
0.05	5%	farmed_and_wild	Farmed + wild	Tmol_scf_34	75000	84999	Mystik Canada;Papek Czechia;Pronutrix+ Belgium;Starfood Holland	4	True	-2.726683127
0.05	5%	farmed_only	Farmed only	Tmol_scf_34	85000	94999	Mystik Canada;Papek Czechia;Pronutrix+ Belgium;Starfood Holland	4	False	-3.275384494
0.05	5%	farmed_only	Farmed only	Tmol_scf_34	95000	104999	Mystik Canada;Papek Czechia;Pronutrix+ Belgium	3	False	-2.313305267
0.05	5%	farmed_and_wild	Farmed + wild	Tmol_scf_34	105000	114999	Mystik Canada;Papek Czechia;Pronutrix+ Belgium;Starfood Holland	4	True	-2.869816108
0.05	5%	farmed_only	Farmed only	Tmol_scf_34	115000	124999	Mystik Canada;Papek Czechia;Pronutrix+ Belgium;Starfood Holland	4	False	-3.086511921
0.05	5%	farmed_and_wild	Farmed + wild	Tmol_scf_34	125000	134999	Mystik Canada;Papek Czechia;Pronutrix+ Belgium;Starfood Holland	4	True	-2.419376675
0.05	5%	farmed_and_wild	Farmed + wild	Tmol_scf_34	135000	144999	Mystik Canada;Papek Czechia;Pronutrix+ Belgium;Starfood Holland	4	True	-3.105602379
0.05	5%	farmed_and_wild	Farmed + wild	Tmol_scf_34	145000	154999	Mystik Canada;Papek Czechia;Pronutrix+ Belgium;Starfood Holland	4	True	-2.713057991
0.05	5%	farmed_and_wild	Farmed + wild	Tmol_scf_34	155000	164999	Mystik Canada;Papek Czechia;Pronutrix+ Belgium;Starfood Holland	4	True	-2.635762912
0.05	5%	farmed_and_wild	Farmed + wild	Tmol_scf_34	165000	174999	Mystik Canada;Papek Czechia;Pronutrix+ Belgium;Starfood Holland	4	True	-2.938965422
0.05	5%	farmed_and_wild	Farmed + wild	Tmol_scf_34	175000	184999	Mystik Canada;Papek Czechia;Pronutrix+ Belgium;Starfood Holland	4	True	-2.857614631
0.05	5%	farmed_and_wild	Farmed + wild	Tmol_scf_34	185000	194999	Mystik Canada;Papek Czechia;Pronutrix+ Belgium	3	True	-2.362377417
0.05	5%	farmed_and_wild	Farmed + wild	Tmol_scf_34	205000	214999	Mystik Canada;Papek Czechia;Pronutrix+ Belgium;Starfood Holland	4	True	-2.92409974
0.05	5%	farmed_and_wild	Farmed + wild	Tmol_scf_34	215000	224999	Mystik Canada;Papek Czechia;Pronutrix+ Belgium;Starfood Holland	4	True	-2.616759361
0.05	5%	farmed_and_wild	Farmed + wild	Tmol_scf_34	225000	234999	Mystik Canada;Papek Czechia;Pronutrix+ Belgium;Starfood Holland	4	True	-3.185715326
0.05	5%	farmed_and_wild	Farmed + wild	Tmol_scf_34	235000	244999	Mystik Canada;Papek Czechia;Pronutrix+ Belgium;Starfood Holland	4	True	-3.067967201
0.05	5%	farmed_only	Farmed only	Tmol_scf_34	240000	249999	Kingsect Belgium	1	False	-2.324928948
0.05	5%	farmed_and_wild	Farmed + wild	Tmol_scf_34	245000	254999	Mystik Canada;Pronutrix+ Belgium;Starfood Holland	3	True	-2.332856209
0.05	5%	farmed_only	Farmed only	Tmol_scf_34	250000	259999	Kingsect Belgium	1	False	-2.546158193
0.05	5%	farmed_and_wild	Farmed + wild	Tmol_scf_34	255000	264999	Mystik Canada;Papek Czechia;Pronutrix+ Belgium;Starfood Holland	4	True	-2.455798365
0.05	5%	farmed_only	Farmed only	Tmol_scf_34	260000	269999	Kingsect Belgium	1	False	-2.486483908
0.05	5%	farmed_and_wild	Farmed + wild	Tmol_scf_34	265000	274999	Mystik Canada;Papek Czechia;Pronutrix+ Belgium;Starfood Holland	4	True	-3.04111775
0.05	5%	farmed_and_wild	Farmed + wild	Tmol_scf_34	275000	284999	Mystik Canada;Papek Czechia;Pronutrix+ Belgium;Starfood Holland	4	True	-2.892076663
0.05	5%	farmed_and_wild	Farmed + wild	Tmol_scf_34	285000	294999	Mystik Canada;Papek Czechia;Pronutrix+ Belgium;Starfood Holland	4	True	-2.581013386
0.05	5%	farmed_and_wild	Farmed + wild	Tmol_scf_34	295000	304999	Mystik Canada;Papek Czechia;Pronutrix+ Belgium;Starfood Holland	4	True	-2.798694386
0.05	5%	farmed_and_wild	Farmed + wild	Tmol_scf_34	305000	314999	Mystik Canada;Papek Czechia;Pronutrix+ Belgium;Starfood Holland	4	True	-2.681189644
0.05	5%	farmed_and_wild	Farmed + wild	Tmol_scf_34	315000	324999	Mystik Canada;Papek Czechia;Pronutrix+ Belgium;Starfood Holland	4	True	-2.935057516
0.05	5%	farmed_only	Farmed only	Tmol_scf_34	325000	334999	Pronutrix+ Belgium	1	False	-1.52099048
0.05	5%	farmed_only	Farmed only	Tmol_scf_34	335000	344999	Pronutrix+ Belgium	1	False	-1.72344857
0.05	5%	farmed_and_wild	Farmed + wild	Tmol_scf_34	345000	354999	Mystik Canada;Pronutrix+ Belgium	2	True	-1.633066183
0.05	5%	farmed_and_wild	Farmed + wild	Tmol_scf_36	5000	14999	Mystik Canada;Papek Czechia;Pronutrix+ Belgium;Starfood Holland	4	True	-3.398076815
0.05	5%	farmed_and_wild	Farmed + wild	Tmol_scf_36	15000	24999	Mystik Canada;Papek Czechia;Pronutrix+ Belgium;Starfood Holland	4	True	-3.367348888
0.05	5%	farmed_only	Farmed only	Tmol_scf_36	25000	34999	Pronutrix+ Belgium	1	False	-2.908873531
0.05	5%	farmed_and_wild	Farmed + wild	Tmol_scf_36	55000	64999	Mystik Canada;Papek Czechia;Pronutrix+ Belgium;Starfood Holland	4	True	-2.580079645
0.05	5%	farmed_and_wild	Farmed + wild	Tmol_scf_36	65000	74999	Papek Czechia;Pronutrix+ Belgium;Starfood Holland	3	True	-2.272134756
0.05	5%	farmed_and_wild	Farmed + wild	Tmol_scf_36	75000	84999	Mystik Canada;Papek Czechia;Pronutrix+ Belgium;Starfood Holland	4	True	-2.512465091
0.05	5%	farmed_only	Farmed only	Tmol_scf_36	95000	104999	Mystik Canada;Pronutrix+ Belgium	2	False	-2.528842765
0.05	5%	farmed_and_wild	Farmed + wild	Tmol_scf_36	115000	124999	Mystik Canada;Papek Czechia;Pronutrix+ Belgium;Starfood Holland	4	True	-2.447039348
0.05	5%	farmed_and_wild	Farmed + wild	Tmol_scf_36	135000	144999	Mystik Canada;Papek Czechia;Pronutrix+ Belgium;Starfood Holland	4	True	-2.643491173
0.05	5%	farmed_only	Farmed only	Tmol_scf_36	145000	154999	Pronutrix+ Belgium	1	False	-1.523344257
0.05	5%	farmed_and_wild	Farmed + wild	Tmol_scf_36	155000	164999	Mystik Canada;Papek Czechia;Pronutrix+ Belgium;Starfood Holland	4	True	-2.344958059
0.05	5%	farmed_only	Farmed only	Tmol_scf_36	165000	174999	Starfood Holland	1	False	-2.191833246
0.05	5%	farmed_and_wild	Farmed + wild	Tmol_scf_36	175000	184999	Papek Czechia;Pronutrix+ Belgium;Starfood Holland	3	True	-2.035579032
0.05	5%	farmed_only	Farmed only	Tmol_scf_36	180000	189999	Kingsect Belgium	1	False	-2.119813677
0.05	5%	farmed_only	Farmed only	Tmol_scf_36	190000	199999	Kingsect Belgium	1	False	-2.054526318
0.05	5%	farmed_only	Farmed only	Tmol_scf_36	195000	204999	Mystik Canada;Papek Czechia;Pronutrix+ Belgium;Starfood Holland	4	False	-2.437083295
0.05	5%	farmed_only	Farmed only	Tmol_scf_36	200000	209999	Kingsect Belgium	1	False	-2.159167685
0.05	5%	farmed_and_wild	Farmed + wild	Tmol_scf_36	205000	214999	Mystik Canada;Papek Czechia;Pronutrix+ Belgium;Starfood Holland	4	True	-2.534865642
0.05	5%	farmed_only	Farmed only	Tmol_scf_36	210000	219999	Kingsect Belgium	1	False	-2.128177624
0.05	5%	farmed_and_wild	Farmed + wild	Tmol_scf_36	215000	224999	Mystik Canada;Papek Czechia;Pronutrix+ Belgium;Starfood Holland	4	True	-2.827655419
0.05	5%	farmed_only	Farmed only	Tmol_scf_36	220000	229999	Kingsect Belgium	1	False	-2.178334413
0.05	5%	farmed_and_wild	Farmed + wild	Tmol_scf_36	225000	234999	Mystik Canada;Papek Czechia;Pronutrix+ Belgium;Starfood Holland	4	True	-2.940808497
0.05	5%	farmed_only	Farmed only	Tmol_scf_36	230000	239999	Kingsect Belgium	1	False	-2.246425903
0.05	5%	wild_only	Wild only	Tmol_scf_36	235000	244999		0	True	-1.597823037
0.05	5%	farmed_only	Farmed only	Tmol_scf_36	240000	249999	Kingsect Belgium	1	False	-2.383150671
0.05	5%	farmed_and_wild	Farmed + wild	Tmol_scf_36	245000	254999	Mystik Canada;Papek Czechia;Pronutrix+ Belgium;Starfood Holland	4	True	-2.798562823
0.05	5%	wild_only	Wild only	Tmol_scf_36	255000	264999		0	True	-1.635535004
0.05	5%	farmed_only	Farmed only	Tmol_scf_36	265000	274999	Papek Czechia;Pronutrix+ Belgium;Starfood Holland	3	False	-3.030109605
0.05	5%	farmed_only	Farmed only	Tmol_scf_37	5000	14999	Pronutrix+ Belgium;Starfood Holland	2	False	-2.46763901
0.05	5%	farmed_only	Farmed only	Tmol_scf_37	15000	24999	Pronutrix+ Belgium	1	False	-1.873807535
0.05	5%	farmed_and_wild	Farmed + wild	Tmol_scf_37	25000	34999	Mystik Canada;Papek Czechia;Pronutrix+ Belgium;Starfood Holland	4	True	-3.244551731
0.05	5%	farmed_and_wild	Farmed + wild	Tmol_scf_37	75000	84999	Mystik Canada;Papek Czechia;Pronutrix+ Belgium;Starfood Holland	4	True	-3.022873554
0.05	5%	farmed_only	Farmed only	Tmol_scf_37	85000	94999	Pronutrix+ Belgium	1	False	-1.519464866
0.05	5%	farmed_only	Farmed only	Tmol_scf_37	105000	114999	Mystik Canada;Papek Czechia;Pronutrix+ Belgium;Starfood Holland	4	False	-2.254762943
0.05	5%	farmed_only	Farmed only	Tmol_scf_37	135000	144999	Pronutrix+ Belgium	1	False	-1.481388991
0.05	5%	farmed_only	Farmed only	Tmol_scf_37	145000	154999	Mystik Canada	1	False	-1.408825907
0.05	5%	farmed_and_wild	Farmed + wild	Tmol_scf_37	165000	174999	Mystik Canada;Papek Czechia;Pronutrix+ Belgium;Starfood Holland	4	True	-2.847100069
0.05	5%	farmed_only	Farmed only	Tmol_scf_37	170000	179999	Kingsect Belgium	1	False	-1.79835799
0.05	5%	farmed_only	Farmed only	Tmol_scf_37	175000	184999	Mystik Canada;Papek Czechia;Pronutrix+ Belgium;Starfood Holland	4	False	-2.255462599
0.05	5%	farmed_only	Farmed only	Tmol_scf_37	180000	189999	Kingsect Belgium	1	False	-1.851380692
0.05	5%	farmed_only	Farmed only	Tmol_scf_37	190000	199999	Kingsect Belgium	1	False	-1.869875496
0.05	5%	farmed_only	Farmed only	Tmol_scf_37	195000	204999	Mystik Canada;Starfood Holland	2	False	-2.383401285
0.05	5%	farmed_only	Farmed only	Tmol_scf_37	200000	209999	Kingsect Belgium	1	False	-1.84752288
0.05	5%	farmed_only	Farmed only	Tmol_scf_37	210000	219999	Kingsect Belgium	1	False	-1.903486673
0.05	5%	farmed_only	Farmed only	Tmol_scf_37	220000	229999	Kingsect Belgium	1	False	-1.797002685
0.05	5%	farmed_only	Farmed only	Tmol_scf_37	225000	234999	Mystik Canada;Pronutrix+ Belgium	2	False	-2.718724727
0.05	5%	farmed_and_wild	Farmed + wild	Tmol_scf_37	235000	244999	Papek Czechia;Starfood Holland	2	True	-2.229333313
0.05	5%	farmed_only	Farmed only	Tmol_scf_38	35000	44999	Pronutrix+ Belgium;Starfood Holland	2	False	-2.041702497
0.05	5%	farmed_and_wild	Farmed + wild	Tmol_scf_38	45000	54999	Mystik Canada;Papek Czechia;Pronutrix+ Belgium;Starfood Holland	4	True	-2.414524888
0.05	5%	farmed_only	Farmed only	Tmol_scf_38	50000	59999	Kingsect Belgium	1	False	-2.216707659
0.05	5%	farmed_only	Farmed only	Tmol_scf_38	60000	69999	Kingsect Belgium	1	False	-2.397933203
0.05	5%	farmed_and_wild	Farmed + wild	Tmol_scf_38	65000	74999	Mystik Canada;Papek Czechia;Pronutrix+ Belgium;Starfood Holland	4	True	-2.532217334
0.05	5%	farmed_only	Farmed only	Tmol_scf_38	70000	79999	Kingsect Belgium	1	False	-2.384982292
0.05	5%	farmed_only	Farmed only	Tmol_scf_38	75000	84999	Papek Czechia;Pronutrix+ Belgium;Starfood Holland	3	False	-2.281705523
0.05	5%	farmed_only	Farmed only	Tmol_scf_38	80000	89999	Kingsect Belgium	1	False	-2.321567158
0.05	5%	farmed_and_wild	Farmed + wild	Tmol_scf_38	85000	94999	Papek Czechia;Pronutrix+ Belgium;Starfood Holland	3	True	-2.675850537
0.05	5%	farmed_only	Farmed only	Tmol_scf_38	90000	99999	Kingsect Belgium	1	False	-2.322238836
0.05	5%	farmed_and_wild	Farmed + wild	Tmol_scf_38	95000	104999	Papek Czechia	1	True	-2.207933949
0.05	5%	farmed_only	Farmed only	Tmol_scf_38	100000	109999	Kingsect Belgium	1	False	-2.234863543
0.05	5%	farmed_only	Farmed only	Tmol_scf_38	105000	114999	Papek Czechia;Pronutrix+ Belgium	2	False	-2.121712772
0.05	5%	farmed_only	Farmed only	Tmol_scf_38	110000	119999	Kingsect Belgium	1	False	-2.305689449
0.05	5%	farmed_only	Farmed only	Tmol_scf_38	115000	124999	Mystik Canada;Pronutrix+ Belgium;Starfood Holland	3	False	-2.272390977
0.05	5%	farmed_only	Farmed only	Tmol_scf_38	120000	129999	Kingsect Belgium	1	False	-2.229971842
0.05	5%	farmed_only	Farmed only	Tmol_scf_38	130000	139999	Kingsect Belgium	1	False	-2.15722995
0.05	5%	farmed_and_wild	Farmed + wild	Tmol_scf_38	135000	144999	Mystik Canada;Papek Czechia;Pronutrix+ Belgium;Starfood Holland	4	True	-2.558046937
0.05	5%	farmed_only	Farmed only	Tmol_scf_38	140000	149999	Kingsect Belgium	1	False	-2.078925974
0.05	5%	farmed_only	Farmed only	Tmol_scf_38	145000	154999	Pronutrix+ Belgium;Starfood Holland	2	False	-2.157797606
0.05	5%	farmed_only	Farmed only	Tmol_scf_38	150000	159999	Kingsect Belgium	1	False	-2.09710067
0.05	5%	farmed_only	Farmed only	Tmol_scf_38	155000	164999	Mystik Canada;Pronutrix+ Belgium;Starfood Holland	3	False	-2.332304225
0.05	5%	farmed_only	Farmed only	Tmol_scf_38	160000	169999	Kingsect Belgium	1	False	-2.079263431
0.05	5%	farmed_only	Farmed only	Tmol_scf_38	165000	174999	Mystik Canada;Papek Czechia;Pronutrix+ Belgium;Starfood Holland	4	False	-2.84170373
0.05	5%	farmed_only	Farmed only	Tmol_scf_38	170000	179999	Kingsect Belgium	1	False	-2.134778582
0.05	5%	farmed_only	Farmed only	Tmol_scf_38	175000	184999	Pronutrix+ Belgium	1	False	-1.675905745
0.05	5%	farmed_only	Farmed only	Tmol_scf_38	180000	189999	Kingsect Belgium	1	False	-2.120531547
0.05	5%	farmed_only	Farmed only	Tmol_scf_38	185000	194999	Papek Czechia;Pronutrix+ Belgium;Starfood Holland	3	False	-2.690498889
0.05	5%	farmed_only	Farmed only	Tmol_scf_38	190000	199999	Kingsect Belgium	1	False	-2.09502203
0.05	5%	farmed_only	Farmed only	Tmol_scf_38	195000	204999	Papek Czechia;Pronutrix+ Belgium;Starfood Holland	3	False	-2.686997158
0.05	5%	farmed_only	Farmed only	Tmol_scf_38	200000	209999	Kingsect Belgium	1	False	-2.138601339
0.05	5%	farmed_only	Farmed only	Tmol_scf_38	205000	214999	Pronutrix+ Belgium;Starfood Holland	2	False	-2.38070425
0.05	5%	farmed_only	Farmed only	Tmol_scf_38	210000	219999	Kingsect Belgium	1	False	-2.058257711
0.05	5%	farmed_only	Farmed only	Tmol_scf_38	215000	224999	Mystik Canada;Papek Czechia;Pronutrix+ Belgium;Starfood Holland	4	False	-2.921112999
0.05	5%	farmed_only	Farmed only	Tmol_scf_38	220000	229999	Kingsect Belgium	1	False	-2.033120421
0.05	5%	farmed_only	Farmed only	Tmol_scf_38	225000	234999	Papek Czechia;Pronutrix+ Belgium;Starfood Holland	3	False	-2.14397903
0.05	5%	farmed_only	Farmed only	Tmol_scf_38	235000	244999	Pronutrix+ Belgium	1	False	-2.142936609
0.05	5%	farmed_only	Farmed only	Tmol_scf_38	245000	254999	Mystik Canada;Papek Czechia;Pronutrix+ Belgium;Starfood Holland	4	False	-3.036119554
0.05	5%	farmed_only	Farmed only	Tmol_scf_39	5000	14999	Mystik Canada;Papek Czechia;Pronutrix+ Belgium	3	False	-1.824592622
0.05	5%	farmed_only	Farmed only	Tmol_scf_39	15000	24999	Papek Czechia;Pronutrix+ Belgium	2	False	-2.118407445
0.05	5%	farmed_and_wild	Farmed + wild	Tmol_scf_39	55000	64999	Mystik Canada;Papek Czechia;Pronutrix+ Belgium	3	True	-2.230852106
0.05	5%	farmed_only	Farmed only	Tmol_scf_39	65000	74999	Papek Czechia	1	False	-1.92955832
0.05	5%	farmed_only	Farmed only	Tmol_scf_39	75000	84999	Mystik Canada	1	False	-1.265398219
0.05	5%	farmed_only	Farmed only	Tmol_scf_39	85000	94999	Papek Czechia	1	False	-1.730861178
0.05	5%	farmed_and_wild	Farmed + wild	Tmol_scf_39	95000	104999	Papek Czechia;Pronutrix+ Belgium;Starfood Holland	3	True	-2.289506147
0.05	5%	farmed_only	Farmed only	Tmol_scf_39	125000	134999	Starfood Holland	1	False	-2.064370556
0.05	5%	farmed_only	Farmed only	Tmol_scf_39	130000	139999	Kingsect Belgium	1	False	-1.673534945
0.05	5%	farmed_only	Farmed only	Tmol_scf_39	140000	149999	Kingsect Belgium	1	False	-1.726734746
0.05	5%	farmed_and_wild	Farmed + wild	Tmol_scf_39	165000	174999	Mystik Canada;Papek Czechia;Starfood Holland	3	True	-2.525022391
0.05	5%	farmed_and_wild	Farmed + wild	Tmol_scf_39	175000	184999	Mystik Canada;Papek Czechia;Starfood Holland	3	True	-2.619229667
0.05	5%	farmed_only	Farmed only	Tmol_scf_39	185000	194999	Pronutrix+ Belgium	1	False	-1.614259101
0.05	5%	farmed_only	Farmed only	Tmol_scf_39	205000	214999	Mystik Canada	1	False	-1.191908273
0.05	5%	farmed_only	Farmed only	Tmol_scf_39	215000	224999	Pronutrix+ Belgium;Starfood Holland	2	False	-2.515451749
0.05	5%	farmed_only	Farmed only	Tmol_scf_39	225000	234999	Pronutrix+ Belgium	1	False	-1.574388484
0.05	5%	farmed_only	Farmed only	Tmol_scf_39	235000	244999	Pronutrix+ Belgium	1	False	-1.64835955
0.05	5%	farmed_only	Farmed only	Tmol_scf_40	105000	114999	Papek Czechia;Starfood Holland	2	False	-2.284396705
0.05	5%	farmed_only	Farmed only	Tmol_scf_41	5000	14999	Papek Czechia;Pronutrix+ Belgium;Starfood Holland	3	False	-2.796247311
0.05	5%	farmed_only	Farmed only	Tmol_scf_41	15000	24999	Pronutrix+ Belgium;Starfood Holland	2	False	-2.172372331
0.05	5%	farmed_only	Farmed only	Tmol_scf_41	25000	34999	Mystik Canada;Papek Czechia;Pronutrix+ Belgium;Starfood Holland	4	False	-2.513518529
0.05	5%	farmed_and_wild	Farmed + wild	Tmol_scf_41	35000	44999	Mystik Canada;Papek Czechia;Pronutrix+ Belgium;Starfood Holland	4	True	-2.933721106
0.05	5%	farmed_and_wild	Farmed + wild	Tmol_scf_41	45000	54999	Mystik Canada;Papek Czechia;Pronutrix+ Belgium;Starfood Holland	4	True	-2.965755795
0.05	5%	farmed_and_wild	Farmed + wild	Tmol_scf_41	55000	64999	Mystik Canada;Papek Czechia;Pronutrix+ Belgium;Starfood Holland	4	True	-2.865503871
0.05	5%	farmed_only	Farmed only	Tmol_scf_41	65000	74999	Mystik Canada;Papek Czechia;Pronutrix+ Belgium	3	False	-2.287610896
0.05	5%	farmed_only	Farmed only	Tmol_scf_41	75000	84999	Mystik Canada;Papek Czechia;Pronutrix+ Belgium;Starfood Holland	4	False	-3.459551967
0.05	5%	farmed_and_wild	Farmed + wild	Tmol_scf_41	85000	94999	Mystik Canada;Papek Czechia;Pronutrix+ Belgium;Starfood Holland	4	True	-2.453931372
0.05	5%	farmed_and_wild	Farmed + wild	Tmol_scf_41	95000	104999	Mystik Canada;Papek Czechia;Pronutrix+ Belgium;Starfood Holland	4	True	-2.837073102
0.05	5%	farmed_and_wild	Farmed + wild	Tmol_scf_41	105000	114999	Mystik Canada;Papek Czechia;Pronutrix+ Belgium;Starfood Holland	4	True	-2.955556895
0.05	5%	farmed_and_wild	Farmed + wild	Tmol_scf_41	115000	124999	Mystik Canada;Papek Czechia;Pronutrix+ Belgium;Starfood Holland	4	True	-2.878535254
0.05	5%	farmed_and_wild	Farmed + wild	Tmol_scf_41	125000	134999	Mystik Canada;Papek Czechia;Pronutrix+ Belgium;Starfood Holland	4	True	-2.864235077
0.05	5%	farmed_and_wild	Farmed + wild	Tmol_scf_41	135000	144999	Mystik Canada;Pronutrix+ Belgium;Starfood Holland	3	True	-2.451250668
0.05	5%	farmed_only	Farmed only	Tmol_scf_41	150000	159999	Kingsect Belgium	1	False	-2.556913415
0.05	5%	farmed_and_wild	Farmed + wild	Tmol_scf_41	155000	164999	Mystik Canada;Papek Czechia;Pronutrix+ Belgium;Starfood Holland	4	True	-2.994454638
0.05	5%	farmed_only	Farmed only	Tmol_scf_41	160000	169999	Kingsect Belgium	1	False	-2.569197565
0.05	5%	farmed_and_wild	Farmed + wild	Tmol_scf_41	165000	174999	Mystik Canada;Papek Czechia;Pronutrix+ Belgium;Starfood Holland	4	True	-2.634225088
0.05	5%	farmed_only	Farmed only	Tmol_scf_41	170000	179999	Kingsect Belgium	1	False	-2.618925824
0.05	5%	farmed_and_wild	Farmed + wild	Tmol_scf_41	175000	184999	Mystik Canada;Papek Czechia;Pronutrix+ Belgium;Starfood Holland	4	True	-2.848615803
0.05	5%	farmed_only	Farmed only	Tmol_scf_41	180000	189999	Kingsect Belgium	1	False	-2.642299454
0.05	5%	farmed_and_wild	Farmed + wild	Tmol_scf_41	185000	194999	Mystik Canada;Papek Czechia;Pronutrix+ Belgium;Starfood Holland	4	True	-3.143103253
0.05	5%	farmed_only	Farmed only	Tmol_scf_41	190000	199999	Kingsect Belgium	1	False	-2.678936331
0.05	5%	farmed_and_wild	Farmed + wild	Tmol_scf_41	195000	204999	Mystik Canada;Papek Czechia;Pronutrix+ Belgium;Starfood Holland	4	True	-3.196443226
0.05	5%	farmed_only	Farmed only	Tmol_scf_41	200000	209999	Kingsect Belgium	1	False	-2.921221917
0.05	5%	farmed_and_wild	Farmed + wild	Tmol_scf_41	205000	214999	Mystik Canada;Papek Czechia;Pronutrix+ Belgium;Starfood Holland	4	True	-3.069506925
0.05	5%	farmed_and_wild	Farmed + wild	Tmol_scf_41	215000	224999	Mystik Canada;Papek Czechia;Pronutrix+ Belgium;Starfood Holland	4	True	-2.989309253
0.05	5%	farmed_only	Farmed only	Tmol_scf_41	225000	234999	Papek Czechia;Pronutrix+ Belgium;Starfood Holland	3	False	-2.799637256
0.05	5%	farmed_only	Farmed only	Tmol_scf_42	15000	24999	Mystik Canada;Papek Czechia;Pronutrix+ Belgium	3	False	-2.248712549
0.05	5%	farmed_and_wild	Farmed + wild	Tmol_scf_42	25000	34999	Mystik Canada;Papek Czechia;Pronutrix+ Belgium;Starfood Holland	4	True	-3.087088948
0.05	5%	farmed_only	Farmed only	Tmol_scf_42	35000	44999	Mystik Canada;Pronutrix+ Belgium	2	False	-1.557143424
0.05	5%	farmed_and_wild	Farmed + wild	Tmol_scf_42	45000	54999	Mystik Canada;Papek Czechia;Pronutrix+ Belgium;Starfood Holland	4	True	-2.422014906
0.05	5%	farmed_only	Farmed only	Tmol_scf_42	55000	64999	Mystik Canada	1	False	-2.036328666
0.05	5%	farmed_and_wild	Farmed + wild	Tmol_scf_42	65000	74999	Mystik Canada;Papek Czechia;Pronutrix+ Belgium;Starfood Holland	4	True	-3.2162156
0.05	5%	farmed_and_wild	Farmed + wild	Tmol_scf_42	75000	84999	Mystik Canada;Papek Czechia;Pronutrix+ Belgium	3	True	-2.712825485
0.05	5%	farmed_and_wild	Farmed + wild	Tmol_scf_42	85000	94999	Mystik Canada;Papek Czechia;Pronutrix+ Belgium;Starfood Holland	4	True	-3.013777817
0.05	5%	farmed_and_wild	Farmed + wild	Tmol_scf_42	95000	104999	Mystik Canada;Papek Czechia;Pronutrix+ Belgium;Starfood Holland	4	True	-3.384969087
0.05	5%	farmed_and_wild	Farmed + wild	Tmol_scf_42	105000	114999	Mystik Canada;Papek Czechia;Pronutrix+ Belgium;Starfood Holland	4	True	-2.95801076
0.05	5%	farmed_and_wild	Farmed + wild	Tmol_scf_42	115000	124999	Mystik Canada;Papek Czechia;Pronutrix+ Belgium;Starfood Holland	4	True	-3.02073442
0.05	5%	farmed_and_wild	Farmed + wild	Tmol_scf_42	125000	134999	Mystik Canada;Papek Czechia;Pronutrix+ Belgium;Starfood Holland	4	True	-3.107568747
0.05	5%	farmed_only	Farmed only	Tmol_scf_42	135000	144999	Mystik Canada;Papek Czechia;Pronutrix+ Belgium	3	False	-2.457668013
0.05	5%	farmed_only	Farmed only	Tmol_scf_42	145000	154999	Mystik Canada;Pronutrix+ Belgium	2	False	-1.782373557
0.05	5%	farmed_only	Farmed only	Tmol_scf_42	165000	174999	Mystik Canada;Papek Czechia;Pronutrix+ Belgium;Starfood Holland	4	False	-2.448896241
0.05	5%	farmed_and_wild	Farmed + wild	Tmol_scf_42	175000	184999	Papek Czechia;Pronutrix+ Belgium;Starfood Holland	3	True	-2.481583679
0.05	5%	farmed_and_wild	Farmed + wild	Tmol_scf_42	195000	204999	Mystik Canada;Papek Czechia;Pronutrix+ Belgium;Starfood Holland	4	True	-2.567875361
0.05	5%	farmed_only	Farmed only	Tmol_scf_42	205000	214999	Mystik Canada	1	False	-1.87912782
0.05	5%	farmed_and_wild	Farmed + wild	Tmol_scf_42	225000	234999	Mystik Canada;Papek Czechia;Pronutrix+ Belgium;Starfood Holland	4	True	-3.196063129
0.05	5%	wild_only	Wild only	Tmol_scf_43	45000	54999		0	True	-1.800571549
0.05	5%	farmed_and_wild	Farmed + wild	Tmol_scf_43	55000	64999	Mystik Canada;Starfood Holland	2	True	-2.187088343
0.05	5%	wild_only	Wild only	Tmol_scf_43	195000	204999		0	True	-1.720917011
0.05	5%	farmed_and_wild	Farmed + wild	Tmol_scf_45	5000	14999	Mystik Canada;Papek Czechia;Pronutrix+ Belgium;Starfood Holland	4	True	-3.138504587
0.05	5%	farmed_and_wild	Farmed + wild	Tmol_scf_45	15000	24999	Mystik Canada;Papek Czechia;Pronutrix+ Belgium;Starfood Holland	4	True	-3.146187673
0.05	5%	farmed_and_wild	Farmed + wild	Tmol_scf_45	25000	34999	Mystik Canada;Papek Czechia;Pronutrix+ Belgium;Starfood Holland	4	True	-2.967382777
0.05	5%	farmed_and_wild	Farmed + wild	Tmol_scf_45	35000	44999	Mystik Canada;Papek Czechia;Pronutrix+ Belgium;Starfood Holland	4	True	-2.95771984
0.05	5%	farmed_and_wild	Farmed + wild	Tmol_scf_45	45000	54999	Mystik Canada;Papek Czechia;Pronutrix+ Belgium;Starfood Holland	4	True	-3.432756558
0.05	5%	farmed_and_wild	Farmed + wild	Tmol_scf_45	55000	64999	Mystik Canada;Pronutrix+ Belgium	2	True	-2.04681725
0.05	5%	farmed_and_wild	Farmed + wild	Tmol_scf_45	65000	74999	Mystik Canada;Papek Czechia;Pronutrix+ Belgium;Starfood Holland	4	True	-3.059268418
0.05	5%	farmed_and_wild	Farmed + wild	Tmol_scf_45	75000	84999	Mystik Canada;Papek Czechia;Pronutrix+ Belgium;Starfood Holland	4	True	-2.955462452
0.05	5%	farmed_only	Farmed only	Tmol_scf_45	85000	94999	Mystik Canada;Papek Czechia;Starfood Holland	3	False	-3.267739147
0.05	5%	farmed_only	Farmed only	Tmol_scf_45	100000	109999	Kingsect Belgium	1	False	-2.238121786
0.05	5%	farmed_and_wild	Farmed + wild	Tmol_scf_45	105000	114999	Mystik Canada;Papek Czechia;Starfood Holland	3	True	-2.259399888
0.05	5%	farmed_and_wild	Farmed + wild	Tmol_scf_45	115000	124999	Mystik Canada;Papek Czechia;Starfood Holland	3	True	-3.028988477
0.05	5%	farmed_and_wild	Farmed + wild	Tmol_scf_45	125000	134999	Mystik Canada;Papek Czechia;Starfood Holland	3	True	-3.087648323
0.05	5%	farmed_and_wild	Farmed + wild	Tmol_scf_45	135000	144999	Mystik Canada	1	True	-2.060600926
0.05	5%	farmed_only	Farmed only	Tmol_scf_45	145000	154999	Mystik Canada;Papek Czechia;Starfood Holland	3	False	-2.265224216
0.05	5%	farmed_only	Farmed only	Tmol_scf_45	155000	164999	Mystik Canada;Papek Czechia	2	False	-2.81831191
0.05	5%	farmed_only	Farmed only	Tmol_scf_45	165000	174999	Mystik Canada;Papek Czechia	2	False	-3.061382153
0.05	5%	farmed_and_wild	Farmed + wild	Tmol_scf_45	175000	184999	Mystik Canada;Papek Czechia;Starfood Holland	3	True	-3.022517543
0.05	5%	farmed_and_wild	Farmed + wild	Tmol_scf_45	185000	194999	Mystik Canada;Papek Czechia	2	True	-2.64970454
0.05	5%	farmed_only	Farmed only	Tmol_scf_45	195000	204999	Mystik Canada;Papek Czechia	2	False	-3.030045266
0.05	5%	farmed_and_wild	Farmed + wild	Tmol_scf_45	205000	214999	Mystik Canada;Papek Czechia;Starfood Holland	3	True	-2.75898359
0.05	5%	farmed_and_wild	Farmed + wild	Tmol_scf_46	5000	14999	Papek Czechia;Starfood Holland	2	True	-2.27481641
0.05	5%	farmed_only	Farmed only	Tmol_scf_46	15000	24999	Starfood Holland	1	False	-2.108763655
0.05	5%	farmed_only	Farmed only	Tmol_scf_46	45000	54999	Starfood Holland	1	False	-2.131109422
0.05	5%	farmed_only	Farmed only	Tmol_scf_46	105000	114999	Starfood Holland	1	False	-2.134485051
0.05	5%	wild_only	Wild only	Tmol_scf_46	115000	124999		0	True	-1.570679676
0.05	5%	farmed_only	Farmed only	Tmol_scf_46	130000	139999	Kingsect Belgium	1	False	-1.711413671
0.05	5%	farmed_only	Farmed only	Tmol_scf_46	135000	144999	Starfood Holland	1	False	-2.176867475
0.05	5%	farmed_only	Farmed only	Tmol_scf_46	140000	149999	Kingsect Belgium	1	False	-1.832694524
0.05	5%	farmed_only	Farmed only	Tmol_scf_46	150000	159999	Kingsect Belgium	1	False	-1.928122999
0.05	5%	farmed_only	Farmed only	Tmol_scf_46	155000	164999	Mystik Canada;Papek Czechia	2	False	-1.864245662
0.05	5%	farmed_only	Farmed only	Tmol_scf_46	160000	169999	Kingsect Belgium	1	False	-1.90698037
0.05	5%	farmed_and_wild	Farmed + wild	Tmol_scf_46	165000	174999	Mystik Canada;Papek Czechia;Starfood Holland	3	True	-2.252871333
0.05	5%	farmed_only	Farmed only	Tmol_scf_46	175000	184999	Starfood Holland	1	False	-2.303809361
0.05	5%	farmed_only	Farmed only	Tmol_scf_46	185000	194999	Mystik Canada;Starfood Holland	2	False	-2.149189497
0.05	5%	wild_only	Wild only	Tmol_scf_47	75000	84999		0	True	-1.678462732
0.05	5%	farmed_only	Farmed only	Tmol_scf_47	145000	154999	Mystik Canada	1	False	-1.246683314
0.05	5%	farmed_only	Farmed only	Tmol_scf_48	90000	99999	Kingsect Belgium	1	False	-1.708612798
0.05	5%	farmed_and_wild	Farmed + wild	Tmol_scf_48	95000	104999	Mystik Canada;Papek Czechia;Starfood Holland	3	True	-2.300678676
0.05	5%	farmed_only	Farmed only	Tmol_scf_48	100000	109999	Kingsect Belgium	1	False	-1.815071989
0.05	5%	farmed_and_wild	Farmed + wild	Tmol_scf_48	105000	114999	Mystik Canada;Papek Czechia;Starfood Holland	3	True	-2.626914418
0.05	5%	farmed_only	Farmed only	Tmol_scf_48	110000	119999	Kingsect Belgium	1	False	-1.953419889
0.05	5%	farmed_and_wild	Farmed + wild	Tmol_scf_48	115000	124999	Mystik Canada;Papek Czechia;Starfood Holland	3	True	-2.25843014
0.05	5%	farmed_only	Farmed only	Tmol_scf_48	120000	129999	Kingsect Belgium	1	False	-2.041627902
0.05	5%	farmed_only	Farmed only	Tmol_scf_48	130000	139999	Kingsect Belgium	1	False	-1.990589651
0.05	5%	farmed_only	Farmed only	Tmol_scf_48	140000	149999	Kingsect Belgium	1	False	-2.096979699
0.05	5%	farmed_only	Farmed only	Tmol_scf_48	145000	154999	Mystik Canada;Papek Czechia;Starfood Holland	3	False	-2.168907195
0.05	5%	farmed_only	Farmed only	Tmol_scf_48	150000	159999	Kingsect Belgium	1	False	-2.061503635
0.05	5%	farmed_only	Farmed only	Tmol_scf_48	160000	169999	Kingsect Belgium	1	False	-2.007797972
0.05	5%	farmed_and_wild	Farmed + wild	Tmol_scf_48	165000	174999	Mystik Canada;Papek Czechia;Starfood Holland	3	True	-2.421479116
0.05	5%	farmed_and_wild	Farmed + wild	Tmol_scf_48	185000	194999	Mystik Canada;Papek Czechia;Starfood Holland	3	True	-2.398814726
0.05	5%	farmed_only	Farmed only	Tmol_scf_49	25000	34999	Papek Czechia;Starfood Holland	2	False	-2.55993514
0.05	5%	farmed_only	Farmed only	Tmol_scf_49	55000	64999	Papek Czechia	1	False	-2.229461639
0.05	5%	farmed_and_wild	Farmed + wild	Tmol_scf_49	115000	124999	Mystik Canada;Papek Czechia	2	True	-2.669279477
0.05	5%	farmed_and_wild	Farmed + wild	Tmol_scf_49	125000	134999	Mystik Canada;Papek Czechia;Starfood Holland	3	True	-3.328452689
0.05	5%	farmed_and_wild	Farmed + wild	Tmol_scf_49	135000	144999	Mystik Canada;Papek Czechia	2	True	-1.954484436
0.05	5%	farmed_and_wild	Farmed + wild	Tmol_scf_49	145000	154999	Mystik Canada;Papek Czechia;Starfood Holland	3	True	-2.149649522
0.05	5%	farmed_only	Farmed only	Tmol_scf_49	155000	164999	Mystik Canada	1	False	-2.343821665
0.05	5%	farmed_and_wild	Farmed + wild	Tmol_scf_49	165000	174999	Mystik Canada;Papek Czechia;Starfood Holland	3	True	-3.181630979
0.05	5%	farmed_and_wild	Farmed + wild	Tmol_scf_49	175000	184999	Mystik Canada;Papek Czechia;Starfood Holland	3	True	-2.192733494
0.05	5%	farmed_and_wild	Farmed + wild	Tmol_scf_50	45000	54999	Mystik Canada;Papek Czechia;Starfood Holland	3	True	-2.70565431
0.05	5%	farmed_only	Farmed only	Tmol_scf_50	50000	59999	Kingsect Belgium	1	False	-2.26124686
0.05	5%	farmed_only	Farmed only	Tmol_scf_50	60000	69999	Kingsect Belgium	1	False	-2.231844897
0.05	5%	farmed_and_wild	Farmed + wild	Tmol_scf_50	65000	74999	Mystik Canada;Papek Czechia;Starfood Holland	3	True	-2.94938182
0.05	5%	farmed_only	Farmed only	Tmol_scf_50	70000	79999	Kingsect Belgium	1	False	-2.20760424
0.05	5%	farmed_and_wild	Farmed + wild	Tmol_scf_50	75000	84999	Mystik Canada;Papek Czechia;Starfood Holland	3	True	-2.869660811
0.05	5%	farmed_only	Farmed only	Tmol_scf_50	80000	89999	Kingsect Belgium	1	False	-2.212356572
0.05	5%	farmed_only	Farmed only	Tmol_scf_50	85000	94999	Starfood Holland	1	False	-2.137060768
0.05	5%	farmed_only	Farmed only	Tmol_scf_50	90000	99999	Kingsect Belgium	1	False	-2.28038723
0.05	5%	farmed_only	Farmed only	Tmol_scf_50	100000	109999	Kingsect Belgium	1	False	-2.222656561
0.05	5%	farmed_only	Farmed only	Tmol_scf_50	110000	119999	Kingsect Belgium	1	False	-2.292254963
0.05	5%	farmed_only	Farmed only	Tmol_scf_50	120000	129999	Kingsect Belgium	1	False	-2.162079165
0.05	5%	farmed_only	Farmed only	Tmol_scf_50	125000	134999	Starfood Holland	1	False	-2.368634235
0.05	5%	farmed_only	Farmed only	Tmol_scf_50	130000	139999	Kingsect Belgium	1	False	-2.072703578
0.05	5%	farmed_only	Farmed only	Tmol_scf_50	135000	144999	Starfood Holland	1	False	-2.395648991
0.05	5%	farmed_only	Farmed only	Tmol_scf_50	140000	149999	Kingsect Belgium	1	False	-2.056486191
0.05	5%	farmed_and_wild	Farmed + wild	Tmol_scf_50	145000	154999	Mystik Canada;Starfood Holland	2	True	-3.178217704
0.05	5%	farmed_only	Farmed only	Tmol_scf_50	150000	159999	Kingsect Belgium	1	False	-2.08080506
0.05	5%	farmed_only	Farmed only	Tmol_scf_50	155000	164999	Starfood Holland	1	False	-2.138433931
0.05	5%	farmed_only	Farmed only	Tmol_scf_50	165000	174999	Starfood Holland	1	False	-2.191441914
0.05	5%	farmed_and_wild	Farmed + wild	Tmol_scf_50	175000	184999	Mystik Canada;Papek Czechia;Starfood Holland	3	True	-2.624938466
0.05	5%	farmed_only	Farmed only	Tmol_scf_51	85000	94999	Papek Czechia	1	False	-1.73246737
0.05	5%	wild_only	Wild only	Tmol_scf_51	145000	154999		0	True	-1.63596354
0.05	5%	farmed_and_wild	Farmed + wild	Tmol_scf_51	155000	164999	Mystik Canada;Papek Czechia;Starfood Holland	3	True	-2.295661959
0.05	5%	wild_only	Wild only	Tmol_scf_51	165000	174999		0	True	-1.701254138
0.05	5%	farmed_and_wild	Farmed + wild	Tmol_scf_51	175000	184999	Mystik Canada;Papek Czechia;Starfood Holland	3	True	-2.228485217
0.05	5%	farmed_only	Farmed only	Tmol_scf_54	15000	24999	Mystik Canada	1	False	-1.419134945
0.05	5%	farmed_only	Farmed only	Tmol_scf_54	25000	34999	Mystik Canada;Papek Czechia;Starfood Holland	3	False	-2.913523497
0.05	5%	farmed_and_wild	Farmed + wild	Tmol_scf_54	35000	44999	Mystik Canada;Papek Czechia	2	True	-2.70735865
0.05	5%	farmed_and_wild	Farmed + wild	Tmol_scf_54	45000	54999	Mystik Canada;Papek Czechia;Starfood Holland	3	True	-2.732204024
0.05	5%	farmed_and_wild	Farmed + wild	Tmol_scf_54	55000	64999	Mystik Canada;Papek Czechia;Starfood Holland	3	True	-2.920763533
0.05	5%	farmed_only	Farmed only	Tmol_scf_54	75000	84999	Mystik Canada	1	False	-2.568082191
0.05	5%	farmed_and_wild	Farmed + wild	Tmol_scf_54	85000	94999	Mystik Canada;Papek Czechia;Starfood Holland	3	True	-2.800116909
0.05	5%	farmed_and_wild	Farmed + wild	Tmol_scf_54	95000	104999	Mystik Canada;Papek Czechia	2	True	-2.666005559
0.05	5%	farmed_and_wild	Farmed + wild	Tmol_scf_54	105000	114999	Mystik Canada;Papek Czechia;Starfood Holland	3	True	-2.413297275
0.05	5%	farmed_and_wild	Farmed + wild	Tmol_scf_54	115000	124999	Mystik Canada;Papek Czechia;Starfood Holland	3	True	-2.849487102
0.05	5%	wild_only	Wild only	Tmol_scf_54	125000	134999		0	True	-1.74840288
0.05	5%	farmed_only	Farmed only	Tmol_scf_54	135000	144999	Mystik Canada;Papek Czechia	2	False	-3.011854399
0.05	5%	farmed_and_wild	Farmed + wild	Tmol_scf_54	145000	154999	Mystik Canada;Papek Czechia;Starfood Holland	3	True	-3.002650211
0.05	5%	farmed_and_wild	Farmed + wild	Tmol_scf_54	155000	164999	Mystik Canada;Papek Czechia;Starfood Holland	3	True	-3.019179971
0.05	5%	farmed_and_wild	Farmed + wild	Tmol_scf_54	165000	174999	Papek Czechia	1	True	-2.325406362
0.05	5%	wild_only	Wild only	Tmol_scf_55	5000	14999		0	True	-1.672329496
0.05	5%	farmed_and_wild	Farmed + wild	Tmol_scf_55	15000	24999	Mystik Canada;Papek Czechia;Starfood Holland	3	True	-2.102167949
0.05	5%	farmed_and_wild	Farmed + wild	Tmol_scf_55	25000	34999	Mystik Canada;Papek Czechia;Starfood Holland	3	True	-2.892749741
0.05	5%	farmed_only	Farmed only	Tmol_scf_55	35000	44999	Starfood Holland	1	False	-2.352854492
0.05	5%	farmed_only	Farmed only	Tmol_scf_55	45000	54999	Papek Czechia;Starfood Holland	2	False	-2.049226201
0.05	5%	farmed_only	Farmed only	Tmol_scf_55	50000	59999	Kingsect Belgium	1	False	-2.116349678
0.05	5%	farmed_and_wild	Farmed + wild	Tmol_scf_55	55000	64999	Mystik Canada;Papek Czechia;Starfood Holland	3	True	-2.904412526
0.05	5%	farmed_only	Farmed only	Tmol_scf_55	60000	69999	Kingsect Belgium	1	False	-2.159706271
0.05	5%	farmed_only	Farmed only	Tmol_scf_55	65000	74999	Starfood Holland	1	False	-2.550469457
0.05	5%	farmed_only	Farmed only	Tmol_scf_55	70000	79999	Kingsect Belgium	1	False	-2.147551532
0.05	5%	farmed_only	Farmed only	Tmol_scf_55	80000	89999	Kingsect Belgium	1	False	-2.088705234
0.05	5%	farmed_only	Farmed only	Tmol_scf_55	90000	99999	Kingsect Belgium	1	False	-2.122639909
0.05	5%	farmed_only	Farmed only	Tmol_scf_55	95000	104999	Papek Czechia	1	False	-1.827605223
0.05	5%	farmed_only	Farmed only	Tmol_scf_55	100000	109999	Kingsect Belgium	1	False	-2.124559876
0.05	5%	farmed_and_wild	Farmed + wild	Tmol_scf_55	105000	114999	Papek Czechia	1	True	-2.005566582
0.05	5%	farmed_only	Farmed only	Tmol_scf_55	110000	119999	Kingsect Belgium	1	False	-2.057962604
0.05	5%	farmed_only	Farmed only	Tmol_scf_55	115000	124999	Mystik Canada;Papek Czechia;Starfood Holland	3	False	-2.747898861
0.05	5%	farmed_only	Farmed only	Tmol_scf_55	120000	129999	Kingsect Belgium	1	False	-2.023630533
0.05	5%	farmed_only	Farmed only	Tmol_scf_55	125000	134999	Starfood Holland	1	False	-2.276959389
0.05	5%	farmed_only	Farmed only	Tmol_scf_55	130000	139999	Kingsect Belgium	1	False	-2.065124318
0.05	5%	farmed_only	Farmed only	Tmol_scf_55	135000	144999	Mystik Canada;Papek Czechia	2	False	-2.00077484
0.05	5%	farmed_and_wild	Farmed + wild	Tmol_scf_55	145000	154999	Mystik Canada;Starfood Holland	2	True	-2.554692164
0.05	5%	farmed_only	Farmed only	Tmol_scf_55	155000	164999	Starfood Holland	1	False	-2.400413135
0.05	5%	farmed_and_wild	Farmed + wild	Tmol_scf_56	15000	24999	Mystik Canada;Papek Czechia;Starfood Holland	3	True	-2.892811024
0.05	5%	farmed_and_wild	Farmed + wild	Tmol_scf_56	25000	34999	Mystik Canada;Papek Czechia;Starfood Holland	3	True	-2.941655221
0.05	5%	farmed_and_wild	Farmed + wild	Tmol_scf_56	35000	44999	Mystik Canada;Papek Czechia;Starfood Holland	3	True	-2.847463551
0.05	5%	farmed_and_wild	Farmed + wild	Tmol_scf_56	45000	54999	Mystik Canada;Papek Czechia;Starfood Holland	3	True	-2.90005735
0.05	5%	farmed_only	Farmed only	Tmol_scf_56	50000	59999	Kingsect Belgium	1	False	-2.839907447
0.05	5%	farmed_and_wild	Farmed + wild	Tmol_scf_56	55000	64999	Mystik Canada;Papek Czechia;Starfood Holland	3	True	-2.93907094
0.05	5%	farmed_only	Farmed only	Tmol_scf_56	60000	69999	Kingsect Belgium	1	False	-2.890253786
0.05	5%	farmed_and_wild	Farmed + wild	Tmol_scf_56	65000	74999	Mystik Canada;Papek Czechia;Starfood Holland	3	True	-2.889616013
0.05	5%	farmed_only	Farmed only	Tmol_scf_56	70000	79999	Kingsect Belgium	1	False	-2.784499015
0.05	5%	farmed_and_wild	Farmed + wild	Tmol_scf_56	75000	84999	Mystik Canada;Papek Czechia;Starfood Holland	3	True	-2.790838516
0.05	5%	farmed_only	Farmed only	Tmol_scf_56	80000	89999	Kingsect Belgium	1	False	-2.745492536
0.05	5%	farmed_and_wild	Farmed + wild	Tmol_scf_56	85000	94999	Mystik Canada;Papek Czechia;Starfood Holland	3	True	-2.933569851
0.05	5%	farmed_only	Farmed only	Tmol_scf_56	90000	99999	Kingsect Belgium	1	False	-2.74363721
0.05	5%	farmed_and_wild	Farmed + wild	Tmol_scf_56	95000	104999	Mystik Canada;Papek Czechia;Starfood Holland	3	True	-2.881649766
0.05	5%	farmed_only	Farmed only	Tmol_scf_56	100000	109999	Kingsect Belgium	1	False	-2.573912687
0.05	5%	farmed_and_wild	Farmed + wild	Tmol_scf_56	105000	114999	Mystik Canada;Papek Czechia;Starfood Holland	3	True	-2.87219001
0.05	5%	farmed_only	Farmed only	Tmol_scf_56	110000	119999	Kingsect Belgium	1	False	-2.533175546
0.05	5%	farmed_only	Farmed only	Tmol_scf_56	120000	129999	Kingsect Belgium	1	False	-2.463858812
0.05	5%	farmed_only	Farmed only	Tmol_scf_56	125000	134999	Starfood Holland	1	False	-2.768776065
0.05	5%	farmed_only	Farmed only	Tmol_scf_56	130000	139999	Kingsect Belgium	1	False	-2.364967956
0.05	5%	farmed_and_wild	Farmed + wild	Tmol_scf_56	155000	164999	Mystik Canada;Starfood Holland	2	True	-2.353316987
0.05	5%	farmed_only	Farmed only	Tmol_scf_57	5000	14999	Papek Czechia;Starfood Holland	2	False	-2.204022038
0.05	5%	farmed_and_wild	Farmed + wild	Tmol_scf_57	25000	34999	Mystik Canada;Papek Czechia;Starfood Holland	3	True	-3.114715062
0.05	5%	farmed_and_wild	Farmed + wild	Tmol_scf_57	35000	44999	Mystik Canada;Papek Czechia;Starfood Holland	3	True	-3.062027635
0.05	5%	farmed_and_wild	Farmed + wild	Tmol_scf_57	45000	54999	Mystik Canada;Papek Czechia;Starfood Holland	3	True	-3.43328883
0.05	5%	farmed_and_wild	Farmed + wild	Tmol_scf_57	55000	64999	Mystik Canada;Papek Czechia	2	True	-1.991383193
0.05	5%	farmed_and_wild	Farmed + wild	Tmol_scf_57	65000	74999	Mystik Canada;Papek Czechia;Starfood Holland	3	True	-2.938368876
0.05	5%	farmed_and_wild	Farmed + wild	Tmol_scf_57	75000	84999	Mystik Canada;Papek Czechia;Starfood Holland	3	True	-3.4385
0.05	5%	farmed_and_wild	Farmed + wild	Tmol_scf_57	85000	94999	Mystik Canada;Papek Czechia;Starfood Holland	3	True	-3.139398364
0.05	5%	farmed_only	Farmed only	Tmol_scf_57	105000	114999	Mystik Canada;Starfood Holland	2	False	-2.108926467
0.05	5%	farmed_only	Farmed only	Tmol_scf_57	115000	124999	Mystik Canada	1	False	-1.941962784
0.05	5%	farmed_only	Farmed only	Tmol_scf_57	125000	134999	Starfood Holland	1	False	-2.044261555
0.05	5%	farmed_and_wild	Farmed + wild	Tmol_scf_57	135000	144999	Mystik Canada;Papek Czechia;Starfood Holland	3	True	-2.774501264
0.05	5%	farmed_and_wild	Farmed + wild	Tmol_scf_57	145000	154999	Papek Czechia;Starfood Holland	2	True	-2.693243646
0.05	5%	wild_only	Wild only	Tmol_scf_57	155000	164999		0	True	-1.955797114
0.05	5%	farmed_only	Farmed only	Tmol_scf_58	135000	144999	Mystik Canada;Papek Czechia;Starfood Holland	3	False	-2.272978084
0.05	5%	farmed_and_wild	Farmed + wild	Tmol_scf_60	75000	84999	Mystik Canada;Papek Czechia;Starfood Holland	3	True	-3.224607191
0.05	5%	farmed_only	Farmed only	Tmol_scf_61	15000	24999	Papek Czechia;Starfood Holland	2	False	-2.225775746
0.05	5%	farmed_and_wild	Farmed + wild	Tmol_scf_61	35000	44999	Papek Czechia;Starfood Holland	2	True	-2.857287991
0.05	5%	farmed_and_wild	Farmed + wild	Tmol_scf_61	45000	54999	Papek Czechia;Starfood Holland	2	True	-2.461739693
0.05	5%	farmed_and_wild	Farmed + wild	Tmol_scf_61	55000	64999	Papek Czechia;Starfood Holland	2	True	-2.907264627
0.05	5%	farmed_and_wild	Farmed + wild	Tmol_scf_61	75000	84999	Mystik Canada;Papek Czechia;Starfood Holland	3	True	-2.64444955
0.05	5%	farmed_and_wild	Farmed + wild	Tmol_scf_61	105000	114999	Mystik Canada;Papek Czechia	2	True	-2.562931325
0.05	5%	farmed_only	Farmed only	Tmol_scf_61	115000	124999	Mystik Canada;Papek Czechia;Starfood Holland	3	False	-2.931821166
0.05	5%	farmed_and_wild	Farmed + wild	Tmol_scf_61	125000	134999	Mystik Canada;Papek Czechia;Starfood Holland	3	True	-2.52572791
0.05	5%	farmed_only	Farmed only	Tmol_scf_62	5000	14999	Starfood Holland	1	False	-2.474075217
0.05	5%	farmed_and_wild	Farmed + wild	Tmol_scf_62	15000	24999	Papek Czechia;Starfood Holland	2	True	-2.9338444
0.05	5%	farmed_only	Farmed only	Tmol_scf_62	25000	34999	Mystik Canada;Papek Czechia;Starfood Holland	3	False	-2.307362744
0.05	5%	farmed_and_wild	Farmed + wild	Tmol_scf_62	45000	54999	Mystik Canada;Papek Czechia;Starfood Holland	3	True	-2.338935395
0.05	5%	farmed_and_wild	Farmed + wild	Tmol_scf_62	55000	64999	Mystik Canada;Papek Czechia;Starfood Holland	3	True	-2.617408262
0.05	5%	farmed_only	Farmed only	Tmol_scf_62	65000	74999	Mystik Canada;Papek Czechia;Starfood Holland	3	False	-2.921362187
0.05	5%	farmed_and_wild	Farmed + wild	Tmol_scf_62	75000	84999	Mystik Canada;Papek Czechia;Starfood Holland	3	True	-2.911991948
0.05	5%	farmed_and_wild	Farmed + wild	Tmol_scf_62	85000	94999	Mystik Canada;Papek Czechia	2	True	-2.805268676
0.05	5%	farmed_and_wild	Farmed + wild	Tmol_scf_62	95000	104999	Mystik Canada;Papek Czechia;Starfood Holland	3	True	-2.893376286
0.05	5%	farmed_and_wild	Farmed + wild	Tmol_scf_62	105000	114999	Mystik Canada;Papek Czechia;Starfood Holland	3	True	-2.899713014
0.05	5%	farmed_only	Farmed only	Tmol_scf_62	115000	124999	Mystik Canada	1	False	-2.202903903
0.05	5%	farmed_only	Farmed only	Tmol_scf_62	125000	134999	Mystik Canada;Papek Czechia;Starfood Holland	3	False	-2.784392883
0.05	5%	farmed_only	Farmed only	Tmol_scf_62	135000	144999	Starfood Holland	1	False	-2.284855303
0.05	5%	farmed_only	Farmed only	Tmol_scf_63	25000	34999	Starfood Holland	1	False	-2.034548985
0.05	5%	farmed_and_wild	Farmed + wild	Tmol_scf_63	45000	54999	Mystik Canada;Papek Czechia;Starfood Holland	3	True	-2.546258008
0.05	5%	farmed_only	Farmed only	Tmol_scf_63	50000	59999	Kingsect Belgium	1	False	-2.231733838
0.05	5%	farmed_and_wild	Farmed + wild	Tmol_scf_63	55000	64999	Mystik Canada;Papek Czechia;Starfood Holland	3	True	-2.233661787
0.05	5%	farmed_only	Farmed only	Tmol_scf_63	60000	69999	Kingsect Belgium	1	False	-2.288716503
0.05	5%	farmed_and_wild	Farmed + wild	Tmol_scf_63	65000	74999	Mystik Canada;Papek Czechia;Starfood Holland	3	True	-2.40122239
0.05	5%	farmed_only	Farmed only	Tmol_scf_63	70000	79999	Kingsect Belgium	1	False	-2.344430054
0.05	5%	farmed_and_wild	Farmed + wild	Tmol_scf_63	75000	84999	Mystik Canada;Papek Czechia;Starfood Holland	3	True	-2.294364684
0.05	5%	farmed_only	Farmed only	Tmol_scf_63	80000	89999	Kingsect Belgium	1	False	-2.361284728
0.05	5%	farmed_and_wild	Farmed + wild	Tmol_scf_63	85000	94999	Mystik Canada;Papek Czechia;Starfood Holland	3	True	-2.524026395
0.05	5%	farmed_only	Farmed only	Tmol_scf_63	90000	99999	Kingsect Belgium	1	False	-2.414498715
0.05	5%	farmed_only	Farmed only	Tmol_scf_63	95000	104999	Mystik Canada	1	False	-1.19515548
0.05	5%	farmed_only	Farmed only	Tmol_scf_63	100000	109999	Kingsect Belgium	1	False	-2.38177722
0.05	5%	farmed_only	Farmed only	Tmol_scf_63	115000	124999	Mystik Canada;Papek Czechia;Starfood Holland	3	False	-2.358629143
0.05	5%	farmed_only	Farmed only	Tmol_scf_63	125000	134999	Papek Czechia	1	False	-1.728758414
0.05	5%	farmed_only	Farmed only	Tmol_scf_63	135000	144999	Mystik Canada;Papek Czechia;Starfood Holland	3	False	-2.04921756
0.05	5%	farmed_and_wild	Farmed + wild	Tmol_scf_64	35000	44999	Mystik Canada;Papek Czechia;Starfood Holland	3	True	-2.956426753
0.05	5%	farmed_and_wild	Farmed + wild	Tmol_scf_64	45000	54999	Papek Czechia;Starfood Holland	2	True	-2.663981196
0.05	5%	farmed_and_wild	Farmed + wild	Tmol_scf_64	55000	64999	Mystik Canada;Papek Czechia;Starfood Holland	3	True	-2.638772938
0.05	5%	farmed_and_wild	Farmed + wild	Tmol_scf_64	105000	114999	Mystik Canada;Papek Czechia;Starfood Holland	3	True	-2.842073555
0.05	5%	farmed_and_wild	Farmed + wild	Tmol_scf_64	135000	144999	Papek Czechia;Starfood Holland	2	True	-3.295920221
0.05	5%	farmed_and_wild	Farmed + wild	Tmol_scf_65	15000	24999	Mystik Canada;Papek Czechia	2	True	-2.000817447
0.05	5%	farmed_only	Farmed only	Tmol_scf_65	25000	34999	Mystik Canada;Papek Czechia;Starfood Holland	3	False	-2.243950557
0.05	5%	farmed_and_wild	Farmed + wild	Tmol_scf_65	35000	44999	Mystik Canada;Papek Czechia;Starfood Holland	3	True	-2.520036475
0.05	5%	farmed_and_wild	Farmed + wild	Tmol_scf_65	45000	54999	Mystik Canada;Papek Czechia;Starfood Holland	3	True	-2.82417249
0.05	5%	farmed_and_wild	Farmed + wild	Tmol_scf_65	55000	64999	Mystik Canada;Papek Czechia;Starfood Holland	3	True	-2.802306835
0.05	5%	farmed_and_wild	Farmed + wild	Tmol_scf_65	85000	94999	Mystik Canada;Papek Czechia;Starfood Holland	3	True	-2.734922956
0.05	5%	farmed_and_wild	Farmed + wild	Tmol_scf_65	95000	104999	Mystik Canada;Papek Czechia;Starfood Holland	3	True	-2.935662194
0.05	5%	farmed_and_wild	Farmed + wild	Tmol_scf_65	105000	114999	Mystik Canada;Papek Czechia;Starfood Holland	3	True	-2.358119653
0.05	5%	farmed_and_wild	Farmed + wild	Tmol_scf_65	115000	124999	Mystik Canada;Papek Czechia;Starfood Holland	3	True	-2.844214527
0.05	5%	farmed_and_wild	Farmed + wild	Tmol_scf_66	85000	94999	Mystik Canada;Papek Czechia;Starfood Holland	3	True	-2.331887549
0.05	5%	farmed_and_wild	Farmed + wild	Tmol_scf_66	95000	104999	Mystik Canada;Papek Czechia;Starfood Holland	3	True	-2.685698318
0.05	5%	farmed_and_wild	Farmed + wild	Tmol_scf_66	105000	114999	Mystik Canada;Papek Czechia;Starfood Holland	3	True	-2.343737251
0.05	5%	farmed_and_wild	Farmed + wild	Tmol_scf_66	115000	124999	Mystik Canada;Papek Czechia;Starfood Holland	3	True	-2.799954899
0.05	5%	farmed_only	Farmed only	Tmol_scf_66	125000	134999	Papek Czechia	1	False	-1.768204108
0.05	5%	farmed_and_wild	Farmed + wild	Tmol_scf_67	5000	14999	Mystik Canada;Papek Czechia;Starfood Holland	3	True	-2.802117892
0.05	5%	farmed_only	Farmed only	Tmol_scf_67	15000	24999	Mystik Canada;Papek Czechia;Starfood Holland	3	False	-2.298491301
0.05	5%	farmed_only	Farmed only	Tmol_scf_67	25000	34999	Mystik Canada;Papek Czechia	2	False	-1.944546527
0.05	5%	farmed_and_wild	Farmed + wild	Tmol_scf_67	35000	44999	Mystik Canada;Papek Czechia;Starfood Holland	3	True	-2.98629494
0.05	5%	farmed_and_wild	Farmed + wild	Tmol_scf_67	45000	54999	Mystik Canada;Papek Czechia;Starfood Holland	3	True	-2.783755142
0.05	5%	farmed_and_wild	Farmed + wild	Tmol_scf_67	55000	64999	Mystik Canada;Papek Czechia;Starfood Holland	3	True	-3.247300775
0.05	5%	farmed_only	Farmed only	Tmol_scf_67	65000	74999	Mystik Canada;Papek Czechia;Starfood Holland	3	False	-3.113514184
0.05	5%	farmed_and_wild	Farmed + wild	Tmol_scf_67	75000	84999	Mystik Canada;Papek Czechia;Starfood Holland	3	True	-2.704689527
0.05	5%	farmed_only	Farmed only	Tmol_scf_67	85000	94999	Mystik Canada	1	False	-1.318581481
0.05	5%	farmed_and_wild	Farmed + wild	Tmol_scf_67	95000	104999	Mystik Canada;Papek Czechia;Starfood Holland	3	True	-3.398261436
0.05	5%	farmed_and_wild	Farmed + wild	Tmol_scf_67	115000	124999	Mystik Canada;Papek Czechia;Starfood Holland	3	True	-3.001537527
0.05	5%	farmed_and_wild	Farmed + wild	Tmol_scf_67	125000	134999	Mystik Canada;Papek Czechia;Starfood Holland	3	True	-2.55468532
0.05	5%	farmed_and_wild	Farmed + wild	Tmol_scf_69	15000	24999	Mystik Canada;Papek Czechia;Starfood Holland	3	True	-2.377408577
0.05	5%	farmed_and_wild	Farmed + wild	Tmol_scf_69	25000	34999	Mystik Canada;Papek Czechia;Starfood Holland	3	True	-2.835984484
0.05	5%	wild_only	Wild only	Tmol_scf_69	45000	54999		0	True	-1.975771611
0.05	5%	farmed_and_wild	Farmed + wild	Tmol_scf_69	55000	64999	Starfood Holland	1	True	-2.051985603
0.05	5%	farmed_and_wild	Farmed + wild	Tmol_scf_69	65000	74999	Mystik Canada;Papek Czechia;Starfood Holland	3	True	-2.886795479
0.05	5%	farmed_and_wild	Farmed + wild	Tmol_scf_69	75000	84999	Mystik Canada;Papek Czechia;Starfood Holland	3	True	-2.961355465
0.05	5%	farmed_and_wild	Farmed + wild	Tmol_scf_69	85000	94999	Mystik Canada;Papek Czechia;Starfood Holland	3	True	-3.216809567
0.05	5%	farmed_and_wild	Farmed + wild	Tmol_scf_69	95000	104999	Mystik Canada;Papek Czechia;Starfood Holland	3	True	-2.687140496
0.05	5%	farmed_only	Farmed only	Tmol_scf_69	105000	114999	Papek Czechia;Starfood Holland	2	False	-2.881194255
0.05	5%	farmed_only	Farmed only	Tmol_scf_69	115000	124999	Mystik Canada;Papek Czechia	2	False	-2.751162582
0.05	5%	farmed_and_wild	Farmed + wild	Tmol_scf_69	125000	134999	Papek Czechia;Starfood Holland	2	True	-2.849409998
0.05	5%	farmed_and_wild	Farmed + wild	Tmol_scf_70	45000	54999	Mystik Canada;Papek Czechia;Starfood Holland	3	True	-2.354149775
0.05	5%	farmed_and_wild	Farmed + wild	Tmol_scf_70	65000	74999	Mystik Canada;Papek Czechia;Starfood Holland	3	True	-2.339848894
0.05	5%	farmed_and_wild	Farmed + wild	Tmol_scf_70	75000	84999	Mystik Canada;Papek Czechia;Starfood Holland	3	True	-2.433780502
0.05	5%	farmed_and_wild	Farmed + wild	Tmol_scf_70	95000	104999	Mystik Canada;Papek Czechia;Starfood Holland	3	True	-2.256446943
0.05	5%	wild_only	Wild only	Tmol_scf_70	105000	114999		0	True	-1.825713861
0.05	5%	farmed_and_wild	Farmed + wild	Tmol_scf_70	115000	124999	Mystik Canada;Papek Czechia;Starfood Holland	3	True	-2.375894879
0.05	5%	farmed_only	Farmed only	Tmol_scf_70	125000	134999	Starfood Holland	1	False	-2.077832739
0.05	5%	farmed_and_wild	Farmed + wild	Tmol_scf_71	5000	14999	Mystik Canada;Papek Czechia	2	True	-2.415179943
0.05	5%	farmed_only	Farmed only	Tmol_scf_71	15000	24999	Papek Czechia;Starfood Holland	2	False	-3.035336587
0.05	5%	farmed_only	Farmed only	Tmol_scf_71	25000	34999	Mystik Canada;Papek Czechia	2	False	-1.799913591
0.05	5%	farmed_and_wild	Farmed + wild	Tmol_scf_71	35000	44999	Mystik Canada;Papek Czechia;Starfood Holland	3	True	-3.109534487
0.05	5%	farmed_only	Farmed only	Tmol_scf_71	75000	84999	Mystik Canada	1	False	-2.781920798
0.05	5%	farmed_and_wild	Farmed + wild	Tmol_scf_71	105000	114999	Mystik Canada	1	True	-1.874553635
0.05	5%	farmed_and_wild	Farmed + wild	Tmol_scf_71	115000	124999	Mystik Canada;Papek Czechia;Starfood Holland	3	True	-3.153611888
0.05	5%	farmed_and_wild	Farmed + wild	Tmol_scf_71	125000	134999	Mystik Canada;Papek Czechia;Starfood Holland	3	True	-3.254311576
0.05	5%	farmed_and_wild	Farmed + wild	Tmol_scf_72	105000	114999	Mystik Canada;Starfood Holland	2	True	-2.03737168
0.05	5%	farmed_only	Farmed only	Tmol_scf_74	35000	44999	Mystik Canada	1	False	-2.366005134
0.05	5%	farmed_only	Farmed only	Tmol_scf_74	45000	54999	Mystik Canada	1	False	-2.778551566
0.05	5%	farmed_only	Farmed only	Tmol_scf_74	55000	64999	Mystik Canada	1	False	-2.618225885
0.05	5%	farmed_and_wild	Farmed + wild	Tmol_scf_74	65000	74999	Mystik Canada;Papek Czechia;Starfood Holland	3	True	-2.710974783
0.05	5%	farmed_only	Farmed only	Tmol_scf_74	75000	84999	Papek Czechia;Starfood Holland	2	False	-2.613822819
0.05	5%	farmed_and_wild	Farmed + wild	Tmol_scf_74	105000	114999	Papek Czechia;Starfood Holland	2	True	-2.688459965
0.05	5%	farmed_and_wild	Farmed + wild	Tmol_scf_74	115000	124999	Mystik Canada;Starfood Holland	2	True	-2.699422192
0.05	5%	farmed_only	Farmed only	Tmol_scf_75	25000	34999	Mystik Canada	1	False	-1.773082062
0.05	5%	farmed_only	Farmed only	Tmol_scf_75	35000	44999	Papek Czechia;Starfood Holland	2	False	-2.573364169
0.05	5%	farmed_only	Farmed only	Tmol_scf_75	50000	59999	Kingsect Belgium	1	False	-1.709949301
0.05	5%	farmed_only	Farmed only	Tmol_scf_75	60000	69999	Kingsect Belgium	1	False	-1.764088773
0.05	5%	farmed_only	Farmed only	Tmol_scf_75	65000	74999	Mystik Canada;Papek Czechia;Starfood Holland	3	False	-2.352500641
0.05	5%	farmed_only	Farmed only	Tmol_scf_75	70000	79999	Kingsect Belgium	1	False	-1.718809967
0.05	5%	farmed_only	Farmed only	Tmol_scf_75	75000	84999	Mystik Canada;Papek Czechia;Starfood Holland	3	False	-2.494806356
0.05	5%	farmed_only	Farmed only	Tmol_scf_75	80000	89999	Kingsect Belgium	1	False	-1.718820719
0.05	5%	farmed_and_wild	Farmed + wild	Tmol_scf_75	85000	94999	Mystik Canada;Papek Czechia;Starfood Holland	3	True	-2.656720103
0.05	5%	farmed_only	Farmed only	Tmol_scf_75	95000	104999	Starfood Holland	1	False	-2.155854619
0.05	5%	farmed_and_wild	Farmed + wild	Tmol_scf_76	5000	14999	Papek Czechia;Starfood Holland	2	True	-2.740581122
0.05	5%	farmed_and_wild	Farmed + wild	Tmol_scf_76	15000	24999	Papek Czechia;Starfood Holland	2	True	-2.591452144
0.05	5%	farmed_and_wild	Farmed + wild	Tmol_scf_76	25000	34999	Mystik Canada;Papek Czechia;Starfood Holland	3	True	-2.984311885
0.05	5%	farmed_and_wild	Farmed + wild	Tmol_scf_76	35000	44999	Mystik Canada;Papek Czechia;Starfood Holland	3	True	-3.242149995
0.05	5%	farmed_and_wild	Farmed + wild	Tmol_scf_76	45000	54999	Papek Czechia;Starfood Holland	2	True	-2.403774451
0.05	5%	farmed_only	Farmed only	Tmol_scf_76	55000	64999	Starfood Holland	1	False	-2.133216646
0.05	5%	farmed_and_wild	Farmed + wild	Tmol_scf_76	65000	74999	Mystik Canada;Papek Czechia;Starfood Holland	3	True	-3.072234395
0.05	5%	farmed_and_wild	Farmed + wild	Tmol_scf_76	75000	84999	Mystik Canada;Papek Czechia	2	True	-3.364642079
0.05	5%	farmed_and_wild	Farmed + wild	Tmol_scf_76	85000	94999	Mystik Canada;Papek Czechia;Starfood Holland	3	True	-3.008103269
0.05	5%	farmed_and_wild	Farmed + wild	Tmol_scf_76	95000	104999	Papek Czechia;Starfood Holland	2	True	-2.891778725
0.05	5%	farmed_and_wild	Farmed + wild	Tmol_scf_76	105000	114999	Mystik Canada;Papek Czechia;Starfood Holland	3	True	-2.150325099
0.05	5%	farmed_and_wild	Farmed + wild	Tmol_scf_76	115000	124999	Mystik Canada;Papek Czechia;Starfood Holland	3	True	-3.033390356
0.05	5%	farmed_only	Farmed only	Tmol_scf_77	5000	14999	Starfood Holland	1	False	-2.795436666
0.05	5%	farmed_only	Farmed only	Tmol_scf_77	15000	24999	Starfood Holland	1	False	-2.582339553
0.05	5%	farmed_and_wild	Farmed + wild	Tmol_scf_77	25000	34999	Papek Czechia;Starfood Holland	2	True	-2.938990877
0.05	5%	farmed_and_wild	Farmed + wild	Tmol_scf_77	35000	44999	Mystik Canada;Papek Czechia	2	True	-3.285373889
0.05	5%	farmed_and_wild	Farmed + wild	Tmol_scf_77	45000	54999	Mystik Canada;Papek Czechia;Starfood Holland	3	True	-2.880813328
0.05	5%	farmed_and_wild	Farmed + wild	Tmol_scf_77	55000	64999	Mystik Canada;Papek Czechia;Starfood Holland	3	True	-3.117859184
0.05	5%	farmed_and_wild	Farmed + wild	Tmol_scf_77	65000	74999	Papek Czechia;Starfood Holland	2	True	-2.885384636
0.05	5%	farmed_and_wild	Farmed + wild	Tmol_scf_77	75000	84999	Mystik Canada;Papek Czechia;Starfood Holland	3	True	-2.206989549
0.05	5%	wild_only	Wild only	Tmol_scf_77	85000	94999		0	True	-1.845264574
0.05	5%	farmed_only	Farmed only	Tmol_scf_78	5000	14999	Starfood Holland	1	False	-2.478617198
0.05	5%	farmed_only	Farmed only	Tmol_scf_78	15000	24999	Mystik Canada;Starfood Holland	2	False	-2.332984343
0.05	5%	farmed_and_wild	Farmed + wild	Tmol_scf_78	25000	34999	Mystik Canada;Papek Czechia	2	True	-2.204154382
0.05	5%	farmed_and_wild	Farmed + wild	Tmol_scf_78	35000	44999	Mystik Canada;Papek Czechia;Starfood Holland	3	True	-3.043927951
0.05	5%	farmed_and_wild	Farmed + wild	Tmol_scf_78	45000	54999	Mystik Canada;Papek Czechia;Starfood Holland	3	True	-2.801580975
0.05	5%	farmed_only	Farmed only	Tmol_scf_78	55000	64999	Mystik Canada;Papek Czechia;Starfood Holland	3	False	-3.223943649
0.05	5%	farmed_and_wild	Farmed + wild	Tmol_scf_78	65000	74999	Mystik Canada;Papek Czechia;Starfood Holland	3	True	-2.964253684
0.05	5%	farmed_only	Farmed only	Tmol_scf_78	75000	84999	Mystik Canada;Papek Czechia;Starfood Holland	3	False	-2.819178802
0.05	5%	farmed_and_wild	Farmed + wild	Tmol_scf_78	85000	94999	Mystik Canada;Papek Czechia;Starfood Holland	3	True	-2.542366804
0.05	5%	farmed_and_wild	Farmed + wild	Tmol_scf_78	95000	104999	Mystik Canada;Papek Czechia;Starfood Holland	3	True	-2.831425573
0.05	5%	farmed_only	Farmed only	Tmol_scf_78	105000	114999	Papek Czechia;Starfood Holland	2	False	-2.585765102
0.05	5%	farmed_and_wild	Farmed + wild	Tmol_scf_79	5000	14999	Mystik Canada;Papek Czechia;Starfood Holland	3	True	-3.526118451
0.05	5%	farmed_and_wild	Farmed + wild	Tmol_scf_79	15000	24999	Mystik Canada;Papek Czechia;Starfood Holland	3	True	-2.932642541
0.05	5%	farmed_and_wild	Farmed + wild	Tmol_scf_79	25000	34999	Mystik Canada;Papek Czechia;Starfood Holland	3	True	-3.272154773
0.05	5%	farmed_and_wild	Farmed + wild	Tmol_scf_79	45000	54999	Mystik Canada;Papek Czechia;Starfood Holland	3	True	-3.071817215
0.05	5%	farmed_and_wild	Farmed + wild	Tmol_scf_79	55000	64999	Mystik Canada	1	True	-2.599206038
0.05	5%	farmed_and_wild	Farmed + wild	Tmol_scf_79	65000	74999	Mystik Canada;Papek Czechia;Starfood Holland	3	True	-3.31820472
0.05	5%	farmed_and_wild	Farmed + wild	Tmol_scf_79	75000	84999	Mystik Canada;Papek Czechia;Starfood Holland	3	True	-2.871282702
0.05	5%	farmed_and_wild	Farmed + wild	Tmol_scf_79	85000	94999	Mystik Canada;Papek Czechia;Starfood Holland	3	True	-3.386973451
0.05	5%	farmed_and_wild	Farmed + wild	Tmol_scf_79	95000	104999	Mystik Canada;Papek Czechia;Starfood Holland	3	True	-3.053378123
0.05	5%	farmed_and_wild	Farmed + wild	Tmol_scf_80	5000	14999	Starfood Holland	1	True	-2.089843778
0.05	5%	farmed_and_wild	Farmed + wild	Tmol_scf_80	15000	24999	Mystik Canada;Papek Czechia;Starfood Holland	3	True	-2.563536641
0.05	5%	farmed_and_wild	Farmed + wild	Tmol_scf_80	25000	34999	Mystik Canada;Papek Czechia;Starfood Holland	3	True	-2.75563971
0.05	5%	farmed_and_wild	Farmed + wild	Tmol_scf_80	35000	44999	Mystik Canada;Papek Czechia;Starfood Holland	3	True	-2.815692105
0.05	5%	farmed_only	Farmed only	Tmol_scf_80	45000	54999	Mystik Canada	1	False	-2.262615602
0.05	5%	farmed_only	Farmed only	Tmol_scf_80	55000	64999	Mystik Canada;Starfood Holland	2	False	-2.629831512
0.05	5%	farmed_and_wild	Farmed + wild	Tmol_scf_80	65000	74999	Mystik Canada;Papek Czechia;Starfood Holland	3	True	-2.467203446
0.05	5%	farmed_only	Farmed only	Tmol_scf_80	75000	84999	Mystik Canada	1	False	-2.33095861
0.05	5%	farmed_and_wild	Farmed + wild	Tmol_scf_80	85000	94999	Mystik Canada;Papek Czechia;Starfood Holland	3	True	-2.161246491
0.05	5%	farmed_only	Farmed only	Tmol_scf_81	50000	59999	Kingsect Belgium	1	False	-1.817672927
0.05	5%	farmed_only	Farmed only	Tmol_scf_81	60000	69999	Kingsect Belgium	1	False	-1.742187861
0.05	5%	farmed_only	Farmed only	Tmol_scf_81	70000	79999	Kingsect Belgium	1	False	-1.733927289
0.05	5%	farmed_only	Farmed only	Tmol_scf_81	75000	84999	Papek Czechia	1	False	-1.753783111
0.05	5%	farmed_and_wild	Farmed + wild	Tmol_scf_82	15000	24999	Mystik Canada;Starfood Holland	2	True	-2.930641762
0.05	5%	farmed_and_wild	Farmed + wild	Tmol_scf_82	25000	34999	Papek Czechia;Starfood Holland	2	True	-2.901874252
0.05	5%	farmed_and_wild	Farmed + wild	Tmol_scf_82	35000	44999	Mystik Canada;Papek Czechia;Starfood Holland	3	True	-2.851471466
0.05	5%	farmed_only	Farmed only	Tmol_scf_82	45000	54999	Mystik Canada;Papek Czechia	2	False	-2.488222975
0.05	5%	farmed_only	Farmed only	Tmol_scf_82	50000	59999	Kingsect Belgium	1	False	-2.616154868
0.05	5%	farmed_and_wild	Farmed + wild	Tmol_scf_82	55000	64999	Mystik Canada;Papek Czechia;Starfood Holland	3	True	-3.141321621
0.05	5%	farmed_only	Farmed only	Tmol_scf_82	60000	69999	Kingsect Belgium	1	False	-2.600937871
0.05	5%	farmed_and_wild	Farmed + wild	Tmol_scf_82	65000	74999	Mystik Canada;Papek Czechia;Starfood Holland	3	True	-2.882330476
0.05	5%	farmed_and_wild	Farmed + wild	Tmol_scf_82	75000	84999	Papek Czechia;Starfood Holland	2	True	-2.800980561
0.05	5%	wild_only	Wild only	Tmol_scf_82	85000	94999		0	True	-1.615190283
0.05	5%	farmed_and_wild	Farmed + wild	Tmol_scf_83	55000	64999	Mystik Canada;Papek Czechia;Starfood Holland	3	True	-2.557689577
0.05	5%	farmed_and_wild	Farmed + wild	Tmol_scf_83	95000	104999	Mystik Canada;Papek Czechia;Starfood Holland	3	True	-2.524101229
0.05	5%	farmed_only	Farmed only	Tmol_scf_84	5000	14999	Starfood Holland	1	False	-2.538644232
0.05	5%	farmed_and_wild	Farmed + wild	Tmol_scf_84	15000	24999	Mystik Canada;Papek Czechia;Starfood Holland	3	True	-3.060908957
0.05	5%	farmed_only	Farmed only	Tmol_scf_84	25000	34999	Mystik Canada;Papek Czechia;Starfood Holland	3	False	-3.213436997
0.05	5%	farmed_and_wild	Farmed + wild	Tmol_scf_84	35000	44999	Mystik Canada;Papek Czechia;Starfood Holland	3	True	-3.083868017
0.05	5%	farmed_only	Farmed only	Tmol_scf_84	45000	54999	Mystik Canada;Papek Czechia	2	False	-1.813622884
0.05	5%	farmed_and_wild	Farmed + wild	Tmol_scf_84	55000	64999	Mystik Canada;Papek Czechia;Starfood Holland	3	True	-3.27567046
0.05	5%	farmed_and_wild	Farmed + wild	Tmol_scf_84	65000	74999	Mystik Canada;Papek Czechia	2	True	-2.754075221
0.05	5%	farmed_and_wild	Farmed + wild	Tmol_scf_84	75000	84999	Mystik Canada;Papek Czechia;Starfood Holland	3	True	-3.081285262
0.05	5%	farmed_and_wild	Farmed + wild	Tmol_scf_84	85000	94999	Mystik Canada;Papek Czechia;Starfood Holland	3	True	-3.078172303
0.05	5%	farmed_only	Farmed only	Tmol_scf_85	5000	14999	Papek Czechia;Starfood Holland	2	False	-2.892342977
0.05	5%	farmed_only	Farmed only	Tmol_scf_85	15000	24999	Mystik Canada;Papek Czechia;Starfood Holland	3	False	-2.411014873
0.05	5%	farmed_only	Farmed only	Tmol_scf_85	25000	34999	Starfood Holland	1	False	-2.192781156
0.05	5%	farmed_only	Farmed only	Tmol_scf_85	35000	44999	Mystik Canada;Papek Czechia;Starfood Holland	3	False	-2.610604607
0.05	5%	farmed_only	Farmed only	Tmol_scf_85	45000	54999	Mystik Canada;Papek Czechia;Starfood Holland	3	False	-2.512849084
0.05	5%	farmed_only	Farmed only	Tmol_scf_85	50000	59999	Kingsect Belgium	1	False	-2.389080291
0.05	5%	farmed_only	Farmed only	Tmol_scf_85	60000	69999	Kingsect Belgium	1	False	-2.375974804
0.05	5%	farmed_and_wild	Farmed + wild	Tmol_scf_85	65000	74999	Mystik Canada;Papek Czechia;Starfood Holland	3	True	-3.026030746
0.05	5%	farmed_and_wild	Farmed + wild	Tmol_scf_85	75000	84999	Mystik Canada;Papek Czechia;Starfood Holland	3	True	-2.339382952
0.05	5%	wild_only	Wild only	Tmol_scf_86	35000	44999		0	True	-1.664349952
0.05	5%	farmed_only	Farmed only	Tmol_scf_86	55000	64999	Starfood Holland	1	False	-2.137774811
0.05	5%	farmed_only	Farmed only	Tmol_scf_87	55000	64999	Mystik Canada	1	False	-2.342046378
0.05	5%	farmed_and_wild	Farmed + wild	Tmol_scf_87	65000	74999	Mystik Canada	1	True	-1.735800942
0.05	5%	farmed_only	Farmed only	Tmol_scf_87	75000	84999	Starfood Holland	1	False	-2.13176981
0.05	5%	farmed_and_wild	Farmed + wild	Tmol_scf_87	85000	94999	Mystik Canada;Papek Czechia;Starfood Holland	3	True	-2.302794711
0.05	5%	farmed_and_wild	Farmed + wild	Tmol_scf_88	75000	84999	Mystik Canada;Papek Czechia;Starfood Holland	3	True	-2.861163064
0.05	5%	farmed_and_wild	Farmed + wild	Tmol_scf_89	5000	14999	Mystik Canada;Papek Czechia;Starfood Holland	3	True	-2.994400515
0.05	5%	farmed_only	Farmed only	Tmol_scf_89	15000	24999	Mystik Canada	1	False	-1.32726419
0.05	5%	farmed_only	Farmed only	Tmol_scf_89	25000	34999	Starfood Holland	1	False	-2.148451434
0.05	5%	farmed_only	Farmed only	Tmol_scf_89	35000	44999	Mystik Canada;Papek Czechia;Starfood Holland	3	False	-2.641178059
0.05	5%	farmed_only	Farmed only	Tmol_scf_89	45000	54999	Starfood Holland	1	False	-2.169654231
0.05	5%	farmed_only	Farmed only	Tmol_scf_89	55000	64999	Mystik Canada;Papek Czechia;Starfood Holland	3	False	-3.067947613
0.05	5%	farmed_only	Farmed only	Tmol_scf_89	75000	84999	Starfood Holland	1	False	-2.234934189
0.05	5%	farmed_and_wild	Farmed + wild	Tmol_scf_89	85000	94999	Mystik Canada;Papek Czechia;Starfood Holland	3	True	-2.919691915
0.05	5%	farmed_and_wild	Farmed + wild	Tmol_scf_90	5000	14999	Mystik Canada;Papek Czechia;Starfood Holland	3	True	-2.513545392
0.05	5%	farmed_and_wild	Farmed + wild	Tmol_scf_90	15000	24999	Mystik Canada;Starfood Holland	2	True	-2.499459162
0.05	5%	farmed_and_wild	Farmed + wild	Tmol_scf_90	25000	34999	Mystik Canada;Papek Czechia;Starfood Holland	3	True	-2.090528557
0.05	5%	farmed_and_wild	Farmed + wild	Tmol_scf_90	35000	44999	Mystik Canada;Papek Czechia;Starfood Holland	3	True	-2.69759539
0.05	5%	farmed_and_wild	Farmed + wild	Tmol_scf_90	45000	54999	Mystik Canada;Papek Czechia;Starfood Holland	3	True	-2.78881652
0.05	5%	farmed_only	Farmed only	Tmol_scf_90	50000	59999	Kingsect Belgium	1	False	-2.559969216
0.05	5%	farmed_and_wild	Farmed + wild	Tmol_scf_90	55000	64999	Mystik Canada;Papek Czechia;Starfood Holland	3	True	-2.655671858
0.05	5%	farmed_and_wild	Farmed + wild	Tmol_scf_90	65000	74999	Mystik Canada;Papek Czechia;Starfood Holland	3	True	-2.758353794
0.05	5%	farmed_and_wild	Farmed + wild	Tmol_scf_90	75000	84999	Mystik Canada;Papek Czechia;Starfood Holland	3	True	-2.444757372
0.05	5%	farmed_and_wild	Farmed + wild	Tmol_scf_90	85000	94999	Mystik Canada;Papek Czechia;Starfood Holland	3	True	-2.160644584
0.05	5%	wild_only	Wild only	Tmol_scf_91	25000	34999		0	True	-1.810860332
0.05	5%	farmed_and_wild	Farmed + wild	Tmol_scf_91	35000	44999	Mystik Canada	1	True	-1.970351265
0.05	5%	farmed_and_wild	Farmed + wild	Tmol_scf_91	45000	54999	Mystik Canada;Papek Czechia;Starfood Holland	3	True	-2.182561075
0.05	5%	farmed_only	Farmed only	Tmol_scf_91	50000	59999	Kingsect Belgium	1	False	-2.058825991
0.05	5%	farmed_and_wild	Farmed + wild	Tmol_scf_91	55000	64999	Mystik Canada;Papek Czechia;Starfood Holland	3	True	-2.497014363
0.05	5%	farmed_and_wild	Farmed + wild	Tmol_scf_91	65000	74999	Mystik Canada;Papek Czechia;Starfood Holland	3	True	-2.522971994
0.05	5%	farmed_and_wild	Farmed + wild	Tmol_scf_91	75000	84999	Mystik Canada;Papek Czechia;Starfood Holland	3	True	-2.27836446
0.05	5%	farmed_and_wild	Farmed + wild	Tmol_scf_91	85000	94999	Mystik Canada;Papek Czechia;Starfood Holland	3	True	-2.854327978
0.05	5%	farmed_only	Farmed only	Tmol_scf_93	5000	14999	Mystik Canada;Papek Czechia;Starfood Holland	3	False	-2.819555932
0.05	5%	farmed_and_wild	Farmed + wild	Tmol_scf_93	15000	24999	Mystik Canada;Papek Czechia;Starfood Holland	3	True	-2.563057957
0.05	5%	farmed_only	Farmed only	Tmol_scf_93	25000	34999	Mystik Canada;Papek Czechia;Starfood Holland	3	False	-2.924786061
0.05	5%	farmed_only	Farmed only	Tmol_scf_93	35000	44999	Mystik Canada	1	False	-2.16448216
0.05	5%	farmed_only	Farmed only	Tmol_scf_93	45000	54999	Mystik Canada	1	False	-2.009198017
0.05	5%	farmed_only	Farmed only	Tmol_scf_93	55000	64999	Papek Czechia;Starfood Holland	2	False	-2.108593399
0.05	5%	farmed_only	Farmed only	Tmol_scf_93	65000	74999	Mystik Canada;Papek Czechia;Starfood Holland	3	False	-2.792832603
0.05	5%	farmed_only	Farmed only	Tmol_scf_93	75000	84999	Mystik Canada;Papek Czechia;Starfood Holland	3	False	-2.223986644
0.05	5%	farmed_only	Farmed only	Tmol_scf_95	5000	14999	Mystik Canada;Papek Czechia;Starfood Holland	3	False	-2.673967802
0.05	5%	farmed_only	Farmed only	Tmol_scf_95	15000	24999	Mystik Canada	1	False	-2.060084775
0.05	5%	farmed_and_wild	Farmed + wild	Tmol_scf_95	25000	34999	Mystik Canada;Papek Czechia;Starfood Holland	3	True	-3.427579735
0.05	5%	farmed_only	Farmed only	Tmol_scf_95	35000	44999	Mystik Canada	1	False	-2.637014255
0.05	5%	farmed_and_wild	Farmed + wild	Tmol_scf_95	45000	54999	Mystik Canada;Papek Czechia;Starfood Holland	3	True	-3.135059349
0.05	5%	farmed_and_wild	Farmed + wild	Tmol_scf_95	55000	64999	Mystik Canada;Papek Czechia;Starfood Holland	3	True	-3.556396478
0.05	5%	farmed_only	Farmed only	Tmol_scf_95	65000	74999	Mystik Canada	1	False	-2.050361093
0.05	5%	farmed_and_wild	Farmed + wild	Tmol_scf_95	75000	84999	Mystik Canada;Papek Czechia;Starfood Holland	3	True	-3.141696007
0.05	5%	farmed_and_wild	Farmed + wild	Tmol_scf_96	5000	14999	Mystik Canada;Papek Czechia;Starfood Holland	3	True	-2.291251189
0.05	5%	farmed_and_wild	Farmed + wild	Tmol_scf_96	15000	24999	Mystik Canada;Papek Czechia;Starfood Holland	3	True	-2.173001032
0.05	5%	farmed_and_wild	Farmed + wild	Tmol_scf_96	35000	44999	Mystik Canada;Papek Czechia;Starfood Holland	3	True	-2.396636492
0.05	5%	farmed_only	Farmed only	Tmol_scf_96	50000	59999	Kingsect Belgium	1	False	-2.101500276
0.05	5%	farmed_only	Farmed only	Tmol_scf_96	55000	64999	Mystik Canada	1	False	-1.218436172
0.05	5%	farmed_and_wild	Farmed + wild	Tmol_scf_97	5000	14999	Mystik Canada;Papek Czechia;Starfood Holland	3	True	-2.881227315
0.05	5%	farmed_and_wild	Farmed + wild	Tmol_scf_97	15000	24999	Mystik Canada;Papek Czechia	2	True	-2.752131591
0.05	5%	farmed_and_wild	Farmed + wild	Tmol_scf_97	25000	34999	Mystik Canada;Papek Czechia;Starfood Holland	3	True	-2.836298203
0.05	5%	farmed_only	Farmed only	Tmol_scf_97	45000	54999	Mystik Canada	1	False	-1.989203525
0.05	5%	farmed_only	Farmed only	Tmol_scf_97	55000	64999	Mystik Canada;Papek Czechia	2	False	-1.719616024
0.05	5%	farmed_and_wild	Farmed + wild	Tmol_scf_98	15000	24999	Papek Czechia;Starfood Holland	2	True	-2.948809757
0.05	5%	farmed_and_wild	Farmed + wild	Tmol_scf_98	45000	54999	Mystik Canada;Papek Czechia;Starfood Holland	3	True	-2.162320472
0.05	5%	farmed_only	Farmed only	Tmol_scf_98	55000	64999	Mystik Canada	1	False	-2.509523297
0.01	1%	farmed_only	Farmed only	1	1257536	1267535	Dole7	1	False	-2.620696178
0.01	1%	farmed_only	Farmed only	1	1277536	1287535	Dole7	1	False	-2.625519233
0.01	1%	farmed_only	Farmed only	1	4047536	4057535	Dole7;Mystik Canada;Pronutrix+ Belgium	3	False	-2.741735496
0.01	1%	farmed_only	Farmed only	1	12087536	12097535	Pronutrix+ Belgium	1	False	-2.150479523
0.01	1%	farmed_only	Farmed only	1	14617536	14627535	Dole7	1	False	-2.298004598
0.01	1%	farmed_and_wild	Farmed + wild	1	15307536	15317535	Dole7	1	True	-2.437031349
0.01	1%	farmed_and_wild	Farmed + wild	1	15327536	15337535	Dole7;Pronutrix+ Belgium	2	True	-2.478813092
0.01	1%	farmed_only	Farmed only	1	15347536	15357535	Dole7	1	False	-2.439816928
0.01	1%	wild_only	Wild only	1	15357536	15367535		0	True	-2.216193467
0.01	1%	farmed_only	Farmed only	1	15367536	15377535	Dole7	1	False	-2.382151332
0.01	1%	farmed_only	Farmed only	1	16427536	16437535	Dole7	1	False	-2.384679491
0.01	1%	farmed_only	Farmed only	1	16437536	16447535	Dole7	1	False	-2.302269546
0.01	1%	farmed_only	Farmed only	1	16487536	16497535	Dole7	1	False	-2.357641947
0.01	1%	farmed_only	Farmed only	1	16497536	16507535	Dole7	1	False	-2.436994606
0.01	1%	farmed_only	Farmed only	1	16517536	16527535	Dole7	1	False	-2.504430323
0.01	1%	farmed_only	Farmed only	1	16537536	16547535	Dole7	1	False	-2.515076239
0.01	1%	farmed_only	Farmed only	1	16557536	16567535	Dole7	1	False	-2.420463822
0.01	1%	farmed_only	Farmed only	1	16587536	16597535	Dole7	1	False	-2.516075632
0.01	1%	farmed_only	Farmed only	1	16607536	16617535	Dole7	1	False	-2.363724727
0.01	1%	farmed_only	Farmed only	1	16627536	16637535	Dole7	1	False	-2.437113148
0.01	1%	farmed_only	Farmed only	1	16637536	16647535	Dole7	1	False	-2.565139863
0.01	1%	farmed_only	Farmed only	1	19202536	19212535	Kingsect Belgium	1	False	-2.164878639
0.01	1%	farmed_only	Farmed only	1	19247536	19257535	Dole7	1	False	-2.34106073
0.01	1%	farmed_and_wild	Farmed + wild	1	20717536	20727535	Dole7;Papek Czechia;Pronutrix+ Belgium	3	True	-2.714680776
0.01	1%	farmed_and_wild	Farmed + wild	1	20937536	20947535	Dole7;Mystik Canada;Papek Czechia;Pronutrix+ Belgium;Starfood Holland	5	True	-2.808406078
0.01	1%	farmed_and_wild	Farmed + wild	1	20947536	20957535	Dole7;Mystik Canada;Papek Czechia;Pronutrix+ Belgium;Starfood Holland	5	True	-3.032929847
0.01	1%	farmed_and_wild	Farmed + wild	1	20957536	20967535	Dole7;Mystik Canada;Papek Czechia;Pronutrix+ Belgium;Starfood Holland	5	True	-3.106049747
0.01	1%	farmed_only	Farmed only	1	21967536	21977535	Dole7	1	False	-2.305986008
0.01	1%	farmed_only	Farmed only	1	24977536	24987535	Dole7	1	False	-2.355164681
0.01	1%	farmed_only	Farmed only	1	26178102	26188101	Dole7	1	False	-2.365748839
0.01	1%	farmed_only	Farmed only	1	26508102	26518101	Dole7	1	False	-2.406304009
0.01	1%	farmed_only	Farmed only	1	27308102	27318101	Dole7	1	False	-2.360836621
0.01	1%	wild_only	Wild only	1	27328102	27338101		0	True	-2.206966786
0.01	1%	farmed_only	Farmed only	1	29788102	29798101	Dole7	1	False	-2.352671059
0.01	1%	farmed_only	Farmed only	1	29888102	29898101	Dole7	1	False	-2.491476973
0.01	1%	farmed_only	Farmed only	1	30068102	30078101	Dole7	1	False	-2.335295388
0.01	1%	farmed_only	Farmed only	1	30198102	30208101	Dole7	1	False	-2.385476112
0.01	1%	farmed_only	Farmed only	1	30328102	30338101	Dole7	1	False	-2.40525466
0.01	1%	farmed_only	Farmed only	1	32058102	32068101	Dole7	1	False	-2.331746026
0.01	1%	farmed_and_wild	Farmed + wild	1	33988102	33998101	Dole7;Mystik Canada;Papek Czechia;Pronutrix+ Belgium;Starfood Holland	5	True	-2.897671235
0.01	1%	farmed_only	Farmed only	1	33998102	34008101	Dole7	1	False	-2.331254867
0.01	1%	farmed_and_wild	Farmed + wild	1	38908102	38918101	Dole7;Mystik Canada;Papek Czechia;Pronutrix+ Belgium	4	True	-2.701719422
0.01	1%	farmed_and_wild	Farmed + wild	1	38918102	38928101	Dole7;Mystik Canada;Papek Czechia;Pronutrix+ Belgium;Starfood Holland	5	True	-2.996495961
0.01	1%	farmed_and_wild	Farmed + wild	1	41128102	41138101	Dole7;Mystik Canada;Papek Czechia;Pronutrix+ Belgium;Starfood Holland	5	True	-3.257207079
0.01	1%	farmed_and_wild	Farmed + wild	1	47498102	47508101	Dole7;Pronutrix+ Belgium	2	True	-2.444690521
0.01	1%	wild_only	Wild only	1	47518102	47528101		0	True	-2.381169413
0.01	1%	farmed_and_wild	Farmed + wild	1	47528102	47538101	Dole7;Papek Czechia;Pronutrix+ Belgium	3	True	-2.604422682
0.01	1%	farmed_and_wild	Farmed + wild	1	47538102	47548101	Dole7;Mystik Canada;Pronutrix+ Belgium	3	True	-2.410895522
0.01	1%	farmed_and_wild	Farmed + wild	10	695000	704999	Dole7;Mystik Canada;Pronutrix+ Belgium	3	True	-2.338941993
0.01	1%	farmed_and_wild	Farmed + wild	10	1795000	1804999	Dole7	1	True	-2.589822205
0.01	1%	farmed_and_wild	Farmed + wild	10	1805000	1814999	Dole7	1	True	-2.441740288
0.01	1%	farmed_and_wild	Farmed + wild	10	1825000	1834999	Dole7	1	True	-2.475704239
0.01	1%	wild_only	Wild only	10	3825000	3834999		0	True	-2.417858616
0.01	1%	farmed_only	Farmed only	10	6595000	6604999	Dole7	1	False	-2.373111892
0.01	1%	farmed_only	Farmed only	10	6605000	6614999	Dole7	1	False	-2.342339486
0.01	1%	farmed_only	Farmed only	10	12155000	12164999	Dole7	1	False	-2.451006915
0.01	1%	farmed_only	Farmed only	10	12275000	12284999	Dole7;Mystik Canada;Pronutrix+ Belgium	3	False	-2.435090935
0.01	1%	farmed_only	Farmed only	10	12655000	12664999	Dole7;Papek Czechia	2	False	-2.637255558
0.01	1%	farmed_only	Farmed only	10	12665000	12674999	Dole7	1	False	-2.55437569
0.01	1%	farmed_only	Farmed only	10	12700000	12709999	Kingsect Belgium	1	False	-2.162344374
0.01	1%	farmed_only	Farmed only	10	12750000	12759999	Kingsect Belgium	1	False	-2.184571916
0.01	1%	farmed_only	Farmed only	10	12760000	12769999	Kingsect Belgium	1	False	-2.250300506
0.01	1%	farmed_only	Farmed only	10	12770000	12779999	Kingsect Belgium	1	False	-2.283997261
0.01	1%	farmed_only	Farmed only	10	12775000	12784999	Dole7	1	False	-2.443956912
0.01	1%	farmed_only	Farmed only	10	12780000	12789999	Kingsect Belgium	1	False	-2.282041118
0.01	1%	farmed_only	Farmed only	10	12795000	12804999	Dole7	1	False	-2.426990286
0.01	1%	farmed_only	Farmed only	10	12800000	12809999	Kingsect Belgium	1	False	-2.156608726
0.01	1%	farmed_only	Farmed only	10	12805000	12814999	Dole7	1	False	-2.628759467
0.01	1%	farmed_only	Farmed only	10	12810000	12819999	Kingsect Belgium	1	False	-2.224429497
0.01	1%	farmed_only	Farmed only	10	12820000	12829999	Kingsect Belgium	1	False	-2.309004402
0.01	1%	farmed_only	Farmed only	10	12830000	12839999	Kingsect Belgium	1	False	-2.290379565
0.01	1%	farmed_only	Farmed only	10	12840000	12849999	Kingsect Belgium	1	False	-2.317387116
0.01	1%	farmed_only	Farmed only	10	12850000	12859999	Kingsect Belgium	1	False	-2.343407422
0.01	1%	farmed_and_wild	Farmed + wild	10	12855000	12864999	Dole7;Mystik Canada;Papek Czechia;Pronutrix+ Belgium;Starfood Holland	5	True	-3.054680361
0.01	1%	farmed_only	Farmed only	10	12860000	12869999	Kingsect Belgium	1	False	-2.258799568
0.01	1%	farmed_only	Farmed only	10	12865000	12874999	Dole7;Papek Czechia;Pronutrix+ Belgium	3	False	-2.550826258
0.01	1%	farmed_only	Farmed only	10	12870000	12879999	Kingsect Belgium	1	False	-2.253967932
0.01	1%	farmed_only	Farmed only	10	12880000	12889999	Kingsect Belgium	1	False	-2.145365307
0.01	1%	farmed_only	Farmed only	10	12885000	12894999	Dole7	1	False	-2.32651231
0.01	1%	farmed_only	Farmed only	10	12890000	12899999	Kingsect Belgium	1	False	-2.202430283
0.01	1%	farmed_only	Farmed only	10	12895000	12904999	Dole7	1	False	-2.406156888
0.01	1%	farmed_and_wild	Farmed + wild	10	13435000	13444999	Dole7;Pronutrix+ Belgium	2	True	-2.623552941
0.01	1%	farmed_and_wild	Farmed + wild	10	13445000	13454999	Dole7;Mystik Canada;Papek Czechia;Pronutrix+ Belgium	4	True	-2.659116865
0.01	1%	farmed_only	Farmed only	10	13735000	13744999	Dole7	1	False	-2.417242767
0.01	1%	farmed_only	Farmed only	10	13865000	13874999	Dole7	1	False	-2.400595754
0.01	1%	farmed_only	Farmed only	10	13885000	13894999	Dole7;Pronutrix+ Belgium	2	False	-2.573165862
0.01	1%	farmed_only	Farmed only	10	14005000	14014999	Dole7	1	False	-2.299749363
0.01	1%	farmed_only	Farmed only	10	14075000	14084999	Dole7	1	False	-2.501375994
0.01	1%	farmed_and_wild	Farmed + wild	10	14305000	14314999	Dole7	1	True	-2.507073496
0.01	1%	farmed_only	Farmed only	10	14855000	14864999	Dole7	1	False	-2.327471087
0.01	1%	farmed_only	Farmed only	10	14885000	14894999	Dole7	1	False	-2.31401231
0.01	1%	farmed_only	Farmed only	10	15035000	15044999	Dole7	1	False	-2.541513767
0.01	1%	farmed_only	Farmed only	10	15045000	15054999	Dole7	1	False	-2.330924294
0.01	1%	farmed_only	Farmed only	10	15065000	15074999	Dole7	1	False	-2.382591003
0.01	1%	farmed_only	Farmed only	10	15225000	15234999	Dole7;Papek Czechia;Pronutrix+ Belgium	3	False	-2.63636712
0.01	1%	farmed_only	Farmed only	10	15235000	15244999	Dole7;Pronutrix+ Belgium	2	False	-2.540251805
0.01	1%	wild_only	Wild only	10	15245000	15254999		0	True	-2.343476535
0.01	1%	wild_only	Wild only	10	15255000	15264999		0	True	-2.278473783
0.01	1%	farmed_only	Farmed only	10	15425000	15434999	Dole7	1	False	-2.319641324
0.01	1%	farmed_only	Farmed only	10	15725000	15734999	Dole7	1	False	-2.379356484
0.01	1%	farmed_and_wild	Farmed + wild	2	35000	44999	Dole7	1	True	-2.593537427
0.01	1%	farmed_and_wild	Farmed + wild	2	45000	54999	Mystik Canada;Pronutrix+ Belgium	2	True	-2.342222828
0.01	1%	farmed_and_wild	Farmed + wild	2	3275000	3284999	Dole7;Pronutrix+ Belgium	2	True	-2.749068982
0.01	1%	farmed_only	Farmed only	2	5785000	5794999	Starfood Holland	1	False	-2.775199465
0.01	1%	wild_only	Wild only	2	5795000	5804999		0	True	-2.947869119
0.01	1%	farmed_and_wild	Farmed + wild	2	5825000	5834999	Papek Czechia;Pronutrix+ Belgium	2	True	-2.889178183
0.01	1%	farmed_only	Farmed only	2	5835000	5844999	Dole7;Starfood Holland	2	False	-3.088544971
0.01	1%	farmed_only	Farmed only	2	7135000	7144999	Dole7	1	False	-2.32159651
0.01	1%	farmed_and_wild	Farmed + wild	2	7845000	7854999	Dole7;Mystik Canada;Papek Czechia;Pronutrix+ Belgium;Starfood Holland	5	True	-3.392647321
0.01	1%	wild_only	Wild only	2	10895000	10904999		0	True	-2.412668864
0.01	1%	farmed_and_wild	Farmed + wild	2	10905000	10914999	Dole7;Mystik Canada;Pronutrix+ Belgium	3	True	-2.436986685
0.01	1%	farmed_and_wild	Farmed + wild	2	15355000	15364999	Dole7;Mystik Canada;Papek Czechia;Pronutrix+ Belgium;Starfood Holland	5	True	-3.418542725
0.01	1%	farmed_and_wild	Farmed + wild	2	20275000	20284999	Dole7	1	True	-2.537856827
0.01	1%	farmed_only	Farmed only	2	21035000	21044999	Dole7	1	False	-2.344050205
0.01	1%	farmed_only	Farmed only	2	22285000	22294999	Dole7	1	False	-2.435534353
0.01	1%	farmed_only	Farmed only	2	32105000	32114999	Dole7	1	False	-2.582226869
0.01	1%	farmed_only	Farmed only	2	32955000	32964999	Dole7	1	False	-2.324512068
0.01	1%	farmed_only	Farmed only	3	945000	954999	Dole7	1	False	-2.586610209
0.01	1%	farmed_and_wild	Farmed + wild	3	1045000	1054999	Dole7	1	True	-2.630639288
0.01	1%	farmed_and_wild	Farmed + wild	3	1055000	1064999	Dole7;Mystik Canada;Pronutrix+ Belgium	3	True	-2.486884634
0.01	1%	wild_only	Wild only	3	8295000	8304999		0	True	-2.223227631
0.01	1%	wild_only	Wild only	3	8315000	8324999		0	True	-2.301917036
0.01	1%	farmed_and_wild	Farmed + wild	3	11035000	11044999	Dole7;Mystik Canada;Papek Czechia;Pronutrix+ Belgium;Starfood Holland	5	True	-3.110313188
0.01	1%	farmed_and_wild	Farmed + wild	3	11225000	11234999	Dole7	1	True	-2.539709549
0.01	1%	farmed_and_wild	Farmed + wild	3	11625000	11634999	Dole7;Mystik Canada;Papek Czechia;Pronutrix+ Belgium	4	True	-2.732852351
0.01	1%	wild_only	Wild only	3	11935000	11944999		0	True	-2.280275363
0.01	1%	farmed_only	Farmed only	3	13335000	13344999	Dole7	1	False	-2.370417299
0.01	1%	farmed_only	Farmed only	3	13555000	13564999	Dole7	1	False	-2.3110517
0.01	1%	farmed_only	Farmed only	3	13725000	13734999	Dole7	1	False	-2.47856367
0.01	1%	farmed_only	Farmed only	3	13935000	13944999	Dole7	1	False	-2.437520443
0.01	1%	farmed_only	Farmed only	3	13945000	13954999	Dole7	1	False	-2.320735806
0.01	1%	farmed_only	Farmed only	3	13955000	13964999	Dole7;Papek Czechia	2	False	-2.414040186
0.01	1%	farmed_only	Farmed only	3	13965000	13974999	Dole7	1	False	-2.375732955
0.01	1%	farmed_only	Farmed only	3	14385000	14394999	Dole7	1	False	-2.412637253
0.01	1%	farmed_only	Farmed only	3	14400000	14409999	Kingsect Belgium	1	False	-2.161416638
0.01	1%	farmed_only	Farmed only	3	14410000	14419999	Kingsect Belgium	1	False	-2.205914517
0.01	1%	farmed_only	Farmed only	3	14415000	14424999	Dole7	1	False	-2.588072912
0.01	1%	farmed_only	Farmed only	3	14420000	14429999	Kingsect Belgium	1	False	-2.170028215
0.01	1%	farmed_only	Farmed only	3	14425000	14434999	Dole7	1	False	-2.55308456
0.01	1%	farmed_only	Farmed only	3	14430000	14439999	Kingsect Belgium	1	False	-2.170292146
0.01	1%	farmed_only	Farmed only	3	14435000	14444999	Dole7	1	False	-2.464744431
0.01	1%	farmed_only	Farmed only	3	16715000	16724999	Dole7	1	False	-2.30629572
0.01	1%	wild_only	Wild only	3	16805000	16814999		0	True	-2.430634822
0.01	1%	farmed_and_wild	Farmed + wild	3	16985000	16994999	Dole7	1	True	-2.461919044
0.01	1%	farmed_and_wild	Farmed + wild	3	17245000	17254999	Dole7	1	True	-2.420480415
0.01	1%	wild_only	Wild only	3	17465000	17474999		0	True	-2.251853288
0.01	1%	wild_only	Wild only	3	17555000	17564999		0	True	-2.235729205
0.01	1%	wild_only	Wild only	3	17645000	17654999		0	True	-2.371046988
0.01	1%	farmed_and_wild	Farmed + wild	3	17705000	17714999	Dole7;Mystik Canada;Papek Czechia;Pronutrix+ Belgium;Starfood Holland	5	True	-2.833334535
0.01	1%	farmed_only	Farmed only	3	17715000	17724999	Dole7;Pronutrix+ Belgium	2	False	-2.493889309
0.01	1%	farmed_and_wild	Farmed + wild	3	17825000	17834999	Dole7	1	True	-2.515412663
0.01	1%	farmed_only	Farmed only	3	18015000	18024999	Dole7	1	False	-2.301880148
0.01	1%	farmed_only	Farmed only	3	19108622	19118621	Dole7	1	False	-2.422735501
0.01	1%	farmed_only	Farmed only	3	19408622	19418621	Dole7	1	False	-2.361504876
0.01	1%	farmed_only	Farmed only	3	20328622	20338621	Dole7	1	False	-2.313986901
0.01	1%	farmed_only	Farmed only	3	20988622	20998621	Pronutrix+ Belgium	1	False	-2.198542515
0.01	1%	farmed_and_wild	Farmed + wild	3	20998622	21008621	Dole7;Mystik Canada;Papek Czechia;Pronutrix+ Belgium;Starfood Holland	5	True	-2.955826292
0.01	1%	wild_only	Wild only	3	26568622	26578621		0	True	-2.395819677
0.01	1%	farmed_and_wild	Farmed + wild	3	26578622	26588621	Dole7	1	True	-2.4131283
0.01	1%	wild_only	Wild only	3	26588622	26598621		0	True	-2.203354877
0.01	1%	farmed_and_wild	Farmed + wild	3	31038622	31048621	Dole7;Mystik Canada;Papek Czechia;Pronutrix+ Belgium	4	True	-2.697468882
0.01	1%	farmed_and_wild	Farmed + wild	3	31048622	31058621	Dole7;Papek Czechia;Pronutrix+ Belgium;Starfood Holland	4	True	-2.942360355
0.01	1%	farmed_and_wild	Farmed + wild	3	31058622	31068621	Dole7;Mystik Canada;Papek Czechia;Pronutrix+ Belgium;Starfood Holland	5	True	-3.137225103
0.01	1%	farmed_only	Farmed only	3	31068622	31078621	Mystik Canada	1	False	-2.673211037
0.01	1%	farmed_only	Farmed only	4	845000	854999	Dole7;Pronutrix+ Belgium	2	False	-2.348172577
0.01	1%	farmed_only	Farmed only	4	3275000	3284999	Pronutrix+ Belgium	1	False	-2.120755802
0.01	1%	farmed_and_wild	Farmed + wild	4	5705000	5714999	Mystik Canada;Papek Czechia;Pronutrix+ Belgium;Starfood Holland	4	True	-2.855072008
0.01	1%	farmed_and_wild	Farmed + wild	4	5715000	5724999	Mystik Canada;Papek Czechia;Pronutrix+ Belgium;Starfood Holland	4	True	-3.246901538
0.01	1%	farmed_and_wild	Farmed + wild	4	7575000	7584999	Papek Czechia;Pronutrix+ Belgium	2	True	-2.567124128
0.01	1%	farmed_only	Farmed only	4	7585000	7594999	Mystik Canada;Papek Czechia	2	False	-2.475520752
0.01	1%	farmed_and_wild	Farmed + wild	4	7595000	7604999	Mystik Canada;Papek Czechia;Pronutrix+ Belgium;Starfood Holland	4	True	-2.869874889
0.01	1%	farmed_only	Farmed only	4	7600000	7609999	Kingsect Belgium	1	False	-2.25489267
0.01	1%	farmed_only	Farmed only	4	7605000	7614999	Pronutrix+ Belgium	1	False	-2.092287744
0.01	1%	farmed_only	Farmed only	4	7610000	7619999	Kingsect Belgium	1	False	-2.506561322
0.01	1%	farmed_only	Farmed only	4	7615000	7624999	Pronutrix+ Belgium	1	False	-2.1003392
0.01	1%	farmed_only	Farmed only	4	7620000	7629999	Kingsect Belgium	1	False	-2.463603524
0.01	1%	farmed_only	Farmed only	4	7630000	7639999	Kingsect Belgium	1	False	-2.239729925
0.01	1%	farmed_and_wild	Farmed + wild	4	11208144	11218143	Papek Czechia;Pronutrix+ Belgium	2	True	-2.6169654
0.01	1%	wild_only	Wild only	4	12098144	12108143		0	True	-2.310643412
0.01	1%	wild_only	Wild only	4	12558144	12568143		0	True	-2.33972704
0.01	1%	wild_only	Wild only	4	13168144	13178143		0	True	-2.476801314
0.01	1%	farmed_and_wild	Farmed + wild	4	15568243	15578242	Mystik Canada;Papek Czechia;Starfood Holland	3	True	-2.90724173
0.01	1%	farmed_only	Farmed only	4	15578243	15588242	Mystik Canada	1	False	-2.705100826
0.01	1%	farmed_only	Farmed only	4	15598243	15608242	Mystik Canada;Papek Czechia	2	False	-2.476575203
0.01	1%	wild_only	Wild only	4	15618243	15628242		0	True	-2.5603338
0.01	1%	farmed_only	Farmed only	4	15628243	15638242	Papek Czechia	1	False	-2.503725338
0.01	1%	farmed_only	Farmed only	4	18634214	18644213	Pronutrix+ Belgium	1	False	-2.178653557
0.01	1%	farmed_only	Farmed only	4	18644214	18654213	Pronutrix+ Belgium	1	False	-2.335741953
0.01	1%	farmed_only	Farmed only	4	20909214	20919213	Kingsect Belgium	1	False	-2.22223394
0.01	1%	farmed_only	Farmed only	4	20919214	20929213	Kingsect Belgium	1	False	-2.274306234
0.01	1%	farmed_only	Farmed only	4	20929214	20939213	Kingsect Belgium	1	False	-2.302383243
0.01	1%	farmed_only	Farmed only	4	20939214	20949213	Kingsect Belgium	1	False	-2.211756006
0.01	1%	farmed_only	Farmed only	4	21024214	21034213	Pronutrix+ Belgium	1	False	-2.096600951
0.01	1%	farmed_only	Farmed only	4	21384214	21394213	Mystik Canada;Pronutrix+ Belgium	2	False	-2.161260514
0.01	1%	wild_only	Wild only	4	21544214	21554213		0	True	-2.261115746
0.01	1%	farmed_only	Farmed only	4	21589214	21599213	Kingsect Belgium	1	False	-2.14147155
0.01	1%	farmed_only	Farmed only	4	21619214	21629213	Kingsect Belgium	1	False	-2.154395884
0.01	1%	farmed_only	Farmed only	4	21629214	21639213	Kingsect Belgium	1	False	-2.199784162
0.01	1%	farmed_only	Farmed only	4	21879214	21889213	Kingsect Belgium	1	False	-2.147229701
0.01	1%	farmed_only	Farmed only	4	21889214	21899213	Kingsect Belgium	1	False	-2.151730001
0.01	1%	farmed_only	Farmed only	4	21899214	21909213	Kingsect Belgium	1	False	-2.159428507
0.01	1%	farmed_only	Farmed only	4	21909214	21919213	Kingsect Belgium	1	False	-2.154364427
0.01	1%	farmed_only	Farmed only	4	21919214	21929213	Kingsect Belgium	1	False	-2.161373289
0.01	1%	farmed_and_wild	Farmed + wild	4	21924214	21934213	Pronutrix+ Belgium	1	True	-2.316770857
0.01	1%	farmed_and_wild	Farmed + wild	4	22418801	22428800	Mystik Canada;Papek Czechia;Pronutrix+ Belgium;Starfood Holland	4	True	-3.416126666
0.01	1%	farmed_only	Farmed only	4	22923801	22933800	Kingsect Belgium	1	False	-2.175656311
0.01	1%	farmed_only	Farmed only	4	22933801	22943800	Kingsect Belgium	1	False	-2.158589756
0.01	1%	farmed_only	Farmed only	4	22953801	22963800	Kingsect Belgium	1	False	-2.185500484
0.01	1%	farmed_only	Farmed only	4	22963801	22973800	Kingsect Belgium	1	False	-2.203424712
0.01	1%	farmed_only	Farmed only	4	22973801	22983800	Kingsect Belgium	1	False	-2.164584821
0.01	1%	farmed_only	Farmed only	4	22993801	23003800	Kingsect Belgium	1	False	-2.169318076
0.01	1%	farmed_only	Farmed only	4	23003801	23013800	Kingsect Belgium	1	False	-2.166669527
0.01	1%	wild_only	Wild only	4	23008801	23018800		0	True	-2.215783105
0.01	1%	farmed_only	Farmed only	4	23013801	23023800	Kingsect Belgium	1	False	-2.185853941
0.01	1%	farmed_only	Farmed only	4	23023801	23033800	Kingsect Belgium	1	False	-2.187663065
0.01	1%	farmed_only	Farmed only	4	23033801	23043800	Kingsect Belgium	1	False	-2.21796504
0.01	1%	farmed_only	Farmed only	4	23043801	23053800	Kingsect Belgium	1	False	-2.241304826
0.01	1%	farmed_only	Farmed only	4	23053801	23063800	Kingsect Belgium	1	False	-2.172599314
0.01	1%	farmed_only	Farmed only	4	23078801	23088800	Pronutrix+ Belgium	1	False	-2.203717758
0.01	1%	farmed_only	Farmed only	4	23278801	23288800	Pronutrix+ Belgium	1	False	-2.14743925
0.01	1%	farmed_only	Farmed only	4	23753900	23763899	Kingsect Belgium	1	False	-2.148462528
0.01	1%	farmed_only	Farmed only	4	23763900	23773899	Kingsect Belgium	1	False	-2.205418477
0.01	1%	farmed_only	Farmed only	4	23773900	23783899	Kingsect Belgium	1	False	-2.225900462
0.01	1%	farmed_only	Farmed only	4	23783900	23793899	Kingsect Belgium	1	False	-2.218768865
0.01	1%	farmed_only	Farmed only	4	23793900	23803899	Kingsect Belgium	1	False	-2.169002626
0.01	1%	farmed_and_wild	Farmed + wild	4	23808900	23818899	Pronutrix+ Belgium	1	True	-2.304496872
0.01	1%	farmed_only	Farmed only	4	24853900	24863899	Kingsect Belgium	1	False	-2.182073925
0.01	1%	farmed_only	Farmed only	4	24863900	24873899	Kingsect Belgium	1	False	-2.198705039
0.01	1%	farmed_only	Farmed only	4	24873900	24883899	Kingsect Belgium	1	False	-2.287790799
0.01	1%	farmed_only	Farmed only	4	24883900	24893899	Kingsect Belgium	1	False	-2.289357269
0.01	1%	farmed_only	Farmed only	4	24893900	24903899	Kingsect Belgium	1	False	-2.307425203
0.01	1%	farmed_and_wild	Farmed + wild	4	24898900	24908899	Papek Czechia;Pronutrix+ Belgium;Starfood Holland	3	True	-2.754877753
0.01	1%	farmed_only	Farmed only	4	24903900	24913899	Kingsect Belgium	1	False	-2.316800276
0.01	1%	farmed_only	Farmed only	4	24913900	24923899	Kingsect Belgium	1	False	-2.347827184
0.01	1%	farmed_only	Farmed only	4	24923900	24933899	Kingsect Belgium	1	False	-2.31729452
0.01	1%	farmed_only	Farmed only	4	24933900	24943899	Kingsect Belgium	1	False	-2.305379015
0.01	1%	farmed_only	Farmed only	4	24943900	24953899	Kingsect Belgium	1	False	-2.297447345
0.01	1%	farmed_only	Farmed only	4	24953900	24963899	Kingsect Belgium	1	False	-2.183708527
0.01	1%	farmed_only	Farmed only	4	27028900	27038899	Pronutrix+ Belgium	1	False	-2.212550502
0.01	1%	farmed_and_wild	Farmed + wild	4	27378900	27388899	Mystik Canada;Pronutrix+ Belgium	2	True	-2.246377297
0.01	1%	farmed_and_wild	Farmed + wild	4	28308900	28318899	Pronutrix+ Belgium	1	True	-2.225906431
0.01	1%	farmed_only	Farmed only	4	28318900	28328899	Papek Czechia;Pronutrix+ Belgium	2	False	-2.511779478
0.01	1%	wild_only	Wild only	4	28358900	28368899		0	True	-2.203966422
0.01	1%	farmed_and_wild	Farmed + wild	4	29748900	29758899	Pronutrix+ Belgium;Starfood Holland	2	True	-2.751743493
0.01	1%	farmed_and_wild	Farmed + wild	4	29768900	29778899	Mystik Canada;Papek Czechia;Pronutrix+ Belgium	3	True	-2.571727363
0.01	1%	wild_only	Wild only	4	29778900	29788899		0	True	-2.666354805
0.01	1%	farmed_only	Farmed only	5	1995000	2004999	Dole7	1	False	-2.339581482
0.01	1%	farmed_only	Farmed only	5	2885000	2894999	Dole7;Mystik Canada;Papek Czechia;Pronutrix+ Belgium	4	False	-2.722224571
0.01	1%	farmed_and_wild	Farmed + wild	5	4045000	4054999	Dole7;Mystik Canada;Papek Czechia;Pronutrix+ Belgium;Starfood Holland	5	True	-3.333201165
0.01	1%	farmed_only	Farmed only	5	5305000	5314999	Dole7	1	False	-2.404355132
0.01	1%	farmed_only	Farmed only	5	5345000	5354999	Dole7	1	False	-2.355757936
0.01	1%	farmed_only	Farmed only	5	5350000	5359999	Kingsect Belgium	1	False	-2.172435213
0.01	1%	farmed_only	Farmed only	5	5375000	5384999	Dole7	1	False	-2.523308566
0.01	1%	farmed_only	Farmed only	5	5385000	5394999	Dole7	1	False	-2.482101712
0.01	1%	farmed_only	Farmed only	5	5390000	5399999	Kingsect Belgium	1	False	-2.218089649
0.01	1%	farmed_only	Farmed only	5	5400000	5409999	Kingsect Belgium	1	False	-2.185246224
0.01	1%	farmed_only	Farmed only	5	5410000	5419999	Kingsect Belgium	1	False	-2.264322923
0.01	1%	farmed_only	Farmed only	5	5420000	5429999	Kingsect Belgium	1	False	-2.21190131
0.01	1%	farmed_only	Farmed only	5	5440000	5449999	Kingsect Belgium	1	False	-2.14523438
0.01	1%	farmed_only	Farmed only	5	5450000	5459999	Kingsect Belgium	1	False	-2.160063161
0.01	1%	farmed_only	Farmed only	5	5455000	5464999	Dole7	1	False	-2.49664714
0.01	1%	farmed_only	Farmed only	5	5485000	5494999	Dole7	1	False	-2.456800395
0.01	1%	farmed_only	Farmed only	5	5735000	5744999	Dole7	1	False	-2.327662163
0.01	1%	farmed_only	Farmed only	5	16100000	16109999	Kingsect Belgium	1	False	-2.143004673
0.01	1%	farmed_and_wild	Farmed + wild	5	21235000	21244999	Dole7	1	True	-2.551114412
0.01	1%	farmed_only	Farmed only	5	21260000	21269999	Kingsect Belgium	1	False	-2.147421147
0.01	1%	farmed_and_wild	Farmed + wild	5	21265000	21274999	Dole7;Mystik Canada;Papek Czechia;Pronutrix+ Belgium;Starfood Holland	5	True	-2.751434635
0.01	1%	farmed_and_wild	Farmed + wild	5	21275000	21284999	Dole7;Mystik Canada;Pronutrix+ Belgium	3	True	-2.410246756
0.01	1%	farmed_and_wild	Farmed + wild	5	21285000	21294999	Dole7;Pronutrix+ Belgium	2	True	-2.478538897
0.01	1%	farmed_only	Farmed only	5	21295000	21304999	Dole7	1	False	-2.420787134
0.01	1%	farmed_only	Farmed only	5	22535000	22544999	Dole7;Pronutrix+ Belgium	2	False	-2.345663636
0.01	1%	farmed_only	Farmed only	5	22635000	22644999	Pronutrix+ Belgium	1	False	-2.242535469
0.01	1%	farmed_only	Farmed only	5	23915000	23924999	Dole7	1	False	-2.556772301
0.01	1%	farmed_and_wild	Farmed + wild	5	25785000	25794999	Mystik Canada;Papek Czechia;Pronutrix+ Belgium	3	True	-2.632981906
0.01	1%	farmed_only	Farmed only	6	5000	14999	Dole7	1	False	-2.587819881
0.01	1%	farmed_only	Farmed only	6	15000	24999	Dole7;Papek Czechia;Pronutrix+ Belgium;Starfood Holland	4	False	-3.006387006
0.01	1%	farmed_and_wild	Farmed + wild	6	25000	34999	Dole7;Mystik Canada;Papek Czechia;Pronutrix+ Belgium;Starfood Holland	5	True	-3.05674097
0.01	1%	farmed_only	Farmed only	6	55000	64999	Mystik Canada;Papek Czechia;Pronutrix+ Belgium	3	False	-2.483917422
0.01	1%	farmed_only	Farmed only	6	65000	74999	Mystik Canada;Papek Czechia;Pronutrix+ Belgium	3	False	-2.45243708
0.01	1%	farmed_only	Farmed only	6	75000	84999	Dole7	1	False	-2.444606956
0.01	1%	farmed_only	Farmed only	6	85000	94999	Mystik Canada	1	False	-2.024953613
0.01	1%	farmed_only	Farmed only	6	125000	134999	Dole7	1	False	-2.381656299
0.01	1%	farmed_and_wild	Farmed + wild	6	145000	154999	Mystik Canada;Starfood Holland	2	True	-2.902286809
0.01	1%	farmed_only	Farmed only	6	155000	164999	Dole7	1	False	-2.321817405
0.01	1%	farmed_and_wild	Farmed + wild	6	185000	194999	Mystik Canada;Pronutrix+ Belgium;Starfood Holland	3	True	-2.8544134
0.01	1%	farmed_and_wild	Farmed + wild	6	195000	204999	Dole7;Mystik Canada;Papek Czechia;Pronutrix+ Belgium;Starfood Holland	5	True	-3.222035893
0.01	1%	farmed_only	Farmed only	6	915000	924999	Dole7	1	False	-2.71581174
0.01	1%	farmed_and_wild	Farmed + wild	6	925000	934999	Dole7;Papek Czechia;Pronutrix+ Belgium;Starfood Holland	4	True	-3.007925349
0.01	1%	farmed_only	Farmed only	6	930000	939999	Kingsect Belgium	1	False	-2.155635656
0.01	1%	farmed_only	Farmed only	6	935000	944999	Dole7	1	False	-2.496337388
0.01	1%	farmed_only	Farmed only	6	940000	949999	Kingsect Belgium	1	False	-2.278382831
0.01	1%	farmed_only	Farmed only	6	950000	959999	Kingsect Belgium	1	False	-2.268371199
0.01	1%	farmed_only	Farmed only	6	955000	964999	Dole7	1	False	-2.607448186
0.01	1%	farmed_only	Farmed only	6	960000	969999	Kingsect Belgium	1	False	-2.272227045
0.01	1%	farmed_only	Farmed only	6	1685000	1694999	Dole7;Mystik Canada;Papek Czechia;Pronutrix+ Belgium	4	False	-2.64203349
0.01	1%	farmed_only	Farmed only	6	1705000	1714999	Dole7	1	False	-2.337519286
0.01	1%	farmed_only	Farmed only	6	3805000	3814999	Dole7	1	False	-2.348623916
0.01	1%	farmed_only	Farmed only	6	3845000	3854999	Dole7	1	False	-2.322782781
0.01	1%	farmed_and_wild	Farmed + wild	6	5105000	5114999	Dole7;Pronutrix+ Belgium;Starfood Holland	3	True	-3.167359616
0.01	1%	farmed_only	Farmed only	6	7225000	7234999	Dole7	1	False	-2.382474596
0.01	1%	farmed_only	Farmed only	6	7235000	7244999	Dole7	1	False	-2.588461223
0.01	1%	farmed_only	Farmed only	6	7245000	7254999	Dole7;Papek Czechia;Pronutrix+ Belgium	3	False	-2.611582564
0.01	1%	farmed_only	Farmed only	6	7365000	7374999	Dole7	1	False	-2.597798636
0.01	1%	farmed_only	Farmed only	6	7375000	7384999	Dole7	1	False	-2.305135155
0.01	1%	farmed_only	Farmed only	6	9615000	9624999	Mystik Canada	1	False	-2.554310455
0.01	1%	farmed_and_wild	Farmed + wild	6	9625000	9634999	Dole7;Mystik Canada;Papek Czechia;Pronutrix+ Belgium;Starfood Holland	5	True	-2.917385028
0.01	1%	farmed_and_wild	Farmed + wild	6	9635000	9644999	Dole7;Mystik Canada;Papek Czechia;Pronutrix+ Belgium;Starfood Holland	5	True	-2.855916455
0.01	1%	farmed_only	Farmed only	6	9645000	9654999	Mystik Canada	1	False	-2.079550315
0.01	1%	farmed_only	Farmed only	6	13855000	13864999	Dole7	1	False	-2.298082439
0.01	1%	farmed_only	Farmed only	6	13935000	13944999	Dole7	1	False	-2.474362646
0.01	1%	wild_only	Wild only	6	14625000	14634999		0	True	-2.36413019
0.01	1%	farmed_only	Farmed only	6	17745000	17754999	Dole7	1	False	-2.305118018
0.01	1%	farmed_only	Farmed only	6	17755000	17764999	Dole7	1	False	-2.341799939
0.01	1%	farmed_only	Farmed only	6	19995000	20004999	Dole7	1	False	-2.304060403
0.01	1%	farmed_only	Farmed only	7	35000	44999	Dole7	1	False	-2.734950436
0.01	1%	farmed_and_wild	Farmed + wild	7	795000	804999	Dole7;Pronutrix+ Belgium	2	True	-2.567744315
0.01	1%	farmed_only	Farmed only	7	1235000	1244999	Dole7	1	False	-2.341938679
0.01	1%	farmed_only	Farmed only	7	1855000	1864999	Dole7;Papek Czechia;Pronutrix+ Belgium	3	False	-2.787818644
0.01	1%	farmed_only	Farmed only	7	1865000	1874999	Dole7	1	False	-2.297627458
0.01	1%	farmed_only	Farmed only	7	2755000	2764999	Dole7;Mystik Canada	2	False	-2.510393056
0.01	1%	farmed_only	Farmed only	7	2765000	2774999	Dole7	1	False	-2.387975441
0.01	1%	farmed_only	Farmed only	7	3775000	3784999	Dole7	1	False	-2.304333837
0.01	1%	farmed_only	Farmed only	7	5615000	5624999	Mystik Canada	1	False	-2.03576526
0.01	1%	farmed_only	Farmed only	7	6615000	6624999	Mystik Canada;Pronutrix+ Belgium	2	False	-2.372241525
0.01	1%	farmed_and_wild	Farmed + wild	7	12855000	12864999	Dole7;Mystik Canada;Papek Czechia;Pronutrix+ Belgium;Starfood Holland	5	True	-3.01519368
0.01	1%	farmed_only	Farmed only	7	16315000	16324999	Mystik Canada	1	False	-3.077371549
0.01	1%	farmed_and_wild	Farmed + wild	7	18935000	18944999	Dole7;Pronutrix+ Belgium	2	True	-2.693254196
0.01	1%	farmed_only	Farmed only	7	18945000	18954999	Dole7;Mystik Canada;Pronutrix+ Belgium	3	False	-2.633382188
0.01	1%	farmed_only	Farmed only	7	18955000	18964999	Dole7	1	False	-2.428111382
0.01	1%	farmed_only	Farmed only	7	20205000	20214999	Dole7;Papek Czechia	2	False	-2.453349016
0.01	1%	farmed_and_wild	Farmed + wild	7	20695000	20704999	Dole7	1	True	-2.397095083
0.01	1%	farmed_and_wild	Farmed + wild	7	20715000	20724999	Dole7	1	True	-2.365613442
0.01	1%	farmed_only	Farmed only	7	20735000	20744999	Dole7	1	False	-2.401878753
0.01	1%	farmed_only	Farmed only	7	20785000	20794999	Dole7	1	False	-2.432485693
0.01	1%	farmed_only	Farmed only	7	20800000	20809999	Kingsect Belgium	1	False	-2.208863862
0.01	1%	farmed_only	Farmed only	7	20845000	20854999	Dole7;Mystik Canada;Papek Czechia;Pronutrix+ Belgium	4	False	-2.707300658
0.01	1%	farmed_only	Farmed only	7	20910000	20919999	Kingsect Belgium	1	False	-2.172982435
0.01	1%	farmed_and_wild	Farmed + wild	7	20915000	20924999	Dole7;Papek Czechia;Pronutrix+ Belgium	3	True	-2.453294774
0.01	1%	farmed_only	Farmed only	7	20920000	20929999	Kingsect Belgium	1	False	-2.19133598
0.01	1%	farmed_only	Farmed only	7	20930000	20939999	Kingsect Belgium	1	False	-2.265812149
0.01	1%	farmed_only	Farmed only	7	20940000	20949999	Kingsect Belgium	1	False	-2.349396833
0.01	1%	farmed_only	Farmed only	7	20945000	20954999	Dole7	1	False	-2.492208635
0.01	1%	farmed_only	Farmed only	7	20950000	20959999	Kingsect Belgium	1	False	-2.403026517
0.01	1%	farmed_and_wild	Farmed + wild	7	20955000	20964999	Dole7;Pronutrix+ Belgium;Starfood Holland	3	True	-2.738721162
0.01	1%	farmed_only	Farmed only	7	20960000	20969999	Kingsect Belgium	1	False	-2.410341424
0.01	1%	farmed_only	Farmed only	7	20970000	20979999	Kingsect Belgium	1	False	-2.404821897
0.01	1%	farmed_only	Farmed only	7	20975000	20984999	Dole7	1	False	-2.503043093
0.01	1%	farmed_only	Farmed only	7	20980000	20989999	Kingsect Belgium	1	False	-2.426193021
0.01	1%	farmed_only	Farmed only	7	20990000	20999999	Kingsect Belgium	1	False	-2.332825211
0.01	1%	farmed_only	Farmed only	7	20995000	21004999	Dole7	1	False	-2.395585232
0.01	1%	farmed_only	Farmed only	7	21000000	21009999	Kingsect Belgium	1	False	-2.321413732
0.01	1%	farmed_only	Farmed only	7	21010000	21019999	Kingsect Belgium	1	False	-2.275864795
0.01	1%	farmed_only	Farmed only	7	21015000	21024999	Dole7	1	False	-2.426599581
0.01	1%	farmed_only	Farmed only	7	21020000	21029999	Kingsect Belgium	1	False	-2.278660644
0.01	1%	farmed_only	Farmed only	7	21030000	21039999	Kingsect Belgium	1	False	-2.249988769
0.01	1%	farmed_only	Farmed only	7	21040000	21049999	Kingsect Belgium	1	False	-2.243173016
0.01	1%	farmed_only	Farmed only	7	21050000	21059999	Kingsect Belgium	1	False	-2.17188348
0.01	1%	farmed_only	Farmed only	7	21060000	21069999	Kingsect Belgium	1	False	-2.174381685
0.01	1%	farmed_only	Farmed only	7	21105000	21114999	Dole7	1	False	-2.414223691
0.01	1%	farmed_only	Farmed only	7	21120000	21129999	Kingsect Belgium	1	False	-2.160393113
0.01	1%	farmed_only	Farmed only	7	21150000	21159999	Kingsect Belgium	1	False	-2.144137342
0.01	1%	farmed_only	Farmed only	7	21165000	21174999	Dole7;Pronutrix+ Belgium	2	False	-2.558816014
0.01	1%	farmed_only	Farmed only	7	21170000	21179999	Kingsect Belgium	1	False	-2.219846224
0.01	1%	farmed_only	Farmed only	7	21180000	21189999	Kingsect Belgium	1	False	-2.288344153
0.01	1%	farmed_only	Farmed only	7	21190000	21199999	Kingsect Belgium	1	False	-2.32361428
0.01	1%	farmed_only	Farmed only	7	21200000	21209999	Kingsect Belgium	1	False	-2.389589066
0.01	1%	farmed_only	Farmed only	7	21210000	21219999	Kingsect Belgium	1	False	-2.344207615
0.01	1%	farmed_only	Farmed only	7	21215000	21224999	Dole7	1	False	-2.368611576
0.01	1%	farmed_only	Farmed only	7	21220000	21229999	Kingsect Belgium	1	False	-2.2419275
0.01	1%	farmed_only	Farmed only	7	21225000	21234999	Dole7;Mystik Canada;Papek Czechia;Pronutrix+ Belgium;Starfood Holland	5	False	-2.754130398
0.01	1%	farmed_only	Farmed only	7	21230000	21239999	Kingsect Belgium	1	False	-2.246356798
0.01	1%	farmed_only	Farmed only	7	21235000	21244999	Dole7	1	False	-2.313901652
0.01	1%	farmed_only	Farmed only	7	21240000	21249999	Kingsect Belgium	1	False	-2.258403323
0.01	1%	farmed_only	Farmed only	7	21245000	21254999	Dole7;Pronutrix+ Belgium	2	False	-2.411218973
0.01	1%	farmed_only	Farmed only	7	21250000	21259999	Kingsect Belgium	1	False	-2.321981033
0.01	1%	farmed_only	Farmed only	7	21260000	21269999	Kingsect Belgium	1	False	-2.352895962
0.01	1%	farmed_only	Farmed only	7	21270000	21279999	Kingsect Belgium	1	False	-2.290128287
0.01	1%	farmed_only	Farmed only	7	21280000	21289999	Kingsect Belgium	1	False	-2.240810924
0.01	1%	farmed_only	Farmed only	7	21290000	21299999	Kingsect Belgium	1	False	-2.21900457
0.01	1%	farmed_only	Farmed only	7	21300000	21309999	Kingsect Belgium	1	False	-2.150628148
0.01	1%	farmed_only	Farmed only	7	21310000	21319999	Kingsect Belgium	1	False	-2.154177727
0.01	1%	farmed_only	Farmed only	7	21415000	21424999	Dole7	1	False	-2.300811152
0.01	1%	farmed_only	Farmed only	7	21655000	21664999	Dole7	1	False	-2.445615357
0.01	1%	farmed_and_wild	Farmed + wild	7	21845000	21854999	Dole7;Mystik Canada;Papek Czechia;Pronutrix+ Belgium;Starfood Holland	5	True	-2.840245991
0.01	1%	farmed_and_wild	Farmed + wild	7	21855000	21864999	Dole7;Mystik Canada;Papek Czechia;Pronutrix+ Belgium;Starfood Holland	5	True	-3.148130428
0.01	1%	farmed_only	Farmed only	8	465000	474999	Papek Czechia;Pronutrix+ Belgium	2	False	-2.463709556
0.01	1%	farmed_only	Farmed only	8	485000	494999	Papek Czechia	1	False	-2.581161091
0.01	1%	farmed_only	Farmed only	8	565000	574999	Papek Czechia	1	False	-2.48435606
0.01	1%	farmed_only	Farmed only	8	775000	784999	Papek Czechia;Pronutrix+ Belgium;Starfood Holland	3	False	-2.929177924
0.01	1%	farmed_and_wild	Farmed + wild	8	955000	964999	Mystik Canada;Papek Czechia;Pronutrix+ Belgium;Starfood Holland	4	True	-3.02339573
0.01	1%	farmed_only	Farmed only	8	1153615	1163614	Dole7	1	False	-2.546257077
0.01	1%	farmed_only	Farmed only	8	1513615	1523614	Dole7	1	False	-2.662222119
0.01	1%	farmed_only	Farmed only	8	5173615	5183614	Dole7	1	False	-2.539286761
0.01	1%	wild_only	Wild only	8	8863615	8873614		0	True	-2.331718106
0.01	1%	farmed_only	Farmed only	8	9133615	9143614	Dole7	1	False	-2.317748851
0.01	1%	farmed_only	Farmed only	8	9143615	9153614	Dole7	1	False	-2.336089965
0.01	1%	farmed_only	Farmed only	8	9163615	9173614	Dole7	1	False	-2.318755292
0.01	1%	farmed_only	Farmed only	8	9173615	9183614	Dole7;Pronutrix+ Belgium	2	False	-2.424442209
0.01	1%	farmed_only	Farmed only	8	9418615	9428614	Kingsect Belgium	1	False	-2.15805001
0.01	1%	farmed_only	Farmed only	8	9428615	9438614	Kingsect Belgium	1	False	-2.153940398
0.01	1%	farmed_only	Farmed only	8	9438615	9448614	Kingsect Belgium	1	False	-2.166179895
0.01	1%	farmed_only	Farmed only	8	9448615	9458614	Kingsect Belgium	1	False	-2.195374526
0.01	1%	farmed_only	Farmed only	8	9453615	9463614	Dole7	1	False	-2.442633319
0.01	1%	farmed_only	Farmed only	8	9458615	9468614	Kingsect Belgium	1	False	-2.204161714
0.01	1%	farmed_only	Farmed only	8	9463615	9473614	Dole7	1	False	-2.466011991
0.01	1%	farmed_only	Farmed only	8	9468615	9478614	Kingsect Belgium	1	False	-2.205099382
0.01	1%	farmed_only	Farmed only	8	9478615	9488614	Kingsect Belgium	1	False	-2.21570625
0.01	1%	farmed_only	Farmed only	8	9483615	9493614	Dole7	1	False	-2.396393486
0.01	1%	farmed_only	Farmed only	8	9488615	9498614	Kingsect Belgium	1	False	-2.186032288
0.01	1%	farmed_only	Farmed only	8	9493615	9503614	Dole7;Papek Czechia;Starfood Holland	3	False	-2.747692866
0.01	1%	farmed_only	Farmed only	8	9513615	9523614	Pronutrix+ Belgium	1	False	-2.207447357
0.01	1%	farmed_only	Farmed only	8	10428615	10438614	Kingsect Belgium	1	False	-2.190472233
0.01	1%	farmed_only	Farmed only	8	10438615	10448614	Kingsect Belgium	1	False	-2.262100205
0.01	1%	farmed_only	Farmed only	8	10448615	10458614	Kingsect Belgium	1	False	-2.288319854
0.01	1%	farmed_only	Farmed only	8	10458615	10468614	Kingsect Belgium	1	False	-2.227856948
0.01	1%	farmed_only	Farmed only	8	10463615	10473614	Dole7	1	False	-2.304017768
0.01	1%	farmed_only	Farmed only	8	10468615	10478614	Kingsect Belgium	1	False	-2.229923365
0.01	1%	farmed_only	Farmed only	8	10473615	10483614	Dole7	1	False	-2.428186693
0.01	1%	farmed_only	Farmed only	8	10478615	10488614	Kingsect Belgium	1	False	-2.201515746
0.01	1%	farmed_only	Farmed only	8	10483615	10493614	Dole7	1	False	-2.421320538
0.01	1%	farmed_only	Farmed only	8	10488615	10498614	Kingsect Belgium	1	False	-2.164774554
0.01	1%	farmed_only	Farmed only	8	10493615	10503614	Dole7	1	False	-2.420711911
0.01	1%	farmed_only	Farmed only	8	10773615	10783614	Dole7	1	False	-2.4263178
0.01	1%	farmed_only	Farmed only	8	10813615	10823614	Dole7	1	False	-2.360130645
0.01	1%	farmed_only	Farmed only	8	10823615	10833614	Dole7	1	False	-2.307546856
0.01	1%	farmed_only	Farmed only	8	10843615	10853614	Dole7	1	False	-2.312449606
0.01	1%	farmed_and_wild	Farmed + wild	8	10963615	10973614	Mystik Canada	1	True	-2.231336053
0.01	1%	farmed_and_wild	Farmed + wild	8	11003615	11013614	Dole7;Pronutrix+ Belgium	2	True	-2.510255709
0.01	1%	farmed_and_wild	Farmed + wild	8	11053615	11063614	Dole7;Mystik Canada;Papek Czechia;Pronutrix+ Belgium;Starfood Holland	5	True	-2.881270237
0.01	1%	farmed_and_wild	Farmed + wild	8	11063615	11073614	Dole7;Mystik Canada;Papek Czechia;Pronutrix+ Belgium;Starfood Holland	5	True	-2.889537447
0.01	1%	farmed_only	Farmed only	8	11082042	11092041	Pronutrix+ Belgium;Starfood Holland	2	False	-2.762952754
0.01	1%	farmed_only	Farmed only	8	11102042	11112041	Mystik Canada;Pronutrix+ Belgium;Starfood Holland	3	False	-2.740521414
0.01	1%	farmed_only	Farmed only	8	11127042	11137041	Kingsect Belgium	1	False	-2.316341152
0.01	1%	farmed_only	Farmed only	8	11137042	11147041	Kingsect Belgium	1	False	-2.287572307
0.01	1%	farmed_and_wild	Farmed + wild	8	11142042	11152041	Papek Czechia;Pronutrix+ Belgium;Starfood Holland	3	True	-2.746023417
0.01	1%	farmed_only	Farmed only	8	11147042	11157041	Kingsect Belgium	1	False	-2.369653614
0.01	1%	farmed_and_wild	Farmed + wild	8	11152042	11162041	Papek Czechia;Pronutrix+ Belgium;Starfood Holland	3	True	-2.849578608
0.01	1%	farmed_only	Farmed only	8	11157042	11167041	Kingsect Belgium	1	False	-2.401952999
0.01	1%	farmed_only	Farmed only	8	11167042	11177041	Kingsect Belgium	1	False	-2.486209867
0.01	1%	farmed_only	Farmed only	8	11177042	11187041	Kingsect Belgium	1	False	-2.576064686
0.01	1%	farmed_only	Farmed only	8	11187042	11197041	Kingsect Belgium	1	False	-2.463000671
0.01	1%	farmed_and_wild	Farmed + wild	8	11192042	11202041	Pronutrix+ Belgium	1	True	-2.272305332
0.01	1%	farmed_only	Farmed only	8	11197042	11207041	Kingsect Belgium	1	False	-2.404107924
0.01	1%	farmed_only	Farmed only	8	11202042	11212041	Pronutrix+ Belgium	1	False	-2.111302082
0.01	1%	farmed_only	Farmed only	8	11207042	11217041	Kingsect Belgium	1	False	-2.272391755
0.01	1%	farmed_only	Farmed only	8	11217042	11227041	Kingsect Belgium	1	False	-2.241590508
0.01	1%	farmed_only	Farmed only	8	11227042	11237041	Kingsect Belgium	1	False	-2.268285431
0.01	1%	farmed_only	Farmed only	8	11237042	11247041	Kingsect Belgium	1	False	-2.263173708
0.01	1%	farmed_only	Farmed only	8	11247042	11257041	Kingsect Belgium	1	False	-2.21808747
0.01	1%	farmed_only	Farmed only	8	11257042	11267041	Kingsect Belgium	1	False	-2.239352765
0.01	1%	farmed_only	Farmed only	8	11267042	11277041	Kingsect Belgium	1	False	-2.20671784
0.01	1%	farmed_only	Farmed only	8	11277042	11287041	Kingsect Belgium	1	False	-2.182827695
0.01	1%	farmed_only	Farmed only	8	11287042	11297041	Kingsect Belgium	1	False	-2.206240445
0.01	1%	wild_only	Wild only	8	11292042	11302041		0	True	-2.266369812
0.01	1%	farmed_and_wild	Farmed + wild	8	11302042	11312041	Mystik Canada;Papek Czechia;Pronutrix+ Belgium;Starfood Holland	4	True	-2.777571199
0.01	1%	farmed_and_wild	Farmed + wild	8	11382042	11392041	Starfood Holland	1	True	-2.734095838
0.01	1%	farmed_only	Farmed only	8	12692042	12702041	Pronutrix+ Belgium	1	False	-2.365453661
0.01	1%	farmed_and_wild	Farmed + wild	8	13072042	13082041	Mystik Canada;Papek Czechia;Pronutrix+ Belgium;Starfood Holland	4	True	-3.343704324
0.01	1%	farmed_only	Farmed only	8	13542042	13552041	Pronutrix+ Belgium	1	False	-2.094926075
0.01	1%	farmed_only	Farmed only	8	13552042	13562041	Papek Czechia;Pronutrix+ Belgium	2	False	-2.455426456
0.01	1%	farmed_only	Farmed only	8	13562042	13572041	Pronutrix+ Belgium	1	False	-2.455103197
0.01	1%	farmed_only	Farmed only	8	13572042	13582041	Pronutrix+ Belgium	1	False	-2.271284046
0.01	1%	farmed_only	Farmed only	8	13582042	13592041	Pronutrix+ Belgium	1	False	-2.400204332
0.01	1%	farmed_only	Farmed only	8	13602042	13612041	Pronutrix+ Belgium	1	False	-2.34138811
0.01	1%	farmed_only	Farmed only	8	13642042	13652041	Mystik Canada;Pronutrix+ Belgium	2	False	-2.446873333
0.01	1%	farmed_and_wild	Farmed + wild	8	13712042	13722041	Mystik Canada;Papek Czechia;Pronutrix+ Belgium	3	True	-2.624066231
0.01	1%	wild_only	Wild only	8	14832042	14842041		0	True	-2.395455042
0.01	1%	farmed_and_wild	Farmed + wild	8	18932042	18942041	Mystik Canada;Papek Czechia;Pronutrix+ Belgium;Starfood Holland	4	True	-3.167682242
0.01	1%	farmed_and_wild	Farmed + wild	8	18942042	18952041	Mystik Canada;Papek Czechia;Pronutrix+ Belgium;Starfood Holland	4	True	-3.059079721
0.01	1%	farmed_and_wild	Farmed + wild	9	2498786	2508785	Dole7;Mystik Canada;Papek Czechia;Pronutrix+ Belgium;Starfood Holland	5	True	-2.830479416
0.01	1%	farmed_and_wild	Farmed + wild	9	11068786	11078785	Dole7;Mystik Canada;Papek Czechia;Pronutrix+ Belgium;Starfood Holland	5	True	-3.160575711
0.01	1%	wild_only	Wild only	9	12898786	12908785		0	True	-2.26925031
0.01	1%	farmed_and_wild	Farmed + wild	9	16798786	16808785	Dole7	1	True	-2.318116345
0.01	1%	wild_only	Wild only	9	16808786	16818785		0	True	-2.209833566
0.01	1%	farmed_only	Farmed only	9	16818786	16828785	Dole7;Mystik Canada;Pronutrix+ Belgium	3	False	-2.451857307
0.01	1%	farmed_only	Farmed only	Tmol_scf_101	5000	14999	Mystik Canada;Papek Czechia	2	False	-2.426666453
0.01	1%	farmed_only	Farmed only	Tmol_scf_101	15000	24999	Mystik Canada;Papek Czechia	2	False	-2.503622485
0.01	1%	farmed_only	Farmed only	Tmol_scf_101	25000	34999	Mystik Canada;Papek Czechia	2	False	-2.6531116
0.01	1%	farmed_and_wild	Farmed + wild	Tmol_scf_101	45000	54999	Mystik Canada;Starfood Holland	2	True	-3.077917249
0.01	1%	farmed_only	Farmed only	Tmol_scf_101	65000	74999	Starfood Holland	1	False	-2.806118761
0.01	1%	farmed_and_wild	Farmed + wild	Tmol_scf_103	55000	64999	Starfood Holland	1	True	-3.071257346
0.01	1%	farmed_only	Farmed only	Tmol_scf_106	5000	14999	Mystik Canada	1	False	-2.116364306
0.01	1%	farmed_only	Farmed only	Tmol_scf_106	25000	34999	Papek Czechia;Starfood Holland	2	False	-3.354251569
0.01	1%	farmed_only	Farmed only	Tmol_scf_106	35000	44999	Mystik Canada	1	False	-2.147172424
0.01	1%	farmed_only	Farmed only	Tmol_scf_106	45000	54999	Papek Czechia;Starfood Holland	2	False	-3.1660986
0.01	1%	farmed_and_wild	Farmed + wild	Tmol_scf_107	25000	34999	Mystik Canada;Starfood Holland	2	True	-2.742950386
0.01	1%	farmed_and_wild	Farmed + wild	Tmol_scf_107	35000	44999	Mystik Canada;Papek Czechia	2	True	-2.468146459
0.01	1%	farmed_and_wild	Farmed + wild	Tmol_scf_18	1055000	1064999	Pronutrix+ Belgium	1	True	-2.29307112
0.01	1%	farmed_and_wild	Farmed + wild	Tmol_scf_18	1065000	1074999	Mystik Canada;Papek Czechia;Pronutrix+ Belgium;Starfood Holland	4	True	-2.937063812
0.01	1%	farmed_only	Farmed only	Tmol_scf_18	1100000	1109999	Kingsect Belgium	1	False	-2.141876247
0.01	1%	farmed_only	Farmed only	Tmol_scf_18	1440000	1449999	Kingsect Belgium	1	False	-2.14141207
0.01	1%	farmed_only	Farmed only	Tmol_scf_18	1450000	1459999	Kingsect Belgium	1	False	-2.159045527
0.01	1%	farmed_only	Farmed only	Tmol_scf_18	1460000	1469999	Kingsect Belgium	1	False	-2.140942816
0.01	1%	farmed_only	Farmed only	Tmol_scf_21	985000	994999	Papek Czechia	1	False	-2.435949594
0.01	1%	farmed_only	Farmed only	Tmol_scf_21	1010000	1019999	Kingsect Belgium	1	False	-2.167575884
0.01	1%	farmed_and_wild	Farmed + wild	Tmol_scf_21	1015000	1024999	Papek Czechia;Starfood Holland	2	True	-2.73486546
0.01	1%	farmed_only	Farmed only	Tmol_scf_21	1025000	1034999	Pronutrix+ Belgium;Starfood Holland	2	False	-2.764662459
0.01	1%	wild_only	Wild only	Tmol_scf_21	1035000	1044999		0	True	-2.25946717
0.01	1%	farmed_and_wild	Farmed + wild	Tmol_scf_22	115000	124999	Mystik Canada;Papek Czechia;Pronutrix+ Belgium;Starfood Holland	4	True	-2.929262954
0.01	1%	farmed_only	Farmed only	Tmol_scf_22	125000	134999	Pronutrix+ Belgium	1	False	-2.180740434
0.01	1%	wild_only	Wild only	Tmol_scf_22	135000	144999		0	True	-2.255049239
0.01	1%	farmed_only	Farmed only	Tmol_scf_22	500000	509999	Kingsect Belgium	1	False	-2.248066857
0.01	1%	farmed_only	Farmed only	Tmol_scf_22	510000	519999	Kingsect Belgium	1	False	-2.356925607
0.01	1%	farmed_only	Farmed only	Tmol_scf_22	520000	529999	Kingsect Belgium	1	False	-2.376727084
0.01	1%	farmed_only	Farmed only	Tmol_scf_22	530000	539999	Kingsect Belgium	1	False	-2.39381997
0.01	1%	farmed_only	Farmed only	Tmol_scf_22	540000	549999	Kingsect Belgium	1	False	-2.360766021
0.01	1%	farmed_only	Farmed only	Tmol_scf_22	545000	554999	Mystik Canada;Papek Czechia;Pronutrix+ Belgium;Starfood Holland	4	False	-2.84218707
0.01	1%	farmed_only	Farmed only	Tmol_scf_22	550000	559999	Kingsect Belgium	1	False	-2.329494647
0.01	1%	farmed_only	Farmed only	Tmol_scf_22	560000	569999	Kingsect Belgium	1	False	-2.245099791
0.01	1%	farmed_only	Farmed only	Tmol_scf_22	570000	579999	Kingsect Belgium	1	False	-2.264691001
0.01	1%	farmed_only	Farmed only	Tmol_scf_22	580000	589999	Kingsect Belgium	1	False	-2.226602592
0.01	1%	farmed_only	Farmed only	Tmol_scf_22	590000	599999	Kingsect Belgium	1	False	-2.25056969
0.01	1%	farmed_only	Farmed only	Tmol_scf_22	700000	709999	Kingsect Belgium	1	False	-2.22725874
0.01	1%	farmed_only	Farmed only	Tmol_scf_22	710000	719999	Kingsect Belgium	1	False	-2.358437419
0.01	1%	farmed_only	Farmed only	Tmol_scf_22	720000	729999	Kingsect Belgium	1	False	-2.330798828
0.01	1%	farmed_only	Farmed only	Tmol_scf_22	725000	734999	Papek Czechia;Pronutrix+ Belgium	2	False	-2.455431787
0.01	1%	wild_only	Wild only	Tmol_scf_22	735000	744999		0	True	-2.222302287
0.01	1%	farmed_and_wild	Farmed + wild	Tmol_scf_22	745000	754999	Mystik Canada;Papek Czechia;Pronutrix+ Belgium	3	True	-2.520693487
0.01	1%	farmed_and_wild	Farmed + wild	Tmol_scf_22	755000	764999	Mystik Canada;Papek Czechia;Pronutrix+ Belgium;Starfood Holland	4	True	-3.190009331
0.01	1%	farmed_only	Farmed only	Tmol_scf_23	485000	494999	Mystik Canada;Papek Czechia;Pronutrix+ Belgium	3	False	-2.451469033
0.01	1%	farmed_only	Farmed only	Tmol_scf_23	625000	634999	Mystik Canada	1	False	-2.093326279
0.01	1%	farmed_and_wild	Farmed + wild	Tmol_scf_23	645000	654999	Mystik Canada;Starfood Holland	2	True	-2.898986761
0.01	1%	farmed_only	Farmed only	Tmol_scf_23	655000	664999	Papek Czechia;Pronutrix+ Belgium;Starfood Holland	3	False	-2.948661009
0.01	1%	farmed_and_wild	Farmed + wild	Tmol_scf_23	665000	674999	Papek Czechia;Starfood Holland	2	True	-2.926874106
0.01	1%	farmed_and_wild	Farmed + wild	Tmol_scf_24	625000	634999	Mystik Canada;Papek Czechia;Pronutrix+ Belgium;Starfood Holland	4	True	-2.918524723
0.01	1%	farmed_and_wild	Farmed + wild	Tmol_scf_24	635000	644999	Pronutrix+ Belgium	1	True	-2.206587747
0.01	1%	farmed_only	Farmed only	Tmol_scf_28	15000	24999	Mystik Canada;Pronutrix+ Belgium	2	False	-2.7411235
0.01	1%	farmed_only	Farmed only	Tmol_scf_28	45000	54999	Pronutrix+ Belgium	1	False	-2.411029134
0.01	1%	farmed_only	Farmed only	Tmol_scf_28	50000	59999	Kingsect Belgium	1	False	-2.195493859
0.01	1%	farmed_only	Farmed only	Tmol_scf_28	60000	69999	Kingsect Belgium	1	False	-2.276530122
0.01	1%	farmed_only	Farmed only	Tmol_scf_28	65000	74999	Mystik Canada	1	False	-2.060204065
0.01	1%	farmed_only	Farmed only	Tmol_scf_28	70000	79999	Kingsect Belgium	1	False	-2.259041708
0.01	1%	farmed_only	Farmed only	Tmol_scf_28	80000	89999	Kingsect Belgium	1	False	-2.213790443
0.01	1%	farmed_only	Farmed only	Tmol_scf_28	90000	99999	Kingsect Belgium	1	False	-2.176816105
0.01	1%	farmed_only	Farmed only	Tmol_scf_28	100000	109999	Kingsect Belgium	1	False	-2.17580248
0.01	1%	farmed_only	Farmed only	Tmol_scf_28	110000	119999	Kingsect Belgium	1	False	-2.158925374
0.01	1%	farmed_only	Farmed only	Tmol_scf_28	145000	154999	Pronutrix+ Belgium	1	False	-2.139162306
0.01	1%	farmed_only	Farmed only	Tmol_scf_28	175000	184999	Pronutrix+ Belgium	1	False	-2.096447164
0.01	1%	farmed_only	Farmed only	Tmol_scf_28	215000	224999	Pronutrix+ Belgium	1	False	-2.244280491
0.01	1%	farmed_only	Farmed only	Tmol_scf_28	225000	234999	Pronutrix+ Belgium	1	False	-2.372659917
0.01	1%	farmed_only	Farmed only	Tmol_scf_28	240000	249999	Kingsect Belgium	1	False	-2.179630337
0.01	1%	farmed_only	Farmed only	Tmol_scf_28	250000	259999	Kingsect Belgium	1	False	-2.226540754
0.01	1%	farmed_only	Farmed only	Tmol_scf_28	260000	269999	Kingsect Belgium	1	False	-2.254746612
0.01	1%	farmed_and_wild	Farmed + wild	Tmol_scf_28	265000	274999	Pronutrix+ Belgium	1	True	-2.209682398
0.01	1%	farmed_only	Farmed only	Tmol_scf_28	270000	279999	Kingsect Belgium	1	False	-2.199111112
0.01	1%	farmed_only	Farmed only	Tmol_scf_28	280000	289999	Kingsect Belgium	1	False	-2.147015264
0.01	1%	farmed_only	Farmed only	Tmol_scf_28	285000	294999	Pronutrix+ Belgium	1	False	-2.272094094
0.01	1%	farmed_only	Farmed only	Tmol_scf_28	325000	334999	Pronutrix+ Belgium	1	False	-2.199799503
0.01	1%	farmed_only	Farmed only	Tmol_scf_28	355000	364999	Pronutrix+ Belgium	1	False	-2.322926467
0.01	1%	farmed_only	Farmed only	Tmol_scf_28	455000	464999	Pronutrix+ Belgium	1	False	-2.287950707
0.01	1%	farmed_only	Farmed only	Tmol_scf_29	35000	44999	Starfood Holland	1	False	-2.824136601
0.01	1%	farmed_only	Farmed only	Tmol_scf_29	65000	74999	Mystik Canada;Papek Czechia;Pronutrix+ Belgium;Starfood Holland	4	False	-3.228022821
0.01	1%	farmed_only	Farmed only	Tmol_scf_29	85000	94999	Papek Czechia	1	False	-2.564228508
0.01	1%	farmed_only	Farmed only	Tmol_scf_29	215000	224999	Starfood Holland	1	False	-3.151543646
0.01	1%	farmed_and_wild	Farmed + wild	Tmol_scf_29	295000	304999	Papek Czechia;Pronutrix+ Belgium;Starfood Holland	3	True	-3.029251934
0.01	1%	farmed_and_wild	Farmed + wild	Tmol_scf_29	305000	314999	Mystik Canada;Papek Czechia;Pronutrix+ Belgium;Starfood Holland	4	True	-3.012374012
0.01	1%	farmed_only	Farmed only	Tmol_scf_29	310000	319999	Kingsect Belgium	1	False	-2.561396217
0.01	1%	farmed_and_wild	Farmed + wild	Tmol_scf_29	315000	324999	Mystik Canada;Papek Czechia;Pronutrix+ Belgium;Starfood Holland	4	True	-3.147992608
0.01	1%	farmed_only	Farmed only	Tmol_scf_29	320000	329999	Kingsect Belgium	1	False	-2.86087848
0.01	1%	farmed_only	Farmed only	Tmol_scf_29	325000	334999	Papek Czechia;Pronutrix+ Belgium;Starfood Holland	3	False	-2.97217345
0.01	1%	farmed_only	Farmed only	Tmol_scf_29	330000	339999	Kingsect Belgium	1	False	-2.909523762
0.01	1%	farmed_and_wild	Farmed + wild	Tmol_scf_29	335000	344999	Papek Czechia;Pronutrix+ Belgium;Starfood Holland	3	True	-3.066097754
0.01	1%	farmed_only	Farmed only	Tmol_scf_29	340000	349999	Kingsect Belgium	1	False	-3.099019245
0.01	1%	farmed_only	Farmed only	Tmol_scf_29	345000	354999	Mystik Canada;Papek Czechia;Pronutrix+ Belgium;Starfood Holland	4	False	-3.472158828
0.01	1%	farmed_only	Farmed only	Tmol_scf_29	350000	359999	Kingsect Belgium	1	False	-3.092297319
0.01	1%	farmed_only	Farmed only	Tmol_scf_29	355000	364999	Mystik Canada;Papek Czechia;Pronutrix+ Belgium;Starfood Holland	4	False	-3.127310783
0.01	1%	farmed_only	Farmed only	Tmol_scf_29	360000	369999	Kingsect Belgium	1	False	-2.921825769
0.01	1%	farmed_and_wild	Farmed + wild	Tmol_scf_29	365000	374999	Mystik Canada;Papek Czechia;Pronutrix+ Belgium;Starfood Holland	4	True	-3.046798591
0.01	1%	farmed_only	Farmed only	Tmol_scf_29	370000	379999	Kingsect Belgium	1	False	-2.802059622
0.01	1%	farmed_only	Farmed only	Tmol_scf_29	375000	384999	Mystik Canada;Papek Czechia;Pronutrix+ Belgium;Starfood Holland	4	False	-3.301868097
0.01	1%	farmed_only	Farmed only	Tmol_scf_29	380000	389999	Kingsect Belgium	1	False	-2.56058051
0.01	1%	farmed_only	Farmed only	Tmol_scf_29	385000	394999	Mystik Canada;Papek Czechia;Pronutrix+ Belgium;Starfood Holland	4	False	-3.005318821
0.01	1%	farmed_only	Farmed only	Tmol_scf_29	390000	399999	Kingsect Belgium	1	False	-2.416454738
0.01	1%	farmed_and_wild	Farmed + wild	Tmol_scf_29	395000	404999	Papek Czechia;Pronutrix+ Belgium;Starfood Holland	3	True	-3.051970357
0.01	1%	farmed_only	Farmed only	Tmol_scf_29	400000	409999	Kingsect Belgium	1	False	-2.396648756
0.01	1%	wild_only	Wild only	Tmol_scf_31	25000	34999		0	True	-2.423009476
0.01	1%	farmed_and_wild	Farmed + wild	Tmol_scf_31	45000	54999	Pronutrix+ Belgium;Starfood Holland	2	True	-2.913903194
0.01	1%	wild_only	Wild only	Tmol_scf_31	185000	194999		0	True	-2.265120834
0.01	1%	farmed_and_wild	Farmed + wild	Tmol_scf_31	195000	204999	Mystik Canada;Papek Czechia;Pronutrix+ Belgium;Starfood Holland	4	True	-3.116887172
0.01	1%	farmed_only	Farmed only	Tmol_scf_31	210000	219999	Kingsect Belgium	1	False	-2.206788465
0.01	1%	farmed_only	Farmed only	Tmol_scf_31	215000	224999	Pronutrix+ Belgium	1	False	-2.103591031
0.01	1%	farmed_only	Farmed only	Tmol_scf_31	220000	229999	Kingsect Belgium	1	False	-2.255725652
0.01	1%	farmed_only	Farmed only	Tmol_scf_31	225000	234999	Starfood Holland	1	False	-2.781805293
0.01	1%	farmed_only	Farmed only	Tmol_scf_31	230000	239999	Kingsect Belgium	1	False	-2.202992435
0.01	1%	farmed_only	Farmed only	Tmol_scf_31	240000	249999	Kingsect Belgium	1	False	-2.157414335
0.01	1%	farmed_only	Farmed only	Tmol_scf_31	285000	294999	Mystik Canada;Papek Czechia;Pronutrix+ Belgium	3	False	-2.940189335
0.01	1%	farmed_only	Farmed only	Tmol_scf_31	310000	319999	Kingsect Belgium	1	False	-2.165359471
0.01	1%	farmed_only	Farmed only	Tmol_scf_31	320000	329999	Kingsect Belgium	1	False	-2.214205573
0.01	1%	farmed_only	Farmed only	Tmol_scf_31	325000	334999	Papek Czechia;Pronutrix+ Belgium	2	False	-2.837630929
0.01	1%	farmed_only	Farmed only	Tmol_scf_31	330000	339999	Kingsect Belgium	1	False	-2.198773404
0.01	1%	farmed_only	Farmed only	Tmol_scf_31	335000	344999	Pronutrix+ Belgium	1	False	-2.320772747
0.01	1%	farmed_only	Farmed only	Tmol_scf_31	340000	349999	Kingsect Belgium	1	False	-2.186147075
0.01	1%	farmed_and_wild	Farmed + wild	Tmol_scf_31	355000	364999	Mystik Canada;Papek Czechia;Pronutrix+ Belgium;Starfood Holland	4	True	-3.258185045
0.01	1%	farmed_only	Farmed only	Tmol_scf_31	385000	394999	Starfood Holland	1	False	-2.752639017
0.01	1%	farmed_only	Farmed only	Tmol_scf_32	50000	59999	Kingsect Belgium	1	False	-2.225670067
0.01	1%	farmed_and_wild	Farmed + wild	Tmol_scf_32	55000	64999	Pronutrix+ Belgium;Starfood Holland	2	True	-2.765258316
0.01	1%	farmed_only	Farmed only	Tmol_scf_32	60000	69999	Kingsect Belgium	1	False	-2.194956046
0.01	1%	farmed_only	Farmed only	Tmol_scf_32	70000	79999	Kingsect Belgium	1	False	-2.232118027
0.01	1%	farmed_only	Farmed only	Tmol_scf_32	75000	84999	Mystik Canada;Pronutrix+ Belgium	2	False	-2.333223237
0.01	1%	farmed_only	Farmed only	Tmol_scf_32	80000	89999	Kingsect Belgium	1	False	-2.243617186
0.01	1%	farmed_only	Farmed only	Tmol_scf_32	90000	99999	Kingsect Belgium	1	False	-2.246800326
0.01	1%	farmed_only	Farmed only	Tmol_scf_32	100000	109999	Kingsect Belgium	1	False	-2.365789083
0.01	1%	farmed_only	Farmed only	Tmol_scf_32	105000	114999	Pronutrix+ Belgium	1	False	-2.108754959
0.01	1%	farmed_only	Farmed only	Tmol_scf_32	110000	119999	Kingsect Belgium	1	False	-2.418909384
0.01	1%	farmed_only	Farmed only	Tmol_scf_32	115000	124999	Pronutrix+ Belgium	1	False	-2.522706856
0.01	1%	farmed_only	Farmed only	Tmol_scf_32	120000	129999	Kingsect Belgium	1	False	-2.446889806
0.01	1%	farmed_only	Farmed only	Tmol_scf_32	130000	139999	Kingsect Belgium	1	False	-2.405451072
0.01	1%	farmed_only	Farmed only	Tmol_scf_32	140000	149999	Kingsect Belgium	1	False	-2.520883325
0.01	1%	farmed_and_wild	Farmed + wild	Tmol_scf_32	145000	154999	Mystik Canada;Papek Czechia;Pronutrix+ Belgium;Starfood Holland	4	True	-2.934881135
0.01	1%	farmed_only	Farmed only	Tmol_scf_32	150000	159999	Kingsect Belgium	1	False	-2.523453776
0.01	1%	farmed_and_wild	Farmed + wild	Tmol_scf_32	155000	164999	Mystik Canada;Papek Czechia;Pronutrix+ Belgium;Starfood Holland	4	True	-3.062157707
0.01	1%	farmed_only	Farmed only	Tmol_scf_32	160000	169999	Kingsect Belgium	1	False	-2.50508827
0.01	1%	farmed_only	Farmed only	Tmol_scf_32	170000	179999	Kingsect Belgium	1	False	-2.484786129
0.01	1%	farmed_only	Farmed only	Tmol_scf_32	180000	189999	Kingsect Belgium	1	False	-2.523550624
0.01	1%	farmed_and_wild	Farmed + wild	Tmol_scf_32	185000	194999	Papek Czechia;Pronutrix+ Belgium	2	True	-2.603011477
0.01	1%	farmed_only	Farmed only	Tmol_scf_32	190000	199999	Kingsect Belgium	1	False	-2.557136351
0.01	1%	farmed_only	Farmed only	Tmol_scf_32	200000	209999	Kingsect Belgium	1	False	-2.467403397
0.01	1%	farmed_only	Farmed only	Tmol_scf_32	210000	219999	Kingsect Belgium	1	False	-2.294528578
0.01	1%	farmed_and_wild	Farmed + wild	Tmol_scf_32	215000	224999	Pronutrix+ Belgium	1	True	-2.40559391
0.01	1%	farmed_only	Farmed only	Tmol_scf_32	220000	229999	Kingsect Belgium	1	False	-2.180344079
0.01	1%	farmed_and_wild	Farmed + wild	Tmol_scf_32	225000	234999	Pronutrix+ Belgium;Starfood Holland	2	True	-2.7758577
0.01	1%	farmed_only	Farmed only	Tmol_scf_32	230000	239999	Kingsect Belgium	1	False	-2.199226635
0.01	1%	wild_only	Wild only	Tmol_scf_32	255000	264999		0	True	-2.296857771
0.01	1%	farmed_only	Farmed only	Tmol_scf_32	275000	284999	Mystik Canada;Pronutrix+ Belgium	2	False	-2.238193641
0.01	1%	farmed_only	Farmed only	Tmol_scf_34	15000	24999	Pronutrix+ Belgium;Starfood Holland	2	False	-2.778054357
0.01	1%	farmed_and_wild	Farmed + wild	Tmol_scf_34	25000	34999	Mystik Canada;Papek Czechia;Pronutrix+ Belgium;Starfood Holland	4	True	-2.937425743
0.01	1%	farmed_only	Farmed only	Tmol_scf_34	35000	44999	Mystik Canada;Papek Czechia;Pronutrix+ Belgium;Starfood Holland	4	False	-2.913373355
0.01	1%	farmed_only	Farmed only	Tmol_scf_34	45000	54999	Mystik Canada;Pronutrix+ Belgium;Starfood Holland	3	False	-3.0176108
0.01	1%	farmed_only	Farmed only	Tmol_scf_34	55000	64999	Pronutrix+ Belgium	1	False	-2.15514671
0.01	1%	farmed_only	Farmed only	Tmol_scf_34	65000	74999	Mystik Canada;Pronutrix+ Belgium;Starfood Holland	3	False	-2.969574968
0.01	1%	farmed_only	Farmed only	Tmol_scf_34	75000	84999	Mystik Canada;Papek Czechia;Pronutrix+ Belgium	3	False	-2.726683127
0.01	1%	farmed_only	Farmed only	Tmol_scf_34	85000	94999	Mystik Canada;Papek Czechia;Pronutrix+ Belgium;Starfood Holland	4	False	-3.275384494
0.01	1%	farmed_only	Farmed only	Tmol_scf_34	95000	104999	Pronutrix+ Belgium	1	False	-2.227982672
0.01	1%	farmed_only	Farmed only	Tmol_scf_34	105000	114999	Papek Czechia;Pronutrix+ Belgium;Starfood Holland	3	False	-2.869816108
0.01	1%	farmed_only	Farmed only	Tmol_scf_34	115000	124999	Mystik Canada;Papek Czechia;Pronutrix+ Belgium;Starfood Holland	4	False	-3.086511921
0.01	1%	farmed_only	Farmed only	Tmol_scf_34	125000	134999	Pronutrix+ Belgium	1	False	-2.306003299
0.01	1%	farmed_and_wild	Farmed + wild	Tmol_scf_34	135000	144999	Mystik Canada;Papek Czechia;Pronutrix+ Belgium;Starfood Holland	4	True	-3.105602379
0.01	1%	farmed_only	Farmed only	Tmol_scf_34	155000	164999	Pronutrix+ Belgium	1	False	-2.259584444
0.01	1%	farmed_and_wild	Farmed + wild	Tmol_scf_34	165000	174999	Mystik Canada;Papek Czechia;Pronutrix+ Belgium;Starfood Holland	4	True	-2.938965422
0.01	1%	farmed_only	Farmed only	Tmol_scf_34	175000	184999	Papek Czechia;Pronutrix+ Belgium;Starfood Holland	3	False	-2.857614631
0.01	1%	farmed_only	Farmed only	Tmol_scf_34	185000	194999	Pronutrix+ Belgium	1	False	-2.337632298
0.01	1%	farmed_only	Farmed only	Tmol_scf_34	205000	214999	Papek Czechia;Pronutrix+ Belgium;Starfood Holland	3	False	-2.92409974
0.01	1%	farmed_only	Farmed only	Tmol_scf_34	215000	224999	Pronutrix+ Belgium	1	False	-2.096545006
0.01	1%	farmed_only	Farmed only	Tmol_scf_34	225000	234999	Mystik Canada;Papek Czechia;Pronutrix+ Belgium;Starfood Holland	4	False	-3.185715326
0.01	1%	farmed_only	Farmed only	Tmol_scf_34	235000	244999	Pronutrix+ Belgium;Starfood Holland	2	False	-3.067967201
0.01	1%	farmed_only	Farmed only	Tmol_scf_34	240000	249999	Kingsect Belgium	1	False	-2.324928948
0.01	1%	farmed_only	Farmed only	Tmol_scf_34	250000	259999	Kingsect Belgium	1	False	-2.546158193
0.01	1%	farmed_only	Farmed only	Tmol_scf_34	255000	264999	Papek Czechia	1	False	-2.455798365
0.01	1%	farmed_only	Farmed only	Tmol_scf_34	260000	269999	Kingsect Belgium	1	False	-2.486483908
0.01	1%	farmed_only	Farmed only	Tmol_scf_34	265000	274999	Mystik Canada;Pronutrix+ Belgium;Starfood Holland	3	False	-3.04111775
0.01	1%	farmed_and_wild	Farmed + wild	Tmol_scf_34	275000	284999	Pronutrix+ Belgium;Starfood Holland	2	True	-2.892076663
0.01	1%	farmed_and_wild	Farmed + wild	Tmol_scf_34	295000	304999	Mystik Canada;Pronutrix+ Belgium;Starfood Holland	3	True	-2.798694386
0.01	1%	farmed_only	Farmed only	Tmol_scf_34	315000	324999	Papek Czechia;Pronutrix+ Belgium;Starfood Holland	3	False	-2.935057516
0.01	1%	farmed_and_wild	Farmed + wild	Tmol_scf_36	5000	14999	Mystik Canada;Papek Czechia;Pronutrix+ Belgium;Starfood Holland	4	True	-3.398076815
0.01	1%	farmed_and_wild	Farmed + wild	Tmol_scf_36	15000	24999	Mystik Canada;Papek Czechia;Pronutrix+ Belgium;Starfood Holland	4	True	-3.367348888
0.01	1%	farmed_only	Farmed only	Tmol_scf_36	25000	34999	Pronutrix+ Belgium	1	False	-2.908873531
0.01	1%	farmed_only	Farmed only	Tmol_scf_36	75000	84999	Pronutrix+ Belgium	1	False	-2.163707316
0.01	1%	farmed_only	Farmed only	Tmol_scf_36	95000	104999	Mystik Canada;Pronutrix+ Belgium	2	False	-2.528842765
0.01	1%	wild_only	Wild only	Tmol_scf_36	115000	124999		0	True	-2.412684365
0.01	1%	farmed_and_wild	Farmed + wild	Tmol_scf_36	135000	144999	Mystik Canada;Papek Czechia;Pronutrix+ Belgium	3	True	-2.514126606
0.01	1%	farmed_only	Farmed only	Tmol_scf_36	200000	209999	Kingsect Belgium	1	False	-2.159167685
0.01	1%	farmed_only	Farmed only	Tmol_scf_36	215000	224999	Pronutrix+ Belgium;Starfood Holland	2	False	-2.827655419
0.01	1%	farmed_only	Farmed only	Tmol_scf_36	220000	229999	Kingsect Belgium	1	False	-2.178334413
0.01	1%	farmed_and_wild	Farmed + wild	Tmol_scf_36	225000	234999	Mystik Canada;Papek Czechia;Pronutrix+ Belgium;Starfood Holland	4	True	-2.940808497
0.01	1%	farmed_only	Farmed only	Tmol_scf_36	230000	239999	Kingsect Belgium	1	False	-2.246425903
0.01	1%	farmed_only	Farmed only	Tmol_scf_36	240000	249999	Kingsect Belgium	1	False	-2.383150671
0.01	1%	farmed_only	Farmed only	Tmol_scf_36	245000	254999	Mystik Canada;Pronutrix+ Belgium;Starfood Holland	3	False	-2.798562823
0.01	1%	farmed_only	Farmed only	Tmol_scf_36	265000	274999	Papek Czechia;Pronutrix+ Belgium;Starfood Holland	3	False	-3.030109605
0.01	1%	farmed_only	Farmed only	Tmol_scf_37	5000	14999	Pronutrix+ Belgium	1	False	-2.381002067
0.01	1%	farmed_only	Farmed only	Tmol_scf_37	25000	34999	Mystik Canada;Pronutrix+ Belgium;Starfood Holland	3	False	-3.244551731
0.01	1%	farmed_only	Farmed only	Tmol_scf_37	75000	84999	Mystik Canada;Papek Czechia;Pronutrix+ Belgium;Starfood Holland	4	False	-3.022873554
0.01	1%	farmed_only	Farmed only	Tmol_scf_37	105000	114999	Pronutrix+ Belgium	1	False	-2.132859381
0.01	1%	farmed_only	Farmed only	Tmol_scf_37	165000	174999	Starfood Holland	1	False	-2.847100069
0.01	1%	farmed_only	Farmed only	Tmol_scf_37	175000	184999	Pronutrix+ Belgium	1	False	-2.255462599
0.01	1%	farmed_only	Farmed only	Tmol_scf_37	225000	234999	Pronutrix+ Belgium	1	False	-2.718724727
0.01	1%	farmed_only	Farmed only	Tmol_scf_38	45000	54999	Pronutrix+ Belgium	1	False	-2.141978961
0.01	1%	farmed_only	Farmed only	Tmol_scf_38	50000	59999	Kingsect Belgium	1	False	-2.216707659
0.01	1%	farmed_only	Farmed only	Tmol_scf_38	60000	69999	Kingsect Belgium	1	False	-2.397933203
0.01	1%	farmed_and_wild	Farmed + wild	Tmol_scf_38	65000	74999	Mystik Canada;Papek Czechia;Pronutrix+ Belgium	3	True	-2.532217334
0.01	1%	farmed_only	Farmed only	Tmol_scf_38	70000	79999	Kingsect Belgium	1	False	-2.384982292
0.01	1%	farmed_only	Farmed only	Tmol_scf_38	80000	89999	Kingsect Belgium	1	False	-2.321567158
0.01	1%	farmed_only	Farmed only	Tmol_scf_38	85000	94999	Pronutrix+ Belgium	1	False	-2.675850537
0.01	1%	farmed_only	Farmed only	Tmol_scf_38	90000	99999	Kingsect Belgium	1	False	-2.322238836
0.01	1%	farmed_only	Farmed only	Tmol_scf_38	100000	109999	Kingsect Belgium	1	False	-2.234863543
0.01	1%	farmed_only	Farmed only	Tmol_scf_38	110000	119999	Kingsect Belgium	1	False	-2.305689449
0.01	1%	farmed_only	Farmed only	Tmol_scf_38	120000	129999	Kingsect Belgium	1	False	-2.229971842
0.01	1%	farmed_only	Farmed only	Tmol_scf_38	130000	139999	Kingsect Belgium	1	False	-2.15722995
0.01	1%	farmed_only	Farmed only	Tmol_scf_38	135000	144999	Pronutrix+ Belgium	1	False	-2.558046937
0.01	1%	farmed_only	Farmed only	Tmol_scf_38	155000	164999	Pronutrix+ Belgium	1	False	-2.332304225
0.01	1%	farmed_only	Farmed only	Tmol_scf_38	165000	174999	Pronutrix+ Belgium	1	False	-2.84170373
0.01	1%	farmed_only	Farmed only	Tmol_scf_38	185000	194999	Pronutrix+ Belgium	1	False	-2.435046139
0.01	1%	farmed_only	Farmed only	Tmol_scf_38	195000	204999	Pronutrix+ Belgium	1	False	-2.686997158
0.01	1%	farmed_only	Farmed only	Tmol_scf_38	215000	224999	Mystik Canada;Papek Czechia;Pronutrix+ Belgium;Starfood Holland	4	False	-2.921112999
0.01	1%	farmed_only	Farmed only	Tmol_scf_38	225000	234999	Pronutrix+ Belgium	1	False	-2.14397903
0.01	1%	farmed_only	Farmed only	Tmol_scf_38	235000	244999	Pronutrix+ Belgium	1	False	-2.142936609
0.01	1%	farmed_only	Farmed only	Tmol_scf_38	245000	254999	Mystik Canada;Papek Czechia;Pronutrix+ Belgium;Starfood Holland	4	False	-3.036119554
0.01	1%	farmed_only	Farmed only	Tmol_scf_39	15000	24999	Pronutrix+ Belgium	1	False	-2.118407445
0.01	1%	farmed_only	Farmed only	Tmol_scf_39	55000	64999	Pronutrix+ Belgium	1	False	-2.156662747
0.01	1%	farmed_only	Farmed only	Tmol_scf_39	95000	104999	Pronutrix+ Belgium	1	False	-2.289506147
0.01	1%	farmed_only	Farmed only	Tmol_scf_39	175000	184999	Mystik Canada	1	False	-2.181176509
0.01	1%	farmed_only	Farmed only	Tmol_scf_41	5000	14999	Papek Czechia;Pronutrix+ Belgium	2	False	-2.796247311
0.01	1%	farmed_only	Farmed only	Tmol_scf_41	15000	24999	Pronutrix+ Belgium	1	False	-2.172372331
0.01	1%	farmed_only	Farmed only	Tmol_scf_41	25000	34999	Mystik Canada	1	False	-2.045573549
0.01	1%	farmed_only	Farmed only	Tmol_scf_41	35000	44999	Papek Czechia;Pronutrix+ Belgium;Starfood Holland	3	False	-2.933721106
0.01	1%	farmed_only	Farmed only	Tmol_scf_41	45000	54999	Mystik Canada;Papek Czechia;Pronutrix+ Belgium;Starfood Holland	4	False	-2.965755795
0.01	1%	farmed_only	Farmed only	Tmol_scf_41	55000	64999	Pronutrix+ Belgium;Starfood Holland	2	False	-2.865503871
0.01	1%	farmed_only	Farmed only	Tmol_scf_41	75000	84999	Mystik Canada;Papek Czechia;Pronutrix+ Belgium;Starfood Holland	4	False	-3.459551967
0.01	1%	farmed_only	Farmed only	Tmol_scf_41	85000	94999	Pronutrix+ Belgium	1	False	-2.170407955
0.01	1%	farmed_only	Farmed only	Tmol_scf_41	95000	104999	Pronutrix+ Belgium;Starfood Holland	2	False	-2.837073102
0.01	1%	farmed_and_wild	Farmed + wild	Tmol_scf_41	105000	114999	Papek Czechia;Pronutrix+ Belgium;Starfood Holland	3	True	-2.955556895
0.01	1%	farmed_only	Farmed only	Tmol_scf_41	115000	124999	Mystik Canada;Pronutrix+ Belgium;Starfood Holland	3	False	-2.878535254
0.01	1%	farmed_and_wild	Farmed + wild	Tmol_scf_41	125000	134999	Pronutrix+ Belgium;Starfood Holland	2	True	-2.864235077
0.01	1%	farmed_only	Farmed only	Tmol_scf_41	135000	144999	Mystik Canada;Pronutrix+ Belgium	2	False	-2.451250668
0.01	1%	farmed_only	Farmed only	Tmol_scf_41	150000	159999	Kingsect Belgium	1	False	-2.556913415
0.01	1%	farmed_and_wild	Farmed + wild	Tmol_scf_41	155000	164999	Mystik Canada;Papek Czechia;Pronutrix+ Belgium;Starfood Holland	4	True	-2.994454638
0.01	1%	farmed_only	Farmed only	Tmol_scf_41	160000	169999	Kingsect Belgium	1	False	-2.569197565
0.01	1%	farmed_only	Farmed only	Tmol_scf_41	165000	174999	Pronutrix+ Belgium	1	False	-2.273535821
0.01	1%	farmed_only	Farmed only	Tmol_scf_41	170000	179999	Kingsect Belgium	1	False	-2.618925824
0.01	1%	farmed_only	Farmed only	Tmol_scf_41	175000	184999	Pronutrix+ Belgium;Starfood Holland	2	False	-2.848615803
0.01	1%	farmed_only	Farmed only	Tmol_scf_41	180000	189999	Kingsect Belgium	1	False	-2.642299454
0.01	1%	farmed_only	Farmed only	Tmol_scf_41	185000	194999	Papek Czechia;Pronutrix+ Belgium;Starfood Holland	3	False	-3.143103253
0.01	1%	farmed_only	Farmed only	Tmol_scf_41	190000	199999	Kingsect Belgium	1	False	-2.678936331
0.01	1%	farmed_only	Farmed only	Tmol_scf_41	195000	204999	Mystik Canada;Papek Czechia;Pronutrix+ Belgium;Starfood Holland	4	False	-3.196443226
0.01	1%	farmed_only	Farmed only	Tmol_scf_41	200000	209999	Kingsect Belgium	1	False	-2.921221917
0.01	1%	farmed_and_wild	Farmed + wild	Tmol_scf_41	205000	214999	Mystik Canada;Papek Czechia;Pronutrix+ Belgium;Starfood Holland	4	True	-3.069506925
0.01	1%	farmed_only	Farmed only	Tmol_scf_41	215000	224999	Pronutrix+ Belgium;Starfood Holland	2	False	-2.989309253
0.01	1%	farmed_only	Farmed only	Tmol_scf_41	225000	234999	Starfood Holland	1	False	-2.799637256
0.01	1%	farmed_only	Farmed only	Tmol_scf_42	15000	24999	Pronutrix+ Belgium	1	False	-2.225994598
0.01	1%	farmed_only	Farmed only	Tmol_scf_42	25000	34999	Mystik Canada;Papek Czechia;Pronutrix+ Belgium;Starfood Holland	4	False	-3.087088948
0.01	1%	farmed_only	Farmed only	Tmol_scf_42	55000	64999	Mystik Canada	1	False	-2.036328666
0.01	1%	farmed_only	Farmed only	Tmol_scf_42	65000	74999	Mystik Canada;Papek Czechia;Pronutrix+ Belgium;Starfood Holland	4	False	-3.2162156
0.01	1%	farmed_only	Farmed only	Tmol_scf_42	75000	84999	Mystik Canada;Papek Czechia;Pronutrix+ Belgium	3	False	-2.712825485
0.01	1%	farmed_and_wild	Farmed + wild	Tmol_scf_42	85000	94999	Mystik Canada;Papek Czechia;Pronutrix+ Belgium;Starfood Holland	4	True	-3.013777817
0.01	1%	farmed_only	Farmed only	Tmol_scf_42	95000	104999	Mystik Canada;Papek Czechia;Pronutrix+ Belgium;Starfood Holland	4	False	-3.384969087
0.01	1%	farmed_only	Farmed only	Tmol_scf_42	105000	114999	Mystik Canada;Papek Czechia;Pronutrix+ Belgium;Starfood Holland	4	False	-2.95801076
0.01	1%	farmed_and_wild	Farmed + wild	Tmol_scf_42	115000	124999	Papek Czechia;Pronutrix+ Belgium;Starfood Holland	3	True	-3.02073442
0.01	1%	farmed_and_wild	Farmed + wild	Tmol_scf_42	125000	134999	Mystik Canada;Papek Czechia;Pronutrix+ Belgium;Starfood Holland	4	True	-3.107568747
0.01	1%	farmed_only	Farmed only	Tmol_scf_42	135000	144999	Pronutrix+ Belgium	1	False	-2.457668013
0.01	1%	farmed_only	Farmed only	Tmol_scf_42	195000	204999	Pronutrix+ Belgium	1	False	-2.37599492
0.01	1%	farmed_and_wild	Farmed + wild	Tmol_scf_42	225000	234999	Mystik Canada;Papek Czechia;Pronutrix+ Belgium;Starfood Holland	4	True	-3.196063129
0.01	1%	farmed_only	Farmed only	Tmol_scf_45	5000	14999	Mystik Canada;Papek Czechia;Pronutrix+ Belgium;Starfood Holland	4	False	-3.138504587
0.01	1%	farmed_and_wild	Farmed + wild	Tmol_scf_45	15000	24999	Mystik Canada;Papek Czechia;Pronutrix+ Belgium;Starfood Holland	4	True	-3.146187673
0.01	1%	farmed_and_wild	Farmed + wild	Tmol_scf_45	25000	34999	Mystik Canada;Papek Czechia;Pronutrix+ Belgium;Starfood Holland	4	True	-2.967382777
0.01	1%	farmed_and_wild	Farmed + wild	Tmol_scf_45	35000	44999	Papek Czechia;Pronutrix+ Belgium;Starfood Holland	3	True	-2.95771984
0.01	1%	farmed_and_wild	Farmed + wild	Tmol_scf_45	45000	54999	Papek Czechia;Pronutrix+ Belgium;Starfood Holland	3	True	-3.432756558
0.01	1%	farmed_and_wild	Farmed + wild	Tmol_scf_45	65000	74999	Mystik Canada;Papek Czechia;Pronutrix+ Belgium;Starfood Holland	4	True	-3.059268418
0.01	1%	farmed_and_wild	Farmed + wild	Tmol_scf_45	75000	84999	Mystik Canada;Papek Czechia;Pronutrix+ Belgium;Starfood Holland	4	True	-2.955462452
0.01	1%	farmed_only	Farmed only	Tmol_scf_45	85000	94999	Mystik Canada;Papek Czechia;Starfood Holland	3	False	-3.267739147
0.01	1%	farmed_only	Farmed only	Tmol_scf_45	100000	109999	Kingsect Belgium	1	False	-2.238121786
0.01	1%	farmed_only	Farmed only	Tmol_scf_45	105000	114999	Mystik Canada	1	False	-2.096449367
0.01	1%	farmed_and_wild	Farmed + wild	Tmol_scf_45	115000	124999	Mystik Canada;Papek Czechia;Starfood Holland	3	True	-3.028988477
0.01	1%	farmed_and_wild	Farmed + wild	Tmol_scf_45	125000	134999	Mystik Canada;Papek Czechia;Starfood Holland	3	True	-3.087648323
0.01	1%	farmed_only	Farmed only	Tmol_scf_45	155000	164999	Mystik Canada;Papek Czechia	2	False	-2.81831191
0.01	1%	farmed_only	Farmed only	Tmol_scf_45	165000	174999	Mystik Canada;Papek Czechia	2	False	-3.061382153
0.01	1%	farmed_and_wild	Farmed + wild	Tmol_scf_45	175000	184999	Mystik Canada;Papek Czechia;Starfood Holland	3	True	-3.022517543
0.01	1%	farmed_only	Farmed only	Tmol_scf_45	185000	194999	Mystik Canada;Papek Czechia	2	False	-2.64970454
0.01	1%	farmed_only	Farmed only	Tmol_scf_45	195000	204999	Mystik Canada;Papek Czechia	2	False	-3.030045266
0.01	1%	farmed_only	Farmed only	Tmol_scf_45	205000	214999	Starfood Holland	1	False	-2.75898359
0.01	1%	farmed_and_wild	Farmed + wild	Tmol_scf_48	105000	114999	Mystik Canada	1	True	-2.373397211
0.01	1%	farmed_only	Farmed only	Tmol_scf_49	115000	124999	Mystik Canada;Papek Czechia	2	False	-2.669279477
0.01	1%	farmed_and_wild	Farmed + wild	Tmol_scf_49	125000	134999	Mystik Canada;Papek Czechia;Starfood Holland	3	True	-3.328452689
0.01	1%	farmed_only	Farmed only	Tmol_scf_49	155000	164999	Mystik Canada	1	False	-2.343821665
0.01	1%	farmed_and_wild	Farmed + wild	Tmol_scf_49	165000	174999	Mystik Canada;Papek Czechia;Starfood Holland	3	True	-3.181630979
0.01	1%	farmed_only	Farmed only	Tmol_scf_49	175000	184999	Mystik Canada	1	False	-2.023188906
0.01	1%	farmed_and_wild	Farmed + wild	Tmol_scf_50	45000	54999	Papek Czechia	1	True	-2.478457227
0.01	1%	farmed_only	Farmed only	Tmol_scf_50	50000	59999	Kingsect Belgium	1	False	-2.26124686
0.01	1%	farmed_only	Farmed only	Tmol_scf_50	60000	69999	Kingsect Belgium	1	False	-2.231844897
0.01	1%	farmed_and_wild	Farmed + wild	Tmol_scf_50	65000	74999	Mystik Canada;Papek Czechia;Starfood Holland	3	True	-2.94938182
0.01	1%	farmed_only	Farmed only	Tmol_scf_50	70000	79999	Kingsect Belgium	1	False	-2.20760424
0.01	1%	farmed_only	Farmed only	Tmol_scf_50	75000	84999	Mystik Canada;Papek Czechia;Starfood Holland	3	False	-2.869660811
0.01	1%	farmed_only	Farmed only	Tmol_scf_50	80000	89999	Kingsect Belgium	1	False	-2.212356572
0.01	1%	farmed_only	Farmed only	Tmol_scf_50	90000	99999	Kingsect Belgium	1	False	-2.28038723
0.01	1%	farmed_only	Farmed only	Tmol_scf_50	100000	109999	Kingsect Belgium	1	False	-2.222656561
0.01	1%	farmed_only	Farmed only	Tmol_scf_50	110000	119999	Kingsect Belgium	1	False	-2.292254963
0.01	1%	farmed_only	Farmed only	Tmol_scf_50	120000	129999	Kingsect Belgium	1	False	-2.162079165
0.01	1%	farmed_only	Farmed only	Tmol_scf_50	145000	154999	Starfood Holland	1	False	-3.178217704
0.01	1%	farmed_only	Farmed only	Tmol_scf_54	25000	34999	Papek Czechia;Starfood Holland	2	False	-2.913523497
0.01	1%	farmed_and_wild	Farmed + wild	Tmol_scf_54	35000	44999	Mystik Canada;Papek Czechia	2	True	-2.70735865
0.01	1%	farmed_and_wild	Farmed + wild	Tmol_scf_54	45000	54999	Papek Czechia;Starfood Holland	2	True	-2.732204024
0.01	1%	farmed_and_wild	Farmed + wild	Tmol_scf_54	55000	64999	Papek Czechia;Starfood Holland	2	True	-2.920763533
0.01	1%	farmed_only	Farmed only	Tmol_scf_54	75000	84999	Mystik Canada	1	False	-2.568082191
0.01	1%	farmed_and_wild	Farmed + wild	Tmol_scf_54	85000	94999	Mystik Canada;Starfood Holland	2	True	-2.800116909
0.01	1%	farmed_and_wild	Farmed + wild	Tmol_scf_54	95000	104999	Mystik Canada;Papek Czechia	2	True	-2.666005559
0.01	1%	farmed_and_wild	Farmed + wild	Tmol_scf_54	115000	124999	Starfood Holland	1	True	-2.849487102
0.01	1%	farmed_only	Farmed only	Tmol_scf_54	135000	144999	Mystik Canada;Papek Czechia	2	False	-3.011854399
0.01	1%	farmed_and_wild	Farmed + wild	Tmol_scf_54	145000	154999	Mystik Canada;Papek Czechia;Starfood Holland	3	True	-3.002650211
0.01	1%	farmed_and_wild	Farmed + wild	Tmol_scf_54	155000	164999	Mystik Canada;Papek Czechia;Starfood Holland	3	True	-3.019179971
0.01	1%	wild_only	Wild only	Tmol_scf_54	165000	174999		0	True	-2.325406362
0.01	1%	farmed_only	Farmed only	Tmol_scf_55	25000	34999	Mystik Canada;Papek Czechia;Starfood Holland	3	False	-2.892749741
0.01	1%	farmed_only	Farmed only	Tmol_scf_55	55000	64999	Mystik Canada;Papek Czechia;Starfood Holland	3	False	-2.904412526
0.01	1%	farmed_only	Farmed only	Tmol_scf_55	60000	69999	Kingsect Belgium	1	False	-2.159706271
0.01	1%	farmed_only	Farmed only	Tmol_scf_55	70000	79999	Kingsect Belgium	1	False	-2.147551532
0.01	1%	farmed_only	Farmed only	Tmol_scf_55	115000	124999	Starfood Holland	1	False	-2.747898861
0.01	1%	farmed_only	Farmed only	Tmol_scf_56	15000	24999	Starfood Holland	1	False	-2.892811024
0.01	1%	farmed_only	Farmed only	Tmol_scf_56	25000	34999	Papek Czechia;Starfood Holland	2	False	-2.941655221
0.01	1%	farmed_only	Farmed only	Tmol_scf_56	35000	44999	Starfood Holland	1	False	-2.847463551
0.01	1%	farmed_only	Farmed only	Tmol_scf_56	45000	54999	Starfood Holland	1	False	-2.90005735
0.01	1%	farmed_only	Farmed only	Tmol_scf_56	50000	59999	Kingsect Belgium	1	False	-2.839907447
0.01	1%	farmed_and_wild	Farmed + wild	Tmol_scf_56	55000	64999	Starfood Holland	1	True	-2.93907094
0.01	1%	farmed_only	Farmed only	Tmol_scf_56	60000	69999	Kingsect Belgium	1	False	-2.890253786
0.01	1%	farmed_only	Farmed only	Tmol_scf_56	65000	74999	Starfood Holland	1	False	-2.889616013
0.01	1%	farmed_only	Farmed only	Tmol_scf_56	70000	79999	Kingsect Belgium	1	False	-2.784499015
0.01	1%	farmed_and_wild	Farmed + wild	Tmol_scf_56	75000	84999	Papek Czechia;Starfood Holland	2	True	-2.790838516
0.01	1%	farmed_only	Farmed only	Tmol_scf_56	80000	89999	Kingsect Belgium	1	False	-2.745492536
0.01	1%	farmed_and_wild	Farmed + wild	Tmol_scf_56	85000	94999	Starfood Holland	1	True	-2.933569851
0.01	1%	farmed_only	Farmed only	Tmol_scf_56	90000	99999	Kingsect Belgium	1	False	-2.74363721
0.01	1%	farmed_only	Farmed only	Tmol_scf_56	95000	104999	Starfood Holland	1	False	-2.881649766
0.01	1%	farmed_only	Farmed only	Tmol_scf_56	100000	109999	Kingsect Belgium	1	False	-2.573912687
0.01	1%	farmed_only	Farmed only	Tmol_scf_56	105000	114999	Starfood Holland	1	False	-2.87219001
0.01	1%	farmed_only	Farmed only	Tmol_scf_56	110000	119999	Kingsect Belgium	1	False	-2.533175546
0.01	1%	farmed_only	Farmed only	Tmol_scf_56	120000	129999	Kingsect Belgium	1	False	-2.463858812
0.01	1%	farmed_only	Farmed only	Tmol_scf_56	125000	134999	Starfood Holland	1	False	-2.768776065
0.01	1%	farmed_only	Farmed only	Tmol_scf_56	130000	139999	Kingsect Belgium	1	False	-2.364967956
0.01	1%	farmed_and_wild	Farmed + wild	Tmol_scf_57	25000	34999	Mystik Canada;Papek Czechia;Starfood Holland	3	True	-3.114715062
0.01	1%	farmed_and_wild	Farmed + wild	Tmol_scf_57	35000	44999	Mystik Canada;Starfood Holland	2	True	-3.062027635
0.01	1%	farmed_only	Farmed only	Tmol_scf_57	45000	54999	Mystik Canada;Papek Czechia;Starfood Holland	3	False	-3.43328883
0.01	1%	farmed_and_wild	Farmed + wild	Tmol_scf_57	65000	74999	Mystik Canada;Starfood Holland	2	True	-2.938368876
0.01	1%	farmed_and_wild	Farmed + wild	Tmol_scf_57	75000	84999	Mystik Canada;Papek Czechia;Starfood Holland	3	True	-3.4385
0.01	1%	farmed_and_wild	Farmed + wild	Tmol_scf_57	85000	94999	Mystik Canada;Papek Czechia;Starfood Holland	3	True	-3.139398364
0.01	1%	farmed_only	Farmed only	Tmol_scf_57	115000	124999	Mystik Canada	1	False	-1.941962784
0.01	1%	farmed_only	Farmed only	Tmol_scf_57	135000	144999	Papek Czechia;Starfood Holland	2	False	-2.774501264
0.01	1%	farmed_and_wild	Farmed + wild	Tmol_scf_60	75000	84999	Mystik Canada;Papek Czechia;Starfood Holland	3	True	-3.224607191
0.01	1%	farmed_and_wild	Farmed + wild	Tmol_scf_61	35000	44999	Papek Czechia;Starfood Holland	2	True	-2.857287991
0.01	1%	farmed_and_wild	Farmed + wild	Tmol_scf_61	55000	64999	Papek Czechia;Starfood Holland	2	True	-2.907264627
0.01	1%	farmed_only	Farmed only	Tmol_scf_61	105000	114999	Mystik Canada;Papek Czechia	2	False	-2.562931325
0.01	1%	farmed_only	Farmed only	Tmol_scf_61	115000	124999	Mystik Canada;Papek Czechia;Starfood Holland	3	False	-2.931821166
0.01	1%	farmed_only	Farmed only	Tmol_scf_62	15000	24999	Papek Czechia;Starfood Holland	2	False	-2.9338444
0.01	1%	farmed_only	Farmed only	Tmol_scf_62	25000	34999	Mystik Canada	1	False	-1.997442528
0.01	1%	wild_only	Wild only	Tmol_scf_62	55000	64999		0	True	-2.447530886
0.01	1%	farmed_only	Farmed only	Tmol_scf_62	65000	74999	Mystik Canada;Papek Czechia;Starfood Holland	3	False	-2.921362187
0.01	1%	farmed_only	Farmed only	Tmol_scf_62	75000	84999	Mystik Canada;Starfood Holland	2	False	-2.911991948
0.01	1%	farmed_and_wild	Farmed + wild	Tmol_scf_62	85000	94999	Mystik Canada;Papek Czechia	2	True	-2.805268676
0.01	1%	farmed_and_wild	Farmed + wild	Tmol_scf_62	95000	104999	Papek Czechia;Starfood Holland	2	True	-2.893376286
0.01	1%	farmed_only	Farmed only	Tmol_scf_62	105000	114999	Mystik Canada;Papek Czechia;Starfood Holland	3	False	-2.899713014
0.01	1%	farmed_only	Farmed only	Tmol_scf_62	115000	124999	Mystik Canada	1	False	-2.202903903
0.01	1%	farmed_only	Farmed only	Tmol_scf_62	125000	134999	Mystik Canada;Starfood Holland	2	False	-2.784392883
0.01	1%	farmed_only	Farmed only	Tmol_scf_63	50000	59999	Kingsect Belgium	1	False	-2.231733838
0.01	1%	farmed_only	Farmed only	Tmol_scf_63	60000	69999	Kingsect Belgium	1	False	-2.288716503
0.01	1%	farmed_only	Farmed only	Tmol_scf_63	70000	79999	Kingsect Belgium	1	False	-2.344430054
0.01	1%	farmed_only	Farmed only	Tmol_scf_63	80000	89999	Kingsect Belgium	1	False	-2.361284728
0.01	1%	farmed_only	Farmed only	Tmol_scf_63	90000	99999	Kingsect Belgium	1	False	-2.414498715
0.01	1%	farmed_only	Farmed only	Tmol_scf_63	100000	109999	Kingsect Belgium	1	False	-2.38177722
0.01	1%	wild_only	Wild only	Tmol_scf_64	35000	44999		0	True	-2.956426753
0.01	1%	wild_only	Wild only	Tmol_scf_64	45000	54999		0	True	-2.663981196
0.01	1%	farmed_and_wild	Farmed + wild	Tmol_scf_64	55000	64999	Papek Czechia	1	True	-2.638772938
0.01	1%	farmed_and_wild	Farmed + wild	Tmol_scf_64	105000	114999	Mystik Canada;Papek Czechia;Starfood Holland	3	True	-2.842073555
0.01	1%	farmed_and_wild	Farmed + wild	Tmol_scf_64	135000	144999	Papek Czechia;Starfood Holland	2	True	-3.295920221
0.01	1%	farmed_only	Farmed only	Tmol_scf_65	35000	44999	Papek Czechia	1	False	-2.459780624
0.01	1%	farmed_and_wild	Farmed + wild	Tmol_scf_65	45000	54999	Mystik Canada;Papek Czechia;Starfood Holland	3	True	-2.82417249
0.01	1%	farmed_and_wild	Farmed + wild	Tmol_scf_65	55000	64999	Mystik Canada;Papek Czechia;Starfood Holland	3	True	-2.802306835
0.01	1%	farmed_only	Farmed only	Tmol_scf_65	85000	94999	Mystik Canada;Papek Czechia;Starfood Holland	3	False	-2.734922956
0.01	1%	farmed_and_wild	Farmed + wild	Tmol_scf_65	95000	104999	Mystik Canada;Papek Czechia;Starfood Holland	3	True	-2.935662194
0.01	1%	farmed_only	Farmed only	Tmol_scf_65	115000	124999	Mystik Canada;Papek Czechia;Starfood Holland	3	False	-2.844214527
0.01	1%	farmed_only	Farmed only	Tmol_scf_66	115000	124999	Papek Czechia;Starfood Holland	2	False	-2.799954899
0.01	1%	farmed_only	Farmed only	Tmol_scf_67	5000	14999	Starfood Holland	1	False	-2.802117892
0.01	1%	farmed_only	Farmed only	Tmol_scf_67	15000	24999	Mystik Canada	1	False	-2.26419764
0.01	1%	farmed_only	Farmed only	Tmol_scf_67	35000	44999	Mystik Canada;Papek Czechia;Starfood Holland	3	False	-2.98629494
0.01	1%	farmed_and_wild	Farmed + wild	Tmol_scf_67	45000	54999	Starfood Holland	1	True	-2.783755142
0.01	1%	farmed_only	Farmed only	Tmol_scf_67	55000	64999	Mystik Canada;Papek Czechia;Starfood Holland	3	False	-3.247300775
0.01	1%	farmed_only	Farmed only	Tmol_scf_67	65000	74999	Mystik Canada;Papek Czechia;Starfood Holland	3	False	-3.113514184
0.01	1%	wild_only	Wild only	Tmol_scf_67	75000	84999		0	True	-2.263527679
0.01	1%	farmed_and_wild	Farmed + wild	Tmol_scf_67	95000	104999	Papek Czechia;Starfood Holland	2	True	-3.398261436
0.01	1%	farmed_and_wild	Farmed + wild	Tmol_scf_67	115000	124999	Mystik Canada;Starfood Holland	2	True	-3.001537527
0.01	1%	wild_only	Wild only	Tmol_scf_67	125000	134999		0	True	-2.368009569
0.01	1%	farmed_only	Farmed only	Tmol_scf_69	25000	34999	Starfood Holland	1	False	-2.835984484
0.01	1%	farmed_only	Farmed only	Tmol_scf_69	65000	74999	Papek Czechia;Starfood Holland	2	False	-2.886795479
0.01	1%	farmed_and_wild	Farmed + wild	Tmol_scf_69	75000	84999	Starfood Holland	1	True	-2.961355465
0.01	1%	farmed_only	Farmed only	Tmol_scf_69	85000	94999	Mystik Canada;Papek Czechia;Starfood Holland	3	False	-3.216809567
0.01	1%	farmed_only	Farmed only	Tmol_scf_69	105000	114999	Papek Czechia;Starfood Holland	2	False	-2.881194255
0.01	1%	farmed_only	Farmed only	Tmol_scf_69	115000	124999	Papek Czechia	1	False	-2.751162582
0.01	1%	farmed_only	Farmed only	Tmol_scf_69	125000	134999	Starfood Holland	1	False	-2.849409998
0.01	1%	farmed_only	Farmed only	Tmol_scf_70	45000	54999	Mystik Canada	1	False	-1.952499258
0.01	1%	wild_only	Wild only	Tmol_scf_70	115000	124999		0	True	-2.375894879
0.01	1%	wild_only	Wild only	Tmol_scf_71	5000	14999		0	True	-2.415179943
0.01	1%	farmed_only	Farmed only	Tmol_scf_71	15000	24999	Papek Czechia	1	False	-3.035336587
0.01	1%	farmed_and_wild	Farmed + wild	Tmol_scf_71	35000	44999	Mystik Canada;Papek Czechia;Starfood Holland	3	True	-3.109534487
0.01	1%	farmed_only	Farmed only	Tmol_scf_71	75000	84999	Mystik Canada	1	False	-2.781920798
0.01	1%	farmed_and_wild	Farmed + wild	Tmol_scf_71	115000	124999	Mystik Canada;Papek Czechia;Starfood Holland	3	True	-3.153611888
0.01	1%	farmed_and_wild	Farmed + wild	Tmol_scf_71	125000	134999	Mystik Canada;Papek Czechia;Starfood Holland	3	True	-3.254311576
0.01	1%	farmed_only	Farmed only	Tmol_scf_74	35000	44999	Mystik Canada	1	False	-2.366005134
0.01	1%	farmed_only	Farmed only	Tmol_scf_74	45000	54999	Mystik Canada	1	False	-2.778551566
0.01	1%	farmed_only	Farmed only	Tmol_scf_74	55000	64999	Mystik Canada	1	False	-2.618225885
0.01	1%	farmed_and_wild	Farmed + wild	Tmol_scf_74	65000	74999	Mystik Canada;Papek Czechia	2	True	-2.710974783
0.01	1%	farmed_only	Farmed only	Tmol_scf_74	75000	84999	Papek Czechia	1	False	-2.613822819
0.01	1%	farmed_and_wild	Farmed + wild	Tmol_scf_74	105000	114999	Papek Czechia	1	True	-2.688459965
0.01	1%	farmed_and_wild	Farmed + wild	Tmol_scf_74	115000	124999	Mystik Canada	1	True	-2.369579674
0.01	1%	wild_only	Wild only	Tmol_scf_75	85000	94999		0	True	-2.656720103
0.01	1%	farmed_only	Farmed only	Tmol_scf_76	5000	14999	Starfood Holland	1	False	-2.740581122
0.01	1%	farmed_and_wild	Farmed + wild	Tmol_scf_76	25000	34999	Mystik Canada;Papek Czechia;Starfood Holland	3	True	-2.984311885
0.01	1%	farmed_only	Farmed only	Tmol_scf_76	35000	44999	Mystik Canada;Papek Czechia;Starfood Holland	3	False	-3.242149995
0.01	1%	farmed_and_wild	Farmed + wild	Tmol_scf_76	65000	74999	Papek Czechia;Starfood Holland	2	True	-3.072234395
0.01	1%	farmed_and_wild	Farmed + wild	Tmol_scf_76	75000	84999	Mystik Canada;Papek Czechia	2	True	-3.364642079
0.01	1%	farmed_only	Farmed only	Tmol_scf_76	85000	94999	Mystik Canada;Papek Czechia;Starfood Holland	3	False	-3.008103269
0.01	1%	farmed_only	Farmed only	Tmol_scf_76	95000	104999	Starfood Holland	1	False	-2.891778725
0.01	1%	farmed_only	Farmed only	Tmol_scf_76	115000	124999	Papek Czechia;Starfood Holland	2	False	-3.033390356
0.01	1%	farmed_only	Farmed only	Tmol_scf_77	5000	14999	Starfood Holland	1	False	-2.795436666
0.01	1%	farmed_and_wild	Farmed + wild	Tmol_scf_77	25000	34999	Papek Czechia;Starfood Holland	2	True	-2.938990877
0.01	1%	farmed_and_wild	Farmed + wild	Tmol_scf_77	35000	44999	Mystik Canada;Papek Czechia	2	True	-3.285373889
0.01	1%	farmed_and_wild	Farmed + wild	Tmol_scf_77	45000	54999	Mystik Canada;Papek Czechia;Starfood Holland	3	True	-2.880813328
0.01	1%	farmed_and_wild	Farmed + wild	Tmol_scf_77	55000	64999	Mystik Canada;Starfood Holland	2	True	-3.117859184
0.01	1%	farmed_only	Farmed only	Tmol_scf_77	65000	74999	Starfood Holland	1	False	-2.885384636
0.01	1%	wild_only	Wild only	Tmol_scf_77	75000	84999		0	True	-2.204600102
0.01	1%	wild_only	Wild only	Tmol_scf_78	25000	34999		0	True	-2.204154382
0.01	1%	farmed_only	Farmed only	Tmol_scf_78	35000	44999	Papek Czechia;Starfood Holland	2	False	-3.043927951
0.01	1%	farmed_only	Farmed only	Tmol_scf_78	45000	54999	Papek Czechia;Starfood Holland	2	False	-2.801580975
0.01	1%	farmed_only	Farmed only	Tmol_scf_78	55000	64999	Mystik Canada;Papek Czechia;Starfood Holland	3	False	-3.223943649
0.01	1%	farmed_and_wild	Farmed + wild	Tmol_scf_78	65000	74999	Papek Czechia;Starfood Holland	2	True	-2.964253684
0.01	1%	farmed_only	Farmed only	Tmol_scf_78	75000	84999	Starfood Holland	1	False	-2.819178802
0.01	1%	farmed_only	Farmed only	Tmol_scf_78	95000	104999	Papek Czechia;Starfood Holland	2	False	-2.831425573
0.01	1%	farmed_only	Farmed only	Tmol_scf_79	5000	14999	Mystik Canada;Papek Czechia;Starfood Holland	3	False	-3.526118451
0.01	1%	farmed_and_wild	Farmed + wild	Tmol_scf_79	15000	24999	Mystik Canada;Papek Czechia;Starfood Holland	3	True	-2.932642541
0.01	1%	farmed_and_wild	Farmed + wild	Tmol_scf_79	25000	34999	Mystik Canada;Papek Czechia;Starfood Holland	3	True	-3.272154773
0.01	1%	farmed_and_wild	Farmed + wild	Tmol_scf_79	45000	54999	Mystik Canada;Papek Czechia;Starfood Holland	3	True	-3.071817215
0.01	1%	farmed_and_wild	Farmed + wild	Tmol_scf_79	55000	64999	Mystik Canada	1	True	-2.599206038
0.01	1%	farmed_and_wild	Farmed + wild	Tmol_scf_79	65000	74999	Mystik Canada;Papek Czechia;Starfood Holland	3	True	-3.31820472
0.01	1%	farmed_and_wild	Farmed + wild	Tmol_scf_79	75000	84999	Mystik Canada;Papek Czechia;Starfood Holland	3	True	-2.871282702
0.01	1%	farmed_only	Farmed only	Tmol_scf_79	85000	94999	Mystik Canada;Papek Czechia;Starfood Holland	3	False	-3.386973451
0.01	1%	farmed_and_wild	Farmed + wild	Tmol_scf_79	95000	104999	Mystik Canada;Papek Czechia;Starfood Holland	3	True	-3.053378123
0.01	1%	wild_only	Wild only	Tmol_scf_80	15000	24999		0	True	-2.563536641
0.01	1%	farmed_and_wild	Farmed + wild	Tmol_scf_80	25000	34999	Papek Czechia;Starfood Holland	2	True	-2.75563971
0.01	1%	farmed_and_wild	Farmed + wild	Tmol_scf_80	35000	44999	Papek Czechia	1	True	-2.815692105
0.01	1%	farmed_only	Farmed only	Tmol_scf_80	45000	54999	Mystik Canada	1	False	-2.262615602
0.01	1%	farmed_only	Farmed only	Tmol_scf_80	55000	64999	Mystik Canada	1	False	-2.047508376
0.01	1%	farmed_only	Farmed only	Tmol_scf_80	65000	74999	Mystik Canada	1	False	-2.039927176
0.01	1%	farmed_only	Farmed only	Tmol_scf_80	75000	84999	Mystik Canada	1	False	-2.33095861
0.01	1%	farmed_only	Farmed only	Tmol_scf_82	15000	24999	Starfood Holland	1	False	-2.930641762
0.01	1%	farmed_and_wild	Farmed + wild	Tmol_scf_82	25000	34999	Starfood Holland	1	True	-2.901874252
0.01	1%	farmed_and_wild	Farmed + wild	Tmol_scf_82	35000	44999	Papek Czechia;Starfood Holland	2	True	-2.851471466
0.01	1%	farmed_only	Farmed only	Tmol_scf_82	45000	54999	Mystik Canada;Papek Czechia	2	False	-2.488222975
0.01	1%	farmed_only	Farmed only	Tmol_scf_82	50000	59999	Kingsect Belgium	1	False	-2.616154868
0.01	1%	farmed_only	Farmed only	Tmol_scf_82	55000	64999	Mystik Canada;Papek Czechia;Starfood Holland	3	False	-3.141321621
0.01	1%	farmed_only	Farmed only	Tmol_scf_82	60000	69999	Kingsect Belgium	1	False	-2.600937871
0.01	1%	farmed_only	Farmed only	Tmol_scf_82	65000	74999	Starfood Holland	1	False	-2.882330476
0.01	1%	farmed_only	Farmed only	Tmol_scf_82	75000	84999	Starfood Holland	1	False	-2.800980561
0.01	1%	wild_only	Wild only	Tmol_scf_83	55000	64999		0	True	-2.220739761
0.01	1%	farmed_and_wild	Farmed + wild	Tmol_scf_84	15000	24999	Papek Czechia;Starfood Holland	2	True	-3.060908957
0.01	1%	farmed_only	Farmed only	Tmol_scf_84	25000	34999	Mystik Canada;Papek Czechia;Starfood Holland	3	False	-3.213436997
0.01	1%	farmed_and_wild	Farmed + wild	Tmol_scf_84	35000	44999	Mystik Canada;Papek Czechia;Starfood Holland	3	True	-3.083868017
0.01	1%	farmed_only	Farmed only	Tmol_scf_84	55000	64999	Mystik Canada;Papek Czechia;Starfood Holland	3	False	-3.27567046
0.01	1%	farmed_and_wild	Farmed + wild	Tmol_scf_84	65000	74999	Mystik Canada;Papek Czechia	2	True	-2.754075221
0.01	1%	farmed_and_wild	Farmed + wild	Tmol_scf_84	75000	84999	Papek Czechia;Starfood Holland	2	True	-3.081285262
0.01	1%	farmed_only	Farmed only	Tmol_scf_84	85000	94999	Starfood Holland	1	False	-3.078172303
0.01	1%	farmed_only	Farmed only	Tmol_scf_85	5000	14999	Papek Czechia;Starfood Holland	2	False	-2.892342977
0.01	1%	farmed_only	Farmed only	Tmol_scf_85	35000	44999	Mystik Canada;Papek Czechia	2	False	-2.610604607
0.01	1%	farmed_only	Farmed only	Tmol_scf_85	50000	59999	Kingsect Belgium	1	False	-2.389080291
0.01	1%	farmed_only	Farmed only	Tmol_scf_85	60000	69999	Kingsect Belgium	1	False	-2.375974804
0.01	1%	farmed_and_wild	Farmed + wild	Tmol_scf_85	65000	74999	Mystik Canada;Papek Czechia;Starfood Holland	3	True	-3.026030746
0.01	1%	farmed_only	Farmed only	Tmol_scf_87	55000	64999	Mystik Canada	1	False	-2.342046378
0.01	1%	farmed_and_wild	Farmed + wild	Tmol_scf_88	75000	84999	Papek Czechia;Starfood Holland	2	True	-2.861163064
0.01	1%	farmed_only	Farmed only	Tmol_scf_89	5000	14999	Mystik Canada;Papek Czechia;Starfood Holland	3	False	-2.994400515
0.01	1%	farmed_only	Farmed only	Tmol_scf_89	35000	44999	Mystik Canada;Papek Czechia	2	False	-2.48979382
0.01	1%	farmed_only	Farmed only	Tmol_scf_89	55000	64999	Mystik Canada;Starfood Holland	2	False	-3.067947613
0.01	1%	farmed_only	Farmed only	Tmol_scf_89	85000	94999	Mystik Canada;Papek Czechia	2	False	-2.919691915
0.01	1%	farmed_and_wild	Farmed + wild	Tmol_scf_90	35000	44999	Mystik Canada;Papek Czechia	2	True	-2.653591015
0.01	1%	farmed_and_wild	Farmed + wild	Tmol_scf_90	45000	54999	Mystik Canada;Starfood Holland	2	True	-2.78881652
0.01	1%	farmed_only	Farmed only	Tmol_scf_90	50000	59999	Kingsect Belgium	1	False	-2.559969216
0.01	1%	farmed_and_wild	Farmed + wild	Tmol_scf_90	55000	64999	Mystik Canada;Papek Czechia	2	True	-2.655671858
0.01	1%	farmed_and_wild	Farmed + wild	Tmol_scf_90	65000	74999	Mystik Canada;Papek Czechia;Starfood Holland	3	True	-2.758353794
0.01	1%	farmed_only	Farmed only	Tmol_scf_91	65000	74999	Papek Czechia	1	False	-2.522971994
0.01	1%	farmed_and_wild	Farmed + wild	Tmol_scf_91	85000	94999	Mystik Canada;Papek Czechia;Starfood Holland	3	True	-2.854327978
0.01	1%	farmed_only	Farmed only	Tmol_scf_93	5000	14999	Mystik Canada;Papek Czechia;Starfood Holland	3	False	-2.819555932
0.01	1%	farmed_only	Farmed only	Tmol_scf_93	15000	24999	Mystik Canada;Papek Czechia	2	False	-2.563057957
0.01	1%	farmed_only	Farmed only	Tmol_scf_93	25000	34999	Mystik Canada;Papek Czechia;Starfood Holland	3	False	-2.924786061
0.01	1%	farmed_only	Farmed only	Tmol_scf_93	35000	44999	Mystik Canada	1	False	-2.16448216
0.01	1%	farmed_only	Farmed only	Tmol_scf_93	45000	54999	Mystik Canada	1	False	-2.009198017
0.01	1%	farmed_only	Farmed only	Tmol_scf_93	65000	74999	Mystik Canada;Starfood Holland	2	False	-2.792832603
0.01	1%	farmed_only	Farmed only	Tmol_scf_95	15000	24999	Mystik Canada	1	False	-2.060084775
0.01	1%	farmed_only	Farmed only	Tmol_scf_95	25000	34999	Papek Czechia;Starfood Holland	2	False	-3.427579735
0.01	1%	farmed_only	Farmed only	Tmol_scf_95	35000	44999	Mystik Canada	1	False	-2.637014255
0.01	1%	farmed_only	Farmed only	Tmol_scf_95	45000	54999	Mystik Canada;Papek Czechia;Starfood Holland	3	False	-3.135059349
0.01	1%	farmed_and_wild	Farmed + wild	Tmol_scf_95	55000	64999	Mystik Canada;Papek Czechia;Starfood Holland	3	True	-3.556396478
0.01	1%	farmed_only	Farmed only	Tmol_scf_95	65000	74999	Mystik Canada	1	False	-2.050361093
0.01	1%	farmed_only	Farmed only	Tmol_scf_95	75000	84999	Mystik Canada;Papek Czechia;Starfood Holland	3	False	-3.141696007
0.01	1%	farmed_only	Farmed only	Tmol_scf_97	5000	14999	Starfood Holland	1	False	-2.881227315
0.01	1%	farmed_only	Farmed only	Tmol_scf_97	15000	24999	Mystik Canada;Papek Czechia	2	False	-2.752131591
0.01	1%	farmed_and_wild	Farmed + wild	Tmol_scf_97	25000	34999	Mystik Canada;Starfood Holland	2	True	-2.836298203
0.01	1%	farmed_only	Farmed only	Tmol_scf_97	45000	54999	Mystik Canada	1	False	-1.989203525
0.01	1%	farmed_and_wild	Farmed + wild	Tmol_scf_98	15000	24999	Starfood Holland	1	True	-2.948809757
0.01	1%	farmed_only	Farmed only	Tmol_scf_98	55000	64999	Mystik Canada	1	False	-2.509523297
0.001	0.1%	farmed_and_wild	Farmed + wild	1	20947536	20957535	Dole7	1	True	-2.944891573
0.001	0.1%	farmed_only	Farmed only	1	38918102	38928101	Dole7	1	False	-2.996495961
0.001	0.1%	farmed_and_wild	Farmed + wild	1	41128102	41138101	Dole7;Mystik Canada;Papek Czechia	3	True	-3.257207079
0.001	0.1%	farmed_only	Farmed only	10	12855000	12864999	Dole7	1	False	-2.915193852
0.001	0.1%	wild_only	Wild only	2	5795000	5804999		0	True	-2.947869119
0.001	0.1%	farmed_only	Farmed only	2	5835000	5844999	Dole7	1	False	-3.088544971
0.001	0.1%	farmed_and_wild	Farmed + wild	2	7845000	7854999	Dole7;Mystik Canada;Papek Czechia;Pronutrix+ Belgium;Starfood Holland	5	True	-3.392647321
0.001	0.1%	farmed_and_wild	Farmed + wild	2	15355000	15364999	Dole7;Mystik Canada;Papek Czechia;Pronutrix+ Belgium;Starfood Holland	5	True	-3.418542725
0.001	0.1%	farmed_and_wild	Farmed + wild	3	11035000	11044999	Dole7	1	True	-3.057352312
0.001	0.1%	farmed_only	Farmed only	3	17705000	17714999	Dole7	1	False	-2.833334535
0.001	0.1%	farmed_and_wild	Farmed + wild	3	20998622	21008621	Dole7	1	True	-2.955826292
0.001	0.1%	farmed_only	Farmed only	3	31048622	31058621	Dole7	1	False	-2.942360355
0.001	0.1%	farmed_only	Farmed only	3	31058622	31068621	Dole7	1	False	-3.137225103
0.001	0.1%	wild_only	Wild only	4	5715000	5724999		0	True	-3.246901538
0.001	0.1%	farmed_only	Farmed only	4	15578243	15588242	Mystik Canada	1	False	-2.705100826
0.001	0.1%	farmed_and_wild	Farmed + wild	4	22418801	22428800	Mystik Canada;Papek Czechia	2	True	-3.416126666
0.001	0.1%	farmed_and_wild	Farmed + wild	5	4045000	4054999	Dole7;Mystik Canada;Papek Czechia;Pronutrix+ Belgium;Starfood Holland	5	True	-3.333201165
0.001	0.1%	farmed_only	Farmed only	6	15000	24999	Dole7	1	False	-2.85579871
0.001	0.1%	farmed_only	Farmed only	6	25000	34999	Dole7;Pronutrix+ Belgium	2	False	-3.006613918
0.001	0.1%	farmed_only	Farmed only	6	195000	204999	Dole7	1	False	-3.222035893
0.001	0.1%	farmed_only	Farmed only	6	925000	934999	Dole7	1	False	-3.007925349
0.001	0.1%	farmed_only	Farmed only	6	5105000	5114999	Dole7	1	False	-3.006045285
0.001	0.1%	farmed_only	Farmed only	6	9625000	9634999	Dole7	1	False	-2.871313779
0.001	0.1%	wild_only	Wild only	7	12855000	12864999		0	True	-3.01519368
0.001	0.1%	farmed_only	Farmed only	7	16315000	16324999	Mystik Canada	1	False	-3.077371549
0.001	0.1%	farmed_and_wild	Farmed + wild	7	21855000	21864999	Dole7	1	True	-3.148130428
0.001	0.1%	farmed_only	Farmed only	8	11053615	11063614	Dole7	1	False	-2.881270237
0.001	0.1%	farmed_only	Farmed only	8	11063615	11073614	Dole7	1	False	-2.889537447
0.001	0.1%	farmed_only	Farmed only	8	11177042	11187041	Kingsect Belgium	1	False	-2.576064686
0.001	0.1%	farmed_and_wild	Farmed + wild	8	13072042	13082041	Mystik Canada;Papek Czechia;Pronutrix+ Belgium;Starfood Holland	4	True	-3.343704324
0.001	0.1%	farmed_and_wild	Farmed + wild	8	18932042	18942041	Papek Czechia;Pronutrix+ Belgium	2	True	-3.167682242
0.001	0.1%	wild_only	Wild only	8	18942042	18952041		0	True	-2.865766531
0.001	0.1%	farmed_and_wild	Farmed + wild	9	11068786	11078785	Dole7;Pronutrix+ Belgium	2	True	-3.160575711
0.001	0.1%	wild_only	Wild only	Tmol_scf_101	45000	54999		0	True	-2.82880044
0.001	0.1%	farmed_only	Farmed only	Tmol_scf_106	25000	34999	Starfood Holland	1	False	-3.354251569
0.001	0.1%	wild_only	Wild only	Tmol_scf_22	115000	124999		0	True	-2.927755932
0.001	0.1%	farmed_and_wild	Farmed + wild	Tmol_scf_22	755000	764999	Pronutrix+ Belgium	1	True	-3.11793363
0.001	0.1%	farmed_only	Farmed only	Tmol_scf_29	310000	319999	Kingsect Belgium	1	False	-2.561396217
0.001	0.1%	farmed_only	Farmed only	Tmol_scf_29	320000	329999	Kingsect Belgium	1	False	-2.86087848
0.001	0.1%	farmed_only	Farmed only	Tmol_scf_29	330000	339999	Kingsect Belgium	1	False	-2.909523762
0.001	0.1%	farmed_only	Farmed only	Tmol_scf_29	340000	349999	Kingsect Belgium	1	False	-3.099019245
0.001	0.1%	farmed_only	Farmed only	Tmol_scf_29	345000	354999	Mystik Canada;Papek Czechia;Pronutrix+ Belgium;Starfood Holland	4	False	-3.472158828
0.001	0.1%	farmed_only	Farmed only	Tmol_scf_29	350000	359999	Kingsect Belgium	1	False	-3.092297319
0.001	0.1%	farmed_only	Farmed only	Tmol_scf_29	360000	369999	Kingsect Belgium	1	False	-2.921825769
0.001	0.1%	farmed_only	Farmed only	Tmol_scf_29	370000	379999	Kingsect Belgium	1	False	-2.802059622
0.001	0.1%	farmed_only	Farmed only	Tmol_scf_29	375000	384999	Pronutrix+ Belgium;Starfood Holland	2	False	-3.301868097
0.001	0.1%	farmed_only	Farmed only	Tmol_scf_29	380000	389999	Kingsect Belgium	1	False	-2.56058051
0.001	0.1%	farmed_only	Farmed only	Tmol_scf_31	285000	294999	Pronutrix+ Belgium	1	False	-2.940189335
0.001	0.1%	farmed_only	Farmed only	Tmol_scf_31	355000	364999	Starfood Holland	1	False	-3.258185045
0.001	0.1%	farmed_only	Farmed only	Tmol_scf_32	190000	199999	Kingsect Belgium	1	False	-2.557136351
0.001	0.1%	farmed_only	Farmed only	Tmol_scf_34	85000	94999	Pronutrix+ Belgium;Starfood Holland	2	False	-3.275384494
0.001	0.1%	farmed_only	Farmed only	Tmol_scf_34	135000	144999	Pronutrix+ Belgium	1	False	-2.849827263
0.001	0.1%	farmed_only	Farmed only	Tmol_scf_34	225000	234999	Papek Czechia;Pronutrix+ Belgium	2	False	-3.185715326
0.001	0.1%	farmed_only	Farmed only	Tmol_scf_34	250000	259999	Kingsect Belgium	1	False	-2.546158193
0.001	0.1%	farmed_and_wild	Farmed + wild	Tmol_scf_36	5000	14999	Papek Czechia;Pronutrix+ Belgium;Starfood Holland	3	True	-3.398076815
0.001	0.1%	farmed_and_wild	Farmed + wild	Tmol_scf_36	15000	24999	Papek Czechia;Pronutrix+ Belgium;Starfood Holland	3	True	-3.367348888
0.001	0.1%	farmed_only	Farmed only	Tmol_scf_36	25000	34999	Pronutrix+ Belgium	1	False	-2.908873531
0.001	0.1%	farmed_only	Farmed only	Tmol_scf_37	25000	34999	Starfood Holland	1	False	-3.244551731
0.001	0.1%	farmed_only	Farmed only	Tmol_scf_38	165000	174999	Pronutrix+ Belgium	1	False	-2.84170373
0.001	0.1%	farmed_only	Farmed only	Tmol_scf_38	215000	224999	Pronutrix+ Belgium	1	False	-2.921112999
0.001	0.1%	farmed_only	Farmed only	Tmol_scf_41	45000	54999	Pronutrix+ Belgium	1	False	-2.965755795
0.001	0.1%	farmed_only	Farmed only	Tmol_scf_41	75000	84999	Pronutrix+ Belgium;Starfood Holland	2	False	-3.459551967
0.001	0.1%	farmed_and_wild	Farmed + wild	Tmol_scf_41	105000	114999	Pronutrix+ Belgium	1	True	-2.897022244
0.001	0.1%	farmed_only	Farmed only	Tmol_scf_41	115000	124999	Pronutrix+ Belgium	1	False	-2.878535254
0.001	0.1%	farmed_only	Farmed only	Tmol_scf_41	150000	159999	Kingsect Belgium	1	False	-2.556913415
0.001	0.1%	farmed_only	Farmed only	Tmol_scf_41	160000	169999	Kingsect Belgium	1	False	-2.569197565
0.001	0.1%	farmed_only	Farmed only	Tmol_scf_41	170000	179999	Kingsect Belgium	1	False	-2.618925824
0.001	0.1%	farmed_only	Farmed only	Tmol_scf_41	180000	189999	Kingsect Belgium	1	False	-2.642299454
0.001	0.1%	farmed_only	Farmed only	Tmol_scf_41	190000	199999	Kingsect Belgium	1	False	-2.678936331
0.001	0.1%	farmed_only	Farmed only	Tmol_scf_41	195000	204999	Mystik Canada;Papek Czechia;Pronutrix+ Belgium	3	False	-3.196443226
0.001	0.1%	farmed_only	Farmed only	Tmol_scf_41	200000	209999	Kingsect Belgium	1	False	-2.921221917
0.001	0.1%	farmed_only	Farmed only	Tmol_scf_41	205000	214999	Pronutrix+ Belgium	1	False	-2.861395243
0.001	0.1%	farmed_only	Farmed only	Tmol_scf_42	95000	104999	Pronutrix+ Belgium;Starfood Holland	2	False	-3.384969087
0.001	0.1%	farmed_only	Farmed only	Tmol_scf_42	125000	134999	Pronutrix+ Belgium	1	False	-3.107568747
0.001	0.1%	farmed_only	Farmed only	Tmol_scf_42	225000	234999	Papek Czechia	1	False	-3.196063129
0.001	0.1%	farmed_only	Farmed only	Tmol_scf_45	15000	24999	Papek Czechia;Pronutrix+ Belgium	2	False	-3.146187673
0.001	0.1%	farmed_only	Farmed only	Tmol_scf_45	45000	54999	Starfood Holland	1	False	-3.432756558
0.001	0.1%	farmed_only	Farmed only	Tmol_scf_45	85000	94999	Mystik Canada;Papek Czechia;Starfood Holland	3	False	-3.267739147
0.001	0.1%	farmed_only	Farmed only	Tmol_scf_45	195000	204999	Mystik Canada	1	False	-2.887269401
0.001	0.1%	farmed_and_wild	Farmed + wild	Tmol_scf_49	125000	134999	Starfood Holland	1	True	-3.328452689
0.001	0.1%	farmed_only	Farmed only	Tmol_scf_54	135000	144999	Mystik Canada	1	False	-2.87071541
0.001	0.1%	wild_only	Wild only	Tmol_scf_54	155000	164999		0	True	-3.019179971
0.001	0.1%	farmed_only	Farmed only	Tmol_scf_56	50000	59999	Kingsect Belgium	1	False	-2.839907447
0.001	0.1%	farmed_only	Farmed only	Tmol_scf_56	60000	69999	Kingsect Belgium	1	False	-2.890253786
0.001	0.1%	farmed_only	Farmed only	Tmol_scf_56	70000	79999	Kingsect Belgium	1	False	-2.784499015
0.001	0.1%	farmed_only	Farmed only	Tmol_scf_56	80000	89999	Kingsect Belgium	1	False	-2.745492536
0.001	0.1%	farmed_only	Farmed only	Tmol_scf_56	90000	99999	Kingsect Belgium	1	False	-2.74363721
0.001	0.1%	farmed_only	Farmed only	Tmol_scf_56	100000	109999	Kingsect Belgium	1	False	-2.573912687
0.001	0.1%	farmed_only	Farmed only	Tmol_scf_56	110000	119999	Kingsect Belgium	1	False	-2.533175546
0.001	0.1%	farmed_only	Farmed only	Tmol_scf_57	45000	54999	Mystik Canada;Papek Czechia;Starfood Holland	3	False	-3.43328883
0.001	0.1%	farmed_only	Farmed only	Tmol_scf_57	75000	84999	Mystik Canada;Papek Czechia;Starfood Holland	3	False	-3.4385
0.001	0.1%	farmed_only	Farmed only	Tmol_scf_57	85000	94999	Mystik Canada;Papek Czechia	2	False	-3.139398364
0.001	0.1%	wild_only	Wild only	Tmol_scf_62	95000	104999		0	True	-2.893376286
0.001	0.1%	wild_only	Wild only	Tmol_scf_64	35000	44999		0	True	-2.956426753
0.001	0.1%	farmed_only	Farmed only	Tmol_scf_64	135000	144999	Starfood Holland	1	False	-3.295920221
0.001	0.1%	farmed_only	Farmed only	Tmol_scf_67	55000	64999	Mystik Canada;Papek Czechia	2	False	-3.247300775
0.001	0.1%	farmed_only	Farmed only	Tmol_scf_67	95000	104999	Starfood Holland	1	False	-3.398261436
0.001	0.1%	farmed_only	Farmed only	Tmol_scf_69	85000	94999	Papek Czechia	1	False	-3.09448645
0.001	0.1%	farmed_only	Farmed only	Tmol_scf_71	75000	84999	Mystik Canada	1	False	-2.781920798
0.001	0.1%	farmed_and_wild	Farmed + wild	Tmol_scf_71	125000	134999	Mystik Canada;Starfood Holland	2	True	-3.254311576
0.001	0.1%	farmed_only	Farmed only	Tmol_scf_74	45000	54999	Mystik Canada	1	False	-2.778551566
0.001	0.1%	farmed_only	Farmed only	Tmol_scf_76	75000	84999	Mystik Canada;Papek Czechia	2	False	-3.364642079
0.001	0.1%	farmed_and_wild	Farmed + wild	Tmol_scf_77	35000	44999	Mystik Canada;Papek Czechia	2	True	-3.285373889
0.001	0.1%	farmed_only	Farmed only	Tmol_scf_78	55000	64999	Papek Czechia	1	False	-3.223943649
0.001	0.1%	farmed_only	Farmed only	Tmol_scf_79	5000	14999	Mystik Canada;Starfood Holland	2	False	-3.526118451
0.001	0.1%	farmed_only	Farmed only	Tmol_scf_79	25000	34999	Mystik Canada;Papek Czechia;Starfood Holland	3	False	-3.272154773
0.001	0.1%	farmed_only	Farmed only	Tmol_scf_79	65000	74999	Starfood Holland	1	False	-3.31820472
0.001	0.1%	farmed_only	Farmed only	Tmol_scf_79	85000	94999	Mystik Canada;Papek Czechia;Starfood Holland	3	False	-3.386973451
0.001	0.1%	farmed_only	Farmed only	Tmol_scf_82	50000	59999	Kingsect Belgium	1	False	-2.616154868
0.001	0.1%	farmed_only	Farmed only	Tmol_scf_82	60000	69999	Kingsect Belgium	1	False	-2.600937871
0.001	0.1%	farmed_only	Farmed only	Tmol_scf_84	25000	34999	Papek Czechia	1	False	-3.213436997
0.001	0.1%	farmed_only	Farmed only	Tmol_scf_84	55000	64999	Mystik Canada;Papek Czechia;Starfood Holland	3	False	-3.27567046
0.001	0.1%	farmed_only	Farmed only	Tmol_scf_90	50000	59999	Kingsect Belgium	1	False	-2.559969216
0.001	0.1%	farmed_only	Farmed only	Tmol_scf_93	5000	14999	Mystik Canada	1	False	-2.76159216
0.001	0.1%	farmed_only	Farmed only	Tmol_scf_95	25000	34999	Papek Czechia;Starfood Holland	2	False	-3.427579735
0.001	0.1%	farmed_only	Farmed only	Tmol_scf_95	55000	64999	Papek Czechia;Starfood Holland	2	False	-3.556396478
0.001	0.1%	farmed_only	Farmed only	Tmol_scf_97	15000	24999	Mystik Canada	1	False	-2.70298341
